data,hora,local,temperatura,humidade,intensidadeVento,precAcumulada,descDirVento,radiacao,fmc,fmc_teorico_pratico,ffmc_pratico,isi_pratico,s_pratico,dsr_pratico,fwi_pratico,ffmc0,dmc0,dc0,ffmc_teorico_12h,fmc_teorico_12h,isi_teorico_12h,bui_12h,s_teorico_12h,dsr_teorico_12h,fwi_teorico_12h,hora_ref,precAcumulada_24h
2025-05-18,15,Ferreira do Zêzere,19.9,68.0,3.8,1.59,W,1259.7,10.39,33.56,90.47,5.55,5.81,0.61,5.81,74.73,7.17,20.99,74.73,28.86,0.91,7.73,0.48,0.01,0.48,15.0,1.59
2025-05-18,16,Ferreira do Zêzere,17.5,79.0,1.1,0.1,NW,915.2,10.72,44.68,90.15,4.63,4.64,0.41,4.64,,,,,,,,,,,,1.69
2025-05-18,17,Ferreira do Zêzere,18.9,72.0,1.5,0.21,NW,1053.0,10.72,42.34,90.15,4.73,4.75,0.43,4.75,,,,,,,,,,,,1.9
2025-05-18,18,Ferreira do Zêzere,18.5,80.0,1.2,0.8,E,987.5,10.71,59.4,90.16,4.66,4.36,0.37,4.36,,,,,,,,,,,,2.7
2025-05-18,19,Ferreira do Zêzere,18.5,72.0,2.3,0.5,W,669.4,10.71,55.79,90.16,4.93,3.93,0.31,3.93,,,,,,,,,,,,3.2
2025-05-18,20,Ferreira do Zêzere,16.2,75.0,1.4,2.7,W,67.0,10.72,84.25,90.15,4.7,3.32,0.23,3.32,,,,,,,,,,,,5.9
2025-05-18,21,Ferreira do Zêzere,14.3,85.0,1.5,0.3,NW,3.9,11.27,102.03,89.63,4.39,2.85,0.17,2.85,,,,,,,,,,,,6.2
2025-05-18,22,Ferreira do Zêzere,13.2,92.0,1.4,0.3,N,2.7,12.02,118.86,88.93,3.95,2.35,0.12,2.35,,,,,,,,,,,,6.5
2025-05-18,23,Ferreira do Zêzere,12.2,95.0,0.5,0.31,SE,211.0,12.81,131.09,88.2,3.4,1.81,0.08,1.81,,,,,,,,,,,,6.81
2025-05-19,0,Ferreira do Zêzere,11.1,97.0,0.7,1.23,N,540.4,13.49,177.62,87.57,3.14,0.79,0.02,0.79,,,,,,,,,,,,8.04
2025-05-19,1,Ferreira do Zêzere,10.3,97.0,0.5,0.4,NE,326.6,14.2,180.48,86.93,2.83,0.63,0.01,0.63,,,,,,,,,,,,8.44
2025-05-19,2,Ferreira do Zêzere,9.8,97.0,0.7,2.76,N,264.5,14.95,190.67,86.25,2.6,2.61,0.15,2.61,,,,,,,,,,,,11.2
2025-05-19,3,Ferreira do Zêzere,9.8,98.0,0.7,0.54,SE,255.7,15.57,195.71,85.7,2.4,1.7,0.07,1.7,,,,,,,,,,,,11.74
2025-05-19,4,Ferreira do Zêzere,10.9,98.0,0.6,0.4,SE,254.4,16.54,196.74,84.83,2.12,1.08,0.03,1.08,,,,,,,,,,,,12.14
2025-05-19,5,Ferreira do Zêzere,10.9,98.0,0.8,0.1,NW,473.8,17.28,196.6,84.19,1.96,0.92,0.02,0.92,,,,,,,,,,,,12.24
2025-05-19,6,Ferreira do Zêzere,11.4,98.0,0.5,0.3,S,476.8,18.9,197.89,82.78,1.61,0.73,0.02,0.73,,,,,,,,,,,,12.54
2025-05-19,7,Ferreira do Zêzere,12.6,98.0,1.3,0.3,E,620.4,19.38,196.74,82.37,1.59,0.71,0.01,0.71,,,,,,,,,,,,12.84
2025-05-19,8,Ferreira do Zêzere,13.8,97.0,0.9,0.2,SW,805.2,19.06,193.28,82.65,1.62,0.73,0.02,0.73,,,,,,,,,,,,13.04
2025-05-19,9,Ferreira do Zêzere,14.7,96.0,0.7,0.8,S,1181.2,18.11,191.17,83.46,1.78,0.76,0.02,0.76,,,,,,,,,,,,13.84
2025-05-19,10,Ferreira do Zêzere,17.7,83.0,1.2,0.15,SW,2276.4,16.44,141.7,84.92,2.22,1.77,0.07,1.77,,,,,,,,,,,,13.99
2025-05-19,11,Ferreira do Zêzere,18.7,76.0,1.7,0.19,NW,1650.7,16.42,120.33,84.94,2.28,2.59,0.15,2.59,,,,,,,,,,,,14.18
2025-05-19,12,Ferreira do Zêzere,19.8,65.0,2.7,0.3,N,1505.9,15.19,94.35,86.03,2.79,10.88,1.86,10.88,44.04,4.91,5.26,44.04,81.05,0.08,4.54,0.03,0.0,0.03,12.0,14.48
2025-05-19,15,Ferreira do Zêzere,22.7,53.0,3.8,0.22,NW,2643.8,11.88,68.31,89.06,4.54,1.42,0.05,1.42,,,,,,,,,,,,13.54
2025-05-19,16,Ferreira do Zêzere,23.4,51.0,4.8,0.22,NW,2762.0,11.06,62.09,89.83,5.33,2.27,0.12,2.27,,,,,,,,,,,,13.66
2025-05-19,20,Ferreira do Zêzere,17.6,72.0,4.0,0.2,NW,53.4,10.89,100.57,89.99,5.24,2.0,0.09,2.0,,,,,,,,,,,,10.55
2025-05-19,23,Ferreira do Zêzere,14.3,90.0,1.8,0.16,N,3.2,13.09,160.05,87.94,3.49,6.53,0.75,6.53,,,,,,,,,,,,11.7
2025-05-20,0,Ferreira do Zêzere,13.5,92.0,0.8,0.2,N,0.1,13.9,157.63,87.2,2.99,3.42,0.24,3.42,,,,,,,,,,,,10.67
2025-05-20,1,Ferreira do Zêzere,12.5,95.0,1.4,0.37,NW,2.5,14.63,165.34,86.54,2.8,2.68,0.16,2.68,,,,,,,,,,,,10.64
2025-05-20,7,Ferreira do Zêzere,12.8,95.0,1.7,0.1,N,676.4,17.15,150.46,84.3,2.09,0.47,0.01,0.47,,,,,,,,,,,,7.47
2025-05-20,8,Ferreira do Zêzere,15.8,87.0,3.5,0.24,NW,1286.4,16.49,119.09,84.88,2.47,0.68,0.01,0.68,,,,,,,,,,,,7.51
2025-05-20,9,Ferreira do Zêzere,18.6,74.0,4.5,0.14,N,1972.5,15.55,84.12,85.71,2.92,0.99,0.03,0.99,,,,,,,,,,,,6.85
2025-05-20,10,Ferreira do Zêzere,20.9,61.0,3.8,0.25,NW,2630.0,14.53,66.8,86.63,3.2,1.73,0.07,1.73,,,,,,,,,,,,6.95
2025-05-20,11,Ferreira do Zêzere,22.6,55.0,3.3,0.8,NW,3117.5,13.64,60.58,87.44,3.51,2.14,0.1,2.14,,,,,,,,,,,,7.56
2025-05-20,12,Ferreira do Zêzere,24.1,51.0,3.5,0.15,NW,3436.8,12.75,53.45,88.25,3.98,2.76,0.16,2.76,55.92,5.33,2.38,55.92,57.56,0.36,4.69,0.15,0.0,0.15,12.0,7.41
2025-05-20,13,Ferreira do Zêzere,24.9,49.0,3.9,0.4,NW,3521.3,11.29,49.9,89.62,4.94,3.65,0.27,3.65,,,,,,,,,,,,7.71
2025-05-20,14,Ferreira do Zêzere,25.7,49.0,4.3,0.45,NW,3403.5,10.42,47.57,90.44,5.67,4.3,0.36,4.3,,,,,,,,,,,,7.83
2025-05-20,15,Ferreira do Zêzere,25.9,49.0,4.7,0.9,NW,3106.7,9.9,47.23,90.94,6.21,4.65,0.41,4.65,,,,,,,,,,,,8.51
2025-05-20,16,Ferreira do Zêzere,25.6,52.0,5.1,0.95,NW,2635.3,9.53,50.05,91.29,6.67,4.75,0.43,4.75,,,,,,,,,,,,9.24
2025-05-20,17,Ferreira do Zêzere,24.8,54.0,5.3,0.32,NW,1997.8,9.32,52.84,91.49,6.93,4.81,0.44,4.81,,,,,,,,,,,,9.17
2025-05-20,18,Ferreira do Zêzere,23.3,58.0,6.2,0.38,NW,1291.3,9.15,57.96,91.66,7.42,4.78,0.43,4.78,,,,,,,,,,,,9.39
2025-05-20,19,Ferreira do Zêzere,21.0,61.0,4.8,1.0,NW,526.0,9.18,69.83,91.63,6.89,3.7,0.28,3.7,,,,,,,,,,,,10.04
2025-05-21,0,Ferreira do Zêzere,14.5,88.0,2.4,0.15,NW,26.2,10.9,132.79,89.98,4.83,5.12,0.49,5.12,,,,,,,,,,,,9.28
2025-05-21,1,Ferreira do Zêzere,14.1,90.0,3.1,0.2,NW,8.0,11.12,136.13,89.78,4.85,5.06,0.48,5.06,,,,,,,,,,,,9.11
2025-05-21,2,Ferreira do Zêzere,13.9,91.0,2.3,0.1,N,0.7,11.33,141.72,89.58,4.53,4.56,0.4,4.56,,,,,,,,,,,,9.11
2025-05-21,3,Ferreira do Zêzere,13.7,93.0,2.6,0.1,NW,0.1,11.65,147.45,89.28,4.41,4.21,0.35,4.21,,,,,,,,,,,,9.11
2025-05-21,4,Ferreira do Zêzere,14.1,93.0,3.9,0.2,NW,1.7,11.83,143.13,89.11,4.59,4.78,0.43,4.78,,,,,,,,,,,,8.86
2025-05-21,5,Ferreira do Zêzere,14.1,93.0,2.5,0.1,N,12.2,12.22,145.11,88.75,4.06,4.71,0.42,4.71,,,,,,,,,,,,8.58
2025-05-21,6,Ferreira do Zêzere,14.2,92.0,3.1,0.15,N,84.4,12.67,140.4,88.33,3.94,4.66,0.41,4.66,,,,,,,,,,,,8.63
2025-05-21,7,Ferreira do Zêzere,15.6,87.0,4.6,0.1,NW,605.5,13.07,119.79,87.96,4.03,7.95,1.07,7.95,,,,,,,,,,,,8.63
2025-05-21,10,Ferreira do Zêzere,20.9,66.0,4.4,0.2,NW,2629.5,12.72,73.05,88.28,4.18,1.09,0.03,1.09,,,,,,,,,,,,8.41
2025-05-21,11,Ferreira do Zêzere,22.6,60.0,3.6,0.4,N,3112.4,12.24,64.54,88.73,4.28,2.17,0.11,2.17,,,,,,,,,,,,8.01
2025-05-21,12,Ferreira do Zêzere,24.4,56.0,4.5,0.1,NW,3381.3,11.71,54.89,89.22,4.81,2.92,0.18,2.92,57.2,5.24,-1.25,57.2,55.31,0.42,4.12,0.17,0.0,0.17,12.0,7.96
2025-05-21,13,Ferreira do Zêzere,25.4,56.0,4.1,0.01,NW,3483.6,10.54,53.03,90.33,5.52,3.65,0.27,3.65,,,,,,,,,,,,7.57
2025-05-21,14,Ferreira do Zêzere,26.1,54.0,5.1,0.01,NW,3421.1,9.85,47.35,90.98,6.38,4.53,0.39,4.53,,,,,,,,,,,,7.13
2025-05-21,15,Ferreira do Zêzere,26.0,55.0,4.1,0.01,---,2662.85,9.51,48.56,91.31,6.35,4.63,0.41,4.63,,,,,,,,,,,,6.24
2025-05-21,16,Ferreira do Zêzere,22.71,61.78,4.33,0.01,NW,2409.28,9.39,57.25,91.43,6.54,4.5,0.39,4.5,,,,,,,,,,,,5.3
2025-05-21,17,Ferreira do Zêzere,24.2,58.0,5.3,0.01,NW,2012.4,9.26,48.74,91.55,6.99,5.11,0.49,5.11,,,,,,,,,,,,4.99
2025-05-21,18,Ferreira do Zêzere,23.3,60.0,4.4,0.01,NW,1334.0,9.14,52.17,91.67,6.79,4.92,0.46,4.92,,,,,,,,,,,,4.62
2025-05-21,19,Ferreira do Zêzere,21.3,66.0,5.1,0.01,NW,591.0,9.16,54.38,91.65,7.01,5.01,0.47,5.01,,,,,,,,,,,,3.63
2025-05-21,20,Ferreira do Zêzere,18.9,74.0,6.4,0.1,NW,57.7,9.49,58.12,91.33,7.16,5.0,0.47,5.0,,,,,,,,,,,,2.93
2025-05-21,21,Ferreira do Zêzere,17.3,81.0,3.9,0.47,N,0.1,10.15,72.99,90.7,5.76,3.73,0.28,3.73,,,,,,,,,,,,3.05
2025-05-21,22,Ferreira do Zêzere,16.4,85.0,5.5,0.01,NW,7.9,10.78,73.75,90.1,5.74,3.8,0.29,3.8,,,,,,,,,,,,2.76
2025-05-21,23,Ferreira do Zêzere,15.6,87.0,3.3,0.2,N,5.2,11.28,82.3,89.63,4.8,2.9,0.18,2.9,,,,,,,,,,,,2.86
2025-05-22,0,Ferreira do Zêzere,15.0,89.0,2.9,0.15,NW,4.7,11.93,73.6,89.02,4.31,2.99,0.19,2.99,,,,,,,,,,,,2.86
2025-05-22,1,Ferreira do Zêzere,14.7,91.0,2.9,0.2,N,3.2,12.59,76.66,88.4,3.95,2.64,0.15,2.64,,,,,,,,,,,,2.86
2025-05-22,2,Ferreira do Zêzere,14.8,92.0,3.4,0.21,N,16.9,13.36,79.34,87.69,3.66,2.34,0.12,2.34,,,,,,,,,,,,2.97
2025-05-22,3,Ferreira do Zêzere,15.2,91.0,2.8,0.17,NW,11.9,14.08,79.3,87.04,3.23,1.94,0.09,1.94,,,,,,,,,,,,3.04
2025-05-22,4,Ferreira do Zêzere,15.1,92.0,2.7,0.3,N,11.3,14.81,82.67,86.38,2.93,1.59,0.06,1.59,,,,,,,,,,,,3.14
2025-05-22,5,Ferreira do Zêzere,14.6,94.0,3.1,0.2,N,12.3,15.31,87.64,85.93,2.8,1.41,0.05,1.41,,,,,,,,,,,,3.24
2025-05-22,6,Ferreira do Zêzere,14.6,94.0,3.2,0.18,NW,49.6,15.74,88.0,85.54,2.67,1.23,0.04,1.23,,,,,,,,,,,,3.27
2025-05-22,7,Ferreira do Zêzere,15.2,92.0,4.4,0.1,NW,348.6,15.91,82.51,85.39,2.78,1.4,0.05,1.4,,,,,,,,,,,,3.27
2025-05-22,8,Ferreira do Zêzere,17.0,85.0,5.4,0.21,NW,1215.9,15.65,70.56,85.62,3.02,1.75,0.07,1.75,,,,,,,,,,,,3.47
2025-05-22,9,Ferreira do Zêzere,19.7,76.0,5.1,0.15,NW,1962.5,14.65,56.9,86.52,3.37,2.29,0.12,2.29,,,,,,,,,,,,3.42
2025-05-22,10,Ferreira do Zêzere,21.3,69.0,4.7,0.01,NW,2589.5,13.69,48.25,87.39,3.74,2.82,0.17,2.82,,,,,,,,,,,,3.23
2025-05-22,11,Ferreira do Zêzere,23.8,54.0,5.9,0.2,NW,3011.1,12.65,34.08,88.35,4.55,4.0,0.32,4.0,,,,,,,,,,,,3.03
2025-05-22,12,Ferreira do Zêzere,24.9,48.0,6.5,0.15,NW,3362.2,11.72,29.92,89.21,5.31,4.89,0.45,4.89,71.16,6.65,3.11,71.16,33.68,0.9,6.01,0.42,0.01,0.42,12.0,3.08
2025-05-22,13,Ferreira do Zêzere,25.9,48.0,6.5,0.01,NW,3552.8,10.5,28.77,90.36,6.27,5.81,0.61,5.81,,,,,,,,,,,,3.08
2025-05-22,14,Ferreira do Zêzere,26.0,48.0,5.2,0.37,NW,3137.4,9.93,31.16,90.91,6.34,5.81,0.61,5.81,,,,,,,,,,,,3.44
2025-05-22,15,Ferreira do Zêzere,26.6,48.0,6.5,0.01,NW,3109.3,9.5,29.25,91.32,7.18,6.58,0.76,6.58,,,,,,,,,,,,3.44
2025-05-22,16,Ferreira do Zêzere,25.7,49.0,6.6,0.01,NW,2618.6,9.26,30.69,91.55,7.46,6.73,0.79,6.73,,,,,,,,,,,,3.44
2025-05-22,17,Ferreira do Zêzere,24.4,49.0,5.9,0.1,NW,1993.0,9.06,33.28,91.74,7.4,6.59,0.76,6.59,,,,,,,,,,,,3.53
2025-05-22,18,Ferreira do Zêzere,22.7,52.0,5.7,0.1,NW,1288.8,8.85,37.48,91.95,7.54,6.5,0.75,6.5,,,,,,,,,,,,3.62
2025-05-22,19,Ferreira do Zêzere,21.2,58.0,5.0,0.1,NW,567.6,8.77,43.92,92.03,7.36,6.1,0.67,6.1,,,,,,,,,,,,3.71
2025-05-22,20,Ferreira do Zêzere,19.1,67.0,4.6,0.1,N,65.2,8.98,53.11,91.82,7.01,5.51,0.56,5.51,,,,,,,,,,,,3.71
2025-05-22,21,Ferreira do Zêzere,17.3,76.0,4.9,0.15,N,7.1,9.55,59.83,91.27,6.58,4.99,0.47,4.99,,,,,,,,,,,,3.39
2025-05-22,22,Ferreira do Zêzere,16.3,81.0,3.7,0.2,N,7.6,10.11,69.83,90.73,5.74,4.17,0.34,4.17,,,,,,,,,,,,3.58
2025-05-22,23,Ferreira do Zêzere,15.7,84.0,2.5,0.17,N,8.0,10.76,76.1,90.12,4.94,3.47,0.25,3.47,,,,,,,,,,,,3.55
2025-05-23,0,Ferreira do Zêzere,15.1,88.0,2.4,0.23,N,0.1,11.4,80.75,89.51,4.51,3.41,0.24,3.41,,,,,,,,,,,,3.63
2025-05-23,1,Ferreira do Zêzere,14.4,91.0,2.0,0.15,N,0.5,12.11,85.95,88.85,4.02,2.93,0.18,2.93,,,,,,,,,,,,3.58
2025-05-23,2,Ferreira do Zêzere,14.1,93.0,1.2,0.1,N,5.9,12.67,89.18,88.33,3.58,2.51,0.14,2.51,,,,,,,,,,,,3.47
2025-05-23,3,Ferreira do Zêzere,13.7,94.0,1.3,0.23,N,33.3,13.15,91.71,87.89,3.38,2.29,0.12,2.29,,,,,,,,,,,,3.53
2025-05-23,4,Ferreira do Zêzere,13.7,95.0,2.1,0.1,N,40.3,13.52,89.2,87.55,3.35,2.28,0.12,2.28,,,,,,,,,,,,3.33
2025-05-23,5,Ferreira do Zêzere,14.1,94.0,3.6,0.21,N,55.9,14.14,85.84,86.98,3.34,2.28,0.12,2.28,,,,,,,,,,,,3.34
2025-05-23,6,Ferreira do Zêzere,13.9,94.0,2.3,0.1,NW,92.5,14.46,86.01,86.69,3.0,1.94,0.09,1.94,,,,,,,,,,,,3.26
2025-05-23,7,Ferreira do Zêzere,14.8,91.0,2.9,0.13,NW,593.9,14.36,80.23,86.78,3.13,2.11,0.1,2.11,,,,,,,,,,,,3.29
2025-05-23,8,Ferreira do Zêzere,16.8,80.0,3.3,0.1,NW,1321.9,13.6,62.61,87.47,3.52,2.69,0.16,2.69,,,,,,,,,,,,3.18
2025-05-23,9,Ferreira do Zêzere,19.4,66.0,3.8,0.45,NW,2024.4,12.71,50.2,88.29,4.06,3.43,0.24,3.43,,,,,,,,,,,,3.48
2025-05-23,10,Ferreira do Zêzere,22.3,55.0,3.6,0.01,NW,2655.2,11.87,40.36,89.07,4.5,4.14,0.34,4.14,,,,,,,,,,,,3.48
2025-05-23,11,Ferreira do Zêzere,24.5,47.0,3.7,0.3,NW,3135.2,11.01,34.01,89.88,5.08,4.94,0.46,4.94,,,,,,,,,,,,3.58
2025-05-23,12,Ferreira do Zêzere,26.1,41.0,4.1,0.01,NW,3447.9,10.33,28.49,90.52,5.68,5.77,0.61,5.77,74.45,8.2,7.08,74.45,29.23,0.91,7.75,0.48,0.01,0.48,12.0,3.44
2025-05-23,13,Ferreira do Zêzere,26.8,39.0,4.4,0.01,NW,3552.0,9.33,26.59,91.48,6.61,6.76,0.8,6.76,,,,,,,,,,,,3.44
2025-05-23,14,Ferreira do Zêzere,27.5,38.0,4.4,0.01,NW,3458.3,8.83,24.23,91.97,7.08,7.36,0.93,7.36,,,,,,,,,,,,3.08
2025-05-23,15,Ferreira do Zêzere,28.0,36.0,4.6,0.01,NW,3167.0,8.23,22.83,92.55,7.77,8.08,1.1,8.08,,,,,,,,,,,,3.08
2025-05-23,16,Ferreira do Zêzere,28.1,33.0,5.1,0.01,N,2695.2,7.866,21.34,92.91,8.38,8.73,1.26,8.73,,,,,,,,,,,,3.08
2025-05-23,17,Ferreira do Zêzere,27.0,41.0,5.7,0.1,NW,2024.8,7.683,24.81,93.09,8.85,8.83,1.28,8.83,,,,,,,,,,,,3.08
2025-05-23,18,Ferreira do Zêzere,25.5,46.0,4.9,0.01,NW,1295.9,7.805,28.61,92.97,8.36,8.19,1.12,8.19,,,,,,,,,,,,2.99
2025-05-23,19,Ferreira do Zêzere,23.6,49.0,4.6,0.01,NW,603.2,7.759,31.77,93.01,8.29,7.95,1.07,7.95,,,,,,,,,,,,2.9
2025-05-23,20,Ferreira do Zêzere,21.0,55.0,2.3,0.2,NW,64.8,7.694,41.02,93.08,7.45,6.91,0.83,6.91,,,,,,,,,,,,3.0
2025-05-23,21,Ferreira do Zêzere,18.6,62.0,2.3,0.17,N,3.68,7.853,47.65,92.92,7.29,6.49,0.75,6.49,,,,,,,,,,,,3.02
2025-05-23,22,Ferreira do Zêzere,17.7,65.0,1.2,0.01,N,3.78,8.11,51.02,92.67,6.65,5.92,0.63,5.92,,,,,,,,,,,,2.83
2025-05-23,23,Ferreira do Zêzere,15.7,75.0,1.4,0.16,NW,0.3,8.36,58.94,92.42,6.49,5.54,0.56,5.54,,,,,,,,,,,,2.82
2025-05-24,0,Ferreira do Zêzere,15.0,78.0,1.4,0.1,N,3.98,8.6,57.4,92.19,6.28,6.4,0.73,6.4,,,,,,,,,,,,2.69
2025-05-24,1,Ferreira do Zêzere,14.1,83.0,1.4,0.1,N,0.3,8.87,61.16,91.93,6.06,6.11,0.67,6.11,,,,,,,,,,,,2.64
2025-05-24,2,Ferreira do Zêzere,13.4,85.0,1.7,0.12,N,0.1,9.14,63.06,91.67,5.92,5.94,0.64,5.94,,,,,,,,,,,,2.66
2025-05-24,3,Ferreira do Zêzere,12.7,88.0,1.0,0.13,N,7.9,9.42,65.69,91.4,5.5,5.53,0.56,5.53,,,,,,,,,,,,2.56
2025-05-24,4,Ferreira do Zêzere,11.2,93.0,0.9,0.1,NE,2.5,9.44,71.09,91.38,5.46,5.42,0.54,5.42,,,,,,,,,,,,2.56
2025-05-24,5,Ferreira do Zêzere,10.1,95.0,0.8,0.25,NE,307.6,9.48,74.26,91.34,5.4,5.32,0.52,5.32,,,,,,,,,,,,2.6
2025-05-24,6,Ferreira do Zêzere,9.9,96.0,1.2,0.1,NE,782.6,9.56,74.95,91.26,5.45,5.36,0.53,5.36,,,,,,,,,,,,2.6
2025-05-24,7,Ferreira do Zêzere,13.2,83.0,0.6,0.1,SE,641.0,9.59,62.5,91.23,5.27,5.36,0.53,5.36,,,,,,,,,,,,2.57
2025-05-24,8,Ferreira do Zêzere,17.2,71.0,1.7,0.38,N,1332.1,9.61,52.07,91.21,5.55,5.6,0.57,5.6,,,,,,,,,,,,2.85
2025-05-24,9,Ferreira do Zêzere,21.0,56.0,1.7,0.4,NW,2034.0,9.51,39.54,91.31,5.63,6.22,0.69,6.22,,,,,,,,,,,,2.8
2025-05-24,10,Ferreira do Zêzere,24.7,43.0,1.4,0.01,E,2664.1,9.33,30.56,91.48,5.68,6.66,0.78,6.66,,,,,,,,,,,,2.8
2025-05-24,11,Ferreira do Zêzere,26.9,35.0,1.3,0.01,S,3145.6,8.96,24.02,91.84,5.95,7.33,0.92,7.33,,,,,,,,,,,,2.51
2025-05-24,12,Ferreira do Zêzere,28.4,33.0,0.8,0.1,S,3411.0,8.52,23.23,92.27,6.16,7.65,1.0,7.65,78.42,11.04,14.6,78.42,24.15,1.02,10.75,0.64,0.01,0.64,12.0,2.6
2025-05-24,13,Ferreira do Zêzere,29.5,28.0,1.8,0.01,NW,3567.0,7.94,19.02,92.84,7.02,8.77,1.27,8.77,,,,,,,,,,,,2.6
2025-05-24,14,Ferreira do Zêzere,29.9,26.0,0.9,0.1,SE,3467.6,7.417,19.64,93.35,7.21,9.01,1.33,9.01,,,,,,,,,,,,2.69
2025-05-24,15,Ferreira do Zêzere,30.6,24.0,1.1,0.01,W,3170.8,7.07,18.01,93.7,7.64,9.57,1.48,9.57,,,,,,,,,,,,2.69
2025-05-24,16,Ferreira do Zêzere,30.5,28.0,4.5,0.01,NW,2692.5,6.811,16.25,93.95,9.4,11.23,1.97,11.23,,,,,,,,,,,,2.69
2025-05-24,17,Ferreira do Zêzere,28.8,35.0,5.3,0.7,NW,2034.9,6.654,21.12,94.11,10.0,11.02,1.9,11.02,,,,,,,,,,,,3.29
2025-05-24,18,Ferreira do Zêzere,27.2,37.0,4.1,0.01,NW,1347.2,6.539,24.42,94.22,9.57,10.45,1.73,10.45,,,,,,,,,,,,3.29
2025-05-24,19,Ferreira do Zêzere,24.9,47.0,3.5,0.01,NW,601.5,6.439,31.47,94.32,9.41,9.86,1.56,9.86,,,,,,,,,,,,3.29
2025-05-24,20,Ferreira do Zêzere,21.5,58.0,3.6,0.1,NW,59.9,6.576,39.8,94.19,9.28,9.3,1.41,9.3,,,,,,,,,,,,3.19
2025-05-24,21,Ferreira do Zêzere,18.9,61.0,3.1,0.1,NW,7.0,6.735,44.51,94.03,8.85,8.76,1.27,8.76,,,,,,,,,,,,3.12
2025-05-24,22,Ferreira do Zêzere,17.2,68.0,1.4,0.15,N,6.9,6.887,55.03,93.88,7.96,7.72,1.01,7.72,,,,,,,,,,,,3.26
2025-05-24,23,Ferreira do Zêzere,15.4,79.0,1.7,0.1,N,15.3,7.051,63.73,93.71,7.9,7.42,0.95,7.42,,,,,,,,,,,,3.2
2025-05-25,0,Ferreira do Zêzere,14.6,84.0,1.7,0.1,N,17.9,7.112,77.28,93.65,7.83,6.86,0.82,6.86,,,,,,,,,,,,3.2
2025-05-25,1,Ferreira do Zêzere,13.9,91.0,2.5,0.1,N,32.4,7.155,85.97,93.61,8.11,6.94,0.84,6.94,,,,,,,,,,,,3.2
2025-05-25,2,Ferreira do Zêzere,13.8,94.0,3.2,0.1,N,67.4,7.484,90.23,93.29,8.02,6.83,0.82,6.83,,,,,,,,,,,,3.18
2025-05-25,3,Ferreira do Zêzere,13.4,93.0,3.2,0.1,NW,30.49,7.729,88.05,93.04,7.76,6.64,0.78,6.64,,,,,,,,,,,,3.15
2025-05-25,4,Ferreira do Zêzere,13.1,94.0,4.0,0.25,NW,31.96,7.877,91.66,92.9,7.91,6.69,0.79,6.69,,,,,,,,,,,,3.3
2025-05-25,5,Ferreira do Zêzere,13.2,93.0,3.3,0.3,NW,33.38,8.37,91.08,92.41,7.14,6.07,0.66,6.07,,,,,,,,,,,,3.35
2025-05-25,6,Ferreira do Zêzere,13.8,92.0,2.9,0.01,N,60.8,9.17,88.05,91.64,6.27,5.4,0.54,5.4,,,,,,,,,,,,3.26
2025-05-25,7,Ferreira do Zêzere,15.1,88.0,5.1,0.1,N,407.5,9.85,77.38,90.98,6.38,5.58,0.57,5.58,,,,,,,,,,,,3.26
2025-05-25,8,Ferreira do Zêzere,16.3,84.0,4.8,0.25,NW,778.3,10.24,69.29,90.61,5.96,5.33,0.53,5.33,,,,,,,,,,,,3.13
2025-05-25,9,Ferreira do Zêzere,18.2,77.0,4.2,0.16,N,1911.8,10.18,57.92,90.67,5.83,5.46,0.55,5.46,,,,,,,,,,,,2.89
2025-05-25,10,Ferreira do Zêzere,20.3,69.0,4.6,0.65,N,2676.0,9.9,53.29,90.94,6.18,5.79,0.61,5.79,,,,,,,,,,,,3.53
2025-05-25,11,Ferreira do Zêzere,22.9,60.0,4.4,0.9,NW,3149.2,9.51,48.02,91.31,6.45,6.15,0.68,6.15,,,,,,,,,,,,4.42
2025-05-25,12,Ferreira do Zêzere,25.0,53.0,4.1,0.2,NW,3447.7,9.18,41.19,91.63,6.65,6.57,0.76,6.57,67.88,9.85,6.9,67.88,38.34,0.72,9.32,0.42,0.01,0.42,12.0,4.52
2025-05-25,13,Ferreira do Zêzere,26.6,51.0,4.8,0.2,NW,3543.1,8.54,37.14,92.25,7.52,7.46,0.95,7.46,,,,,,,,,,,,4.71
2025-05-25,14,Ferreira do Zêzere,27.4,49.0,4.8,0.01,NW,3444.3,8.07,34.63,92.71,8.02,8.02,1.08,8.02,,,,,,,,,,,,4.62
2025-05-25,15,Ferreira do Zêzere,26.9,50.0,5.0,0.01,NW,3158.0,7.982,35.65,92.79,8.2,8.12,1.11,8.12,,,,,,,,,,,,4.62
2025-05-25,16,Ferreira do Zêzere,26.6,50.0,6.1,0.01,NW,2680.3,7.775,34.79,93.0,8.92,8.72,1.26,8.72,,,,,,,,,,,,4.62
2025-05-25,17,Ferreira do Zêzere,25.9,50.0,5.0,0.01,NW,2049.8,7.696,35.01,93.08,8.53,8.5,1.2,8.5,,,,,,,,,,,,3.93
2025-05-25,18,Ferreira do Zêzere,23.6,56.0,7.0,0.01,NW,1352.4,7.888,39.17,92.89,9.19,8.75,1.26,8.75,,,,,,,,,,,,3.93
2025-05-25,19,Ferreira do Zêzere,21.6,63.0,6.0,0.01,NW,601.0,7.751,47.46,93.02,8.91,8.22,1.13,8.22,,,,,,,,,,,,3.93
2025-05-25,20,Ferreira do Zêzere,19.5,72.0,2.1,0.01,NW,60.4,7.775,64.35,93.0,7.29,6.6,0.77,6.6,,,,,,,,,,,,3.84
2025-05-25,21,Ferreira do Zêzere,17.8,80.0,3.6,0.01,NW,7.0,8.22,70.83,92.56,7.4,6.49,0.75,6.49,,,,,,,,,,,,3.75
2025-05-25,22,Ferreira do Zêzere,16.9,84.0,3.9,0.01,NW,7.4,8.7,75.24,92.09,7.03,6.13,0.67,6.13,,,,,,,,,,,,3.61
2025-05-25,23,Ferreira do Zêzere,16.0,85.0,4.4,0.01,NW,1.0,9.17,75.88,91.64,6.76,5.89,0.63,5.89,,,,,,,,,,,,3.52
2025-05-26,0,Ferreira do Zêzere,15.5,82.0,3.9,1.5,NW,7.7,9.53,88.09,91.29,6.27,4.93,0.46,4.93,,,,,,,,,,,,4.92
2025-05-26,1,Ferreira do Zêzere,14.4,85.0,3.5,0.01,NW,0.6,9.78,94.66,91.05,5.94,4.6,0.41,4.6,,,,,,,,,,,,4.83
2025-05-26,2,Ferreira do Zêzere,13.9,89.0,3.5,0.01,NW,0.3,9.93,102.05,90.91,5.82,4.45,0.38,4.45,,,,,,,,,,,,4.74
2025-05-26,3,Ferreira do Zêzere,13.6,91.0,3.5,0.01,NW,20.4,10.24,105.84,90.61,5.58,4.23,0.35,4.23,,,,,,,,,,,,4.65
2025-05-26,4,Ferreira do Zêzere,13.4,93.0,2.6,0.01,NW,39.7,10.6,109.66,90.27,5.08,3.81,0.29,3.81,,,,,,,,,,,,4.41
2025-05-26,5,Ferreira do Zêzere,14.3,91.0,4.0,0.01,NW,72.2,11.2,98.93,89.7,5.02,3.85,0.3,3.85,,,,,,,,,,,,4.12
2025-05-26,6,Ferreira do Zêzere,14.7,90.0,2.9,0.01,NW,43.3,11.83,98.34,89.11,4.37,3.29,0.22,3.29,,,,,,,,,,,,4.12
2025-05-26,7,Ferreira do Zêzere,14.8,88.0,3.5,0.01,N,338.3,12.26,92.27,88.71,4.25,3.22,0.22,3.22,,,,,,,,,,,,4.03
2025-05-26,8,Ferreira do Zêzere,16.6,80.0,5.5,0.55,NW,1338.1,12.49,76.31,88.5,4.56,3.6,0.26,3.6,,,,,,,,,,,,4.33
2025-05-26,9,Ferreira do Zêzere,18.2,74.0,5.5,0.1,NW,2076.0,12.4,66.35,88.58,4.61,3.79,0.29,3.79,,,,,,,,,,,,4.27
2025-05-26,10,Ferreira do Zêzere,20.2,67.0,3.8,0.01,NW,2730.6,12.04,55.86,88.91,4.44,3.89,0.3,3.89,,,,,,,,,,,,3.63
2025-05-26,11,Ferreira do Zêzere,21.9,60.0,4.4,0.2,NW,3238.4,11.61,43.24,89.32,4.85,4.62,0.41,4.62,,,,,,,,,,,,2.93
2025-05-26,12,Ferreira do Zêzere,23.3,56.0,4.4,1.6,NW,3544.7,11.14,45.82,89.76,5.17,4.79,0.44,4.79,63.81,8.71,6.6,63.81,44.46,0.63,8.2,0.34,0.0,0.34,12.0,4.33
2025-05-26,13,Ferreira do Zêzere,24.7,55.0,4.0,0.5,NW,3637.1,10.22,44.68,90.63,5.74,5.37,0.53,5.37,,,,,,,,,,,,4.63
2025-05-26,14,Ferreira do Zêzere,25.5,53.0,4.5,0.1,NW,3537.5,9.58,41.59,91.24,6.42,6.07,0.66,6.07,,,,,,,,,,,,4.72
2025-05-26,15,Ferreira do Zêzere,26.3,50.0,4.2,0.01,NW,3315.3,9.02,39.01,91.78,6.83,6.56,0.76,6.56,,,,,,,,,,,,4.72
2025-05-26,16,Ferreira do Zêzere,26.1,53.0,4.9,0.01,NW,2619.5,9.12,40.01,91.69,6.98,6.6,0.77,6.6,,,,,,,,,,,,4.72
2025-05-26,17,Ferreira do Zêzere,25.0,55.0,5.7,0.01,NW,2076.6,8.84,41.87,91.96,7.55,6.98,0.85,6.98,,,,,,,,,,,,4.72
2025-05-26,18,Ferreira do Zêzere,23.0,57.0,5.8,0.01,NW,1393.8,8.91,46.27,91.89,7.52,6.8,0.81,6.8,,,,,,,,,,,,4.72
2025-05-26,19,Ferreira do Zêzere,21.1,60.0,5.4,0.01,NW,655.5,8.87,52.08,91.93,7.41,6.54,0.76,6.54,,,,,,,,,,,,4.72
2025-05-26,20,Ferreira do Zêzere,18.8,68.0,4.1,0.01,NW,78.7,8.96,64.7,91.84,6.85,5.8,0.61,5.8,,,,,,,,,,,,4.72
2025-05-26,21,Ferreira do Zêzere,16.9,75.0,3.3,0.01,NW,0.1,9.32,76.74,91.49,6.26,5.12,0.49,5.12,,,,,,,,,,,,4.72
2025-05-26,22,Ferreira do Zêzere,15.8,80.0,3.2,0.2,NW,0.1,9.66,86.28,91.17,5.95,4.71,0.42,4.71,,,,,,,,,,,,4.91
2025-05-26,23,Ferreira do Zêzere,14.8,82.0,2.9,0.2,NW,0.2,9.96,92.73,90.88,5.63,4.36,0.37,4.36,,,,,,,,,,,,5.1
2025-05-27,0,Ferreira do Zêzere,14.3,85.0,2.9,0.3,N,0.2,10.29,90.6,90.56,5.38,3.84,0.29,3.84,,,,,,,,,,,,3.9
2025-05-27,1,Ferreira do Zêzere,13.8,87.0,2.7,0.01,N,0.2,10.82,94.87,90.06,4.95,3.46,0.24,3.46,,,,,,,,,,,,3.9
2025-05-27,2,Ferreira do Zêzere,13.5,89.0,2.7,0.17,N,0.7,11.26,100.51,89.64,4.67,3.15,0.21,3.15,,,,,,,,,,,,4.06
2025-05-27,3,Ferreira do Zêzere,13.2,91.0,2.4,0.2,N,3.7,11.68,107.5,89.25,4.34,2.8,0.17,2.8,,,,,,,,,,,,4.25
2025-05-27,4,Ferreira do Zêzere,12.9,93.0,2.9,0.2,N,6.3,12.07,113.43,88.89,4.23,2.62,0.15,2.62,,,,,,,,,,,,4.44
2025-05-27,5,Ferreira do Zêzere,12.8,93.0,2.8,0.3,N,17.8,12.5,116.72,88.49,3.97,2.34,0.12,2.34,,,,,,,,,,,,4.73
2025-05-27,6,Ferreira do Zêzere,12.9,94.0,2.0,0.1,N,96.1,13.09,121.56,87.94,3.53,1.92,0.09,1.92,,,,,,,,,,,,4.82
2025-05-27,7,Ferreira do Zêzere,14.1,91.0,2.7,0.1,N,602.2,13.27,112.7,87.78,3.57,2.0,0.09,2.0,,,,,,,,,,,,4.91
2025-05-27,8,Ferreira do Zêzere,16.4,83.0,3.5,0.3,NW,1323.5,13.23,90.04,87.81,3.74,2.37,0.13,2.37,,,,,,,,,,,,4.66
2025-05-27,9,Ferreira do Zêzere,19.3,74.0,3.3,0.3,N,2023.5,12.82,74.68,88.19,3.91,2.71,0.16,2.71,,,,,,,,,,,,4.86
2025-05-27,11,Ferreira do Zêzere,24.7,58.0,2.6,0.01,N,3148.3,11.63,64.87,89.3,4.42,2.22,0.11,2.22,,,,,,,,,,,,11.66
2025-05-27,12,Ferreira do Zêzere,27.5,51.0,2.6,0.2,NW,3463.4,10.84,50.95,90.04,4.92,3.72,0.28,3.72,60.31,7.68,-0.29,60.31,50.05,0.48,6.71,0.23,0.0,0.23,12.0,10.26
2025-05-27,13,Ferreira do Zêzere,29.5,43.0,3.1,0.2,NW,3605.7,9.6,39.61,91.22,5.97,5.12,0.49,5.12,,,,,,,,,,,,9.96
2025-05-27,14,Ferreira do Zêzere,30.3,43.0,3.8,0.01,NW,3472.1,8.97,36.55,91.83,6.74,5.85,0.62,5.85,,,,,,,,,,,,9.87
2025-05-27,15,Ferreira do Zêzere,30.5,43.0,4.6,0.1,N,3145.9,8.48,34.85,92.31,7.51,6.49,0.74,6.49,,,,,,,,,,,,9.96
2025-05-27,16,Ferreira do Zêzere,29.6,43.0,5.4,0.01,NW,2686.7,8.29,35.31,92.49,8.02,6.82,0.81,6.82,,,,,,,,,,,,9.96
2025-05-27,17,Ferreira do Zêzere,27.1,52.0,4.5,0.1,NW,2058.3,8.16,47.71,92.62,7.8,5.98,0.64,5.98,,,,,,,,,,,,10.05
2025-05-27,18,Ferreira do Zêzere,25.6,50.0,5.1,0.01,NW,1367.1,8.11,48.29,92.67,8.1,6.12,0.67,6.12,,,,,,,,,,,,10.05
2025-05-27,19,Ferreira do Zêzere,23.2,50.0,5.0,0.01,NW,632.9,8.01,53.69,92.77,8.17,5.87,0.62,5.87,,,,,,,,,,,,10.05
2025-05-27,20,Ferreira do Zêzere,21.0,54.0,3.6,0.01,NW,63.1,7.746,64.93,93.03,7.9,5.16,0.5,5.16,,,,,,,,,,,,10.05
2025-05-27,21,Ferreira do Zêzere,19.0,66.0,3.2,0.01,NW,0.1,7.892,82.47,92.88,7.58,3.7,0.28,3.7,,,,,,,,,,,,10.05
2025-05-28,0,Ferreira do Zêzere,14.6,87.0,2.2,0.1,N,4.22,8.63,120.34,92.16,6.52,4.29,0.36,4.29,,,,,,,,,,,,9.65
2025-05-28,1,Ferreira do Zêzere,13.7,92.0,2.0,0.3,N,0.2,8.94,135.67,91.86,6.18,3.81,0.29,3.81,,,,,,,,,,,,9.94
2025-05-28,2,Ferreira do Zêzere,13.8,93.0,3.3,0.2,N,21.7,9.62,135.6,91.2,6.01,3.66,0.27,3.66,,,,,,,,,,,,9.97
2025-05-28,3,Ferreira do Zêzere,14.4,92.0,3.4,0.1,N,37.0,10.23,131.25,90.62,5.56,3.42,0.24,3.42,,,,,,,,,,,,9.87
2025-05-28,4,Ferreira do Zêzere,14.3,93.0,2.8,0.3,N,40.2,10.82,136.19,90.06,4.98,2.93,0.18,2.93,,,,,,,,,,,,9.97
2025-05-28,5,Ferreira do Zêzere,14.1,93.0,3.5,0.1,N,28.44,11.11,134.19,89.79,4.96,2.97,0.19,2.97,,,,,,,,,,,,9.77
2025-05-28,6,Ferreira do Zêzere,13.8,94.0,2.7,0.2,N,60.7,11.33,139.72,89.58,4.62,2.66,0.15,2.66,,,,,,,,,,,,9.87
2025-05-28,7,Ferreira do Zêzere,14.3,92.0,2.5,0.1,N,541.4,11.6,133.47,89.32,4.41,2.55,0.14,2.55,,,,,,,,,,,,9.87
2025-05-28,8,Ferreira do Zêzere,16.3,84.0,2.2,0.1,N,1340.1,11.59,111.5,89.33,4.35,2.77,0.17,2.77,,,,,,,,,,,,9.67
2025-05-28,9,Ferreira do Zêzere,19.4,74.0,1.0,0.1,N,2023.3,11.29,94.52,89.62,4.27,3.03,0.19,3.03,,,,,,,,,,,,9.47
2025-05-28,10,Ferreira do Zêzere,23.0,63.0,1.4,0.1,NW,2653.7,11.0,42.22,89.89,4.53,4.62,0.41,4.62,,,,,,,,,,,,2.57
2025-05-28,11,Ferreira do Zêzere,26.4,54.0,1.6,0.2,NW,3149.6,10.19,34.68,90.66,5.11,5.45,0.55,5.45,,,,,,,,,,,,2.76
2025-05-28,12,Ferreira do Zêzere,29.4,45.0,1.7,0.45,NW,3450.7,9.49,28.21,91.33,5.65,6.21,0.69,6.21,72.77,9.45,5.0,72.77,31.48,0.75,8.84,0.42,0.01,0.42,12.0,3.01
2025-05-28,13,Ferreira do Zêzere,31.7,34.0,1.2,0.2,W,3565.5,8.4,22.19,92.39,6.39,7.39,0.94,7.39,,,,,,,,,,,,3.01
2025-05-28,14,Ferreira do Zêzere,33.1,28.0,1.3,0.47,W,3461.5,7.683,19.63,93.09,7.09,8.25,1.14,8.25,,,,,,,,,,,,3.47
2025-05-28,15,Ferreira do Zêzere,34.0,24.0,1.4,0.25,W,3186.0,7.127,17.46,93.64,7.7,9.01,1.33,9.01,,,,,,,,,,,,3.62
2025-05-28,16,Ferreira do Zêzere,34.6,27.0,2.4,1.3,NW,2694.8,6.841,18.48,93.92,8.42,9.42,1.44,9.42,,,,,,,,,,,,4.91
2025-05-28,17,Ferreira do Zêzere,33.8,33.0,3.1,0.01,NW,2049.0,6.676,20.64,94.09,8.93,9.63,1.5,9.63,,,,,,,,,,,,4.82
2025-05-28,18,Ferreira do Zêzere,32.3,40.0,4.2,0.2,NW,1358.5,6.587,24.3,94.18,9.55,9.78,1.54,9.78,,,,,,,,,,,,5.01
2025-05-28,19,Ferreira do Zêzere,29.9,52.0,3.4,0.2,NW,611.1,6.73,34.93,94.03,8.99,8.68,1.25,8.68,,,,,,,,,,,,5.2
2025-05-28,20,Ferreira do Zêzere,26.2,64.0,2.0,0.2,NW,74.6,7.005,53.22,93.76,8.07,7.29,0.92,7.29,,,,,,,,,,,,5.39
2025-05-28,21,Ferreira do Zêzere,23.2,71.0,2.5,1.87,NW,0.2,7.406,70.27,93.36,7.83,6.47,0.74,6.47,,,,,,,,,,,,7.25
2025-05-28,22,Ferreira do Zêzere,21.3,74.0,2.6,0.9,NW,2.83,7.641,79.66,93.13,7.62,6.02,0.65,6.02,,,,,,,,,,,,8.05
2025-05-28,23,Ferreira do Zêzere,19.5,78.0,2.2,2.75,NW,0.4,7.897,97.31,92.88,7.21,5.01,0.47,5.01,,,,,,,,,,,,10.7
2025-05-29,0,Ferreira do Zêzere,18.4,81.0,2.3,2.25,N,0.1,8.1,106.13,92.68,7.04,6.87,0.82,6.87,,,,,,,,,,,,12.85
2025-05-29,1,Ferreira do Zêzere,17.6,83.0,2.2,1.1,N,2.8,8.29,113.41,92.49,6.83,6.51,0.75,6.51,,,,,,,,,,,,13.65
2025-05-29,2,Ferreira do Zêzere,17.4,85.0,1.2,0.1,NW,0.3,8.39,122.89,92.4,6.4,6.07,0.66,6.07,,,,,,,,,,,,13.55
2025-05-29,3,Ferreira do Zêzere,16.2,91.0,1.1,0.1,N,3.2,8.47,140.21,92.32,6.3,5.8,0.61,5.8,,,,,,,,,,,,13.55
2025-05-29,4,Ferreira do Zêzere,15.4,93.0,1.4,0.1,N,0.7,8.53,145.25,92.26,6.34,5.79,0.61,5.79,,,,,,,,,,,,13.35
2025-05-29,5,Ferreira do Zêzere,14.8,94.0,0.6,0.4,NE,6.5,8.63,152.76,92.16,6.01,5.44,0.55,5.44,,,,,,,,,,,,13.65
2025-05-29,6,Ferreira do Zêzere,14.4,95.0,0.7,0.1,NE,207.9,8.66,155.28,92.13,6.02,5.42,0.54,5.42,,,,,,,,,,,,13.55
2025-05-29,7,Ferreira do Zêzere,17.3,88.0,0.4,0.5,E,571.9,8.73,136.73,92.06,5.87,5.47,0.55,5.47,,,,,,,,,,,,13.95
2025-05-29,8,Ferreira do Zêzere,21.0,76.0,0.9,3.31,N,1246.3,8.8,105.24,92.0,5.96,5.79,0.61,5.79,,,,,,,,,,,,17.16
2025-05-29,9,Ferreira do Zêzere,25.5,62.0,0.9,2.97,S,1926.9,8.66,76.18,92.13,6.08,6.39,0.72,6.39,,,,,,,,,,,,20.03
2025-05-29,10,Ferreira do Zêzere,29.0,53.0,0.8,0.78,SW,2521.2,8.39,58.93,92.4,6.28,7.09,0.87,7.09,,,,,,,,,,,,20.71
2025-05-29,11,Ferreira do Zêzere,32.1,45.0,2.4,0.77,SE,3013.8,8.15,38.93,92.63,7.03,8.42,1.18,8.42,,,,,,,,,,,,21.28
2025-05-29,12,Ferreira do Zêzere,34.6,30.0,2.9,0.44,S,3336.7,7.794,24.99,92.98,7.57,10.19,1.66,10.19,77.43,10.49,-17.77,77.43,25.4,1.04,5.55,0.47,0.01,0.47,12.0,21.27
2025-05-29,13,Ferreira do Zêzere,35.5,28.0,3.0,0.4,SE,3275.0,7.181,22.53,93.58,8.28,11.25,1.97,11.25,,,,,,,,,,,,21.47
2025-05-29,14,Ferreira do Zêzere,36.1,27.0,2.4,0.33,SE,3368.7,6.82,22.15,93.94,8.45,11.68,2.11,11.68,,,,,,,,,,,,21.33
2025-05-29,15,Ferreira do Zêzere,36.9,24.0,2.0,0.7,S,3029.1,6.528,20.47,94.24,8.62,12.21,2.28,12.21,,,,,,,,,,,,21.78
2025-05-29,16,Ferreira do Zêzere,37.2,23.0,2.0,0.25,SE,2573.4,6.313,19.53,94.45,8.88,13.16,2.6,13.16,,,,,,,,,,,,20.73
2025-05-29,17,Ferreira do Zêzere,37.1,23.0,2.3,0.3,S,1925.8,6.196,19.18,94.57,9.16,13.3,2.65,13.3,,,,,,,,,,,,21.02
2025-05-29,18,Ferreira do Zêzere,32.6,37.0,4.3,0.3,NW,1246.6,5.981,29.47,94.78,10.44,12.35,2.33,12.35,,,,,,,,,,,,21.12
2025-05-29,19,Ferreira do Zêzere,28.5,42.0,2.9,0.4,NW,538.9,5.933,43.19,94.83,9.79,10.9,1.87,10.9,,,,,,,,,,,,21.32
2025-05-29,20,Ferreira do Zêzere,26.2,49.0,1.7,0.1,NW,80.6,6.1,57.37,94.66,9.01,9.63,1.5,9.63,,,,,,,,,,,,21.22
2025-05-29,21,Ferreira do Zêzere,23.4,62.0,1.4,0.5,NW,0.2,6.291,77.89,94.47,8.64,8.65,1.24,8.65,,,,,,,,,,,,19.85
2025-05-29,22,Ferreira do Zêzere,21.7,72.0,1.0,0.01,N,19.6,6.332,97.69,94.43,8.42,8.04,1.09,8.04,,,,,,,,,,,,18.96
2025-05-29,23,Ferreira do Zêzere,20.6,78.0,0.8,0.2,NE,47.0,6.302,109.79,94.46,8.37,7.9,1.05,7.9,,,,,,,,,,,,16.41
2025-05-30,0,Ferreira do Zêzere,19.5,84.0,0.7,0.01,E,64.8,6.578,127.74,94.19,8.02,7.2,0.89,7.2,,,,,,,,,,,,14.17
2025-05-30,1,Ferreira do Zêzere,18.2,89.0,0.3,0.01,NE,69.5,6.841,144.19,93.92,7.58,6.72,0.79,6.72,,,,,,,,,,,,13.08
2025-05-30,2,Ferreira do Zêzere,17.5,92.0,0.6,0.01,NE,47.1,7.061,150.46,93.7,7.46,6.53,0.75,6.53,,,,,,,,,,,,12.99
2025-05-30,3,Ferreira do Zêzere,16.9,93.0,0.6,0.01,E,1.4,7.205,153.86,93.56,7.31,6.38,0.72,6.38,,,,,,,,,,,,12.9
2025-05-30,4,Ferreira do Zêzere,16.2,95.0,1.5,0.1,N,5.7,7.471,157.44,93.3,7.38,6.38,0.72,6.38,,,,,,,,,,,,12.9
2025-05-30,5,Ferreira do Zêzere,16.7,93.0,2.6,0.1,NW,1.2,7.696,145.56,93.08,7.56,6.6,0.77,6.6,,,,,,,,,,,,12.6
2025-05-30,6,Ferreira do Zêzere,16.2,94.0,2.1,0.1,N,101.4,8.09,151.2,92.69,6.98,6.09,0.67,6.09,,,,,,,,,,,,12.6
2025-05-30,7,Ferreira do Zêzere,17.2,91.0,1.0,0.15,N,501.8,8.29,143.57,92.49,6.43,5.73,0.6,5.73,,,,,,,,,,,,12.25
2025-05-30,8,Ferreira do Zêzere,19.7,80.0,1.7,2.9,N,1227.6,8.54,107.79,92.25,6.43,6.11,0.67,6.11,,,,,,,,,,,,11.84
2025-05-30,9,Ferreira do Zêzere,22.7,71.0,1.0,1.17,N,1895.6,8.59,87.35,92.2,6.17,6.41,0.73,6.41,,,,,,,,,,,,10.04
2025-05-30,10,Ferreira do Zêzere,26.0,61.0,0.9,1.4,NW,2513.2,8.5,69.23,92.29,6.21,6.96,0.84,6.96,,,,,,,,,,,,10.66
2025-05-30,11,Ferreira do Zêzere,29.0,49.0,1.1,2.43,W,3006.4,8.39,51.54,92.4,6.37,7.67,1.0,7.67,,,,,,,,,,,,12.32
2025-05-30,12,Ferreira do Zêzere,31.6,39.0,0.9,0.22,SW,3312.6,8.11,39.6,92.67,6.55,8.84,1.29,8.84,68.11,10.02,-25.86,68.11,37.99,0.62,69.3,1.98,0.09,1.98,12.0,12.1
2025-05-30,13,Ferreira do Zêzere,32.9,33.0,1.5,0.5,SW,3447.2,7.369,31.46,93.4,7.48,10.68,1.8,10.68,,,,,,,,,,,,12.2
2025-05-30,14,Ferreira do Zêzere,34.4,30.0,1.6,0.6,N,3357.4,7.003,27.13,93.76,7.91,11.88,2.17,11.88,,,,,,,,,,,,12.47
2025-05-30,15,Ferreira do Zêzere,35.0,32.0,3.0,0.33,NW,3053.7,6.674,24.13,94.09,8.88,13.25,2.63,13.25,,,,,,,,,,,,12.1
2025-05-30,16,Ferreira do Zêzere,34.6,36.0,2.8,2.03,NW,2536.3,6.489,27.54,94.27,9.02,11.8,2.15,11.8,,,,,,,,,,,,13.88
2025-05-30,17,Ferreira do Zêzere,33.9,40.0,3.8,1.17,NW,1924.4,6.461,29.27,94.3,9.52,11.63,2.09,11.63,,,,,,,,,,,,14.75
2025-05-30,18,Ferreira do Zêzere,31.9,46.0,3.8,1.3,NW,1229.9,6.506,36.72,94.26,9.47,10.76,1.82,10.76,,,,,,,,,,,,15.75
2025-05-30,19,Ferreira do Zêzere,29.5,51.0,3.0,0.01,NW,544.9,6.609,46.93,94.15,8.96,9.82,1.55,9.82,,,,,,,,,,,,15.36
2025-05-30,20,Ferreira do Zêzere,26.7,56.0,2.6,0.01,NW,91.6,6.678,58.7,94.09,8.7,9.12,1.36,9.12,,,,,,,,,,,,15.27
2025-05-30,21,Ferreira do Zêzere,24.3,66.0,2.8,0.01,N,0.2,6.872,74.09,93.89,8.56,8.45,1.19,8.45,,,,,,,,,,,,14.78
2025-05-30,22,Ferreira do Zêzere,22.6,72.0,2.3,0.1,N,38.0,7.068,88.61,93.7,8.12,7.76,1.02,7.76,,,,,,,,,,,,14.87
2025-05-30,23,Ferreira do Zêzere,20.7,79.0,3.1,0.2,N,42.0,7.314,101.84,93.45,8.17,7.49,0.96,7.49,,,,,,,,,,,,14.87
2025-05-31,0,Ferreira do Zêzere,19.5,82.0,3.3,0.1,N,43.8,7.665,107.97,93.11,7.87,7.13,0.88,7.13,,,,,,,,,,,,14.96
2025-05-31,1,Ferreira do Zêzere,18.3,85.0,2.5,0.1,N,43.4,7.956,120.59,92.82,7.26,6.5,0.75,6.5,,,,,,,,,,,,15.05
2025-05-31,2,Ferreira do Zêzere,17.4,89.0,2.8,0.5,N,43.5,8.2,132.85,92.58,7.12,6.25,0.7,6.25,,,,,,,,,,,,15.54
2025-05-31,3,Ferreira do Zêzere,16.9,88.0,2.6,0.1,N,44.2,8.39,131.46,92.4,6.87,6.05,0.66,6.05,,,,,,,,,,,,15.63
2025-05-31,4,Ferreira do Zêzere,16.7,86.0,2.2,0.2,N,36.2,8.59,128.06,92.2,6.55,5.82,0.61,5.82,,,,,,,,,,,,15.73
2025-05-31,5,Ferreira do Zêzere,16.2,89.0,2.0,0.2,N,13.49,8.84,138.03,91.96,6.27,5.49,0.55,5.49,,,,,,,,,,,,15.83
2025-05-31,6,Ferreira do Zêzere,16.0,91.0,1.3,0.1,NE,84.1,9.05,147.34,91.75,5.88,5.11,0.49,5.11,,,,,,,,,,,,15.83
2025-05-31,7,Ferreira do Zêzere,17.5,86.0,1.9,0.2,N,546.6,9.27,128.29,91.54,5.88,5.24,0.51,5.24,,,,,,,,,,,,15.88
2025-05-31,8,Ferreira do Zêzere,20.3,77.0,0.6,0.01,NE,1207.9,9.37,108.42,91.44,5.43,5.22,0.51,5.22,,,,,,,,,,,,12.99
2025-05-31,9,Ferreira do Zêzere,24.1,68.0,0.7,0.01,W,1867.3,9.35,83.69,91.46,5.47,5.72,0.6,5.72,,,,,,,,,,,,11.83
2025-05-31,10,Ferreira do Zêzere,27.9,60.0,0.9,0.01,NW,2468.8,9.22,62.3,91.59,5.63,6.52,0.75,6.52,,,,,,,,,,,,10.44
2025-05-31,11,Ferreira do Zêzere,30.8,48.0,2.0,0.1,S,2971.8,8.86,38.93,91.94,6.25,9.16,1.37,9.16,,,,,,,,,,,,8.11
2025-05-31,12,Ferreira do Zêzere,32.6,41.0,2.0,0.01,S,3270.7,8.47,31.46,92.32,6.59,12.29,2.31,12.29,72.29,10.22,-27.23,72.29,32.12,0.75,39.86,1.33,0.05,1.33,12.0,7.9
2025-05-31,20,Ferreira do Zêzere,24.7,66.0,3.1,0.01,NW,64.0,7.229,34.51,93.54,8.27,5.93,0.64,5.93,,,,,,,,,,,,1.98
2025-05-31,21,Ferreira do Zêzere,22.6,66.0,1.9,0.01,NW,0.2,7.463,37.94,93.31,7.54,4.82,0.44,4.82,,,,,,,,,,,,1.98
2025-05-31,22,Ferreira do Zêzere,20.7,72.0,2.1,0.01,NW,4.7,7.724,41.38,93.05,7.34,3.39,0.24,3.39,,,,,,,,,,,,1.89
2025-05-31,23,Ferreira do Zêzere,19.4,80.0,1.3,0.01,N,7.3,7.925,45.84,92.85,6.86,2.32,0.12,2.32,,,,,,,,,,,,1.7
2025-06-01,0,Ferreira do Zêzere,18.5,83.0,1.8,0.01,N,29.2,7.864,37.33,92.91,7.1,8.18,1.12,8.18,,,,,,,,,,,,1.61
2025-06-01,1,Ferreira do Zêzere,17.7,85.0,2.0,0.01,N,31.0,7.882,36.86,92.89,7.15,8.3,1.15,8.3,,,,,,,,,,,,1.52
2025-06-01,2,Ferreira do Zêzere,16.9,88.0,2.4,0.01,N,25.5,7.857,29.03,92.92,7.32,8.6,1.23,8.6,,,,,,,,,,,,1.03
2025-06-01,3,Ferreira do Zêzere,16.4,90.0,2.9,0.01,NW,16.0,7.849,27.79,92.93,7.52,8.76,1.27,8.76,,,,,,,,,,,,0.94
2025-06-01,4,Ferreira do Zêzere,15.7,92.0,2.3,0.1,NW,15.6,7.831,26.16,92.94,7.31,8.5,1.2,8.5,,,,,,,,,,,,0.84
2025-06-01,5,Ferreira do Zêzere,15.5,94.0,2.7,0.1,NW,21.5,7.934,24.83,92.84,7.35,8.51,1.2,8.51,,,,,,,,,,,,0.74
2025-06-01,6,Ferreira do Zêzere,15.6,94.0,2.3,0.1,NW,67.1,8.22,24.81,92.56,6.93,8.08,1.1,8.08,,,,,,,,,,,,0.74
2025-06-01,7,Ferreira do Zêzere,16.2,91.0,3.3,0.01,NW,462.3,8.49,21.98,92.3,7.02,8.23,1.14,8.23,,,,,,,,,,,,0.55
2025-06-01,8,Ferreira do Zêzere,17.4,86.0,4.6,0.01,NW,925.7,8.71,20.16,92.08,7.27,8.6,1.23,8.6,,,,,,,,,,,,0.55
2025-06-01,9,Ferreira do Zêzere,19.6,77.0,3.9,0.01,N,1729.8,8.76,18.12,92.04,6.97,8.51,1.2,8.51,,,,,,,,,,,,0.55
2025-06-01,10,Ferreira do Zêzere,22.5,66.0,3.8,0.01,NW,2387.7,8.67,16.95,92.12,7.02,8.88,1.3,8.88,,,,,,,,,,,,0.55
2025-06-01,11,Ferreira do Zêzere,25.1,55.0,3.7,0.01,NW,2598.4,8.56,14.5,92.23,7.09,9.3,1.41,9.3,,,,,,,,,,,,0.46
2025-06-01,12,Ferreira do Zêzere,26.4,50.0,4.2,0.01,NW,2422.5,8.55,13.45,92.24,7.29,9.69,1.51,9.69,84.62,13.84,-19.07,84.62,16.79,2.47,10.51,2.49,0.14,2.49,12.0,0.46
2025-06-01,13,Ferreira do Zêzere,27.7,47.0,4.2,0.01,N,2792.1,8.2,12.7,92.58,7.65,10.22,1.67,10.22,,,,,,,,,,,,0.46
2025-06-01,14,Ferreira do Zêzere,28.1,43.0,5.0,0.01,NW,2475.8,7.775,11.88,93.0,8.44,11.22,1.96,11.22,,,,,,,,,,,,0.46
2025-06-01,15,Ferreira do Zêzere,26.0,52.0,4.6,0.01,NW,1672.8,7.79,13.83,92.98,8.25,10.68,1.8,10.68,,,,,,,,,,,,0.47
2025-06-01,16,Ferreira do Zêzere,23.1,63.0,3.4,0.01,NW,980.2,7.916,15.98,92.86,7.64,9.63,1.5,9.63,,,,,,,,,,,,0.48
2025-06-01,17,Ferreira do Zêzere,21.7,69.0,3.3,0.01,N,492.4,8.24,16.73,92.54,7.27,9.05,1.34,9.05,,,,,,,,,,,,0.49
2025-06-01,18,Ferreira do Zêzere,21.4,68.0,4.6,0.01,NW,496.2,8.38,16.73,92.41,7.61,9.42,1.44,9.42,,,,,,,,,,,,0.5
2025-06-01,19,Ferreira do Zêzere,21.2,66.0,4.9,0.01,NW,473.5,8.6,16.71,92.19,7.5,9.34,1.42,9.34,,,,,,,,,,,,0.51
2025-06-01,20,Ferreira do Zêzere,20.6,70.0,4.1,0.01,NW,176.7,8.48,17.01,92.31,7.32,9.05,1.34,9.05,,,,,,,,,,,,0.51
2025-06-01,21,Ferreira do Zêzere,18.9,75.0,4.8,0.01,NW,1.4,8.71,17.13,92.08,7.35,8.92,1.31,8.92,,,,,,,,,,,,0.51
2025-06-01,22,Ferreira do Zêzere,17.4,78.0,4.2,0.01,NW,0.2,9.03,17.9,91.77,6.82,8.27,1.14,8.27,,,,,,,,,,,,0.51
2025-06-01,23,Ferreira do Zêzere,16.6,82.0,5.9,0.01,NW,4.6,9.27,18.9,91.54,7.19,8.57,1.22,8.57,,,,,,,,,,,,0.51
2025-06-02,0,Ferreira do Zêzere,16.0,86.0,4.0,0.01,NW,10.3,9.78,20.26,91.05,6.09,8.45,1.19,8.45,,,,,,,,,,,,0.51
2025-06-02,1,Ferreira do Zêzere,15.6,89.0,3.4,0.01,NW,28.9,10.26,21.24,90.59,5.54,7.73,1.02,7.73,,,,,,,,,,,,0.51
2025-06-02,2,Ferreira do Zêzere,15.7,89.0,3.6,0.01,NW,20.9,10.9,21.24,89.98,5.13,7.21,0.9,7.21,,,,,,,,,,,,0.51
2025-06-02,3,Ferreira do Zêzere,15.7,89.0,3.7,0.01,NW,23.1,11.76,21.25,89.18,4.59,6.51,0.75,6.51,,,,,,,,,,,,0.51
2025-06-02,4,Ferreira do Zêzere,15.7,89.0,3.7,0.1,NW,17.4,12.49,21.25,88.5,4.16,5.94,0.64,5.94,,,,,,,,,,,,0.51
2025-06-02,5,Ferreira do Zêzere,15.5,90.0,4.2,0.01,NW,21.2,13.35,21.59,87.7,3.81,5.43,0.54,5.43,,,,,,,,,,,,0.42
2025-06-02,6,Ferreira do Zêzere,15.4,90.0,4.4,0.2,NW,28.5,13.9,21.75,87.2,3.58,5.11,0.49,5.11,,,,,,,,,,,,0.52
2025-06-02,7,Ferreira do Zêzere,15.8,89.0,4.4,0.1,NW,171.4,14.22,22.0,86.91,3.44,4.91,0.45,4.91,,,,,,,,,,,,0.61
2025-06-02,8,Ferreira do Zêzere,16.8,85.0,4.3,0.01,NW,511.9,14.33,20.81,86.81,3.37,4.86,0.45,4.86,,,,,,,,,,,,0.61
2025-06-02,9,Ferreira do Zêzere,17.9,80.0,4.5,0.01,NW,926.4,13.91,20.67,87.19,3.6,5.24,0.51,5.24,,,,,,,,,,,,0.61
2025-06-02,10,Ferreira do Zêzere,19.9,73.0,4.2,0.01,N,2478.1,13.58,19.38,87.49,3.7,5.49,0.55,5.49,,,,,,,,,,,,0.61
2025-06-02,11,Ferreira do Zêzere,23.2,60.0,4.5,0.2,NW,3108.0,12.85,18.28,88.16,4.13,6.34,0.71,6.34,,,,,,,,,,,,0.8
2025-06-02,12,Ferreira do Zêzere,25.1,55.0,4.6,0.2,NW,3374.6,11.88,18.07,89.06,4.73,7.3,0.92,7.3,83.72,16.94,-11.15,83.72,17.82,2.23,15.26,2.9,0.18,2.9,12.0,0.99
2025-06-02,13,Ferreira do Zêzere,25.2,54.0,4.9,0.01,NW,3486.6,10.63,17.75,90.24,5.68,8.62,1.23,8.62,,,,,,,,,,,,0.99
2025-06-02,14,Ferreira do Zêzere,25.2,53.0,4.8,0.01,NW,3323.2,9.94,17.56,90.9,6.21,9.32,1.41,9.32,,,,,,,,,,,,0.99
2025-06-02,15,Ferreira do Zêzere,24.8,52.0,5.4,0.01,NW,3149.1,9.5,17.37,91.32,6.79,10.06,1.62,10.06,,,,,,,,,,,,0.99
2025-06-02,16,Ferreira do Zêzere,23.6,53.0,5.4,0.01,NW,2521.2,9.23,18.01,91.58,7.05,10.31,1.69,10.31,,,,,,,,,,,,0.99
2025-06-02,17,Ferreira do Zêzere,21.8,58.0,6.2,0.01,NW,1903.4,9.22,19.52,91.59,7.35,10.51,1.75,10.51,,,,,,,,,,,,0.99
2025-06-02,18,Ferreira do Zêzere,19.9,63.0,6.3,0.01,NW,1197.7,9.24,21.19,91.57,7.37,10.38,1.71,10.38,,,,,,,,,,,,0.99
2025-06-02,19,Ferreira do Zêzere,18.2,70.0,4.4,0.01,NW,375.4,9.37,23.61,91.44,6.58,9.29,1.41,9.29,,,,,,,,,,,,0.99
2025-06-02,20,Ferreira do Zêzere,17.0,75.0,4.6,0.01,NW,38.7,9.88,25.04,90.95,6.2,8.73,1.26,8.73,,,,,,,,,,,,0.99
2025-06-02,21,Ferreira do Zêzere,16.6,77.0,4.3,0.1,NW,0.39,10.41,26.94,90.45,5.68,8.06,1.09,8.06,,,,,,,,,,,,1.08
2025-06-02,22,Ferreira do Zêzere,16.4,78.0,3.8,0.01,NW,1.0,10.87,27.39,90.01,5.2,7.44,0.95,7.44,,,,,,,,,,,,1.08
2025-06-02,23,Ferreira do Zêzere,16.4,78.0,4.0,0.2,NW,2.8,11.23,30.09,89.67,5.0,7.18,0.89,7.18,,,,,,,,,,,,1.27
2025-06-03,0,Ferreira do Zêzere,16.3,79.0,5.1,0.1,NW,0.5,11.54,38.88,89.38,5.07,7.1,0.87,7.1,,,,,,,,,,,,1.36
2025-06-03,1,Ferreira do Zêzere,16.3,79.0,6.1,0.15,NW,0.1,11.9,40.2,89.04,5.08,7.12,0.88,7.12,,,,,,,,,,,,1.5
2025-06-03,2,Ferreira do Zêzere,16.2,79.0,4.7,0.1,NW,0.2,12.04,42.38,88.91,4.65,6.36,0.72,6.36,,,,,,,,,,,,1.59
2025-06-03,3,Ferreira do Zêzere,16.0,80.0,4.2,0.2,NW,4.8,12.42,46.19,88.56,4.31,5.76,0.6,5.76,,,,,,,,,,,,1.78
2025-06-03,4,Ferreira do Zêzere,15.9,80.0,4.0,0.1,NW,0.8,12.7,46.43,88.3,4.11,5.5,0.56,5.5,,,,,,,,,,,,1.78
2025-06-03,5,Ferreira do Zêzere,15.5,83.0,4.4,0.1,NW,3.1,13.15,49.8,87.89,3.95,5.2,0.5,5.2,,,,,,,,,,,,1.87
2025-06-03,6,Ferreira do Zêzere,15.8,80.0,4.4,0.1,NW,46.3,13.34,46.01,87.71,3.85,5.16,0.5,5.16,,,,,,,,,,,,1.77
2025-06-03,7,Ferreira do Zêzere,15.9,79.0,4.0,0.2,NW,169.2,13.49,47.05,87.57,3.7,4.91,0.45,4.91,,,,,,,,,,,,1.87
2025-06-03,8,Ferreira do Zêzere,16.2,76.0,3.6,0.1,NW,315.9,13.46,46.55,87.6,3.64,4.81,0.44,4.81,,,,,,,,,,,,1.96
2025-06-03,9,Ferreira do Zêzere,16.6,74.0,6.0,0.1,NW,544.9,13.47,43.97,87.59,4.11,5.4,0.54,5.4,,,,,,,,,,,,2.05
2025-06-03,10,Ferreira do Zêzere,18.0,68.0,5.6,0.2,NW,1492.5,13.24,41.73,87.8,4.15,5.44,0.54,5.44,,,,,,,,,,,,2.24
2025-06-03,11,Ferreira do Zêzere,18.9,62.0,4.6,0.47,NW,1603.6,12.43,41.16,88.55,4.39,5.71,0.59,5.71,,,,,,,,,,,,2.51
2025-06-03,12,Ferreira do Zêzere,19.4,59.0,5.5,0.1,N,1564.9,11.63,37.57,89.3,5.11,6.7,0.79,6.7,71.6,15.96,-4.25,71.6,33.08,0.87,14.75,0.65,0.01,0.65,12.0,2.41
2025-06-03,13,Ferreira do Zêzere,21.2,52.0,5.5,0.2,NW,2728.8,11.03,33.99,89.86,5.54,7.29,0.91,7.29,,,,,,,,,,,,2.6
2025-06-03,14,Ferreira do Zêzere,21.8,49.0,5.4,0.5,N,2829.9,10.23,34.9,90.62,6.15,7.8,1.03,7.8,,,,,,,,,,,,3.09
2025-06-03,15,Ferreira do Zêzere,21.7,50.0,6.6,0.23,NW,2661.5,9.82,35.45,91.01,6.91,8.51,1.2,8.51,,,,,,,,,,,,3.31
2025-06-03,16,Ferreira do Zêzere,20.9,51.0,6.9,0.2,NW,2288.5,9.72,37.54,91.11,7.11,8.58,1.22,8.58,,,,,,,,,,,,3.5
2025-06-03,17,Ferreira do Zêzere,20.6,52.0,6.5,0.22,NW,1857.7,9.57,39.77,91.25,7.11,8.47,1.19,8.47,,,,,,,,,,,,3.71
2025-06-03,18,Ferreira do Zêzere,19.8,54.0,6.1,0.24,NW,1169.4,9.6,43.38,91.22,6.94,8.13,1.11,8.13,,,,,,,,,,,,3.94
2025-06-03,19,Ferreira do Zêzere,18.7,62.0,6.4,0.33,NW,521.7,9.42,50.81,91.4,7.22,8.1,1.1,8.1,,,,,,,,,,,,4.26
2025-06-03,20,Ferreira do Zêzere,17.4,70.0,3.9,0.17,NW,96.0,9.74,63.44,91.09,6.1,6.73,0.79,6.73,,,,,,,,,,,,4.42
2025-06-03,21,Ferreira do Zêzere,15.9,79.0,2.9,0.53,NW,0.2,10.31,80.01,90.54,5.36,5.67,0.59,5.67,,,,,,,,,,,,4.85
2025-06-03,22,Ferreira do Zêzere,15.6,84.0,2.1,0.16,NW,6.2,10.95,90.64,89.94,4.72,4.89,0.45,4.89,,,,,,,,,,,,5.0
2025-06-03,23,Ferreira do Zêzere,15.6,86.0,2.8,0.18,NW,13.5,11.63,91.91,89.3,4.46,4.59,0.4,4.59,,,,,,,,,,,,4.98
2025-06-04,0,Ferreira do Zêzere,15.1,90.0,1.4,0.28,NW,18.3,12.33,124.62,88.64,3.79,2.55,0.14,2.55,,,,,,,,,,,,5.16
2025-06-04,1,Ferreira do Zêzere,13.9,93.0,0.4,0.12,SW,490.6,12.87,137.05,88.14,3.35,2.07,0.1,2.07,,,,,,,,,,,,5.13
2025-06-04,2,Ferreira do Zêzere,13.0,95.0,0.2,0.35,NE,698.1,13.46,145.67,87.6,3.07,1.66,0.07,1.66,,,,,,,,,,,,5.38
2025-06-04,3,Ferreira do Zêzere,13.4,96.0,0.3,0.5,SE,571.1,14.06,150.05,87.05,2.85,1.31,0.04,1.31,,,,,,,,,,,,5.68
2025-06-04,4,Ferreira do Zêzere,13.4,95.0,0.8,0.3,N,645.6,14.34,147.15,86.8,2.82,1.2,0.04,1.2,,,,,,,,,,,,5.88
2025-06-04,5,Ferreira do Zêzere,13.7,95.0,0.5,0.1,S,623.3,14.49,148.13,86.66,2.73,1.05,0.03,1.05,,,,,,,,,,,,5.88
2025-06-04,6,Ferreira do Zêzere,14.2,95.0,0.5,0.3,S,903.1,14.67,149.45,86.5,2.67,0.96,0.03,0.96,,,,,,,,,,,,6.08
2025-06-04,7,Ferreira do Zêzere,15.4,93.0,1.1,0.28,SE,283.7,14.66,141.1,86.51,2.75,1.09,0.03,1.09,,,,,,,,,,,,6.16
2025-06-04,8,Ferreira do Zêzere,17.3,85.0,1.0,0.6,E,858.4,14.41,122.29,86.74,2.83,1.31,0.04,1.31,,,,,,,,,,,,6.66
2025-06-04,9,Ferreira do Zêzere,19.5,77.0,0.7,0.61,S,1357.8,13.81,107.63,87.28,3.01,1.66,0.07,1.66,,,,,,,,,,,,7.17
2025-06-04,10,Ferreira do Zêzere,20.4,73.0,1.2,0.22,S,886.1,13.11,95.71,87.92,3.38,2.17,0.11,2.17,,,,,,,,,,,,7.19
2025-06-04,11,Ferreira do Zêzere,20.5,78.0,2.7,0.1,NW,1148.3,13.05,95.06,87.98,3.68,2.43,0.13,2.43,,,,,,,,,,,,6.82
2025-06-04,12,Ferreira do Zêzere,21.8,70.0,4.4,0.3,NW,2191.2,12.47,75.38,88.51,4.32,3.23,0.22,3.23,51.19,10.48,-5.7,51.19,66.3,0.24,9.01,0.13,0.0,0.13,12.0,7.02
2025-06-04,13,Ferreira do Zêzere,23.7,61.0,3.7,0.1,NW,3303.3,11.69,62.95,89.24,4.63,3.86,0.3,3.86,,,,,,,,,,,,6.92
2025-06-04,14,Ferreira do Zêzere,24.3,54.0,3.8,0.73,NW,3343.5,10.85,55.73,90.03,5.22,4.57,0.4,4.57,,,,,,,,,,,,7.15
2025-06-04,15,Ferreira do Zêzere,24.9,48.0,4.4,0.6,NW,3011.8,10.04,49.28,90.8,6.0,5.42,0.54,5.42,,,,,,,,,,,,7.52
2025-06-04,16,Ferreira do Zêzere,24.9,48.0,4.5,1.1,NW,2398.4,9.56,50.28,91.26,6.44,5.61,0.58,5.61,,,,,,,,,,,,8.42
2025-06-04,17,Ferreira do Zêzere,24.3,47.0,4.8,0.5,NW,1979.1,9.27,50.64,91.54,6.8,5.83,0.62,5.83,,,,,,,,,,,,8.7
2025-06-04,18,Ferreira do Zêzere,22.4,52.0,4.8,0.33,NW,1209.5,9.24,58.71,91.57,6.83,5.45,0.55,5.45,,,,,,,,,,,,8.79
2025-06-04,19,Ferreira do Zêzere,20.7,58.0,4.8,0.4,NW,521.3,9.25,67.82,91.56,6.82,4.97,0.46,4.97,,,,,,,,,,,,8.86
2025-06-04,20,Ferreira do Zêzere,18.9,66.0,3.7,0.1,NW,137.5,9.46,83.16,91.36,6.27,3.97,0.31,3.97,,,,,,,,,,,,8.79
2025-06-04,21,Ferreira do Zêzere,17.2,74.0,3.8,0.2,NW,0.8,9.97,96.6,90.87,5.88,3.23,0.22,3.23,,,,,,,,,,,,8.46
2025-06-04,22,Ferreira do Zêzere,16.4,80.0,2.5,0.01,N,4.6,10.5,112.75,90.36,5.12,2.35,0.12,2.35,,,,,,,,,,,,8.31
2025-06-04,23,Ferreira do Zêzere,15.8,83.0,3.0,0.1,N,4.7,10.91,117.83,89.97,4.97,2.01,0.09,2.01,,,,,,,,,,,,8.23
2025-06-05,0,Ferreira do Zêzere,15.0,87.0,3.0,0.6,N,2.0,11.2,123.05,89.7,4.78,18.27,4.66,18.27,,,,,,,,,,,,8.55
2025-06-05,1,Ferreira do Zêzere,14.5,88.0,1.7,0.01,N,3.8,11.24,130.37,89.66,4.45,16.2,3.76,16.2,,,,,,,,,,,,8.44
2025-06-05,2,Ferreira do Zêzere,13.4,91.0,0.6,0.2,SW,247.5,11.19,143.6,89.71,4.24,10.6,1.78,10.6,,,,,,,,,,,,8.29
2025-06-05,3,Ferreira do Zêzere,12.3,95.0,0.7,0.2,NW,823.4,11.24,152.64,89.66,4.23,9.97,1.59,9.97,,,,,,,,,,,,7.99
2025-06-05,4,Ferreira do Zêzere,11.5,96.0,0.9,0.2,N,498.4,11.19,154.67,89.71,4.3,9.59,1.49,9.59,,,,,,,,,,,,7.89
2025-06-05,5,Ferreira do Zêzere,12.0,95.0,2.2,0.1,N,444.1,11.27,148.46,89.63,4.55,11.85,2.16,11.85,,,,,,,,,,,,7.89
2025-06-05,9,Ferreira do Zêzere,19.1,70.0,3.8,0.32,NW,2016.2,11.52,79.09,89.4,4.76,2.34,0.12,2.34,,,,,,,,,,,,7.23
2025-06-05,10,Ferreira do Zêzere,21.2,61.0,2.3,0.1,NW,2636.4,11.06,69.47,89.83,4.7,3.05,0.2,3.05,,,,,,,,,,,,7.11
2025-06-05,11,Ferreira do Zêzere,23.3,55.0,2.8,0.43,NW,3112.7,10.53,58.92,90.33,5.18,3.75,0.28,3.75,,,,,,,,,,,,7.44
2025-06-05,12,Ferreira do Zêzere,25.1,50.0,3.8,0.25,NW,3427.1,10.2,48.85,90.65,5.7,4.55,0.4,4.55,59.53,8.79,-7.11,59.53,51.35,0.48,6.95,0.24,0.0,0.24,12.0,7.39
2025-06-05,13,Ferreira do Zêzere,26.3,48.0,4.8,1.35,NW,3574.2,9.6,44.8,91.22,6.5,5.03,0.47,5.03,,,,,,,,,,,,8.64
2025-06-05,14,Ferreira do Zêzere,26.6,51.0,4.4,0.8,NW,3439.5,9.26,47.06,91.55,6.68,5.02,0.47,5.02,,,,,,,,,,,,8.71
2025-06-05,20,Ferreira do Zêzere,20.2,73.0,3.6,0.01,NW,104.7,9.43,75.63,91.39,6.27,4.32,0.36,4.32,,,,,,,,,,,,5.69
2025-06-05,21,Ferreira do Zêzere,18.9,78.0,4.1,0.01,NW,1.5,9.89,82.56,90.94,6.03,3.96,0.31,3.96,,,,,,,,,,,,5.5
2025-06-05,22,Ferreira do Zêzere,17.8,83.0,3.7,0.01,NW,5.3,10.42,93.71,90.44,5.5,3.3,0.23,3.3,,,,,,,,,,,,5.5
2025-06-05,23,Ferreira do Zêzere,17.4,86.0,4.4,0.2,NW,2.68,10.98,99.3,89.91,5.28,2.93,0.18,2.93,,,,,,,,,,,,5.6
2025-06-06,0,Ferreira do Zêzere,16.9,85.0,3.8,0.2,N,2.67,11.57,95.0,89.35,4.73,1.62,0.06,1.62,,,,,,,,,,,,5.2
2025-06-06,8,Ferreira do Zêzere,19.0,70.0,6.6,0.2,NW,1343.8,13.56,69.8,87.51,4.18,0.98,0.03,0.98,,,,,,,,,,,,6.5
2025-06-06,9,Ferreira do Zêzere,20.8,61.0,5.1,0.13,NW,2024.2,13.04,60.02,87.99,4.15,2.25,0.11,2.25,,,,,,,,,,,,6.31
2025-06-06,10,Ferreira do Zêzere,22.5,56.0,4.8,0.95,NW,2650.8,12.45,55.3,88.53,4.42,2.46,0.13,2.46,,,,,,,,,,,,7.16
2025-06-06,11,Ferreira do Zêzere,23.7,54.0,5.0,0.38,NW,3105.3,11.73,50.95,89.2,4.92,3.15,0.21,3.15,,,,,,,,,,,,7.11
2025-06-06,12,Ferreira do Zêzere,24.8,50.0,4.6,0.4,NW,3393.6,10.97,47.03,89.92,5.34,3.74,0.28,3.74,61.79,7.78,-8.34,61.79,47.65,0.57,5.44,0.26,0.0,0.26,12.0,7.26
2025-06-06,13,Ferreira do Zêzere,26.1,46.0,4.8,0.2,NW,3523.5,9.95,39.82,90.89,6.2,5.09,0.48,5.09,,,,,,,,,,,,6.11
2025-06-06,14,Ferreira do Zêzere,24.25,54.31,3.64,0.23,W,3274.7,9.38,49.16,91.43,6.32,4.88,0.45,4.88,,,,,,,,,,,,5.54
2025-06-06,15,Ferreira do Zêzere,24.39,55.19,3.9,3.2,W,2921.77,8.96,55.37,91.84,6.78,2.96,0.19,2.96,,,,,,,,,,,,8.74
2025-06-06,16,Ferreira do Zêzere,24.48,55.63,3.8,0.15,W,2578.29,8.64,55.99,92.15,7.05,2.72,0.16,2.72,,,,,,,,,,,,8.89
2025-06-06,17,Ferreira do Zêzere,26.5,50.0,5.6,0.25,NW,2102.0,8.42,44.34,92.37,7.96,4.67,0.42,4.67,,,,,,,,,,,,9.14
2025-06-06,20,Ferreira do Zêzere,21.1,66.0,3.5,0.3,NW,88.3,8.43,76.58,92.36,7.15,12.39,2.34,12.39,,,,,,,,,,,,10.33
2025-06-06,21,Ferreira do Zêzere,19.2,75.0,3.3,0.65,NW,0.6,9.03,94.85,91.77,6.52,7.26,0.91,7.26,,,,,,,,,,,,10.97
2025-06-06,22,Ferreira do Zêzere,18.1,80.0,3.2,0.8,NW,13.8,9.75,107.93,91.08,5.88,5.8,0.61,5.8,,,,,,,,,,,,11.76
2025-06-06,23,Ferreira do Zêzere,17.5,84.0,3.2,0.42,NW,12.3,10.49,118.34,90.37,5.31,4.99,0.47,4.99,,,,,,,,,,,,11.98
2025-06-07,0,Ferreira do Zêzere,17.4,85.0,3.0,1.8,NW,7.8,11.13,123.19,89.77,4.82,3.88,0.3,3.88,,,,,,,,,,,,13.58
2025-06-07,1,Ferreira do Zêzere,17.1,87.0,3.5,0.68,N,0.1,11.67,127.24,89.26,4.6,3.64,0.27,3.64,,,,,,,,,,,,13.46
2025-06-07,2,Ferreira do Zêzere,16.8,88.0,2.8,0.58,NW,0.1,12.19,133.18,88.77,4.14,3.19,0.21,3.19,,,,,,,,,,,,13.54
2025-06-07,3,Ferreira do Zêzere,16.2,89.0,1.0,0.48,N,10.69,12.79,145.29,88.22,3.49,2.53,0.14,2.53,,,,,,,,,,,,13.62
2025-06-07,4,Ferreira do Zêzere,15.7,90.0,2.9,0.1,NW,12.64,13.34,140.39,87.71,3.57,2.6,0.15,2.6,,,,,,,,,,,,13.38
2025-06-07,5,Ferreira do Zêzere,15.2,91.0,5.1,0.3,NW,0.1,13.9,138.71,87.2,3.71,2.71,0.16,2.71,,,,,,,,,,,,13.3
2025-06-07,6,Ferreira do Zêzere,15.0,91.0,2.9,0.1,N,124.0,14.44,144.47,86.71,3.1,2.09,0.1,2.09,,,,,,,,,,,,13.3
2025-06-07,7,Ferreira do Zêzere,16.2,85.0,4.0,0.1,N,666.5,14.55,121.6,86.61,3.23,2.34,0.12,2.34,,,,,,,,,,,,13.3
2025-06-07,8,Ferreira do Zêzere,18.0,75.0,4.4,0.55,NW,1380.0,14.35,96.77,86.79,3.38,2.7,0.16,2.7,,,,,,,,,,,,13.65
2025-06-07,9,Ferreira do Zêzere,20.2,63.0,4.0,0.42,N,2073.5,13.61,77.2,87.46,3.65,3.28,0.22,3.28,,,,,,,,,,,,13.94
2025-06-07,10,Ferreira do Zêzere,22.3,51.0,3.8,0.01,N,2713.4,12.46,60.81,88.52,4.2,4.35,0.37,4.35,,,,,,,,,,,,13.0
2025-06-07,11,Ferreira do Zêzere,24.0,42.0,4.1,0.5,NW,3209.5,11.41,49.87,89.5,4.91,5.57,0.57,5.57,,,,,,,,,,,,13.12
2025-06-07,12,Ferreira do Zêzere,25.4,41.0,5.4,0.57,NW,3504.2,10.63,43.85,90.24,5.82,6.74,0.8,6.74,63.93,7.45,-18.75,63.93,44.28,0.66,317.16,4.73,0.43,4.73,12.0,13.29
2025-06-07,13,Ferreira do Zêzere,26.7,39.0,5.0,0.4,NW,3622.3,9.6,40.71,91.22,6.57,7.78,1.03,7.78,,,,,,,,,,,,13.49
2025-06-07,14,Ferreira do Zêzere,27.4,36.0,4.6,0.33,NW,3542.3,9.0,38.32,91.8,6.99,8.5,1.2,8.5,,,,,,,,,,,,13.59
2025-06-07,15,Ferreira do Zêzere,27.4,41.0,5.6,0.58,NW,3250.2,8.46,38.13,92.33,7.92,10.13,1.64,10.13,,,,,,,,,,,,10.97
2025-06-07,16,Ferreira do Zêzere,26.7,44.0,7.0,0.67,NW,2768.7,8.24,39.57,92.54,8.76,10.22,1.67,10.22,,,,,,,,,,,,11.49
2025-06-07,17,Ferreira do Zêzere,25.9,47.0,6.2,0.75,NW,2132.8,8.14,44.46,92.64,8.53,9.45,1.45,9.45,,,,,,,,,,,,11.99
2025-06-07,18,Ferreira do Zêzere,24.5,51.0,5.7,0.15,NW,1423.5,8.07,50.59,92.71,8.39,8.99,1.33,8.99,,,,,,,,,,,,11.44
2025-06-07,19,Ferreira do Zêzere,22.5,56.0,6.1,0.1,NW,658.0,7.967,57.99,92.81,8.69,8.74,1.26,8.74,,,,,,,,,,,,11.34
2025-06-07,20,Ferreira do Zêzere,20.4,62.0,5.8,0.1,NW,94.0,8.01,68.42,92.77,8.51,8.12,1.11,8.12,,,,,,,,,,,,11.14
2025-06-07,21,Ferreira do Zêzere,18.7,69.0,5.1,0.12,N,0.8,8.36,80.68,92.42,7.83,7.2,0.89,7.2,,,,,,,,,,,,10.61
2025-06-07,22,Ferreira do Zêzere,17.5,74.0,5.7,0.23,NW,5.4,8.74,87.45,92.05,7.66,6.87,0.82,6.87,,,,,,,,,,,,10.04
2025-06-07,23,Ferreira do Zêzere,16.7,76.0,5.3,0.48,N,4.4,9.15,93.18,91.66,7.09,6.28,0.7,6.28,,,,,,,,,,,,10.1
2025-06-08,0,Ferreira do Zêzere,16.1,80.0,3.4,0.54,N,5.0,9.54,100.16,91.28,6.11,5.5,0.56,5.5,,,,,,,,,,,,8.84
2025-06-08,1,Ferreira do Zêzere,15.5,84.0,3.4,0.5,N,2.83,9.94,108.08,90.9,5.78,5.1,0.49,5.1,,,,,,,,,,,,8.66
2025-06-08,2,Ferreira do Zêzere,15.0,87.0,2.7,0.47,NW,0.1,10.21,117.01,90.64,5.38,4.67,0.42,4.67,,,,,,,,,,,,8.55
2025-06-08,3,Ferreira do Zêzere,14.6,88.0,2.4,0.85,N,4.9,10.65,122.24,90.22,4.99,4.25,0.35,4.25,,,,,,,,,,,,8.92
2025-06-08,4,Ferreira do Zêzere,14.2,91.0,2.9,0.45,NW,4.5,11.05,130.5,89.84,4.85,4.02,0.32,4.02,,,,,,,,,,,,9.27
2025-06-08,5,Ferreira do Zêzere,13.9,93.0,2.1,0.5,N,2.2,11.54,139.58,89.38,4.36,3.51,0.25,3.51,,,,,,,,,,,,9.47
2025-06-08,6,Ferreira do Zêzere,13.9,93.0,2.8,0.7,N,128.8,12.08,140.09,88.88,4.2,3.33,0.23,3.33,,,,,,,,,,,,10.07
2025-06-08,7,Ferreira do Zêzere,15.2,88.0,2.8,0.33,N,603.5,12.29,124.75,88.68,4.09,3.31,0.23,3.31,,,,,,,,,,,,10.3
2025-06-08,8,Ferreira do Zêzere,17.7,79.0,3.2,0.2,NW,1294.0,12.13,99.12,88.83,4.26,3.74,0.28,3.74,,,,,,,,,,,,9.95
2025-06-08,9,Ferreira do Zêzere,20.9,67.0,3.5,0.25,NW,1976.4,11.79,74.43,89.15,4.53,4.46,0.38,4.46,,,,,,,,,,,,9.78
2025-06-08,10,Ferreira do Zêzere,24.4,57.0,2.7,0.01,N,2610.3,11.24,59.41,89.66,4.68,5.21,0.5,5.21,,,,,,,,,,,,9.78
2025-06-08,11,Ferreira do Zêzere,27.4,50.0,3.6,0.1,NW,3099.4,10.4,44.96,90.46,5.49,7.0,0.85,7.0,,,,,,,,,,,,9.38
2025-06-08,12,Ferreira do Zêzere,29.4,44.0,4.0,0.01,N,3382.4,9.56,36.12,91.26,6.28,9.88,1.57,9.88,68.81,7.92,-21.26,68.81,36.99,0.74,34.25,0.95,0.02,0.95,12.0,8.82
2025-06-08,13,Ferreira do Zêzere,31.4,40.0,3.6,0.01,NW,3479.8,8.42,30.84,92.37,7.2,22.01,6.47,22.01,,,,,,,,,,,,8.43
2025-06-08,20,Ferreira do Zêzere,26.0,54.0,4.3,0.1,N,214.9,7.057,43.89,93.71,9.0,14.9,3.24,14.9,,,,,,,,,,,,6.1
2025-06-08,21,Ferreira do Zêzere,23.7,62.0,3.0,0.8,NW,3.3,7.323,58.71,93.44,8.12,9.5,1.46,9.5,,,,,,,,,,,,6.78
2025-06-08,22,Ferreira do Zêzere,21.8,67.0,1.9,0.01,N,1.87,7.617,70.0,93.15,7.38,8.16,1.12,8.16,,,,,,,,,,,,6.56
2025-06-08,23,Ferreira do Zêzere,20.8,69.0,3.2,0.1,N,2.27,7.818,68.42,92.96,7.66,8.36,1.17,8.36,,,,,,,,,,,,6.18
2025-06-09,0,Ferreira do Zêzere,19.4,74.0,2.9,0.01,N,3.6,8.03,67.49,92.75,7.33,3.97,0.31,3.97,,,,,,,,,,,,5.65
2025-06-09,1,Ferreira do Zêzere,18.6,77.0,2.5,0.01,N,3.5,8.18,70.07,92.6,7.04,4.18,0.34,4.18,,,,,,,,,,,,5.16
2025-06-09,2,Ferreira do Zêzere,18.3,78.0,2.5,0.35,N,0.1,8.27,70.81,92.51,6.95,4.17,0.34,4.17,,,,,,,,,,,,5.04
2025-06-09,3,Ferreira do Zêzere,18.1,80.0,2.3,0.43,---,0.2,8.27,70.82,92.51,6.88,4.53,0.39,4.53,,,,,,,,,,,,4.62
2025-06-09,4,Ferreira do Zêzere,17.9,81.0,1.7,0.15,N,4.1,8.22,71.26,92.56,6.72,4.68,0.42,4.68,,,,,,,,,,,,4.32
2025-06-09,5,Ferreira do Zêzere,17.6,83.0,0.7,0.13,NE,0.7,8.13,73.52,92.65,6.47,4.75,0.43,4.75,,,,,,,,,,,,3.95
2025-06-09,6,Ferreira do Zêzere,16.9,86.0,0.9,0.1,---,84.7,8.13,69.29,92.65,6.54,5.18,0.5,5.18,,,,,,,,,,,,3.35
2025-06-09,7,Ferreira do Zêzere,19.3,78.0,0.7,0.01,S,527.4,8.15,56.58,92.63,6.45,5.71,0.59,5.71,,,,,,,,,,,,3.03
2025-06-09,8,Ferreira do Zêzere,22.5,68.0,0.4,0.01,NW,1133.3,8.07,45.9,92.71,6.43,6.23,0.69,6.23,,,,,,,,,,,,2.84
2025-06-09,9,Ferreira do Zêzere,26.6,57.0,1.3,0.2,SE,1820.7,8.07,32.96,92.71,6.73,7.13,0.88,7.13,,,,,,,,,,,,2.79
2025-06-09,10,Ferreira do Zêzere,30.2,38.0,3.4,0.3,E,1729.1,7.772,20.67,93.0,7.79,8.72,1.26,8.72,,,,,,,,,,,,3.08
2025-06-09,11,Ferreira do Zêzere,30.9,38.0,2.2,0.15,SE,2006.3,7.737,21.35,93.04,7.37,8.33,1.16,8.33,,,,,,,,,,,,3.13
2025-06-09,12,Ferreira do Zêzere,33.2,32.0,5.2,0.01,SE,2717.3,7.668,15.17,93.1,8.65,9.95,1.59,9.95,84.56,11.28,-14.35,84.56,16.85,2.58,8.36,2.23,0.11,2.23,12.0,3.13
2025-06-09,13,Ferreira do Zêzere,34.2,30.0,5.5,0.01,SE,2847.1,7.144,13.68,93.62,9.44,10.86,1.85,10.86,,,,,,,,,,,,3.13
2025-06-09,14,Ferreira do Zêzere,33.7,33.0,4.1,0.1,S,2718.5,7.009,15.86,93.76,8.96,10.21,1.66,10.21,,,,,,,,,,,,3.22
2025-06-09,15,Ferreira do Zêzere,33.9,34.0,3.5,1.1,S,2665.2,6.911,18.42,93.85,8.82,9.64,1.5,9.64,,,,,,,,,,,,4.31
2025-06-09,16,Ferreira do Zêzere,33.9,35.0,3.8,0.7,SE,2152.6,7.02,19.51,93.74,8.82,9.39,1.43,9.39,,,,,,,,,,,,5.0
2025-06-09,17,Ferreira do Zêzere,34.0,37.0,4.2,0.01,SE,1983.4,6.911,19.77,93.85,9.13,9.59,1.49,9.59,,,,,,,,,,,,5.0
2025-06-09,18,Ferreira do Zêzere,33.3,39.0,2.9,0.01,SE,1274.1,6.92,22.34,93.84,8.54,8.98,1.32,8.98,,,,,,,,,,,,4.81
2025-06-09,19,Ferreira do Zêzere,32.5,41.0,2.6,0.01,E,579.3,6.905,24.48,93.86,8.43,8.73,1.26,8.73,,,,,,,,,,,,4.81
2025-06-09,20,Ferreira do Zêzere,29.4,49.0,1.9,0.1,S,105.6,6.874,33.4,93.89,8.17,7.92,1.06,7.92,,,,,,,,,,,,4.81
2025-06-09,21,Ferreira do Zêzere,25.9,59.0,1.0,0.3,W,0.7,7.09,44.62,93.68,7.58,6.96,0.84,6.96,,,,,,,,,,,,4.31
2025-06-09,22,Ferreira do Zêzere,23.6,69.0,1.1,0.6,S,0.6,7.362,58.26,93.41,7.34,5.82,0.62,5.82,,,,,,,,,,,,4.9
2025-06-09,23,Ferreira do Zêzere,21.9,77.0,1.5,0.38,S,0.21,7.746,68.94,93.03,7.1,4.75,0.43,4.75,,,,,,,,,,,,5.18
2025-06-10,1,Ferreira do Zêzere,19.9,86.0,0.6,0.1,SW,0.8,8.76,104.77,92.04,5.9,11.91,2.18,11.91,,,,,,,,,,,,5.98
2025-06-10,2,Ferreira do Zêzere,18.6,91.0,0.7,0.5,S,15.2,9.45,117.23,91.37,5.4,7.76,1.02,7.76,,,,,,,,,,,,6.13
2025-06-10,3,Ferreira do Zêzere,17.9,94.0,2.8,0.97,S,289.2,10.17,123.43,90.68,5.44,6.47,0.74,6.47,,,,,,,,,,,,6.67
2025-06-10,4,Ferreira do Zêzere,18.7,94.0,1.8,0.1,SE,5.3,11.11,124.72,89.79,4.55,5.57,0.57,5.57,,,,,,,,,,,,6.62
2025-06-10,5,Ferreira do Zêzere,18.5,95.0,1.4,0.21,W,5.6,11.86,129.66,89.08,4.03,4.78,0.43,4.78,,,,,,,,,,,,6.7
2025-06-10,6,Ferreira do Zêzere,18.6,94.0,1.4,0.2,S,50.8,12.34,127.12,88.63,3.78,4.47,0.38,4.47,,,,,,,,,,,,6.8
2025-06-10,7,Ferreira do Zêzere,18.7,93.0,1.4,0.1,NE,166.0,12.73,124.61,88.27,3.59,4.24,0.35,4.24,,,,,,,,,,,,6.89
2025-06-10,8,Ferreira do Zêzere,19.4,91.0,1.3,0.18,SW,447.6,12.59,119.67,88.4,3.64,4.37,0.37,4.37,,,,,,,,,,,,7.06
2025-06-10,9,Ferreira do Zêzere,22.3,79.0,3.0,0.28,S,1462.2,12.3,83.02,88.67,4.12,7.29,0.92,7.29,,,,,,,,,,,,7.14
2025-06-10,10,Ferreira do Zêzere,24.1,71.0,1.6,0.6,SE,2053.3,11.73,74.4,89.2,4.15,15.34,3.42,15.34,,,,,,,,,,,,7.44
2025-06-10,13,Ferreira do Zêzere,30.0,49.0,2.3,0.2,S,3149.3,9.98,40.76,90.86,5.44,2.77,0.17,2.77,,,,,,,,,,,,7.97
2025-06-10,14,Ferreira do Zêzere,30.9,50.0,1.6,0.1,SW,2749.7,9.14,41.86,91.67,5.89,3.27,0.22,3.27,,,,,,,,,,,,7.97
2025-06-10,15,Ferreira do Zêzere,30.1,54.0,2.9,0.54,SW,2466.0,8.88,41.75,91.92,6.52,3.53,0.25,3.53,,,,,,,,,,,,7.41
2025-06-10,16,Ferreira do Zêzere,30.2,52.0,2.3,0.1,SW,2375.2,8.66,40.73,92.13,6.52,4.5,0.39,4.5,,,,,,,,,,,,6.81
2025-06-10,17,Ferreira do Zêzere,30.1,53.0,1.9,0.32,W,1677.3,8.61,43.27,92.18,6.44,4.01,0.32,4.01,,,,,,,,,,,,7.12
2025-06-10,18,Ferreira do Zêzere,28.6,56.0,3.5,0.1,NW,1017.4,8.55,44.27,92.24,7.03,3.07,0.2,3.07,,,,,,,,,,,,7.21
2025-06-10,20,Ferreira do Zêzere,21.6,67.0,2.9,0.28,NW,108.6,8.77,70.02,92.03,6.62,14.28,3.01,14.28,,,,,,,,,,,,7.58
2025-06-10,21,Ferreira do Zêzere,20.1,69.0,2.8,0.1,NW,0.9,9.14,74.87,91.67,6.26,11.42,2.03,11.42,,,,,,,,,,,,7.38
2025-06-10,23,Ferreira do Zêzere,17.6,80.0,0.8,0.1,S,0.1,9.9,99.03,90.94,5.1,8.11,1.11,8.11,,,,,,,,,,,,6.5
2025-06-11,0,Ferreira do Zêzere,16.7,84.0,0.6,0.59,NW,0.1,10.49,117.28,90.37,4.66,4.28,0.36,4.28,,,,,,,,,,,,6.37
2025-06-11,1,Ferreira do Zêzere,16.3,86.0,0.8,0.1,SE,0.01,10.87,120.34,90.01,4.47,4.02,0.32,4.02,,,,,,,,,,,,6.37
2025-06-11,2,Ferreira do Zêzere,15.1,91.0,1.3,0.1,SE,1.1,11.41,127.87,89.5,4.26,3.73,0.28,3.73,,,,,,,,,,,,5.97
2025-06-11,3,Ferreira do Zêzere,16.4,89.0,0.8,0.1,SE,7.5,11.95,117.4,89.0,3.87,3.6,0.26,3.6,,,,,,,,,,,,5.1
2025-06-11,4,Ferreira do Zêzere,16.3,92.0,1.7,0.13,SE,0.8,12.48,121.3,88.5,3.77,3.4,0.24,3.4,,,,,,,,,,,,5.13
2025-06-11,5,Ferreira do Zêzere,17.0,90.0,1.3,0.44,SE,0.2,12.9,118.91,88.12,3.49,3.12,0.2,3.12,,,,,,,,,,,,5.36
2025-06-11,6,Ferreira do Zêzere,17.4,88.0,2.2,1.1,S,31.7,13.24,116.34,87.8,3.5,3.01,0.19,3.01,,,,,,,,,,,,6.26
2025-06-11,7,Ferreira do Zêzere,18.0,85.0,3.0,2.6,SE,234.9,13.47,116.07,87.59,3.53,2.87,0.18,2.87,,,,,,,,,,,,8.76
2025-06-11,8,Ferreira do Zêzere,18.7,83.0,2.8,0.82,SE,425.8,13.53,112.69,87.54,3.47,2.81,0.17,2.81,,,,,,,,,,,,9.4
2025-06-11,9,Ferreira do Zêzere,19.9,77.0,3.7,0.55,S,1170.7,13.56,95.53,87.51,3.61,3.12,0.2,3.12,,,,,,,,,,,,9.67
2025-06-11,10,Ferreira do Zêzere,21.2,68.0,3.9,0.4,S,1524.1,13.24,78.29,87.8,3.81,3.62,0.26,3.62,,,,,,,,,,,,9.47
2025-06-11,11,Ferreira do Zêzere,23.1,59.0,2.9,0.2,SW,2156.9,12.49,67.23,88.5,4.0,4.21,0.35,4.21,,,,,,,,,,,,9.52
2025-06-11,12,Ferreira do Zêzere,24.0,55.0,3.5,0.4,SW,2488.1,11.81,59.78,89.13,4.51,5.02,0.47,5.02,56.77,7.4,-20.25,56.77,56.07,0.39,28.13,0.44,0.01,0.44,12.0,9.57
2025-06-11,13,Ferreira do Zêzere,24.6,51.0,2.9,0.01,SW,2411.0,11.07,56.56,89.82,4.84,5.68,0.59,5.68,,,,,,,,,,,,9.38
2025-06-11,14,Ferreira do Zêzere,25.3,47.0,4.7,0.2,S,2392.9,10.5,47.98,90.36,5.72,7.0,0.85,7.0,,,,,,,,,,,,9.48
2025-06-11,15,Ferreira do Zêzere,25.4,46.0,2.3,0.4,SW,1928.6,10.05,52.73,90.79,5.39,6.77,0.8,6.77,,,,,,,,,,,,9.34
2025-06-11,16,Ferreira do Zêzere,24.6,49.0,2.8,0.28,SW,1239.3,9.65,55.46,91.18,5.84,6.87,0.82,6.87,,,,,,,,,,,,9.52
2025-06-11,17,Ferreira do Zêzere,24.9,49.0,3.2,1.5,S,1525.4,9.37,54.89,91.44,6.19,6.98,0.85,6.98,,,,,,,,,,,,10.7
2025-06-11,18,Ferreira do Zêzere,23.8,53.0,2.6,0.5,SW,772.0,9.41,62.95,91.41,5.97,6.38,0.72,6.38,,,,,,,,,,,,11.1
2025-06-11,19,Ferreira do Zêzere,23.6,56.0,2.4,0.4,SW,669.3,9.39,67.11,91.43,5.93,6.17,0.68,6.17,,,,,,,,,,,,11.3
2025-06-11,20,Ferreira do Zêzere,21.5,59.0,2.5,0.43,SW,117.3,9.6,74.96,91.22,5.79,5.75,0.6,5.75,,,,,,,,,,,,11.45
2025-06-11,21,Ferreira do Zêzere,19.4,70.0,1.1,0.2,SW,1.3,9.77,100.96,91.06,5.27,4.79,0.44,4.79,,,,,,,,,,,,11.55
2025-06-11,22,Ferreira do Zêzere,17.8,79.0,1.4,0.74,W,5.35,10.15,119.08,90.7,5.08,4.29,0.36,4.29,,,,,,,,,,,,12.29
2025-06-11,23,Ferreira do Zêzere,16.7,83.0,0.9,0.2,E,8.94,10.59,133.3,90.28,4.67,3.78,0.29,3.78,,,,,,,,,,,,12.39
2025-06-12,0,Ferreira do Zêzere,14.9,90.0,0.7,0.3,E,1.0,11.13,160.35,89.77,4.3,2.95,0.18,2.95,,,,,,,,,,,,12.1
2025-06-12,1,Ferreira do Zêzere,13.7,94.0,0.3,0.4,E,539.9,11.71,177.23,89.22,3.89,2.51,0.14,2.51,,,,,,,,,,,,12.4
2025-06-12,2,Ferreira do Zêzere,13.4,95.0,0.9,0.2,E,578.2,12.51,177.65,88.48,3.61,2.23,0.11,2.23,,,,,,,,,,,,12.5
2025-06-12,3,Ferreira do Zêzere,13.7,95.0,0.7,0.2,NE,482.3,13.28,178.55,87.77,3.22,1.87,0.08,1.87,,,,,,,,,,,,12.6
2025-06-12,4,Ferreira do Zêzere,15.0,94.0,0.3,0.1,W,729.0,13.84,176.71,87.25,2.94,1.6,0.06,1.6,,,,,,,,,,,,12.57
2025-06-12,5,Ferreira do Zêzere,14.2,95.0,0.6,0.25,E,639.5,14.38,178.14,86.76,2.78,1.4,0.05,1.4,,,,,,,,,,,,12.38
2025-06-12,6,Ferreira do Zêzere,15.0,96.0,0.3,0.1,S,738.4,14.75,179.94,86.43,2.61,1.19,0.04,1.19,,,,,,,,,,,,11.38
2025-06-12,7,Ferreira do Zêzere,16.0,96.0,1.4,0.3,S,262.1,14.91,166.98,86.29,2.71,1.4,0.05,1.4,,,,,,,,,,,,9.08
2025-06-12,8,Ferreira do Zêzere,17.3,90.0,1.5,0.1,SW,658.9,14.54,141.15,86.62,2.85,1.71,0.07,1.71,,,,,,,,,,,,8.36
2025-06-12,9,Ferreira do Zêzere,19.3,77.0,1.2,0.48,S,1127.8,14.03,108.8,87.08,3.0,2.16,0.11,2.16,,,,,,,,,,,,8.29
2025-06-12,10,Ferreira do Zêzere,20.5,71.0,1.8,0.58,S,1503.5,13.19,93.37,87.85,3.45,2.79,0.17,2.79,,,,,,,,,,,,8.47
2025-06-12,11,Ferreira do Zêzere,22.3,64.0,2.3,0.74,S,1854.6,12.27,78.68,88.7,3.99,3.57,0.26,3.57,,,,,,,,,,,,9.01
2025-06-12,12,Ferreira do Zêzere,23.4,59.0,2.1,0.1,SW,2204.6,11.82,70.81,89.12,4.2,4.0,0.32,4.0,50.26,6.05,-23.63,50.26,68.12,0.19,10.28,0.12,0.0,0.12,12.0,8.71
2025-06-12,13,Ferreira do Zêzere,24.1,57.0,1.5,0.48,SW,1784.8,11.31,70.57,89.6,4.36,4.24,0.35,4.24,,,,,,,,,,,,9.18
2025-06-12,14,Ferreira do Zêzere,25.2,54.0,2.1,0.1,SW,2275.3,10.94,62.21,89.95,4.73,4.8,0.44,4.8,,,,,,,,,,,,9.08
2025-06-12,15,Ferreira do Zêzere,26.3,51.0,1.9,0.71,SW,2087.5,10.39,58.12,90.47,5.04,5.3,0.52,5.3,,,,,,,,,,,,9.39
2025-06-12,16,Ferreira do Zêzere,27.4,47.0,2.2,0.57,SW,2611.5,10.06,51.51,90.78,5.36,5.86,0.62,5.86,,,,,,,,,,,,9.68
2025-06-12,17,Ferreira do Zêzere,27.1,47.0,1.9,0.7,SW,1607.9,9.64,52.4,91.18,5.59,6.2,0.69,6.2,,,,,,,,,,,,8.88
2025-06-12,18,Ferreira do Zêzere,25.5,53.0,1.2,0.84,SW,529.2,9.63,64.88,91.19,5.4,5.54,0.56,5.54,,,,,,,,,,,,9.22
2025-06-12,19,Ferreira do Zêzere,24.9,56.0,2.5,1.14,NW,300.6,9.47,64.43,91.35,5.89,5.78,0.61,5.78,,,,,,,,,,,,9.96
2025-06-12,20,Ferreira do Zêzere,22.9,69.0,3.3,0.91,NW,133.6,9.93,82.08,90.91,5.76,5.04,0.48,5.04,,,,,,,,,,,,10.44
2025-06-12,21,Ferreira do Zêzere,21.0,73.0,2.8,0.92,NW,2.1,10.52,95.84,90.34,5.19,4.3,0.36,4.3,,,,,,,,,,,,11.16
2025-06-12,22,Ferreira do Zêzere,19.9,77.0,2.0,0.17,N,2.6,11.04,108.37,89.85,4.64,3.69,0.27,3.69,,,,,,,,,,,,10.59
2025-06-12,23,Ferreira do Zêzere,18.2,85.0,1.2,0.28,NW,21.8,11.56,134.7,89.36,4.16,3.02,0.19,3.02,,,,,,,,,,,,10.67
2025-06-13,0,Ferreira do Zêzere,16.8,91.0,0.3,0.38,NW,110.2,12.11,155.85,88.85,3.69,2.4,0.13,2.4,,,,,,,,,,,,10.75
2025-06-13,1,Ferreira do Zêzere,15.8,94.0,0.5,0.58,SE,905.9,12.88,164.57,88.13,3.36,2.03,0.09,2.03,,,,,,,,,,,,10.93
2025-06-13,2,Ferreira do Zêzere,16.5,94.0,0.6,0.69,E,292.2,13.63,164.9,87.45,3.06,1.72,0.07,1.72,,,,,,,,,,,,11.42
2025-06-13,3,Ferreira do Zêzere,17.5,90.0,0.3,0.1,N,0.7,14.21,153.96,86.92,2.8,1.51,0.06,1.51,,,,,,,,,,,,11.32
2025-06-13,4,Ferreira do Zêzere,17.5,91.0,0.5,0.1,SE,1.4,14.62,154.85,86.55,2.68,1.35,0.05,1.35,,,,,,,,,,,,11.32
2025-06-13,5,Ferreira do Zêzere,17.7,91.0,0.4,0.1,SE,2.1,14.79,155.13,86.39,2.61,1.27,0.04,1.27,,,,,,,,,,,,11.17
2025-06-13,6,Ferreira do Zêzere,18.1,91.0,0.9,0.21,NW,208.9,15.02,151.15,86.19,2.6,1.25,0.04,1.25,,,,,,,,,,,,11.28
2025-06-13,8,Ferreira do Zêzere,18.8,92.0,1.1,0.29,W,695.9,14.69,152.22,86.48,2.74,1.42,0.05,1.42,,,,,,,,,,,,11.17
2025-06-13,9,Ferreira do Zêzere,20.8,74.0,1.1,0.41,NW,1615.4,13.96,104.14,87.15,3.01,2.09,0.1,2.09,,,,,,,,,,,,11.1
2025-06-13,10,Ferreira do Zêzere,22.5,63.0,1.3,0.75,NW,2137.8,13.06,83.02,87.97,3.42,2.79,0.17,2.79,,,,,,,,,,,,11.27
2025-06-13,11,Ferreira do Zêzere,24.1,56.0,1.6,0.39,N,2652.8,12.23,69.27,88.74,3.88,3.51,0.25,3.51,,,,,,,,,,,,10.92
2025-06-13,12,Ferreira do Zêzere,26.2,52.0,2.7,0.3,NW,3340.8,11.21,56.48,89.69,4.7,4.56,0.4,4.56,55.62,5.97,-30.01,55.62,58.09,0.34,8.75,0.19,0.0,0.19,12.0,11.12
2025-06-13,13,Ferreira do Zêzere,27.3,50.0,1.9,0.35,NW,3248.0,10.38,54.91,90.48,5.05,5.05,0.48,5.05,,,,,,,,,,,,10.99
2025-06-13,14,Ferreira do Zêzere,27.3,52.0,3.5,0.2,NW,2345.0,9.87,51.62,90.96,5.87,5.78,0.61,5.78,,,,,,,,,,,,11.09
2025-06-13,15,Ferreira do Zêzere,27.6,53.0,4.6,0.72,NW,3108.2,9.55,49.17,91.27,6.48,6.34,0.71,6.34,,,,,,,,,,,,11.1
2025-06-13,16,Ferreira do Zêzere,26.3,57.0,5.3,1.33,NW,1852.6,9.26,54.48,91.55,6.99,6.51,0.75,6.51,,,,,,,,,,,,11.86
2025-06-13,17,Ferreira do Zêzere,25.3,61.0,5.0,0.64,NW,1804.0,9.35,61.18,91.46,6.8,6.14,0.68,6.14,,,,,,,,,,,,11.8
2025-06-13,18,Ferreira do Zêzere,24.4,63.0,6.2,0.73,NW,1308.1,9.6,62.57,91.22,6.98,6.18,0.68,6.18,,,,,,,,,,,,11.69
2025-06-13,19,Ferreira do Zêzere,22.5,69.0,4.8,0.13,NW,472.0,9.68,76.32,91.15,6.43,5.46,0.55,5.46,,,,,,,,,,,,10.68
2025-06-13,20,Ferreira do Zêzere,20.9,71.0,4.1,0.47,NW,86.8,10.2,84.17,90.65,5.78,4.8,0.44,4.8,,,,,,,,,,,,10.24
2025-06-13,21,Ferreira do Zêzere,19.6,74.0,5.2,0.23,NW,2.5,10.58,87.23,90.29,5.81,4.72,0.42,4.72,,,,,,,,,,,,9.55
2025-06-13,22,Ferreira do Zêzere,17.7,79.0,3.2,0.3,NW,4.5,10.97,106.29,89.92,4.98,3.83,0.29,3.83,,,,,,,,,,,,9.68
2025-06-13,23,Ferreira do Zêzere,16.5,84.0,3.2,0.93,NW,3.71,11.53,120.85,89.39,4.62,3.36,0.23,3.36,,,,,,,,,,,,10.33
2025-06-14,0,Ferreira do Zêzere,15.8,86.0,2.9,0.4,NW,6.2,11.94,123.22,89.01,4.3,3.06,0.2,3.06,,,,,,,,,,,,10.35
2025-06-14,1,Ferreira do Zêzere,15.4,88.0,1.8,0.75,NW,0.3,12.13,133.56,88.83,3.97,2.72,0.16,2.72,,,,,,,,,,,,10.52
2025-06-14,2,Ferreira do Zêzere,15.0,89.0,2.5,1.27,NW,1.6,12.23,135.77,88.74,4.06,2.76,0.16,2.76,,,,,,,,,,,,11.1
2025-06-14,3,Ferreira do Zêzere,14.7,90.0,2.4,0.3,NW,3.7,12.3,139.95,88.67,4.0,2.69,0.16,2.69,,,,,,,,,,,,11.3
2025-06-14,4,Ferreira do Zêzere,14.7,91.0,2.4,0.5,N,3.9,12.5,144.06,88.49,3.89,2.57,0.14,2.57,,,,,,,,,,,,11.7
2025-06-14,5,Ferreira do Zêzere,14.3,92.0,2.0,0.1,N,5.4,12.76,149.02,88.25,3.69,2.36,0.12,2.36,,,,,,,,,,,,11.7
2025-06-14,6,Ferreira do Zêzere,14.1,93.0,2.2,0.1,NW,111.6,12.82,151.64,88.19,3.69,2.36,0.12,2.36,,,,,,,,,,,,11.59
2025-06-14,7,Ferreira do Zêzere,15.5,89.0,4.0,0.7,NW,584.4,12.58,133.3,88.41,4.18,2.85,0.17,2.85,,,,,,,,,,,,12.29
2025-06-14,8,Ferreira do Zêzere,17.4,78.0,6.2,0.56,NW,1185.4,12.26,97.87,88.71,4.87,3.69,0.27,3.69,,,,,,,,,,,,12.56
2025-06-14,9,Ferreira do Zêzere,19.5,65.0,5.9,1.1,NW,1977.2,11.94,76.21,89.01,5.01,4.14,0.34,4.14,,,,,,,,,,,,13.25
2025-06-14,10,Ferreira do Zêzere,21.6,54.0,5.0,1.28,N,2598.9,11.4,63.12,89.51,5.14,4.6,0.4,4.6,,,,,,,,,,,,13.78
2025-06-14,11,Ferreira do Zêzere,23.5,46.0,5.9,0.33,N,3151.6,10.84,50.91,90.04,5.81,5.53,0.56,5.53,,,,,,,,,,,,13.72
2025-06-14,12,Ferreira do Zêzere,24.8,43.0,6.3,0.2,NW,3268.6,10.08,45.4,90.76,6.57,6.41,0.73,6.41,62.32,6.29,-40.06,62.32,46.81,0.64,8.43,0.35,0.0,0.35,12.0,13.62
2025-06-14,13,Ferreira do Zêzere,25.5,42.0,6.3,0.01,NW,2893.9,9.3,43.12,91.51,7.31,7.17,0.89,7.17,,,,,,,,,,,,13.28
2025-06-14,14,Ferreira do Zêzere,25.4,46.0,5.7,0.1,NW,2675.3,9.11,46.72,91.7,7.28,7.0,0.85,7.0,,,,,,,,,,,,13.18
2025-06-14,15,Ferreira do Zêzere,23.7,52.0,6.6,0.01,NW,1895.6,8.85,52.68,91.95,7.89,7.23,0.9,7.23,,,,,,,,,,,,12.47
2025-06-14,16,Ferreira do Zêzere,22.7,52.0,5.5,0.01,NW,1586.4,8.94,55.83,91.86,7.37,6.77,0.8,6.77,,,,,,,,,,,,11.15
2025-06-14,17,Ferreira do Zêzere,24.6,46.0,6.6,0.01,NW,2283.9,8.69,45.25,92.1,8.07,7.72,1.01,7.72,,,,,,,,,,,,10.52
2025-06-14,18,Ferreira do Zêzere,22.7,49.0,6.4,0.01,NW,1181.9,8.69,50.83,92.1,7.99,7.44,0.95,7.44,,,,,,,,,,,,9.8
2025-06-14,19,Ferreira do Zêzere,21.8,50.0,5.9,0.01,NW,762.7,8.46,54.13,92.33,8.04,7.39,0.94,7.39,,,,,,,,,,,,9.68
2025-06-14,20,Ferreira do Zêzere,19.5,59.0,5.7,0.01,NW,114.4,8.47,65.84,92.32,7.94,6.9,0.83,6.9,,,,,,,,,,,,9.22
2025-06-14,21,Ferreira do Zêzere,17.7,64.0,4.6,0.01,NW,1.8,8.78,76.42,92.02,7.2,6.07,0.66,6.07,,,,,,,,,,,,9.0
2025-06-14,22,Ferreira do Zêzere,16.7,67.0,3.8,0.01,NW,9.7,9.07,83.14,91.73,6.65,5.51,0.56,5.51,,,,,,,,,,,,8.71
2025-06-14,23,Ferreira do Zêzere,15.9,74.0,5.3,0.27,NW,9.6,9.58,87.8,91.24,6.69,5.38,0.53,5.38,,,,,,,,,,,,8.05
2025-06-15,0,Ferreira do Zêzere,15.5,81.0,4.0,0.4,NW,0.3,10.24,95.04,90.61,5.72,5.16,0.5,5.16,,,,,,,,,,,,8.05
2025-06-15,1,Ferreira do Zêzere,15.0,86.0,3.9,0.01,N,4.05,10.81,102.16,90.07,5.27,4.7,0.42,4.7,,,,,,,,,,,,7.31
2025-06-15,2,Ferreira do Zêzere,14.9,88.0,3.8,0.31,NW,0.1,11.37,101.51,89.54,4.86,4.38,0.37,4.38,,,,,,,,,,,,6.35
2025-06-15,3,Ferreira do Zêzere,14.7,90.0,2.3,0.2,N,0.8,11.84,108.76,89.1,4.23,3.73,0.28,3.73,,,,,,,,,,,,6.25
2025-06-15,4,Ferreira do Zêzere,14.2,92.0,2.4,0.01,N,2.2,12.25,109.83,88.72,4.03,3.54,0.26,3.54,,,,,,,,,,,,5.76
2025-06-15,5,Ferreira do Zêzere,14.0,93.0,2.4,0.25,N,4.4,12.61,113.56,88.38,3.84,3.31,0.23,3.31,,,,,,,,,,,,5.91
2025-06-15,6,Ferreira do Zêzere,13.9,92.0,1.9,0.1,N,106.1,12.85,112.34,88.16,3.62,3.11,0.2,3.11,,,,,,,,,,,,5.91
2025-06-15,7,Ferreira do Zêzere,14.9,88.0,2.7,0.33,N,591.7,13.0,98.39,88.02,3.7,3.3,0.23,3.3,,,,,,,,,,,,5.54
2025-06-15,8,Ferreira do Zêzere,17.2,78.0,3.7,0.34,N,1282.2,12.61,76.15,88.38,4.1,3.99,0.31,3.99,,,,,,,,,,,,5.32
2025-06-15,9,Ferreira do Zêzere,20.4,65.0,3.7,0.2,NW,1968.5,12.04,53.87,88.91,4.42,5.0,0.47,5.0,,,,,,,,,,,,4.42
2025-06-15,10,Ferreira do Zêzere,23.4,55.0,3.4,0.01,NW,2597.9,11.33,37.23,89.58,4.79,7.19,0.89,7.19,,,,,,,,,,,,3.15
2025-06-15,11,Ferreira do Zêzere,26.0,46.0,3.0,0.01,NW,3085.1,10.62,29.11,90.25,5.17,16.11,3.72,16.11,,,,,,,,,,,,2.83
2025-06-15,13,Ferreira do Zêzere,29.5,40.0,3.1,0.01,NW,3495.1,8.87,22.38,91.93,6.6,2.82,0.17,2.82,,,,,,,,,,,,2.64
2025-06-15,14,Ferreira do Zêzere,30.7,38.0,2.8,0.01,NW,3412.6,8.2,20.53,92.58,7.12,4.72,0.42,4.72,,,,,,,,,,,,2.55
2025-06-15,15,Ferreira do Zêzere,31.6,35.0,3.2,0.01,N,3139.9,7.833,18.4,92.94,7.65,5.91,0.63,5.91,,,,,,,,,,,,2.55
2025-06-15,16,Ferreira do Zêzere,31.2,39.0,4.6,0.01,NW,2695.9,7.55,19.03,93.22,8.53,5.73,0.6,5.73,,,,,,,,,,,,2.55
2025-06-15,17,Ferreira do Zêzere,29.8,43.0,4.8,0.01,NW,2082.6,7.58,21.44,93.19,8.58,3.43,0.24,3.43,,,,,,,,,,,,2.55
2025-06-15,20,Ferreira do Zêzere,24.3,55.0,2.7,0.01,NW,112.3,7.421,33.48,93.35,7.89,25.65,8.49,25.65,,,,,,,,,,,,2.55
2025-06-15,21,Ferreira do Zêzere,22.0,62.0,2.0,0.01,NW,1.6,7.668,40.27,93.1,7.36,12.26,2.3,12.26,,,,,,,,,,,,2.55
2025-06-15,22,Ferreira do Zêzere,20.4,65.0,1.7,0.01,N,2.59,7.886,44.04,92.89,7.04,10.46,1.74,10.46,,,,,,,,,,,,2.55
2025-06-15,23,Ferreira do Zêzere,19.6,67.0,2.0,0.01,N,0.46,8.21,42.69,92.57,6.83,10.49,1.74,10.49,,,,,,,,,,,,2.29
2025-06-16,0,Ferreira do Zêzere,19.0,71.0,1.5,0.01,N,0.4,8.41,33.88,92.38,6.48,7.58,0.98,7.58,,,,,,,,,,,,1.9
2025-06-16,1,Ferreira do Zêzere,18.0,76.0,1.3,0.01,N,0.2,8.69,36.59,92.1,6.18,7.13,0.88,7.13,,,,,,,,,,,,1.9
2025-06-16,2,Ferreira do Zêzere,16.3,84.0,0.8,0.01,NW,0.2,8.99,35.93,91.81,5.78,6.85,0.82,6.85,,,,,,,,,,,,1.6
2025-06-16,3,Ferreira do Zêzere,15.0,90.0,0.7,0.01,E,3.5,9.24,34.46,91.57,5.56,6.77,0.8,6.77,,,,,,,,,,,,1.41
2025-06-16,4,Ferreira do Zêzere,13.9,92.0,0.8,0.01,N,4.9,9.39,35.14,91.43,5.47,6.62,0.77,6.62,,,,,,,,,,,,1.41
2025-06-16,5,Ferreira do Zêzere,13.6,93.0,0.6,0.1,NE,9.9,9.65,31.95,91.18,5.23,6.33,0.71,6.33,,,,,,,,,,,,1.26
2025-06-16,6,Ferreira do Zêzere,13.4,94.0,0.6,0.01,N,254.3,9.56,29.96,91.26,5.29,6.39,0.72,6.39,,,,,,,,,,,,1.17
2025-06-16,7,Ferreira do Zêzere,16.5,86.0,0.7,0.1,NW,600.1,9.55,23.56,91.27,5.33,6.59,0.76,6.59,,,,,,,,,,,,0.94
2025-06-16,8,Ferreira do Zêzere,20.4,72.0,0.6,0.1,N,1281.1,9.62,17.09,91.2,5.25,6.8,0.81,6.8,,,,,,,,,,,,0.7
2025-06-16,9,Ferreira do Zêzere,24.2,61.0,0.6,0.01,NW,1964.5,9.55,12.87,91.27,5.3,7.17,0.89,7.17,,,,,,,,,,,,0.51
2025-06-16,10,Ferreira do Zêzere,28.2,51.0,0.9,0.01,SW,2586.8,9.26,11.78,91.55,5.6,7.88,1.05,7.88,,,,,,,,,,,,0.51
2025-06-16,11,Ferreira do Zêzere,31.9,44.0,1.2,0.01,S,3071.8,8.61,10.66,92.18,6.21,8.96,1.32,8.96,,,,,,,,,,,,0.51
2025-06-16,12,Ferreira do Zêzere,34.6,38.0,1.1,0.01,W,3368.3,7.949,9.18,92.83,6.77,9.93,1.58,9.93,89.37,14.53,-22.0,89.37,11.55,4.14,10.6,4.62,0.41,4.62,12.0,0.51
2025-06-16,13,Ferreira do Zêzere,36.8,29.0,2.2,0.01,SW,3480.0,7.38,7.01,93.39,7.74,11.48,2.05,11.48,,,,,,,,,,,,0.51
2025-06-16,14,Ferreira do Zêzere,38.0,24.0,1.8,0.01,SW,3381.6,6.759,5.8,94.0,8.26,12.34,2.32,12.34,,,,,,,,,,,,0.51
2025-06-16,15,Ferreira do Zêzere,38.5,22.0,1.5,0.01,NW,3124.0,6.343,5.32,94.42,8.62,12.86,2.5,12.86,,,,,,,,,,,,0.51
2025-06-16,17,Ferreira do Zêzere,36.1,32.0,5.6,0.01,NW,2027.7,5.937,7.59,94.83,11.21,15.2,3.36,15.2,,,,,,,,,,,,0.5
2025-06-16,18,Ferreira do Zêzere,34.3,34.0,3.7,0.01,NW,1358.2,5.905,8.36,94.86,10.23,13.98,2.9,13.98,,,,,,,,,,,,0.5
2025-06-16,20,Ferreira do Zêzere,29.5,34.0,3.7,0.01,NW,122.8,5.918,9.24,94.85,10.22,13.62,2.77,13.62,,,,,,,,,,,,0.49
2025-06-16,21,Ferreira do Zêzere,26.9,41.0,1.5,0.01,NW,2.2,6.096,10.9,94.67,8.92,11.89,2.17,11.89,,,,,,,,,,,,0.49
2025-06-16,22,Ferreira do Zêzere,24.9,50.0,1.7,0.01,N,0.5,6.337,11.5,94.43,8.72,11.32,2.0,11.32,,,,,,,,,,,,0.49
2025-06-16,23,Ferreira do Zêzere,23.8,57.0,1.6,0.01,NW,0.5,6.456,12.32,94.31,8.53,10.9,1.86,10.9,,,,,,,,,,,,0.49
2025-06-17,0,Ferreira do Zêzere,22.8,62.0,1.3,1.3,NW,0.37,6.496,29.61,94.27,8.36,10.7,1.81,10.7,,,,,,,,,,,,1.78
2025-06-17,1,Ferreira do Zêzere,22.4,63.0,1.2,0.4,N,1.14,6.539,34.4,94.22,8.27,10.18,1.65,10.18,,,,,,,,,,,,2.17
2025-06-17,2,Ferreira do Zêzere,21.0,69.0,0.4,0.1,NE,0.1,6.702,41.17,94.06,7.76,9.4,1.44,9.4,,,,,,,,,,,,2.26
2025-06-17,3,Ferreira do Zêzere,19.2,78.0,1.1,0.01,NE,0.2,6.805,45.51,93.96,7.93,9.32,1.41,9.32,,,,,,,,,,,,2.26
2025-06-17,5,Ferreira do Zêzere,18.4,82.0,1.2,0.1,SE,0.1,7.275,48.22,93.49,7.47,8.77,1.27,8.77,,,,,,,,,,,,2.25
2025-06-17,6,Ferreira do Zêzere,18.0,85.0,0.3,0.8,SE,85.9,7.447,65.68,93.32,6.97,7.53,0.97,7.53,,,,,,,,,,,,3.04
2025-06-17,8,Ferreira do Zêzere,24.0,65.0,0.6,0.42,S,1124.7,7.713,45.72,93.06,6.82,7.89,1.05,7.89,,,,,,,,,,,,3.26
2025-06-17,9,Ferreira do Zêzere,28.0,55.0,0.9,0.83,W,1841.3,7.77,38.7,93.0,6.87,7.99,1.08,7.99,,,,,,,,,,,,4.08
2025-06-17,10,Ferreira do Zêzere,31.9,46.0,2.6,0.2,SE,2460.9,7.626,26.21,93.14,7.63,9.19,1.38,9.19,,,,,,,,,,,,4.27
2025-06-17,11,Ferreira do Zêzere,34.6,35.0,2.8,0.1,SE,2967.1,7.382,18.85,93.39,7.97,10.04,1.61,10.04,,,,,,,,,,,,4.36
2025-06-17,12,Ferreira do Zêzere,36.5,32.0,1.3,0.01,SW,3280.8,7.068,17.77,93.7,7.72,10.0,1.6,10.0,84.2,15.94,-16.38,84.2,17.26,2.02,13.6,2.3,0.12,2.3,12.0,4.36
2025-06-17,13,Ferreira do Zêzere,37.4,29.0,2.4,0.01,E,3410.6,6.763,14.54,94.0,8.51,11.01,1.9,11.01,,,,,,,,,,,,4.36
2025-06-17,14,Ferreira do Zêzere,38.8,28.0,1.9,0.01,SW,3331.5,6.372,13.48,94.39,8.76,11.42,2.02,11.42,,,,,,,,,,,,4.36
2025-06-17,15,Ferreira do Zêzere,38.9,30.0,2.3,0.01,W,3067.1,6.137,13.63,94.63,9.24,11.84,2.16,11.84,,,,,,,,,,,,4.36
2025-06-17,16,Ferreira do Zêzere,38.8,29.0,2.3,0.01,W,2562.6,5.957,13.42,94.81,9.47,12.11,2.25,12.11,,,,,,,,,,,,4.37
2025-06-17,17,Ferreira do Zêzere,37.0,31.0,5.0,0.1,NW,1976.0,5.852,13.77,94.91,11.01,13.37,2.68,13.37,,,,,,,,,,,,4.46
2025-06-17,18,Ferreira do Zêzere,33.7,34.0,4.0,0.01,NW,1356.2,5.783,18.47,94.98,10.57,12.55,2.4,12.55,,,,,,,,,,,,4.46
2025-06-17,19,Ferreira do Zêzere,32.1,37.0,3.3,0.1,NW,671.1,5.753,22.08,95.01,10.24,11.96,2.2,11.96,,,,,,,,,,,,4.56
2025-06-17,20,Ferreira do Zêzere,29.4,41.0,1.2,0.2,NW,112.8,5.781,30.97,94.99,9.18,10.52,1.75,10.52,,,,,,,,,,,,4.75
2025-06-17,21,Ferreira do Zêzere,26.0,50.0,0.3,0.5,W,1.0,5.805,46.18,94.96,8.74,9.35,1.42,9.35,,,,,,,,,,,,5.24
2025-06-17,22,Ferreira do Zêzere,23.6,61.0,1.0,0.2,NE,1.86,5.907,54.67,94.86,8.93,8.85,1.29,8.85,,,,,,,,,,,,5.43
2025-06-17,23,Ferreira do Zêzere,22.1,66.0,0.7,1.1,SW,4.2,6.052,67.41,94.71,8.62,7.62,0.99,7.62,,,,,,,,,,,,6.52
2025-06-18,0,Ferreira do Zêzere,20.6,73.0,0.3,1.33,S,3.9,6.139,92.18,94.63,8.35,11.05,1.91,11.05,,,,,,,,,,,,6.55
2025-06-18,1,Ferreira do Zêzere,19.3,78.0,0.6,2.7,SE,0.21,6.324,107.77,94.44,8.26,8.97,1.32,8.97,,,,,,,,,,,,8.85
2025-06-18,2,Ferreira do Zêzere,18.3,81.0,0.8,0.1,NW,4.1,6.504,113.23,94.26,8.14,8.66,1.24,8.66,,,,,,,,,,,,8.85
2025-06-18,3,Ferreira do Zêzere,16.5,88.0,0.5,0.1,E,0.9,6.774,133.22,93.99,7.72,7.92,1.06,7.92,,,,,,,,,,,,8.94
2025-06-18,4,Ferreira do Zêzere,15.8,90.0,0.5,0.5,E,4.7,7.075,140.7,93.69,7.41,7.45,0.95,7.45,,,,,,,,,,,,9.44
2025-06-18,5,Ferreira do Zêzere,15.1,93.0,0.8,0.1,SE,9.9,7.408,147.5,93.36,7.18,7.14,0.88,7.14,,,,,,,,,,,,9.44
2025-06-18,6,Ferreira do Zêzere,15.2,92.0,0.3,0.1,SE,117.0,7.759,144.89,93.01,6.67,6.83,0.82,6.83,,,,,,,,,,,,8.74
2025-06-18,7,Ferreira do Zêzere,18.3,84.0,0.6,0.1,SE,527.3,8.1,120.81,92.68,6.47,6.95,0.84,6.95,,,,,,,,,,,,8.84
2025-06-18,8,Ferreira do Zêzere,20.8,80.0,0.9,1.16,SW,1194.9,8.4,108.41,92.39,6.3,6.89,0.83,6.89,,,,,,,,,,,,9.58
2025-06-18,9,Ferreira do Zêzere,23.3,72.0,1.6,0.99,SW,1904.2,8.51,85.45,92.28,6.43,7.48,0.96,7.48,,,,,,,,,,,,9.74
2025-06-18,10,Ferreira do Zêzere,24.9,68.0,1.5,0.82,S,2279.2,8.46,77.91,92.33,6.44,7.66,1.0,7.66,,,,,,,,,,,,10.36
2025-06-18,11,Ferreira do Zêzere,27.3,58.0,1.2,0.6,S,2880.8,8.35,63.02,92.43,6.44,8.38,1.17,8.38,,,,,,,,,,,,10.86
2025-06-18,12,Ferreira do Zêzere,29.6,49.0,1.5,1.0,NE,3283.8,8.1,49.12,92.68,6.77,9.46,1.45,9.46,63.59,11.6,-23.52,63.59,44.79,0.54,2.46,0.18,0.0,0.18,12.0,11.85
2025-06-18,13,Ferreira do Zêzere,32.3,40.0,1.7,0.1,SE,3305.1,7.504,36.51,93.27,7.42,12.7,2.44,12.7,,,,,,,,,,,,11.94
2025-06-18,14,Ferreira do Zêzere,33.7,35.0,1.4,1.2,SW,1841.8,6.659,32.36,94.1,8.21,14.07,2.93,14.07,,,,,,,,,,,,13.13
2025-06-18,15,Ferreira do Zêzere,34.9,33.0,1.8,0.2,S,2432.0,6.676,28.03,94.09,8.36,15.83,3.61,15.83,,,,,,,,,,,,13.32
2025-06-18,16,Ferreira do Zêzere,35.4,32.0,1.5,0.1,W,1646.4,6.472,27.47,94.29,8.47,17.02,4.1,17.02,,,,,,,,,,,,13.41
2025-06-18,17,Ferreira do Zêzere,35.5,31.0,1.4,0.68,SW,1924.7,6.522,27.25,94.24,8.37,15.57,3.51,15.57,,,,,,,,,,,,13.99
2025-06-18,18,Ferreira do Zêzere,35.3,31.0,2.0,1.23,W,1213.3,6.35,26.37,94.41,8.83,13.92,2.88,13.92,,,,,,,,,,,,15.21
2025-06-18,19,Ferreira do Zêzere,32.6,36.0,1.5,0.53,W,421.8,6.044,35.61,94.72,8.99,12.17,2.27,12.17,,,,,,,,,,,,15.64
2025-06-18,20,Ferreira do Zêzere,30.2,45.0,2.2,0.42,N,118.2,6.076,44.33,94.69,9.27,11.23,1.97,11.23,,,,,,,,,,,,15.86
2025-06-18,21,Ferreira do Zêzere,26.8,64.0,2.4,0.43,NW,3.9,6.48,69.37,94.28,8.85,9.45,1.45,9.45,,,,,,,,,,,,15.79
2025-06-18,22,Ferreira do Zêzere,23.4,72.0,2.8,0.4,N,0.9,6.924,87.37,93.84,8.5,8.56,1.22,8.56,,,,,,,,,,,,15.99
2025-06-18,23,Ferreira do Zêzere,22.2,76.0,2.6,0.1,N,0.1,7.382,97.09,93.39,7.89,7.91,1.06,7.91,,,,,,,,,,,,14.99
2025-06-19,0,Ferreira do Zêzere,21.2,79.0,1.6,0.23,N,0.1,7.807,111.26,92.97,7.08,6.46,0.74,6.46,,,,,,,,,,,,13.89
2025-06-19,1,Ferreira do Zêzere,20.8,81.0,1.7,0.58,W,13.7,8.37,112.52,92.41,6.58,6.07,0.66,6.07,,,,,,,,,,,,11.77
2025-06-19,2,Ferreira do Zêzere,20.3,85.0,0.8,0.13,NW,0.4,8.69,129.27,92.1,6.02,5.44,0.55,5.44,,,,,,,,,,,,11.8
2025-06-19,3,Ferreira do Zêzere,19.2,89.0,0.8,0.1,NE,0.5,8.99,141.95,91.81,5.78,5.1,0.49,5.1,,,,,,,,,,,,11.8
2025-06-19,4,Ferreira do Zêzere,18.3,92.0,1.2,0.1,N,3.5,9.35,149.13,91.46,5.61,4.89,0.45,4.89,,,,,,,,,,,,11.4
2025-06-19,5,Ferreira do Zêzere,19.1,90.0,1.8,0.55,W,2.2,9.66,139.62,91.17,5.54,4.86,0.45,4.86,,,,,,,,,,,,11.85
2025-06-19,6,Ferreira do Zêzere,19.1,91.0,2.1,0.1,NW,317.1,10.02,141.79,90.82,5.36,4.67,0.42,4.67,,,,,,,,,,,,11.85
2025-06-19,7,Ferreira do Zêzere,19.3,91.0,2.5,0.1,N,491.6,10.62,139.99,90.25,5.04,4.38,0.37,4.38,,,,,,,,,,,,11.85
2025-06-19,8,Ferreira do Zêzere,19.5,90.0,3.5,0.13,N,633.6,10.86,130.25,90.02,5.13,4.54,0.4,4.54,,,,,,,,,,,,10.82
2025-06-19,9,Ferreira do Zêzere,21.4,84.0,2.1,0.3,N,489.5,10.9,112.83,89.98,4.75,4.41,0.38,4.41,,,,,,,,,,,,10.13
2025-06-19,10,Ferreira do Zêzere,24.2,75.0,1.4,2.0,W,1629.4,10.49,94.29,90.37,4.85,4.75,0.43,4.75,,,,,,,,,,,,11.31
2025-06-19,11,Ferreira do Zêzere,27.9,60.0,2.0,0.13,W,1974.5,9.8,61.07,91.03,5.49,6.14,0.68,6.14,,,,,,,,,,,,10.84
2025-06-19,12,Ferreira do Zêzere,30.0,53.0,1.3,0.14,E,2444.5,9.17,51.82,91.64,5.78,7.07,0.87,7.07,59.84,9.4,-27.52,59.84,50.83,0.43,21.35,0.41,0.01,0.41,12.0,9.98
2025-06-19,13,Ferreira do Zêzere,30.4,54.0,2.0,0.1,NW,1676.1,8.65,48.94,92.14,6.43,7.77,1.02,7.77,,,,,,,,,,,,9.98
2025-06-19,14,Ferreira do Zêzere,29.9,59.0,1.5,0.1,N,1812.3,8.39,55.43,92.4,6.5,7.75,1.02,7.75,,,,,,,,,,,,8.88
2025-06-19,15,Ferreira do Zêzere,32.1,46.0,0.9,0.1,NE,2164.1,7.709,42.47,93.06,6.93,9.69,1.52,9.69,,,,,,,,,,,,8.78
2025-06-19,16,Ferreira do Zêzere,33.4,41.0,2.7,0.1,NW,1501.8,7.696,31.22,93.08,7.6,11.75,2.13,11.75,,,,,,,,,,,,8.78
2025-06-19,17,Ferreira do Zêzere,33.9,47.0,0.7,4.55,N,1933.8,7.203,43.48,93.56,7.35,9.04,1.34,9.04,,,,,,,,,,,,12.65
2025-06-19,18,Ferreira do Zêzere,33.9,48.0,3.9,0.01,NW,1053.8,6.97,33.59,93.79,8.92,10.86,1.85,10.86,,,,,,,,,,,,11.43
2025-06-19,19,Ferreira do Zêzere,30.2,63.0,4.1,1.3,NW,577.5,7.07,53.28,93.7,8.89,9.28,1.4,9.28,,,,,,,,,,,,12.2
2025-06-19,20,Ferreira do Zêzere,25.8,71.0,3.6,0.2,NW,157.9,7.55,74.78,93.22,8.11,7.96,1.07,7.96,,,,,,,,,,,,11.98
2025-06-19,21,Ferreira do Zêzere,23.3,74.0,4.0,0.01,N,2.0,8.08,83.45,92.7,7.69,7.39,0.94,7.39,,,,,,,,,,,,11.56
2025-06-19,22,Ferreira do Zêzere,21.7,76.0,3.3,0.01,N,9.4,8.45,92.34,92.34,7.06,6.72,0.79,6.72,,,,,,,,,,,,11.17
2025-06-19,23,Ferreira do Zêzere,20.3,79.0,2.9,0.01,NW,1.9,8.82,102.39,91.98,6.58,6.16,0.68,6.16,,,,,,,,,,,,11.08
2025-06-20,0,Ferreira do Zêzere,19.5,82.0,2.9,0.01,N,1.05,9.18,105.97,91.63,6.26,5.68,0.59,5.68,,,,,,,,,,,,10.86
2025-06-20,1,Ferreira do Zêzere,18.6,85.0,2.7,0.01,N,1.35,9.65,113.85,91.18,5.81,5.21,0.51,5.21,,,,,,,,,,,,10.29
2025-06-20,2,Ferreira do Zêzere,17.9,88.0,2.2,0.01,NW,2.6,9.83,124.26,91.0,5.53,4.88,0.45,4.88,,,,,,,,,,,,10.17
2025-06-20,3,Ferreira do Zêzere,17.4,89.0,1.2,0.01,N,1.44,10.1,131.83,90.74,5.07,4.43,0.38,4.43,,,,,,,,,,,,10.08
2025-06-20,4,Ferreira do Zêzere,17.3,89.0,2.2,0.1,N,1.38,10.32,127.62,90.53,5.17,4.53,0.39,4.53,,,,,,,,,,,,10.08
2025-06-20,5,Ferreira do Zêzere,17.2,89.0,1.9,0.1,N,0.1,10.68,127.46,90.19,4.85,4.25,0.35,4.25,,,,,,,,,,,,9.63
2025-06-20,6,Ferreira do Zêzere,16.8,91.0,1.6,0.1,N,86.8,10.42,134.83,90.44,4.95,4.3,0.36,4.3,,,,,,,,,,,,9.63
2025-06-20,7,Ferreira do Zêzere,17.9,88.0,3.0,0.01,NW,532.2,10.22,119.56,90.63,5.46,4.86,0.45,4.86,,,,,,,,,,,,9.54
2025-06-20,8,Ferreira do Zêzere,20.2,80.0,2.1,0.1,NW,1189.9,10.01,100.7,90.83,5.37,5.02,0.47,5.02,,,,,,,,,,,,9.51
2025-06-20,9,Ferreira do Zêzere,22.6,71.0,2.2,0.73,NW,1873.9,9.99,81.69,90.85,5.41,5.36,0.53,5.36,,,,,,,,,,,,9.94
2025-06-20,10,Ferreira do Zêzere,25.6,60.0,1.4,1.1,N,2470.0,9.76,64.28,91.07,5.36,5.89,0.63,5.89,,,,,,,,,,,,9.04
2025-06-20,11,Ferreira do Zêzere,28.7,51.0,1.3,0.12,W,2933.9,9.42,50.07,91.4,5.59,6.74,0.8,6.74,,,,,,,,,,,,9.03
2025-06-20,12,Ferreira do Zêzere,31.3,45.0,1.7,0.17,S,3224.5,8.91,39.09,91.89,6.11,7.96,1.07,7.96,66.46,9.17,-29.81,66.46,40.43,0.61,16.38,0.49,0.01,0.49,12.0,9.06
2025-06-20,13,Ferreira do Zêzere,32.8,42.0,1.6,0.6,W,3361.0,8.18,35.13,92.6,6.73,8.95,1.32,8.95,,,,,,,,,,,,9.56
2025-06-20,14,Ferreira do Zêzere,33.8,41.0,2.2,0.01,W,3298.1,7.62,31.1,93.15,7.49,10.13,1.64,10.13,,,,,,,,,,,,9.47
2025-06-20,15,Ferreira do Zêzere,33.0,45.0,5.4,0.6,NW,3109.7,7.236,29.53,93.53,9.28,11.31,1.99,11.31,,,,,,,,,,,,9.97
2025-06-20,16,Ferreira do Zêzere,30.9,49.0,4.04,0.2,---,2554.32,7.244,37.71,93.52,8.65,10.07,1.62,10.07,,,,,,,,,,,,10.07
2025-06-20,17,Ferreira do Zêzere,28.2,52.0,5.7,0.47,NW,2089.5,7.162,37.1,93.6,9.51,11.95,2.2,11.95,,,,,,,,,,,,5.99
2025-06-20,18,Ferreira do Zêzere,27.4,55.0,4.0,0.57,NW,1384.3,7.221,44.15,93.55,8.66,10.3,1.69,10.3,,,,,,,,,,,,6.55
2025-06-20,19,Ferreira do Zêzere,26.2,57.0,5.1,0.01,NW,704.3,7.332,42.8,93.44,9.02,11.1,1.93,11.1,,,,,,,,,,,,5.26
2025-06-20,20,Ferreira do Zêzere,23.6,62.0,4.0,0.01,NW,133.7,7.404,52.12,93.36,8.45,9.83,1.55,9.83,,,,,,,,,,,,5.07
2025-06-20,21,Ferreira do Zêzere,21.5,69.0,3.3,0.35,NW,2.3,7.729,64.91,93.04,7.8,8.43,1.18,8.43,,,,,,,,,,,,5.41
2025-06-20,22,Ferreira do Zêzere,19.6,77.0,3.7,0.01,NW,1.5,8.05,76.43,92.73,7.61,7.79,1.03,7.79,,,,,,,,,,,,5.41
2025-06-20,23,Ferreira do Zêzere,18.4,83.0,2.8,0.1,NW,0.2,8.57,90.44,92.22,6.77,6.73,0.8,6.73,,,,,,,,,,,,5.5
2025-06-21,0,Ferreira do Zêzere,17.8,85.0,2.7,0.35,NW,1.17,9.2,94.25,91.61,6.18,6.42,0.73,6.42,,,,,,,,,,,,5.84
2025-06-21,1,Ferreira do Zêzere,17.3,86.0,3.0,0.01,NW,0.2,9.76,96.0,91.07,5.81,6.01,0.65,6.01,,,,,,,,,,,,5.84
2025-06-21,2,Ferreira do Zêzere,17.0,87.0,2.6,0.3,NW,2.0,10.39,101.3,90.47,5.23,5.3,0.52,5.3,,,,,,,,,,,,6.13
2025-06-21,3,Ferreira do Zêzere,17.2,86.0,3.6,0.01,NW,1.12,11.0,96.42,89.89,5.06,5.17,0.5,5.17,,,,,,,,,,,,6.13
2025-06-21,4,Ferreira do Zêzere,17.6,83.0,4.3,0.01,NW,1.62,11.53,88.08,89.39,4.88,5.1,0.49,5.1,,,,,,,,,,,,6.04
2025-06-21,5,Ferreira do Zêzere,17.3,81.0,4.0,0.01,NW,0.7,11.8,85.41,89.14,4.63,4.91,0.45,4.91,,,,,,,,,,,,5.95
2025-06-21,6,Ferreira do Zêzere,16.8,82.0,3.4,0.1,NW,105.0,12.23,89.18,88.74,4.24,4.44,0.38,4.44,,,,,,,,,,,,5.95
2025-06-21,7,Ferreira do Zêzere,17.7,79.0,4.7,0.01,NW,635.3,12.33,80.26,88.64,4.47,4.81,0.44,4.81,,,,,,,,,,,,5.95
2025-06-21,8,Ferreira do Zêzere,19.0,74.0,4.5,0.01,NW,1164.1,12.0,71.68,88.95,4.63,5.24,0.51,5.24,,,,,,,,,,,,5.86
2025-06-21,9,Ferreira do Zêzere,20.9,65.0,3.5,0.01,N,1748.2,11.36,58.66,89.55,4.79,6.49,0.75,6.49,,,,,,,,,,,,5.14
2025-06-21,10,Ferreira do Zêzere,22.9,56.0,3.9,0.01,NW,2021.1,10.57,43.64,90.3,5.44,26.64,9.07,26.64,,,,,,,,,,,,4.05
2025-06-21,13,Ferreira do Zêzere,26.02,47.72,3.31,0.01,W,3235.24,8.5,32.19,92.29,7.01,4.17,0.34,4.17,,,,,,,,,,,,3.19
2025-06-21,14,Ferreira do Zêzere,26.1,48.99,3.32,0.01,W,3012.57,7.871,32.66,92.9,7.65,4.4,0.37,4.4,,,,,,,,,,,,3.19
2025-06-21,15,Ferreira do Zêzere,26.7,47.58,3.84,0.01,W,2832.45,7.582,28.04,93.19,8.18,7.08,0.87,7.08,,,,,,,,,,,,2.6
2025-06-21,16,Ferreira do Zêzere,26.42,50.01,3.67,0.01,W,2382.07,7.408,28.52,93.36,8.3,7.19,0.89,7.19,,,,,,,,,,,,2.41
2025-06-21,17,Ferreira do Zêzere,28.5,47.0,5.7,0.2,NW,2079.5,7.36,22.59,93.41,9.26,8.73,1.26,8.73,,,,,,,,,,,,2.14
2025-06-21,18,Ferreira do Zêzere,26.5,55.0,5.8,0.01,NW,1185.2,7.314,24.09,93.45,9.36,9.02,1.33,9.02,,,,,,,,,,,,1.58
2025-06-21,19,Ferreira do Zêzere,24.2,63.0,5.4,0.01,NW,659.9,7.552,28.92,93.22,8.88,7.97,1.07,7.97,,,,,,,,,,,,1.58
2025-06-21,20,Ferreira do Zêzere,22.0,71.0,4.3,0.01,NW,132.4,7.825,34.82,92.95,8.09,6.63,0.77,6.63,,,,,,,,,,,,1.58
2025-06-21,21,Ferreira do Zêzere,20.3,78.0,3.8,0.01,NW,1.8,8.5,35.88,92.29,7.19,5.96,0.64,5.96,,,,,,,,,,,,1.24
2025-06-23,0,Ferreira do Zêzere,18.2,85.0,3.3,0.25,NW,3.2,10.73,64.45,90.14,5.17,3.98,0.31,3.98,,,,,,,,,,,,3.24
2025-06-23,1,Ferreira do Zêzere,18.0,87.0,2.7,0.01,N,2.7,11.0,68.1,89.89,4.83,3.62,0.26,3.62,,,,,,,,,,,,3.24
2025-06-23,2,Ferreira do Zêzere,17.7,89.0,3.1,0.01,NW,3.0,11.36,70.49,89.55,4.7,3.42,0.24,3.42,,,,,,,,,,,,3.24
2025-06-23,3,Ferreira do Zêzere,17.5,91.0,3.1,0.1,N,3.9,11.83,49.14,89.11,4.41,4.35,0.37,4.35,,,,,,,,,,,,1.79
2025-06-23,5,Ferreira do Zêzere,17.6,91.0,2.3,0.01,N,0.74,12.75,47.68,88.25,3.75,3.72,0.28,3.72,,,,,,,,,,,,1.69
2025-06-23,6,Ferreira do Zêzere,17.8,91.0,2.1,0.7,N,34.3,13.07,59.3,87.96,3.56,3.11,0.2,3.11,,,,,,,,,,,,2.29
2025-06-23,7,Ferreira do Zêzere,18.3,89.0,1.6,0.4,N,367.3,13.22,61.05,87.82,3.4,2.88,0.18,2.88,,,,,,,,,,,,2.49
2025-06-23,8,Ferreira do Zêzere,20.1,81.0,1.1,0.15,N,1350.4,12.99,54.1,88.03,3.42,3.05,0.2,3.05,,,,,,,,,,,,2.54
2025-06-23,9,Ferreira do Zêzere,23.5,68.0,1.4,0.3,S,2251.2,12.26,44.1,88.71,3.82,3.6,0.26,3.6,,,,,,,,,,,,2.83
2025-06-23,10,Ferreira do Zêzere,26.5,58.0,3.8,0.2,S,2725.6,11.49,32.73,89.43,4.78,4.89,0.45,4.89,,,,,,,,,,,,3.02
2025-06-23,11,Ferreira do Zêzere,29.1,47.0,4.7,0.01,SE,3137.6,10.67,24.18,90.2,5.59,6.19,0.69,6.19,,,,,,,,,,,,2.93
2025-06-23,12,Ferreira do Zêzere,30.2,44.0,4.4,0.01,SE,2978.3,10.05,21.64,90.79,5.99,6.91,0.83,6.91,79.26,11.38,-16.25,79.26,23.12,1.32,7.89,0.7,0.01,0.7,12.0,2.74
2025-06-23,13,Ferreira do Zêzere,30.8,42.0,2.1,0.2,S,2074.0,9.65,23.23,91.18,5.64,6.47,0.74,6.47,,,,,,,,,,,,2.93
2025-06-23,14,Ferreira do Zêzere,30.0,49.0,2.0,0.21,SW,1133.1,9.4,26.08,91.42,5.8,6.57,0.76,6.57,,,,,,,,,,,,2.74
2025-06-23,15,Ferreira do Zêzere,29.9,51.0,2.1,0.74,S,1194.0,9.4,30.02,91.42,5.83,6.14,0.68,6.14,,,,,,,,,,,,3.47
2025-06-23,17,Ferreira do Zêzere,30.0,49.0,1.3,2.21,SE,1532.6,9.21,37.38,91.6,5.75,5.36,0.53,5.36,,,,,,,,,,,,5.66
2025-06-23,18,Ferreira do Zêzere,30.9,45.0,1.4,1.4,SW,1393.8,8.89,35.9,91.91,6.04,5.37,0.53,5.37,,,,,,,,,,,,7.05
2025-06-23,19,Ferreira do Zêzere,28.7,49.0,0.9,0.6,NW,365.8,8.68,45.1,92.11,6.06,4.45,0.38,4.45,,,,,,,,,,,,7.64
2025-06-23,20,Ferreira do Zêzere,27.3,56.0,3.0,0.14,NW,99.3,8.69,46.24,92.1,6.73,3.43,0.24,3.43,,,,,,,,,,,,7.77
2025-06-23,21,Ferreira do Zêzere,23.9,72.0,1.8,0.6,NW,4.9,9.08,73.1,91.72,6.0,28.3,10.1,28.3,,,,,,,,,,,,8.27
2025-06-23,23,Ferreira do Zêzere,20.2,84.0,2.0,0.35,N,0.4,10.14,99.03,90.71,5.25,7.18,0.89,7.18,,,,,,,,,,,,8.6
2025-06-24,0,Ferreira do Zêzere,19.3,87.0,1.6,0.39,NW,0.3,10.78,131.32,90.1,4.71,3.93,0.31,3.93,,,,,,,,,,,,8.74
2025-06-24,1,Ferreira do Zêzere,18.6,89.0,1.0,0.85,NW,4.8,11.45,144.63,89.47,4.18,3.31,0.23,3.31,,,,,,,,,,,,9.58
2025-06-24,2,Ferreira do Zêzere,17.6,92.0,0.8,0.33,NW,0.2,12.12,157.81,88.84,3.78,2.84,0.17,2.84,,,,,,,,,,,,9.9
2025-06-24,3,Ferreira do Zêzere,17.4,94.0,1.0,0.45,SE,1.4,12.84,165.16,88.17,3.47,2.48,0.14,2.48,,,,,,,,,,,,10.25
2025-06-24,4,Ferreira do Zêzere,17.9,93.0,1.0,0.1,SE,5.5,13.41,161.28,87.65,3.22,2.25,0.11,2.25,,,,,,,,,,,,10.35
2025-06-24,5,Ferreira do Zêzere,18.0,92.0,2.2,0.2,S,0.81,14.05,152.7,87.06,3.14,2.18,0.11,2.18,,,,,,,,,,,,10.54
2025-06-24,6,Ferreira do Zêzere,17.8,94.0,2.0,0.13,S,77.8,14.67,159.99,86.5,2.87,1.88,0.08,1.88,,,,,,,,,,,,9.97
2025-06-24,7,Ferreira do Zêzere,17.8,95.0,1.6,0.1,SE,518.3,15.79,164.5,85.5,2.45,1.35,0.05,1.35,,,,,,,,,,,,9.67
2025-06-24,8,Ferreira do Zêzere,18.8,88.0,2.6,0.33,SE,361.5,15.79,133.9,85.5,2.57,1.65,0.07,1.65,,,,,,,,,,,,9.85
2025-06-24,9,Ferreira do Zêzere,19.5,81.0,2.3,0.16,E,556.4,15.74,114.92,85.54,2.55,1.76,0.07,1.76,,,,,,,,,,,,9.71
2025-06-24,10,Ferreira do Zêzere,20.7,75.0,3.0,0.78,SE,871.2,15.45,98.38,85.8,2.74,2.1,0.1,2.1,,,,,,,,,,,,10.29
2025-06-24,11,Ferreira do Zêzere,20.6,75.0,3.0,0.21,E,891.7,14.61,98.97,86.56,3.05,2.44,0.13,2.44,,,,,,,,,,,,10.49
2025-06-24,12,Ferreira do Zêzere,22.0,67.0,3.3,0.26,SE,2230.7,13.35,82.54,87.7,3.64,3.31,0.23,3.31,49.07,7.35,-23.08,49.07,70.48,0.17,15.62,0.13,0.0,0.13,12.0,10.74
2025-06-24,13,Ferreira do Zêzere,25.1,52.0,2.3,1.5,SW,3150.4,11.77,63.37,89.17,4.27,4.47,0.39,4.47,,,,,,,,,,,,12.04
2025-06-24,14,Ferreira do Zêzere,26.7,47.0,2.0,0.1,S,3483.1,10.44,56.12,90.42,5.04,5.61,0.58,5.61,,,,,,,,,,,,11.93
2025-06-24,15,Ferreira do Zêzere,27.8,44.0,1.0,1.09,SW,3040.0,9.74,55.82,91.09,5.27,6.05,0.66,6.05,,,,,,,,,,,,12.28
2025-06-24,16,Ferreira do Zêzere,27.8,44.0,1.2,1.14,W,2050.9,9.18,55.45,91.63,5.74,6.43,0.73,6.43,,,,,,,,,,,,13.42
2025-06-24,17,Ferreira do Zêzere,28.8,42.0,2.4,0.3,SW,2090.8,8.63,45.75,92.16,6.58,7.8,1.03,7.8,,,,,,,,,,,,11.51
2025-06-24,18,Ferreira do Zêzere,27.5,45.0,2.4,0.81,SW,1185.0,8.5,50.5,92.29,6.7,7.69,1.01,7.69,,,,,,,,,,,,10.92
2025-06-24,19,Ferreira do Zêzere,25.3,55.0,3.2,0.2,NW,543.7,8.72,61.19,92.07,6.77,7.09,0.87,7.09,,,,,,,,,,,,10.52
2025-06-24,20,Ferreira do Zêzere,22.9,64.0,3.7,0.98,NW,129.6,8.9,75.9,91.9,6.77,6.46,0.74,6.46,,,,,,,,,,,,11.36
2025-06-24,21,Ferreira do Zêzere,21.4,72.0,2.8,0.25,NW,2.3,9.45,93.66,91.37,6.0,5.44,0.54,5.44,,,,,,,,,,,,11.01
2025-06-24,22,Ferreira do Zêzere,20.7,74.0,1.7,2.75,N,3.11,9.92,108.05,90.92,5.32,4.61,0.41,4.61,,,,,,,,,,,,13.76
2025-06-24,23,Ferreira do Zêzere,19.2,80.0,0.9,0.15,NE,2.83,10.45,129.42,90.41,4.76,3.91,0.3,3.91,,,,,,,,,,,,13.56
2025-06-25,0,Ferreira do Zêzere,17.6,88.0,0.8,0.1,SE,0.2,11.12,148.7,89.78,4.32,3.1,0.2,3.1,,,,,,,,,,,,13.27
2025-06-25,1,Ferreira do Zêzere,18.8,83.0,0.5,0.32,E,0.69,11.73,135.63,89.2,3.92,2.86,0.17,2.86,,,,,,,,,,,,12.74
2025-06-25,2,Ferreira do Zêzere,18.6,84.0,1.2,0.1,SE,0.7,12.25,131.88,88.72,3.79,2.72,0.16,2.72,,,,,,,,,,,,12.51
2025-06-25,3,Ferreira do Zêzere,18.8,88.0,0.1,0.2,W,239.3,15.68,153.45,85.6,2.3,0.97,0.03,0.97,,,,,,,,,,,,12.26
2025-06-25,4,Ferreira do Zêzere,18.7,94.0,1.0,0.3,E,361.3,18.58,164.48,83.06,1.71,0.7,0.01,0.7,,,,,,,,,,,,12.46
2025-06-25,5,Ferreira do Zêzere,18.5,95.0,1.2,0.2,SE,209.4,19.17,167.87,82.55,1.62,0.66,0.01,0.66,,,,,,,,,,,,12.46
2025-06-25,6,Ferreira do Zêzere,18.6,96.0,1.1,0.4,SE,101.1,19.59,173.18,82.2,1.54,0.62,0.01,0.62,,,,,,,,,,,,12.73
2025-06-25,7,Ferreira do Zêzere,19.3,94.0,0.5,0.1,SW,374.6,19.55,167.53,82.23,1.5,0.61,0.01,0.61,,,,,,,,,,,,12.73
2025-06-25,8,Ferreira do Zêzere,20.8,86.0,1.1,0.8,W,1057.7,18.89,135.25,82.79,1.66,0.71,0.01,0.71,,,,,,,,,,,,13.2
2025-06-25,9,Ferreira do Zêzere,21.7,76.0,1.7,0.8,W,1623.1,17.28,106.3,84.19,2.06,0.94,0.02,0.94,,,,,,,,,,,,13.84
2025-06-25,10,Ferreira do Zêzere,24.4,60.0,1.5,0.32,SW,2422.5,15.32,76.23,85.92,2.58,1.99,0.09,1.99,,,,,,,,,,,,13.38
2025-06-25,11,Ferreira do Zêzere,24.8,57.0,1.9,0.1,NW,1540.0,13.62,69.77,87.46,3.28,2.88,0.18,2.88,,,,,,,,,,,,13.27
2025-06-25,12,Ferreira do Zêzere,26.0,51.0,2.7,0.4,NW,2029.5,12.49,58.08,88.5,3.96,3.81,0.29,3.81,54.71,6.61,-32.91,54.71,59.73,0.31,9.43,0.18,0.0,0.18,12.0,13.41
2025-06-25,13,Ferreira do Zêzere,26.0,52.0,1.6,0.4,W,1312.2,11.46,62.46,89.46,4.3,4.18,0.34,4.18,,,,,,,,,,,,12.31
2025-06-25,14,Ferreira do Zêzere,25.8,55.0,1.6,0.1,NW,972.3,10.98,65.84,89.91,4.59,4.39,0.37,4.39,,,,,,,,,,,,12.31
2025-06-25,15,Ferreira do Zêzere,26.6,52.0,3.5,0.42,NW,1254.4,10.6,53.9,90.27,5.31,5.27,0.52,5.27,,,,,,,,,,,,11.64
2025-06-25,16,Ferreira do Zêzere,27.2,53.0,4.2,0.17,NW,1843.6,10.52,50.84,90.34,5.57,5.57,0.57,5.57,,,,,,,,,,,,10.67
2025-06-25,17,Ferreira do Zêzere,26.8,55.0,5.6,0.65,NW,2089.6,10.57,50.67,90.3,5.93,5.81,0.61,5.81,,,,,,,,,,,,11.02
2025-06-25,18,Ferreira do Zêzere,25.2,61.0,5.2,5.7,NW,1396.1,10.52,63.9,90.34,5.85,5.31,0.52,5.31,,,,,,,,,,,,15.91
2025-06-25,19,Ferreira do Zêzere,23.9,64.0,3.8,0.2,NW,738.9,10.74,74.57,90.14,5.29,4.65,0.41,4.65,,,,,,,,,,,,15.91
2025-06-25,20,Ferreira do Zêzere,22.4,69.0,2.7,0.55,NW,117.4,10.95,89.05,89.94,4.87,4.09,0.33,4.09,,,,,,,,,,,,15.48
2025-06-25,21,Ferreira do Zêzere,20.9,75.0,3.4,0.45,NW,2.3,11.31,99.99,89.6,4.8,3.83,0.29,3.83,,,,,,,,,,,,15.68
2025-06-25,22,Ferreira do Zêzere,19.7,81.0,2.2,0.63,NW,5.9,11.98,118.23,88.97,4.13,3.1,0.2,3.1,,,,,,,,,,,,13.56
2025-06-25,23,Ferreira do Zêzere,18.5,86.0,1.5,0.5,NW,6.3,12.74,137.86,88.26,3.6,2.48,0.14,2.48,,,,,,,,,,,,13.91
2025-06-26,0,Ferreira do Zêzere,17.9,89.0,2.8,1.5,NW,0.1,13.38,138.75,87.68,3.54,2.32,0.12,2.32,,,,,,,,,,,,15.31
2025-06-26,1,Ferreira do Zêzere,17.6,91.0,2.3,0.93,NW,1.63,14.03,148.96,87.08,3.17,1.92,0.09,1.92,,,,,,,,,,,,15.92
2025-06-26,2,Ferreira do Zêzere,17.7,91.0,2.8,0.4,NW,0.1,14.49,147.43,86.66,3.06,1.81,0.08,1.81,,,,,,,,,,,,16.22
2025-06-26,3,Ferreira do Zêzere,17.8,89.0,2.7,0.65,NW,0.1,14.9,141.11,86.3,2.89,1.66,0.07,1.66,,,,,,,,,,,,16.67
2025-06-26,5,Ferreira do Zêzere,17.7,87.0,3.3,0.33,NW,0.1,16.2,132.45,85.14,2.54,1.25,0.04,1.25,,,,,,,,,,,,16.5
2025-06-26,6,Ferreira do Zêzere,18.2,85.0,3.6,0.1,N,76.1,16.67,124.27,84.72,2.43,1.14,0.03,1.14,,,,,,,,,,,,16.2
2025-06-26,8,Ferreira do Zêzere,20.4,76.0,3.2,0.45,NW,1339.4,16.29,100.27,85.06,2.49,1.45,0.05,1.45,,,,,,,,,,,,15.75
2025-06-26,9,Ferreira do Zêzere,22.0,69.0,3.1,0.4,NW,2006.8,15.03,85.22,86.18,2.9,2.09,0.1,2.09,,,,,,,,,,,,15.35
2025-06-26,10,Ferreira do Zêzere,24.2,62.0,3.4,0.95,NW,2634.1,13.72,70.36,87.36,3.49,2.9,0.18,2.9,,,,,,,,,,,,15.98
2025-06-26,11,Ferreira do Zêzere,26.6,52.0,4.1,0.22,NW,3112.2,12.46,53.09,88.52,4.26,4.02,0.32,4.02,,,,,,,,,,,,16.1
2025-06-26,12,Ferreira do Zêzere,28.4,48.0,4.1,0.25,NW,3424.1,11.14,45.87,89.76,5.09,5.05,0.48,5.05,61.98,6.71,-45.52,61.98,47.35,0.56,8.74,0.32,0.0,0.32,12.0,15.95
2025-06-26,13,Ferreira do Zêzere,29.4,45.0,5.0,0.2,NW,3551.4,9.86,39.87,90.97,6.34,6.43,0.73,6.43,,,,,,,,,,,,15.75
2025-06-26,14,Ferreira do Zêzere,30.2,42.0,5.2,0.2,NW,3479.6,8.99,36.12,91.81,7.21,7.41,0.94,7.41,,,,,,,,,,,,15.85
2025-06-26,15,Ferreira do Zêzere,30.5,43.0,4.8,0.01,NW,3211.8,8.47,36.64,92.32,7.59,7.75,1.02,7.75,,,,,,,,,,,,15.44
2025-06-26,16,Ferreira do Zêzere,30.4,44.0,5.4,0.3,NW,2773.0,8.05,36.5,92.73,8.29,8.32,1.16,8.32,,,,,,,,,,,,15.57
2025-06-26,17,Ferreira do Zêzere,29.8,45.0,5.7,0.01,NW,2184.3,7.731,37.64,93.04,8.8,8.69,1.25,8.69,,,,,,,,,,,,14.93
2025-06-26,18,Ferreira do Zêzere,28.4,48.0,5.2,0.2,NW,1506.4,7.679,40.17,93.09,8.64,8.53,1.21,8.53,,,,,,,,,,,,9.43
2025-06-26,19,Ferreira do Zêzere,26.6,52.0,4.3,0.2,NW,759.9,7.654,48.16,93.12,8.28,7.94,1.06,7.94,,,,,,,,,,,,9.43
2025-06-26,20,Ferreira do Zêzere,24.2,62.0,4.9,0.2,NW,117.3,7.755,59.86,93.02,8.42,7.54,0.97,7.54,,,,,,,,,,,,9.08
2025-06-26,21,Ferreira do Zêzere,22.0,72.0,4.7,0.3,NW,3.3,8.27,76.16,92.51,7.77,6.57,0.76,6.57,,,,,,,,,,,,8.93
2025-06-26,22,Ferreira do Zêzere,20.6,80.0,3.6,0.3,NW,3.3,8.86,94.41,91.94,6.77,5.5,0.56,5.5,,,,,,,,,,,,8.6
2025-06-26,23,Ferreira do Zêzere,19.6,84.0,3.4,0.5,NW,6.9,9.41,105.39,91.41,6.22,4.92,0.46,4.92,,,,,,,,,,,,8.6
2025-06-27,0,Ferreira do Zêzere,18.9,87.0,2.5,0.2,N,0.64,9.99,104.55,90.85,5.49,4.69,0.42,4.69,,,,,,,,,,,,7.3
2025-06-27,1,Ferreira do Zêzere,18.3,89.0,2.0,0.3,N,8.5,10.4,108.3,90.46,5.06,4.3,0.36,4.3,,,,,,,,,,,,6.67
2025-06-27,2,Ferreira do Zêzere,18.0,91.0,2.8,0.2,N,0.14,10.75,110.23,90.13,5.03,4.24,0.35,4.24,,,,,,,,,,,,6.47
2025-06-27,3,Ferreira do Zêzere,17.8,92.0,2.7,0.4,NW,0.5,11.26,111.75,89.64,4.67,3.91,0.3,3.91,,,,,,,,,,,,6.22
2025-06-27,4,Ferreira do Zêzere,17.6,93.0,3.2,0.2,NW,1.0,11.92,115.17,89.03,4.38,3.6,0.26,3.6,,,,,,,,,,,,6.42
2025-06-27,5,Ferreira do Zêzere,17.4,93.0,2.3,0.1,N,2.1,12.43,115.6,88.55,3.91,3.16,0.21,3.16,,,,,,,,,,,,6.19
2025-06-27,6,Ferreira do Zêzere,17.4,93.0,3.1,0.1,N,58.2,12.99,113.94,88.03,3.78,3.03,0.19,3.03,,,,,,,,,,,,6.19
2025-06-27,8,Ferreira do Zêzere,19.8,86.0,3.5,0.2,NW,1104.6,13.06,91.15,87.97,3.82,3.25,0.22,3.25,,,,,,,,,,,,5.94
2025-06-27,9,Ferreira do Zêzere,22.4,76.0,3.2,0.3,NW,1982.3,12.44,70.88,88.54,4.09,3.78,0.29,3.78,,,,,,,,,,,,5.84
2025-06-27,10,Ferreira do Zêzere,25.9,64.0,3.0,0.25,NW,2604.9,11.57,50.26,89.35,4.55,4.76,0.43,4.76,,,,,,,,,,,,5.14
2025-06-27,11,Ferreira do Zêzere,28.8,55.0,3.1,0.23,NW,3093.9,10.56,38.94,90.31,5.24,5.94,0.64,5.94,,,,,,,,,,,,5.15
2025-06-27,12,Ferreira do Zêzere,31.5,46.0,2.8,0.13,N,3423.4,9.56,30.12,91.26,5.91,7.26,0.91,7.26,72.31,8.13,-41.52,72.31,32.1,0.78,10.87,0.49,0.01,0.49,12.0,5.03
2025-06-27,13,Ferreira do Zêzere,34.0,38.0,2.9,0.1,NW,3553.3,8.61,22.83,92.18,6.77,8.95,1.32,8.95,,,,,,,,,,,,4.93
2025-06-27,14,Ferreira do Zêzere,35.4,33.0,2.8,0.27,N,3491.6,7.829,19.41,92.95,7.5,10.35,1.7,10.35,,,,,,,,,,,,5.0
2025-06-27,15,Ferreira do Zêzere,35.9,31.0,3.5,0.3,NW,3230.0,7.364,17.68,93.4,8.28,11.36,2.01,11.36,,,,,,,,,,,,5.29
2025-06-27,16,Ferreira do Zêzere,36.2,32.0,4.7,0.3,NW,2776.4,7.055,16.68,93.71,9.18,12.31,2.31,12.31,,,,,,,,,,,,5.29
2025-06-27,17,Ferreira do Zêzere,35.3,37.0,5.2,0.1,NW,2165.0,6.913,19.12,93.85,9.6,12.07,2.23,12.07,,,,,,,,,,,,5.38
2025-06-27,18,Ferreira do Zêzere,33.5,41.0,3.8,0.4,NW,1492.0,6.876,24.5,93.89,8.99,10.82,1.84,10.82,,,,,,,,,,,,5.58
2025-06-27,19,Ferreira do Zêzere,30.8,48.0,4.6,0.3,NW,763.7,6.902,30.68,93.86,9.33,10.38,1.71,10.38,,,,,,,,,,,,5.68
2025-06-27,20,Ferreira do Zêzere,27.9,59.0,4.1,0.25,NW,151.6,6.942,42.66,93.82,9.05,9.31,1.41,9.31,,,,,,,,,,,,5.73
2025-06-27,21,Ferreira do Zêzere,25.3,68.0,3.9,0.3,NW,5.6,7.249,54.82,93.52,8.59,8.35,1.16,8.35,,,,,,,,,,,,5.73
2025-06-27,22,Ferreira do Zêzere,23.4,71.0,3.0,0.3,NW,0.1,7.493,63.31,93.28,7.93,7.58,0.98,7.58,,,,,,,,,,,,5.73
2025-06-27,23,Ferreira do Zêzere,21.8,74.0,3.1,0.2,NW,0.7,7.628,67.75,93.14,7.83,7.37,0.93,7.37,,,,,,,,,,,,5.43
2025-06-28,0,Ferreira do Zêzere,20.6,79.0,2.9,0.3,NW,0.7,7.689,74.19,93.08,7.68,7.83,1.04,7.83,,,,,,,,,,,,5.53
2025-06-28,1,Ferreira do Zêzere,19.7,82.0,2.3,0.2,N,0.1,7.777,80.87,93.0,7.36,7.44,0.95,7.44,,,,,,,,,,,,5.43
2025-06-28,2,Ferreira do Zêzere,19.2,85.0,2.7,0.2,N,0.3,7.853,85.29,92.92,7.44,7.39,0.94,7.39,,,,,,,,,,,,5.43
2025-06-28,3,Ferreira do Zêzere,18.4,89.0,2.4,0.25,NW,0.3,7.947,93.45,92.83,7.23,7.11,0.88,7.11,,,,,,,,,,,,5.28
2025-06-28,4,Ferreira do Zêzere,17.9,91.0,2.9,0.2,NW,0.1,8.15,97.18,92.63,7.21,7.02,0.86,7.02,,,,,,,,,,,,5.28
2025-06-28,5,Ferreira do Zêzere,17.8,92.0,2.9,0.3,N,0.1,8.36,101.34,92.42,7.0,6.77,0.8,6.77,,,,,,,,,,,,5.48
2025-06-28,6,Ferreira do Zêzere,17.7,93.0,3.4,0.1,NW,116.5,8.55,103.15,92.24,7.0,6.73,0.8,6.73,,,,,,,,,,,,5.48
2025-06-28,7,Ferreira do Zêzere,18.6,91.0,2.7,0.1,N,574.1,8.71,99.39,92.08,6.61,6.43,0.73,6.43,,,,,,,,,,,,5.58
2025-06-28,8,Ferreira do Zêzere,21.0,81.0,2.9,0.3,NW,1182.1,8.76,77.34,92.04,6.63,6.77,0.8,6.77,,,,,,,,,,,,5.68
2025-06-28,9,Ferreira do Zêzere,24.9,68.0,1.6,0.15,NW,1882.0,8.55,59.05,92.24,6.39,7.18,0.89,7.18,,,,,,,,,,,,5.53
2025-06-28,10,Ferreira do Zêzere,28.8,58.0,1.2,0.01,NW,2402.1,8.27,44.9,92.51,6.51,8.1,1.1,8.1,,,,,,,,,,,,5.29
2025-06-28,11,Ferreira do Zêzere,32.3,49.0,1.1,0.1,NW,2901.4,7.703,33.63,93.07,7.0,9.79,1.54,9.79,,,,,,,,,,,,5.16
2025-06-28,12,Ferreira do Zêzere,35.6,41.0,1.6,0.2,NW,3217.6,7.022,23.9,93.74,7.89,12.97,2.54,12.97,78.01,10.08,-37.12,78.01,24.66,1.02,15.01,0.78,0.02,0.78,12.0,5.23
2025-06-28,13,Ferreira do Zêzere,37.8,34.0,1.4,0.2,W,2866.0,6.685,18.85,94.08,8.18,19.43,5.19,19.43,,,,,,,,,,,,5.33
2025-06-28,19,Ferreira do Zêzere,35.6,44.0,3.6,0.2,NW,562.7,6.122,21.51,94.64,9.88,16.05,3.7,16.05,,,,,,,,,,,,4.67
2025-06-28,20,Ferreira do Zêzere,31.2,57.0,3.3,4.27,NW,148.3,6.306,40.83,94.46,9.49,10.48,1.74,10.48,,,,,,,,,,,,8.69
2025-06-28,21,Ferreira do Zêzere,27.4,66.0,3.3,2.9,NW,3.5,6.661,59.25,94.1,9.03,9.06,1.35,9.06,,,,,,,,,,,,11.29
2025-06-28,22,Ferreira do Zêzere,25.0,72.0,1.9,0.1,N,4.1,6.881,76.67,93.88,8.17,7.97,1.07,7.97,,,,,,,,,,,,11.09
2025-06-28,23,Ferreira do Zêzere,23.6,77.0,2.1,0.1,N,4.8,6.935,86.2,93.83,8.19,7.76,1.02,7.76,,,,,,,,,,,,10.99
2025-06-29,0,Ferreira do Zêzere,23.1,77.0,2.3,0.1,N,0.6,6.987,85.14,93.78,8.21,8.01,1.08,8.01,,,,,,,,,,,,10.79
2025-06-29,1,Ferreira do Zêzere,22.4,78.0,2.5,0.1,N,1.0,6.996,87.17,93.77,8.29,8.02,1.08,8.02,,,,,,,,,,,,10.69
2025-06-29,2,Ferreira do Zêzere,21.8,79.0,1.8,0.01,NW,0.2,7.031,92.64,93.73,7.96,7.71,1.01,7.71,,,,,,,,,,,,10.5
2025-06-29,3,Ferreira do Zêzere,21.0,81.0,1.1,0.01,N,0.7,7.125,100.93,93.64,7.58,7.32,0.92,7.32,,,,,,,,,,,,10.26
2025-06-29,4,Ferreira do Zêzere,21.1,80.0,1.8,0.1,NE,3.44,7.125,94.9,93.64,7.86,7.59,0.98,7.59,,,,,,,,,,,,10.16
2025-06-29,5,Ferreira do Zêzere,20.4,81.0,0.9,0.75,E,0.4,7.279,104.12,93.49,7.35,7.07,0.87,7.07,,,,,,,,,,,,10.61
2025-06-29,6,Ferreira do Zêzere,18.9,88.0,0.8,0.1,N,87.4,7.282,121.86,93.48,7.31,6.82,0.81,6.82,,,,,,,,,,,,10.61
2025-06-29,7,Ferreira do Zêzere,22.1,74.0,0.7,2.76,S,509.5,7.297,95.56,93.47,7.26,7.09,0.87,7.09,,,,,,,,,,,,13.27
2025-06-29,8,Ferreira do Zêzere,25.4,64.0,1.1,0.1,E,1151.1,7.277,71.63,93.49,7.43,7.68,1.0,7.68,,,,,,,,,,,,13.07
2025-06-29,9,Ferreira do Zêzere,28.7,55.0,0.4,1.4,E,1813.7,7.268,61.0,93.5,7.18,7.85,1.04,7.85,,,,,,,,,,,,14.32
2025-06-29,10,Ferreira do Zêzere,32.6,48.0,0.8,2.1,W,2421.1,7.098,44.4,93.67,7.5,8.56,1.22,8.56,,,,,,,,,,,,16.41
2025-06-29,11,Ferreira do Zêzere,36.0,41.0,1.1,0.46,SW,2906.9,6.805,31.63,93.96,7.93,9.49,1.46,9.49,,,,,,,,,,,,16.77
2025-06-29,12,Ferreira do Zêzere,38.9,32.0,1.1,0.58,SW,3232.4,6.365,22.15,94.4,8.42,10.63,1.78,10.63,79.93,11.47,-49.32,79.93,22.3,1.19,15.06,0.91,0.02,0.91,12.0,17.15
2025-06-29,13,Ferreira do Zêzere,41.5,23.0,2.1,0.01,W,3381.4,6.015,13.3,94.75,9.3,12.28,2.3,12.28,,,,,,,,,,,,16.96
2025-06-29,14,Ferreira do Zêzere,42.5,18.0,1.8,1.3,NW,3340.3,4.922,11.14,95.86,10.66,14.01,2.91,14.01,,,,,,,,,,,,18.25
2025-06-29,15,Ferreira do Zêzere,43.4,17.0,3.8,0.32,NW,3094.3,4.512,8.29,96.28,12.47,15.99,3.67,15.99,,,,,,,,,,,,18.47
2025-06-29,16,Ferreira do Zêzere,42.0,22.0,4.5,0.2,NW,2643.8,4.487,10.46,96.3,12.97,15.91,3.64,15.91,,,,,,,,,,,,18.47
2025-06-29,17,Ferreira do Zêzere,41.0,23.0,5.0,0.7,N,2172.2,4.08,11.42,96.72,14.07,16.68,3.96,16.68,,,,,,,,,,,,18.97
2025-06-29,18,Ferreira do Zêzere,38.6,20.0,8.3,1.59,E,992.8,3.797,11.18,97.02,17.28,19.18,5.07,19.18,,,,,,,,,,,,20.26
2025-06-29,19,Ferreira do Zêzere,32.3,30.0,3.6,0.3,E,285.1,4.181,27.39,96.62,12.93,14.14,2.96,14.14,,,,,,,,,,,,20.36
2025-06-29,20,Ferreira do Zêzere,32.3,29.0,1.6,0.5,NE,114.7,4.232,30.25,96.57,11.61,13.22,2.63,13.22,,,,,,,,,,,,16.59
2025-06-29,21,Ferreira do Zêzere,31.8,29.0,0.8,0.36,NW,4.2,4.248,33.04,96.55,11.12,12.89,2.51,12.89,,,,,,,,,,,,14.05
2025-06-29,22,Ferreira do Zêzere,28.8,37.0,1.6,1.0,N,0.1,4.344,40.75,96.45,11.43,12.42,2.35,12.42,,,,,,,,,,,,14.95
2025-06-29,23,Ferreira do Zêzere,29.3,34.0,2.4,0.1,N,0.7,4.353,35.87,96.44,11.88,13.0,2.55,13.0,,,,,,,,,,,,14.95
2025-06-30,0,Ferreira do Zêzere,26.6,42.0,0.8,0.01,S,0.3,4.388,50.55,96.41,10.91,12.39,2.34,12.39,,,,,,,,,,,,14.86
2025-06-30,1,Ferreira do Zêzere,23.2,54.0,0.5,0.01,SE,0.1,4.423,69.65,96.37,10.69,11.48,2.04,11.48,,,,,,,,,,,,14.77
2025-06-30,2,Ferreira do Zêzere,21.5,61.0,0.8,0.01,N,5.9,4.467,78.08,96.32,10.79,11.21,1.96,11.21,,,,,,,,,,,,14.77
2025-06-30,3,Ferreira do Zêzere,20.4,66.0,0.4,0.2,SE,6.5,4.496,89.84,96.29,10.53,10.75,1.82,10.75,,,,,,,,,,,,14.96
2025-06-30,4,Ferreira do Zêzere,20.5,64.0,0.5,0.01,NE,6.8,4.531,86.09,96.26,10.53,10.83,1.84,10.83,,,,,,,,,,,,14.87
2025-06-30,5,Ferreira do Zêzere,19.3,69.0,0.6,0.1,NE,0.1,4.658,93.03,96.13,10.4,10.55,1.76,10.55,,,,,,,,,,,,14.22
2025-06-30,6,Ferreira do Zêzere,18.3,76.0,0.5,0.01,W,80.3,4.814,105.73,95.97,10.13,10.08,1.62,10.08,,,,,,,,,,,,14.13
2025-06-30,7,Ferreira do Zêzere,21.3,66.0,0.4,0.01,N,498.4,4.906,82.99,95.87,9.95,10.6,1.77,10.6,,,,,,,,,,,,11.38
2025-06-30,8,Ferreira do Zêzere,26.3,51.0,0.7,0.01,E,1146.5,5.755,55.59,95.01,8.98,10.55,1.76,10.55,,,,,,,,,,,,11.29
2025-06-30,9,Ferreira do Zêzere,30.9,41.0,1.8,0.4,NW,1823.1,5.907,34.74,94.86,9.3,11.81,2.15,11.81,,,,,,,,,,,,10.29
2025-06-30,10,Ferreira do Zêzere,33.8,36.0,0.7,0.01,E,2439.0,5.907,28.97,94.86,8.8,12.39,2.34,12.39,,,,,,,,,,,,8.2
2025-06-30,11,Ferreira do Zêzere,37.4,24.0,1.3,0.1,NE,2940.2,5.835,17.07,94.93,9.16,14.9,3.25,14.9,,,,,,,,,,,,7.84
2025-06-30,12,Ferreira do Zêzere,39.2,19.0,0.9,0.01,SE,3265.2,5.696,13.8,95.07,9.15,17.97,4.52,17.97,86.87,14.54,-47.07,86.87,14.26,2.86,22.07,4.96,0.46,4.96,12.0,7.27
2025-06-30,13,Ferreira do Zêzere,40.8,19.0,1.5,0.01,W,3412.2,4.706,11.26,96.08,10.81,22.62,6.79,22.62,,,,,,,,,,,,7.27
2025-06-30,17,Ferreira do Zêzere,37.3,36.0,5.6,1.2,NW,2033.6,3.832,15.82,96.98,15.01,21.77,6.35,21.77,,,,,,,,,,,,5.98
2025-06-30,18,Ferreira do Zêzere,35.5,40.0,4.2,0.2,NW,1361.2,3.911,18.54,96.9,13.83,22.21,6.58,22.21,,,,,,,,,,,,4.59
2025-06-30,19,Ferreira do Zêzere,33.5,39.0,4.3,0.1,NW,655.9,3.87,19.79,96.94,13.98,22.04,6.49,22.04,,,,,,,,,,,,4.39
2025-06-30,20,Ferreira do Zêzere,30.3,45.0,4.4,0.01,NW,142.3,4.073,24.22,96.73,13.66,20.17,5.54,20.17,,,,,,,,,,,,3.9
2025-06-30,21,Ferreira do Zêzere,27.9,55.0,3.3,0.01,N,2.5,4.223,31.05,96.58,12.66,17.72,4.41,17.72,,,,,,,,,,,,3.55
2025-06-30,22,Ferreira do Zêzere,26.6,58.0,2.1,0.01,N,1.5,4.382,29.86,96.41,11.66,22.05,6.49,22.05,,,,,,,,,,,,2.56
2025-06-30,23,Ferreira do Zêzere,25.6,59.0,1.8,0.01,NW,0.4,4.48,30.9,96.31,11.33,21.12,6.02,21.12,,,,,,,,,,,,2.47
2025-07-01,0,Ferreira do Zêzere,24.5,62.0,1.7,0.2,N,17.51,4.569,38.46,96.22,11.13,16.82,4.02,16.82,,,,,,,,,,,,2.66
2025-07-01,1,Ferreira do Zêzere,23.5,65.0,1.1,0.4,N,13.67,4.56,45.91,96.23,10.81,14.18,2.97,14.18,,,,,,,,,,,,3.05
2025-07-01,2,Ferreira do Zêzere,22.7,69.0,1.4,0.01,N,0.2,4.556,48.65,96.23,10.99,14.0,2.91,14.0,,,,,,,,,,,,3.05
2025-07-01,3,Ferreira do Zêzere,22.0,71.0,0.7,0.01,N,0.1,4.649,51.23,96.14,10.47,13.6,2.76,13.6,,,,,,,,,,,,2.86
2025-07-01,4,Ferreira do Zêzere,20.5,78.0,1.9,0.01,N,0.1,4.69,54.81,96.1,11.06,13.68,2.79,13.68,,,,,,,,,,,,2.86
2025-07-01,5,Ferreira do Zêzere,19.9,81.0,2.0,3.3,N,0.41,4.658,84.38,96.13,11.16,11.5,2.05,11.5,,,,,,,,,,,,6.06
2025-07-01,6,Ferreira do Zêzere,19.6,83.0,1.8,0.1,N,80.0,4.887,89.27,95.89,10.71,11.01,1.9,11.01,,,,,,,,,,,,6.15
2025-07-01,7,Ferreira do Zêzere,20.7,79.0,1.5,0.01,NW,527.6,5.761,82.63,95.01,9.34,9.99,1.6,9.99,,,,,,,,,,,,6.15
2025-07-01,8,Ferreira do Zêzere,23.3,69.0,2.2,0.1,NW,1193.5,5.933,63.84,94.83,9.45,10.51,1.75,10.51,,,,,,,,,,,,6.24
2025-07-01,9,Ferreira do Zêzere,26.5,58.0,3.1,0.01,NW,1870.2,6.052,45.34,94.71,9.73,11.55,2.07,11.55,,,,,,,,,,,,5.85
2025-07-01,10,Ferreira do Zêzere,29.2,52.0,3.6,0.01,NW,2478.0,6.017,36.21,94.75,10.03,12.39,2.34,12.39,,,,,,,,,,,,5.85
2025-07-01,11,Ferreira do Zêzere,31.1,47.0,2.7,0.01,N,2943.3,6.011,31.96,94.75,9.59,12.51,2.38,12.51,,,,,,,,,,,,5.76
2025-07-01,12,Ferreira do Zêzere,33.0,42.0,2.3,0.01,N,3247.5,5.998,27.44,94.77,9.42,12.97,2.54,12.97,76.9,13.0,-43.52,76.9,26.07,0.97,19.61,0.87,0.02,0.87,12.0,5.76
2025-07-01,13,Ferreira do Zêzere,35.3,37.0,3.5,0.01,NW,3370.2,5.883,20.63,94.88,10.16,14.77,3.2,14.77,,,,,,,,,,,,5.76
2025-07-01,14,Ferreira do Zêzere,35.4,37.0,4.0,0.01,NW,3305.4,5.722,19.99,95.05,10.66,15.35,3.42,15.35,,,,,,,,,,,,5.76
2025-07-01,15,Ferreira do Zêzere,34.3,43.0,5.8,0.3,NW,3069.3,5.727,22.32,95.04,11.66,15.24,3.38,15.24,,,,,,,,,,,,6.05
2025-07-01,16,Ferreira do Zêzere,33.6,45.0,5.0,0.01,NW,2614.4,5.746,24.8,95.02,11.17,14.46,3.07,14.46,,,,,,,,,,,,6.05
2025-07-01,17,Ferreira do Zêzere,32.8,45.0,5.9,0.78,N,2020.9,5.755,24.46,95.01,11.67,15.12,3.33,15.12,,,,,,,,,,,,5.63
2025-07-01,18,Ferreira do Zêzere,30.3,48.0,5.9,1.07,NW,1362.2,5.776,30.36,94.99,11.64,14.0,2.91,14.0,,,,,,,,,,,,6.5
2025-07-01,20,Ferreira do Zêzere,25.0,63.0,5.0,0.2,NW,140.2,5.939,49.85,94.83,10.88,12.03,2.22,12.03,,,,,,,,,,,,6.59
2025-07-01,21,Ferreira do Zêzere,22.4,72.0,4.8,0.01,NW,2.6,6.298,63.22,94.47,10.25,10.98,1.89,10.98,,,,,,,,,,,,6.59
2025-07-01,22,Ferreira do Zêzere,20.7,78.0,4.9,0.01,NW,14.46,6.6,73.41,94.16,9.88,10.38,1.71,10.38,,,,,,,,,,,,6.59
2025-07-01,23,Ferreira do Zêzere,19.7,83.0,3.7,0.01,NW,26.98,6.826,85.72,93.94,9.01,9.44,1.45,9.44,,,,,,,,,,,,6.59
2025-07-02,0,Ferreira do Zêzere,19.0,86.0,4.5,0.1,NW,27.25,7.081,94.14,93.68,9.06,8.87,1.3,8.87,,,,,,,,,,,,6.49
2025-07-02,1,Ferreira do Zêzere,18.9,86.0,5.9,0.01,NW,0.01,7.672,89.5,93.1,8.96,8.87,1.3,8.87,,,,,,,,,,,,6.1
2025-07-02,2,Ferreira do Zêzere,18.9,86.0,5.1,0.01,NW,0.1,8.15,91.0,92.63,8.06,8.09,1.1,8.09,,,,,,,,,,,,6.1
2025-07-02,3,Ferreira do Zêzere,19.1,86.0,4.6,0.2,NW,0.71,8.68,92.75,92.11,7.3,7.38,0.93,7.38,,,,,,,,,,,,6.29
2025-07-02,4,Ferreira do Zêzere,19.2,86.0,4.2,0.01,NW,0.1,9.35,93.48,91.46,6.53,6.66,0.78,6.66,,,,,,,,,,,,6.29
2025-07-02,5,Ferreira do Zêzere,19.1,86.0,4.5,0.8,NW,0.1,10.06,74.91,90.78,6.02,6.86,0.82,6.86,,,,,,,,,,,,3.79
2025-07-02,6,Ferreira do Zêzere,18.9,86.0,5.1,0.1,NW,52.3,10.64,74.2,90.23,5.73,6.55,0.76,6.55,,,,,,,,,,,,3.79
2025-07-02,8,Ferreira do Zêzere,20.1,81.0,4.9,0.1,N,952.3,11.02,65.62,89.87,5.39,6.34,0.72,6.34,,,,,,,,,,,,3.78
2025-07-02,9,Ferreira do Zêzere,22.1,73.0,5.3,0.01,NW,1882.1,10.94,53.63,89.95,5.56,6.84,0.82,6.84,,,,,,,,,,,,3.78
2025-07-02,10,Ferreira do Zêzere,23.9,67.0,2.35,0.01,---,1938.8,10.59,51.53,90.28,5.02,6.51,0.75,6.51,,,,,,,,,,,,3.78
2025-07-02,11,Ferreira do Zêzere,26.3,60.0,3.4,0.2,NW,2946.0,10.07,41.85,90.77,5.68,7.66,1.0,7.66,,,,,,,,,,,,3.97
2025-07-02,12,Ferreira do Zêzere,28.0,56.0,4.5,0.27,NW,3264.7,9.3,36.24,91.51,6.67,9.03,1.34,9.03,70.43,11.2,-38.71,70.43,34.7,0.8,17.13,0.66,0.01,0.66,12.0,4.23
2025-07-02,13,Ferreira do Zêzere,29.7,52.0,4.2,0.01,NW,3385.0,8.52,32.09,92.27,7.32,10.29,1.68,10.29,,,,,,,,,,,,4.23
2025-07-02,14,Ferreira do Zêzere,31.2,48.0,3.6,0.1,NW,3319.8,7.96,29.1,92.82,7.67,11.26,1.98,11.26,,,,,,,,,,,,4.32
2025-07-02,15,Ferreira do Zêzere,32.2,45.0,5.1,0.1,NW,3079.3,7.508,24.39,93.26,8.8,13.71,2.8,13.71,,,,,,,,,,,,4.12
2025-07-02,16,Ferreira do Zêzere,32.2,42.0,5.0,0.01,NW,2655.9,7.275,23.26,93.49,9.04,14.61,3.13,14.61,,,,,,,,,,,,4.12
2025-07-02,17,Ferreira do Zêzere,31.2,43.0,5.5,0.3,NW,2081.1,7.072,23.37,93.69,9.54,16.22,3.77,16.22,,,,,,,,,,,,3.64
2025-07-02,18,Ferreira do Zêzere,29.9,47.0,5.2,0.48,NW,1403.0,7.077,25.03,93.69,9.39,17.45,4.29,17.45,,,,,,,,,,,,3.05
2025-07-02,19,Ferreira do Zêzere,28.2,52.0,4.1,0.01,NW,691.4,7.061,30.15,93.7,8.9,14.13,2.95,14.13,,,,,,,,,,,,3.06
2025-07-02,20,Ferreira do Zêzere,25.7,60.0,4.0,0.45,NW,150.1,7.214,38.61,93.55,8.67,11.66,2.1,11.66,,,,,,,,,,,,3.31
2025-07-02,21,Ferreira do Zêzere,22.8,71.0,3.9,0.43,NW,3.6,7.657,52.84,93.11,8.12,9.72,1.52,9.72,,,,,,,,,,,,3.73
2025-07-02,22,Ferreira do Zêzere,21.2,77.0,3.5,0.01,NW,10.03,8.06,61.58,92.72,7.52,8.8,1.28,8.8,,,,,,,,,,,,3.73
2025-07-02,23,Ferreira do Zêzere,20.0,81.0,2.5,0.35,NW,7.17,8.34,73.03,92.44,6.88,7.79,1.03,7.79,,,,,,,,,,,,4.07
2025-07-03,0,Ferreira do Zêzere,19.0,85.0,2.1,0.1,NW,0.2,8.45,75.06,92.34,6.65,8.76,1.27,8.76,,,,,,,,,,,,4.07
2025-07-03,1,Ferreira do Zêzere,18.3,87.0,1.65,0.01,---,0.1,8.57,79.81,92.22,6.39,8.32,1.16,8.32,,,,,,,,,,,,4.07
2025-07-03,2,Ferreira do Zêzere,18.25,82.99,1.67,0.1,SE,0.1,8.66,75.11,92.13,6.32,8.33,1.16,8.33,,,,,,,,,,,,4.16
2025-07-03,3,Ferreira do Zêzere,18.09,83.99,1.63,0.1,SW,0.5,8.83,75.7,91.97,6.16,8.19,1.13,8.19,,,,,,,,,,,,4.06
2025-07-03,4,Ferreira do Zêzere,18.11,84.54,2.04,0.4,S,0.1,9.06,79.04,91.74,6.09,7.74,1.02,7.74,,,,,,,,,,,,4.45
2025-07-03,5,Ferreira do Zêzere,16.9,91.0,1.3,0.2,N,0.1,9.21,85.45,91.6,5.75,7.55,0.97,7.55,,,,,,,,,,,,3.85
2025-07-03,6,Ferreira do Zêzere,16.7,92.0,1.2,0.1,NE,77.1,9.35,87.45,91.46,5.61,7.34,0.93,7.34,,,,,,,,,,,,3.85
2025-07-03,7,Ferreira do Zêzere,18.5,86.0,0.7,0.01,NW,516.4,9.67,79.04,91.16,5.24,7.24,0.9,7.24,,,,,,,,,,,,3.86
2025-07-03,8,Ferreira do Zêzere,21.5,74.0,1.0,0.1,SW,1173.5,9.66,61.26,91.17,5.33,8.54,1.21,8.54,,,,,,,,,,,,3.86
2025-07-03,9,Ferreira do Zêzere,24.2,67.0,0.7,0.01,S,1858.5,9.34,53.2,91.47,5.48,10.97,1.89,10.97,,,,,,,,,,,,3.86
2025-07-03,11,Ferreira do Zêzere,31.0,46.0,1.3,0.01,NW,2973.6,8.44,28.67,92.35,6.39,2.9,0.18,2.9,,,,,,,,,,,,3.67
2025-07-03,12,Ferreira do Zêzere,33.0,39.0,1.9,0.01,W,3263.7,7.93,21.67,92.85,7.07,6.13,0.67,6.13,79.28,12.38,-31.85,79.28,23.1,1.16,79.42,4.92,0.46,4.92,12.0,3.41
2025-07-03,13,Ferreira do Zêzere,35.5,34.0,2.1,0.01,W,3393.8,7.386,17.2,93.38,7.69,7.57,0.98,7.57,,,,,,,,,,,,3.41
2025-07-03,14,Ferreira do Zêzere,37.5,30.0,1.9,0.01,SW,3360.7,6.894,14.19,93.87,8.15,8.64,1.24,8.64,,,,,,,,,,,,3.32
2025-07-03,15,Ferreira do Zêzere,38.5,27.0,2.1,0.01,SW,3107.7,6.298,12.17,94.47,8.94,9.75,1.53,9.75,,,,,,,,,,,,3.23
2025-07-03,16,Ferreira do Zêzere,38.8,26.0,2.3,0.01,W,2666.0,6.163,11.5,94.6,9.2,10.09,1.63,10.09,,,,,,,,,,,,3.23
2025-07-03,17,Ferreira do Zêzere,38.9,26.0,4.2,8.3,NW,2062.9,5.852,14.27,94.91,10.57,18.09,4.57,18.09,,,,,,,,,,,,11.23
2025-07-03,18,Ferreira do Zêzere,33.6,41.0,5.4,9.2,NW,1402.1,5.831,27.9,94.94,11.26,12.57,2.4,12.57,,,,,,,,,,,,19.95
2025-07-03,19,Ferreira do Zêzere,31.1,46.0,4.2,1.7,NW,672.3,6.002,37.38,94.76,10.36,11.21,1.96,11.21,,,,,,,,,,,,21.64
2025-07-03,20,Ferreira do Zêzere,29.0,51.0,2.5,2.66,NW,128.3,6.122,49.97,94.64,9.35,9.88,1.57,9.88,,,,,,,,,,,,23.85
2025-07-03,21,Ferreira do Zêzere,27.2,56.0,1.5,2.5,NW,0.9,6.367,63.21,94.4,8.59,8.87,1.29,8.87,,,,,,,,,,,,25.92
2025-07-03,22,Ferreira do Zêzere,24.9,65.0,1.3,1.53,NW,0.7,6.55,80.96,94.21,8.29,8.18,1.12,8.18,,,,,,,,,,,,27.44
2025-07-03,23,Ferreira do Zêzere,23.9,69.0,0.4,0.1,N,0.6,6.763,97.23,94.0,7.7,7.51,0.96,7.51,,,,,,,,,,,,27.19
2025-07-04,0,Ferreira do Zêzere,21.6,78.0,0.2,0.01,S,0.6,6.92,125.99,93.84,7.46,6.45,0.74,6.45,,,,,,,,,,,,27.1
2025-07-04,1,Ferreira do Zêzere,20.7,81.0,0.7,0.01,NE,0.1,7.04,127.53,93.72,7.52,6.4,0.73,6.4,,,,,,,,,,,,27.1
2025-07-04,2,Ferreira do Zêzere,19.7,85.0,1.0,0.01,E,0.3,7.192,136.8,93.57,7.48,6.25,0.7,6.25,,,,,,,,,,,,27.01
2025-07-04,3,Ferreira do Zêzere,19.1,88.0,0.5,0.1,N,1.1,7.5,150.89,93.27,6.99,5.78,0.61,5.78,,,,,,,,,,,,27.01
2025-07-04,4,Ferreira do Zêzere,18.8,89.0,0.8,0.1,SW,0.9,7.842,151.42,92.93,6.77,5.58,0.57,5.58,,,,,,,,,,,,26.71
2025-07-04,5,Ferreira do Zêzere,18.0,90.0,0.5,0.1,N,1.2,8.23,158.17,92.55,6.32,5.19,0.5,5.19,,,,,,,,,,,,26.61
2025-07-04,6,Ferreira do Zêzere,17.7,93.0,0.2,0.1,W,80.0,8.71,171.19,92.08,5.83,4.72,0.42,4.72,,,,,,,,,,,,26.61
2025-07-04,7,Ferreira do Zêzere,20.6,82.0,0.3,0.1,W,519.7,8.99,134.98,91.81,5.64,4.8,0.44,4.8,,,,,,,,,,,,26.7
2025-07-04,8,Ferreira do Zêzere,23.9,71.0,0.6,0.01,SW,1189.1,9.08,100.96,91.72,5.65,5.13,0.49,5.13,,,,,,,,,,,,26.61
2025-07-04,9,Ferreira do Zêzere,26.9,61.0,1.2,0.2,W,1865.4,8.79,73.51,92.01,6.06,5.84,0.62,5.84,,,,,,,,,,,,26.8
2025-07-04,10,Ferreira do Zêzere,30.0,50.0,1.4,0.45,W,2477.6,8.53,53.14,92.26,6.34,6.53,0.75,6.53,,,,,,,,,,,,27.24
2025-07-04,11,Ferreira do Zêzere,31.8,44.0,1.6,0.22,NW,2940.9,8.23,43.29,92.55,6.68,7.11,0.88,7.11,,,,,,,,,,,,27.45
2025-07-04,12,Ferreira do Zêzere,34.0,39.0,2.1,0.01,W,3218.5,7.727,33.72,93.05,7.34,8.03,1.09,8.03,71.75,10.05,-59.34,71.75,32.86,0.74,12.38,0.5,0.01,0.5,12.0,27.45
2025-07-04,13,Ferreira do Zêzere,36.3,31.0,3.1,0.01,SE,3414.9,7.286,23.32,93.48,8.2,9.3,1.41,9.3,,,,,,,,,,,,27.45
2025-07-04,14,Ferreira do Zêzere,37.3,28.0,2.4,0.01,SW,3351.7,6.746,21.61,94.02,8.53,9.8,1.54,9.8,,,,,,,,,,,,27.45
2025-07-04,15,Ferreira do Zêzere,37.4,29.0,2.6,0.01,W,3088.1,6.343,21.53,94.42,9.11,10.32,1.69,10.32,,,,,,,,,,,,27.45
2025-07-04,16,Ferreira do Zêzere,35.2,36.0,6.2,0.01,NW,2661.7,6.25,23.38,94.51,11.07,11.59,2.08,11.59,,,,,,,,,,,,27.45
2025-07-04,17,Ferreira do Zêzere,33.1,42.0,5.1,0.01,NW,2030.9,6.313,30.29,94.45,10.38,10.75,1.82,10.75,,,,,,,,,,,,19.16
2025-07-04,18,Ferreira do Zêzere,31.6,46.0,4.2,0.4,NW,1360.9,6.374,33.7,94.39,9.84,10.36,1.71,10.36,,,,,,,,,,,,10.36
2025-07-04,19,Ferreira do Zêzere,30.0,49.0,4.1,0.01,NW,668.1,6.417,37.15,94.35,9.73,10.17,1.65,10.17,,,,,,,,,,,,8.67
2025-07-04,20,Ferreira do Zêzere,28.3,53.0,4.4,0.01,NW,128.8,6.515,38.34,94.25,9.74,10.24,1.67,10.24,,,,,,,,,,,,6.02
2025-07-04,21,Ferreira do Zêzere,26.5,58.0,2.7,0.01,NW,2.1,6.805,39.16,93.96,8.59,9.55,1.48,9.55,,,,,,,,,,,,3.53
2025-07-04,22,Ferreira do Zêzere,25.0,62.0,2.1,0.01,NW,10.65,7.031,34.08,93.73,8.08,9.83,1.55,9.83,,,,,,,,,,,,2.01
2025-07-04,23,Ferreira do Zêzere,23.9,66.0,1.8,0.01,NW,0.1,7.273,36.67,93.49,7.7,9.36,1.42,9.36,,,,,,,,,,,,1.92
2025-07-05,0,Ferreira do Zêzere,22.9,70.0,1.7,0.01,NW,0.2,7.362,40.21,93.41,7.57,9.1,1.36,9.1,,,,,,,,,,,,1.92
2025-07-05,1,Ferreira do Zêzere,22.2,72.0,1.4,0.01,N,0.01,7.375,42.52,93.39,7.44,8.88,1.3,8.88,,,,,,,,,,,,1.92
2025-07-05,2,Ferreira do Zêzere,21.9,71.0,1.6,0.01,N,8.88,7.436,41.78,93.33,7.45,8.91,1.31,8.91,,,,,,,,,,,,1.92
2025-07-05,3,Ferreira do Zêzere,21.0,73.0,1.8,0.1,N,11.34,7.425,43.33,93.34,7.54,8.91,1.31,8.91,,,,,,,,,,,,1.92
2025-07-05,4,Ferreira do Zêzere,20.7,74.0,1.6,0.1,N,1.9,7.591,44.53,93.18,7.29,8.63,1.23,8.63,,,,,,,,,,,,1.92
2025-07-05,5,Ferreira do Zêzere,19.8,80.0,1.6,0.23,NW,1.3,7.903,51.13,92.87,6.99,8.02,1.08,8.02,,,,,,,,,,,,2.05
2025-07-05,6,Ferreira do Zêzere,19.5,86.0,2.0,0.6,N,74.6,8.51,63.59,92.28,6.56,7.09,0.87,7.09,,,,,,,,,,,,2.55
2025-07-05,7,Ferreira do Zêzere,20.4,85.0,2.4,0.1,N,522.0,8.98,60.97,91.82,6.27,6.84,0.82,6.84,,,,,,,,,,,,2.55
2025-07-05,8,Ferreira do Zêzere,21.8,79.0,1.6,0.1,N,1170.6,9.18,56.3,91.63,5.86,6.54,0.75,6.54,,,,,,,,,,,,2.64
2025-07-05,9,Ferreira do Zêzere,24.3,68.0,1.2,1.4,NE,1805.4,9.19,55.42,91.62,5.74,6.26,0.7,6.26,,,,,,,,,,,,3.84
2025-07-05,10,Ferreira do Zêzere,26.7,59.0,2.2,0.01,N,2428.4,9.06,40.06,91.74,6.14,7.14,0.88,7.14,,,,,,,,,,,,3.4
2025-07-05,11,Ferreira do Zêzere,28.7,54.0,1.3,0.6,NW,2904.0,8.72,38.38,92.07,6.15,7.27,0.91,7.27,,,,,,,,,,,,3.78
2025-07-05,12,Ferreira do Zêzere,31.1,49.0,1.5,0.75,SE,3204.6,8.27,34.06,92.51,6.61,7.85,1.04,7.85,71.01,9.79,-54.22,71.01,33.89,0.7,12.28,0.47,0.01,0.47,12.0,4.52
2025-07-05,13,Ferreira do Zêzere,32.3,46.0,2.1,0.01,NW,3348.4,7.689,29.41,93.08,7.38,8.83,1.29,8.83,,,,,,,,,,,,4.52
2025-07-05,14,Ferreira do Zêzere,33.8,41.0,2.2,0.01,NW,3322.6,7.271,24.89,93.5,7.86,9.63,1.5,9.63,,,,,,,,,,,,4.52
2025-07-05,15,Ferreira do Zêzere,34.1,40.0,3.2,0.01,NW,3100.1,7.112,22.68,93.65,8.45,10.3,1.69,10.3,,,,,,,,,,,,4.52
2025-07-05,16,Ferreira do Zêzere,33.6,42.0,4.8,0.2,NW,2659.7,6.97,22.7,93.79,9.34,11.0,1.9,11.0,,,,,,,,,,,,4.71
2025-07-05,17,Ferreira do Zêzere,31.1,49.0,5.9,0.6,NW,2054.4,6.957,28.86,93.81,9.89,10.86,1.85,10.86,,,,,,,,,,,,5.3
2025-07-05,18,Ferreira do Zêzere,28.5,55.0,5.3,0.66,NW,1377.0,7.037,37.14,93.73,9.49,10.03,1.61,10.03,,,,,,,,,,,,5.56
2025-07-05,19,Ferreira do Zêzere,27.1,59.0,4.1,3.5,NW,695.0,7.114,50.33,93.65,8.84,8.81,1.28,8.81,,,,,,,,,,,,9.05
2025-07-05,20,Ferreira do Zêzere,25.4,66.0,4.7,0.7,NW,242.3,7.118,59.87,93.65,9.1,8.67,1.24,8.67,,,,,,,,,,,,9.74
2025-07-05,21,Ferreira do Zêzere,23.2,74.0,4.0,0.1,NW,3.8,7.502,76.31,93.27,8.33,7.69,1.01,7.69,,,,,,,,,,,,9.83
2025-07-05,22,Ferreira do Zêzere,21.5,80.0,4.7,0.01,NW,1.0,7.779,87.76,92.99,8.31,7.45,0.95,7.45,,,,,,,,,,,,9.83
2025-07-05,23,Ferreira do Zêzere,20.2,84.0,3.6,0.01,NW,0.25,8.29,101.74,92.49,7.33,6.51,0.75,6.51,,,,,,,,,,,,9.83
2025-07-06,0,Ferreira do Zêzere,19.5,85.0,4.1,0.01,N,0.3,8.91,105.18,91.89,6.9,5.77,0.6,5.77,,,,,,,,,,,,9.83
2025-07-06,1,Ferreira do Zêzere,18.9,85.0,3.8,0.01,NW,107.4,9.49,107.1,91.33,6.28,5.24,0.51,5.24,,,,,,,,,,,,9.83
2025-07-06,2,Ferreira do Zêzere,18.6,84.0,2.7,0.1,NW,14.34,9.99,109.12,90.85,5.55,4.63,0.41,4.63,,,,,,,,,,,,9.92
2025-07-06,3,Ferreira do Zêzere,18.3,85.0,3.1,0.01,NW,15.13,10.43,110.29,90.43,5.33,4.42,0.38,4.42,,,,,,,,,,,,9.83
2025-07-06,4,Ferreira do Zêzere,17.9,86.0,3.1,0.01,N,0.1,10.85,113.1,90.03,5.03,4.14,0.34,4.14,,,,,,,,,,,,9.74
2025-07-06,5,Ferreira do Zêzere,17.7,86.0,2.9,0.1,N,1.2,11.3,113.69,89.61,4.69,3.83,0.29,3.83,,,,,,,,,,,,9.61
2025-07-06,6,Ferreira do Zêzere,17.6,86.0,4.1,0.2,N,69.1,11.69,109.1,89.24,4.73,3.88,0.3,3.88,,,,,,,,,,,,9.21
2025-07-06,7,Ferreira do Zêzere,18.4,82.0,4.2,1.2,N,516.5,11.84,101.33,89.1,4.66,3.85,0.3,3.85,,,,,,,,,,,,10.31
2025-07-06,8,Ferreira do Zêzere,20.0,76.0,4.7,0.25,N,1188.0,11.81,86.19,89.13,4.79,4.11,0.33,4.11,,,,,,,,,,,,10.46
2025-07-06,9,Ferreira do Zêzere,22.0,69.0,4.3,0.1,NW,1848.9,11.58,71.12,89.34,4.85,4.39,0.37,4.39,,,,,,,,,,,,9.16
2025-07-06,10,Ferreira do Zêzere,25.0,62.0,4.9,0.01,N,2459.3,11.14,56.23,89.76,5.3,5.08,0.48,5.08,,,,,,,,,,,,9.16
2025-07-06,11,Ferreira do Zêzere,27.3,56.0,5.5,0.01,NW,2940.1,10.5,44.88,90.36,5.96,5.98,0.64,5.98,,,,,,,,,,,,8.57
2025-07-06,12,Ferreira do Zêzere,29.2,50.0,4.9,0.01,NW,3254.0,9.63,37.53,91.19,6.51,6.82,0.81,6.82,68.73,8.42,-54.15,68.73,37.1,0.77,10.55,0.48,0.01,0.48,12.0,7.83
2025-07-06,13,Ferreira do Zêzere,30.3,47.0,6.1,0.01,NW,3396.1,8.87,32.33,91.93,7.67,8.08,1.1,8.08,,,,,,,,,,,,7.83
2025-07-06,14,Ferreira do Zêzere,30.9,44.0,6.2,0.01,NW,3358.8,8.2,29.72,92.58,8.46,8.95,1.32,8.95,,,,,,,,,,,,7.83
2025-07-06,15,Ferreira do Zêzere,30.8,42.0,6.5,0.01,N,3151.5,7.799,28.59,92.97,9.07,9.58,1.48,9.58,,,,,,,,,,,,7.83
2025-07-06,16,Ferreira do Zêzere,30.0,43.0,6.7,0.01,NW,2757.5,7.63,29.95,93.14,9.38,9.77,1.54,9.77,,,,,,,,,,,,7.64
2025-07-06,17,Ferreira do Zêzere,28.8,43.0,7.1,0.2,NW,2205.2,7.628,31.05,93.14,9.57,9.88,1.57,9.88,,,,,,,,,,,,7.24
2025-07-06,18,Ferreira do Zêzere,27.8,47.0,6.5,0.01,NW,1509.0,7.404,34.52,93.36,9.58,9.74,1.53,9.74,,,,,,,,,,,,6.59
2025-07-06,19,Ferreira do Zêzere,26.0,55.0,6.4,0.01,NW,755.1,7.345,32.47,93.42,9.61,10.17,1.65,10.17,,,,,,,,,,,,3.1
2025-07-06,20,Ferreira do Zêzere,23.8,64.0,4.6,0.01,NW,119.4,7.478,37.45,93.29,8.62,9.27,1.4,9.27,,,,,,,,,,,,2.41
2025-07-06,21,Ferreira do Zêzere,21.7,75.0,4.6,0.1,NW,3.3,8.01,46.71,92.77,8.01,8.3,1.15,8.3,,,,,,,,,,,,2.41
2025-07-06,22,Ferreira do Zêzere,20.3,82.0,5.5,0.01,NW,0.3,8.63,53.29,92.16,7.69,7.79,1.03,7.79,,,,,,,,,,,,2.41
2025-07-06,23,Ferreira do Zêzere,20.0,83.0,4.9,0.1,NW,3.3,9.3,56.38,91.51,6.81,6.9,0.83,6.9,,,,,,,,,,,,2.5
2025-07-07,0,Ferreira do Zêzere,20.0,84.0,5.6,0.15,NW,5.0,9.94,56.56,90.9,6.46,6.56,0.76,6.56,,,,,,,,,,,,2.64
2025-07-07,1,Ferreira do Zêzere,19.7,85.0,5.0,0.1,NW,7.9,10.59,59.8,90.28,5.74,5.8,0.61,5.8,,,,,,,,,,,,2.73
2025-07-07,2,Ferreira do Zêzere,19.4,86.0,4.3,0.1,NW,7.8,11.19,62.2,89.71,5.11,5.14,0.49,5.14,,,,,,,,,,,,2.73
2025-07-07,3,Ferreira do Zêzere,18.9,88.0,4.7,0.2,NW,0.2,11.84,67.42,89.1,4.78,4.66,0.42,4.66,,,,,,,,,,,,2.92
2025-07-07,4,Ferreira do Zêzere,18.4,90.0,3.9,1.6,NW,7.5,12.5,90.53,88.49,4.2,3.69,0.27,3.69,,,,,,,,,,,,4.51
2025-07-07,5,Ferreira do Zêzere,18.4,90.0,5.4,0.65,NW,9.6,13.11,92.84,87.92,4.18,3.6,0.26,3.6,,,,,,,,,,,,5.06
2025-07-07,6,Ferreira do Zêzere,18.3,91.0,4.2,0.1,NW,26.4,13.62,96.55,87.46,3.68,3.09,0.2,3.09,,,,,,,,,,,,4.96
2025-07-07,7,Ferreira do Zêzere,18.3,91.0,5.2,0.1,NW,165.5,13.98,84.28,87.13,3.69,3.25,0.22,3.25,,,,,,,,,,,,3.86
2025-07-07,8,Ferreira do Zêzere,19.3,86.0,3.8,0.2,N,763.6,13.93,75.31,87.17,3.46,3.1,0.2,3.1,,,,,,,,,,,,3.81
2025-07-07,9,Ferreira do Zêzere,21.5,76.0,4.9,0.1,NW,1922.5,13.24,57.65,87.8,4.0,3.89,0.3,3.89,,,,,,,,,,,,3.81
2025-07-07,10,Ferreira do Zêzere,24.4,67.0,3.2,0.01,NW,2527.0,12.33,48.69,88.64,4.15,4.29,0.36,4.29,,,,,,,,,,,,3.81
2025-07-07,11,Ferreira do Zêzere,27.4,59.0,3.0,0.01,NW,3009.8,11.09,39.35,89.8,4.85,5.35,0.53,5.35,,,,,,,,,,,,3.81
2025-07-07,12,Ferreira do Zêzere,30.1,51.0,3.3,0.6,NW,3337.2,10.06,32.53,90.78,5.66,6.45,0.74,6.45,71.55,8.43,-49.1,71.55,33.14,0.78,10.78,0.49,0.01,0.49,12.0,4.4
2025-07-07,13,Ferreira do Zêzere,32.0,47.0,4.1,0.01,NW,3484.9,9.19,26.94,91.62,6.64,7.73,1.02,7.73,,,,,,,,,,,,4.4
2025-07-07,14,Ferreira do Zêzere,32.6,44.0,4.4,0.2,NW,3427.6,8.54,24.88,92.25,7.37,8.6,1.23,8.6,,,,,,,,,,,,4.59
2025-07-07,15,Ferreira do Zêzere,32.9,45.0,5.2,3.25,NW,3181.1,8.25,27.9,92.53,7.99,8.7,1.25,8.7,,,,,,,,,,,,7.83
2025-07-07,16,Ferreira do Zêzere,32.4,44.0,5.2,11.6,NW,2752.2,7.999,32.59,92.78,8.27,8.47,1.19,8.47,,,,,,,,,,,,19.42
2025-07-07,17,Ferreira do Zêzere,32.0,45.0,4.9,1.03,NW,2129.7,7.84,34.53,92.93,8.32,8.45,1.19,8.45,,,,,,,,,,,,20.25
2025-07-07,18,Ferreira do Zêzere,30.9,46.0,5.1,0.4,NW,1441.9,7.716,37.03,93.06,8.55,8.53,1.21,8.53,,,,,,,,,,,,20.64
2025-07-07,19,Ferreira do Zêzere,29.5,48.0,5.2,0.9,NW,705.2,7.7,41.18,93.07,8.61,8.41,1.18,8.41,,,,,,,,,,,,21.53
2025-07-07,20,Ferreira do Zêzere,27.5,51.0,3.7,0.7,NW,117.6,7.598,51.1,93.17,8.1,7.74,1.02,7.74,,,,,,,,,,,,22.22
2025-07-07,21,Ferreira do Zêzere,24.9,58.0,2.4,1.05,NW,2.5,7.755,68.15,93.02,7.42,6.81,0.81,6.81,,,,,,,,,,,,23.17
2025-07-07,22,Ferreira do Zêzere,22.7,64.0,3.1,1.2,NW,11.54,7.901,78.15,92.87,7.54,6.63,0.77,6.63,,,,,,,,,,,,24.36
2025-07-07,23,Ferreira do Zêzere,21.0,69.0,2.5,0.72,N,0.5,8.04,91.71,92.74,7.17,6.13,0.67,6.13,,,,,,,,,,,,24.98
2025-07-08,0,Ferreira do Zêzere,20.0,73.0,2.3,0.32,NW,0.2,8.19,99.43,92.59,6.96,5.95,0.64,5.95,,,,,,,,,,,,25.15
2025-07-08,1,Ferreira do Zêzere,19.0,76.0,1.4,0.5,N,245.88,8.38,112.04,92.41,6.48,5.46,0.55,5.46,,,,,,,,,,,,25.55
2025-07-08,2,Ferreira do Zêzere,18.1,80.0,1.6,1.34,N,0.1,8.62,121.16,92.17,6.33,5.22,0.51,5.22,,,,,,,,,,,,26.79
2025-07-08,3,Ferreira do Zêzere,17.5,83.0,0.2,1.25,N,0.1,8.85,142.3,91.95,5.72,4.63,0.41,4.63,,,,,,,,,,,,27.84
2025-07-08,4,Ferreira do Zêzere,16.6,87.0,0.8,0.7,NE,0.1,8.96,146.12,91.84,5.8,4.63,0.41,4.63,,,,,,,,,,,,26.94
2025-07-08,5,Ferreira do Zêzere,15.9,90.0,1.3,0.86,N,1.5,9.22,152.61,91.59,5.74,4.52,0.39,4.52,,,,,,,,,,,,27.15
2025-07-08,6,Ferreira do Zêzere,16.2,89.0,0.3,1.03,SW,79.6,9.4,157.45,91.42,5.33,4.18,0.34,4.18,,,,,,,,,,,,28.08
2025-07-08,7,Ferreira do Zêzere,18.6,79.0,0.5,0.1,SE,548.4,9.17,127.51,91.64,5.55,4.59,0.4,4.59,,,,,,,,,,,,28.08
2025-07-08,8,Ferreira do Zêzere,21.6,70.0,0.7,0.78,W,1209.5,8.93,102.57,91.87,5.8,5.05,0.48,5.05,,,,,,,,,,,,28.66
2025-07-08,9,Ferreira do Zêzere,24.9,60.0,1.1,0.1,SW,1858.1,8.5,77.14,92.29,6.28,5.81,0.61,5.81,,,,,,,,,,,,28.66
2025-07-08,10,Ferreira do Zêzere,28.4,50.0,1.2,0.45,W,2462.9,8.12,57.4,92.66,6.65,6.55,0.76,6.55,,,,,,,,,,,,29.1
2025-07-08,11,Ferreira do Zêzere,32.8,34.0,3.3,1.35,SE,2987.3,7.796,30.34,92.98,7.72,8.27,1.14,8.27,,,,,,,,,,,,30.44
2025-07-08,12,Ferreira do Zêzere,34.6,29.0,2.4,1.25,SE,3328.9,7.432,26.43,93.34,7.76,8.59,1.22,8.59,76.28,9.27,-79.76,76.28,26.85,0.93,10.99,0.59,0.01,0.59,12.0,31.09
2025-07-08,13,Ferreira do Zêzere,36.1,27.0,1.4,0.65,SW,3466.3,6.979,25.27,93.79,7.86,8.85,1.29,8.85,,,,,,,,,,,,31.73
2025-07-08,14,Ferreira do Zêzere,37.3,27.0,2.1,0.64,SW,3386.5,6.654,21.67,94.11,8.51,9.56,1.48,9.56,,,,,,,,,,,,32.17
2025-07-08,15,Ferreira do Zêzere,38.0,29.0,2.9,0.77,W,3101.1,6.252,19.96,94.51,9.37,10.35,1.7,10.35,,,,,,,,,,,,29.69
2025-07-08,16,Ferreira do Zêzere,37.9,29.0,2.9,0.8,W,2650.5,6.089,19.33,94.68,9.58,10.67,1.8,10.67,,,,,,,,,,,,18.89
2025-07-08,17,Ferreira do Zêzere,37.9,29.0,2.7,0.1,SW,2053.5,6.048,19.51,94.72,9.54,10.65,1.79,10.65,,,,,,,,,,,,17.96
2025-07-08,18,Ferreira do Zêzere,37.1,29.0,3.6,1.5,NW,1380.9,5.9,19.54,94.87,10.19,11.15,1.94,11.15,,,,,,,,,,,,19.06
2025-07-08,19,Ferreira do Zêzere,32.7,38.0,4.1,0.01,NW,689.1,5.852,29.74,94.91,10.52,10.74,1.82,10.74,,,,,,,,,,,,18.17
2025-07-08,20,Ferreira do Zêzere,29.9,43.0,0.8,0.01,SW,122.1,5.863,47.46,94.9,8.89,8.98,1.32,8.98,,,,,,,,,,,,17.48
2025-07-08,21,Ferreira do Zêzere,26.7,52.0,0.7,0.1,W,1.5,6.022,62.5,94.74,8.66,8.31,1.16,8.31,,,,,,,,,,,,16.53
2025-07-08,22,Ferreira do Zêzere,24.3,59.0,0.9,0.01,S,0.2,6.209,72.97,94.55,8.52,7.89,1.05,7.89,,,,,,,,,,,,15.34
2025-07-08,23,Ferreira do Zêzere,23.1,66.0,1.6,2.85,S,0.1,6.411,81.41,94.35,8.58,7.64,1.0,7.64,,,,,,,,,,,,17.47
2025-07-09,0,Ferreira do Zêzere,21.8,72.0,1.3,1.03,S,0.1,6.737,101.42,94.03,8.08,6.63,0.77,6.63,,,,,,,,,,,,18.18
2025-07-09,1,Ferreira do Zêzere,20.5,78.0,1.3,0.01,S,0.5,7.199,115.28,93.57,7.58,6.06,0.66,6.06,,,,,,,,,,,,17.69
2025-07-09,2,Ferreira do Zêzere,19.5,85.0,2.0,0.01,S,2.6,7.781,128.34,92.99,7.25,5.62,0.58,5.62,,,,,,,,,,,,16.36
2025-07-09,3,Ferreira do Zêzere,19.0,88.0,2.7,0.13,S,3.57,8.47,133.54,92.32,6.83,5.24,0.51,5.24,,,,,,,,,,,,15.24
2025-07-09,4,Ferreira do Zêzere,18.9,88.0,2.2,0.01,SW,6.8,9.23,134.8,91.58,6.0,4.6,0.4,4.6,,,,,,,,,,,,14.55
2025-07-09,5,Ferreira do Zêzere,18.6,89.0,1.8,0.35,S,4.6,9.95,139.44,90.89,5.33,4.03,0.32,4.03,,,,,,,,,,,,14.04
2025-07-09,6,Ferreira do Zêzere,18.3,90.0,2.0,0.2,S,19.8,10.6,140.71,90.27,4.93,3.69,0.27,3.69,,,,,,,,,,,,13.21
2025-07-09,7,Ferreira do Zêzere,18.9,86.0,1.8,0.9,S,154.5,10.99,130.02,89.9,4.63,3.49,0.25,3.49,,,,,,,,,,,,14.01
2025-07-09,8,Ferreira do Zêzere,19.7,80.0,1.8,0.77,S,597.5,11.15,113.97,89.75,4.53,3.52,0.25,3.52,,,,,,,,,,,,14.0
2025-07-09,9,Ferreira do Zêzere,21.9,71.0,1.8,0.4,S,1884.4,10.98,93.09,89.91,4.63,3.82,0.29,3.82,,,,,,,,,,,,14.3
2025-07-09,10,Ferreira do Zêzere,24.0,64.0,1.3,0.3,SW,2525.7,10.6,80.93,90.27,4.76,4.14,0.34,4.14,,,,,,,,,,,,14.15
2025-07-09,11,Ferreira do Zêzere,26.4,57.0,1.9,0.1,SW,2992.0,9.96,63.0,90.88,5.35,4.95,0.46,4.95,,,,,,,,,,,,12.9
2025-07-09,12,Ferreira do Zêzere,28.7,50.0,2.2,0.15,SW,3320.7,9.37,49.52,91.44,5.89,5.75,0.6,5.75,62.52,7.67,-84.4,62.52,46.49,0.53,9.16,0.3,0.0,0.3,12.0,11.8
2025-07-09,13,Ferreira do Zêzere,30.8,45.0,2.1,0.01,SW,3459.6,8.64,41.27,92.15,6.47,6.56,0.76,6.56,,,,,,,,,,,,11.16
2025-07-09,14,Ferreira do Zêzere,32.2,41.0,2.5,0.1,SW,3407.4,7.855,34.6,92.92,7.36,7.61,0.99,7.61,,,,,,,,,,,,10.62
2025-07-09,15,Ferreira do Zêzere,32.8,39.0,2.3,0.16,SW,3138.0,7.511,32.46,93.26,7.64,7.99,1.08,7.99,,,,,,,,,,,,10.01
2025-07-09,16,Ferreira do Zêzere,32.9,38.0,2.2,0.85,SW,2696.6,7.212,32.0,93.55,7.92,8.28,1.15,8.28,,,,,,,,,,,,10.06
2025-07-09,17,Ferreira do Zêzere,32.8,37.0,2.4,0.47,SW,2096.4,7.027,31.39,93.74,8.21,8.56,1.22,8.56,,,,,,,,,,,,10.43
2025-07-09,18,Ferreira do Zêzere,31.5,37.0,3.8,0.2,NW,1454.9,7.037,30.28,93.73,8.8,9.05,1.34,9.05,,,,,,,,,,,,9.13
2025-07-09,19,Ferreira do Zêzere,27.1,54.0,4.2,0.01,NW,728.2,7.077,48.37,93.69,8.93,8.3,1.15,8.3,,,,,,,,,,,,9.13
2025-07-09,20,Ferreira do Zêzere,24.0,63.0,3.7,0.01,NW,124.4,7.221,64.12,93.55,8.53,7.54,0.97,7.54,,,,,,,,,,,,9.13
2025-07-09,21,Ferreira do Zêzere,21.7,70.0,3.5,0.01,NW,1.9,7.705,77.56,93.07,7.9,6.75,0.8,6.75,,,,,,,,,,,,9.04
2025-07-09,22,Ferreira do Zêzere,20.2,75.0,2.6,0.01,N,0.1,8.25,90.96,92.53,7.0,5.86,0.62,5.86,,,,,,,,,,,,9.04
2025-07-09,23,Ferreira do Zêzere,19.1,80.0,2.6,0.25,NW,0.1,8.8,92.45,92.0,6.49,5.45,0.55,5.45,,,,,,,,,,,,6.44
2025-07-10,0,Ferreira do Zêzere,18.2,83.0,1.3,0.01,N,8.47,9.42,97.74,91.4,5.59,4.66,0.41,4.66,,,,,,,,,,,,5.42
2025-07-10,1,Ferreira do Zêzere,17.6,85.0,1.2,0.01,N,0.9,10.0,102.55,90.84,5.14,4.22,0.35,4.22,,,,,,,,,,,,5.42
2025-07-10,2,Ferreira do Zêzere,17.1,87.0,0.8,0.2,N,0.36,10.56,110.39,90.31,4.66,3.74,0.28,3.74,,,,,,,,,,,,5.61
2025-07-10,3,Ferreira do Zêzere,16.0,92.0,0.5,0.1,N,3.8,11.25,123.29,89.65,4.18,3.22,0.22,3.22,,,,,,,,,,,,5.58
2025-07-10,4,Ferreira do Zêzere,16.2,93.0,0.6,0.1,SE,5.1,11.89,125.69,89.05,3.86,2.89,0.18,2.89,,,,,,,,,,,,5.67
2025-07-10,5,Ferreira do Zêzere,17.0,89.0,0.3,0.2,S,3.1,12.51,117.16,88.48,3.5,2.61,0.15,2.61,,,,,,,,,,,,5.52
2025-07-10,6,Ferreira do Zêzere,17.7,87.0,0.6,0.1,SW,28.4,12.78,109.52,88.23,3.43,2.57,0.14,2.57,,,,,,,,,,,,5.42
2025-07-10,7,Ferreira do Zêzere,18.4,84.0,0.6,0.2,S,137.7,12.79,97.65,88.22,3.42,2.67,0.15,2.67,,,,,,,,,,,,4.72
2025-07-10,8,Ferreira do Zêzere,19.0,82.0,0.6,0.1,SW,323.2,12.55,87.73,88.44,3.53,2.89,0.18,2.89,,,,,,,,,,,,4.05
2025-07-10,9,Ferreira do Zêzere,19.9,76.0,1.9,0.01,W,534.4,12.3,69.73,88.67,3.9,3.43,0.24,3.43,,,,,,,,,,,,3.66
2025-07-10,10,Ferreira do Zêzere,20.9,67.0,2.1,0.01,NW,1041.9,12.11,56.92,88.85,4.04,3.78,0.29,3.78,,,,,,,,,,,,3.37
2025-07-10,11,Ferreira do Zêzere,22.3,60.0,0.9,0.6,N,2200.6,11.78,56.88,89.16,3.97,3.78,0.29,3.78,,,,,,,,,,,,3.87
2025-07-10,12,Ferreira do Zêzere,24.8,52.0,1.5,0.01,SW,3353.3,10.87,44.57,90.01,4.63,4.73,0.43,4.73,63.5,7.52,-79.14,63.5,44.94,0.53,9.04,0.3,0.0,0.3,12.0,3.73
2025-07-10,13,Ferreira do Zêzere,26.9,47.0,2.2,0.01,W,3487.7,9.62,36.84,91.2,5.69,6.02,0.65,6.02,,,,,,,,,,,,3.73
2025-07-10,14,Ferreira do Zêzere,28.4,44.0,2.3,1.1,SW,3421.2,8.77,35.88,92.03,6.42,6.75,0.8,6.75,,,,,,,,,,,,4.73
2025-07-10,15,Ferreira do Zêzere,29.4,41.0,2.3,2.9,SW,3161.7,8.26,37.42,92.52,6.89,7.11,0.88,7.11,,,,,,,,,,,,7.47
2025-07-10,16,Ferreira do Zêzere,29.7,42.0,2.3,0.01,SW,2719.5,7.925,36.31,92.85,7.22,7.46,0.95,7.46,,,,,,,,,,,,6.63
2025-07-10,17,Ferreira do Zêzere,29.3,42.0,4.4,0.3,NW,2135.8,7.753,32.94,93.02,8.21,8.35,1.16,8.35,,,,,,,,,,,,6.46
2025-07-10,18,Ferreira do Zêzere,27.2,45.0,3.4,0.1,W,1477.8,7.578,39.71,93.19,8.0,7.95,1.07,7.95,,,,,,,,,,,,6.36
2025-07-10,19,Ferreira do Zêzere,24.9,51.0,4.8,0.3,NW,731.6,7.567,45.6,93.2,8.6,8.12,1.11,8.12,,,,,,,,,,,,6.65
2025-07-10,20,Ferreira do Zêzere,22.3,59.0,4.7,0.2,NW,120.5,7.646,56.96,93.13,8.46,7.62,0.99,7.62,,,,,,,,,,,,6.84
2025-07-10,21,Ferreira do Zêzere,20.5,63.0,3.9,0.3,NW,1.5,7.993,66.51,92.78,7.75,6.83,0.82,6.83,,,,,,,,,,,,7.13
2025-07-10,22,Ferreira do Zêzere,19.0,67.0,1.4,0.2,N,8.21,8.34,82.62,92.44,6.51,5.65,0.58,5.65,,,,,,,,,,,,7.32
2025-07-10,23,Ferreira do Zêzere,17.5,75.0,0.8,0.2,N,0.4,8.69,98.93,92.1,6.02,5.03,0.48,5.03,,,,,,,,,,,,7.27
2025-07-11,0,Ferreira do Zêzere,16.3,81.0,0.3,0.25,E,0.4,9.4,150.81,91.42,5.33,3.39,0.24,3.39,,,,,,,,,,,,7.51
2025-07-11,1,Ferreira do Zêzere,14.9,87.0,0.5,0.3,E,1.6,10.28,166.5,90.57,4.77,2.83,0.17,2.83,,,,,,,,,,,,7.8
2025-07-11,2,Ferreira do Zêzere,14.8,89.0,1.2,0.1,W,1.9,10.95,166.56,89.94,4.51,2.6,0.15,2.6,,,,,,,,,,,,7.7
2025-07-11,3,Ferreira do Zêzere,16.2,86.0,1.2,0.33,E,0.6,11.38,155.92,89.53,4.26,2.46,0.13,2.46,,,,,,,,,,,,7.93
2025-07-11,4,Ferreira do Zêzere,17.0,84.0,0.6,1.3,E,0.5,11.76,157.52,89.18,3.93,2.21,0.11,2.21,,,,,,,,,,,,9.13
2025-07-11,5,Ferreira do Zêzere,17.5,83.0,0.3,0.18,E,0.7,14.85,158.0,86.34,2.58,0.93,0.02,0.93,,,,,,,,,,,,9.11
2025-07-11,6,Ferreira do Zêzere,17.9,83.0,0.4,0.23,SE,20.3,19.03,155.98,82.67,1.58,0.57,0.01,0.57,,,,,,,,,,,,9.24
2025-07-11,7,Ferreira do Zêzere,18.7,83.0,1.3,0.28,S,187.0,18.92,145.31,82.77,1.67,0.61,0.01,0.61,,,,,,,,,,,,9.32
2025-07-11,8,Ferreira do Zêzere,19.7,83.0,1.5,0.39,SW,369.0,18.41,142.19,83.21,1.79,0.65,0.01,0.65,,,,,,,,,,,,9.61
2025-07-11,9,Ferreira do Zêzere,20.4,79.0,1.8,0.36,S,504.3,17.57,128.47,83.93,2.0,0.75,0.02,0.75,,,,,,,,,,,,9.96
2025-07-11,10,Ferreira do Zêzere,20.4,85.0,1.9,0.37,SW,918.7,20.37,145.33,81.54,1.48,0.54,0.01,0.54,,,,,,,,,,,,10.32
2025-07-11,11,Ferreira do Zêzere,21.2,81.0,3.0,0.1,S,915.4,37.5,124.47,68.46,0.69,0.26,0.0,0.26,,,,,,,,,,,,9.82
2025-07-11,12,Ferreira do Zêzere,20.6,89.0,1.2,0.2,W,826.0,42.45,163.37,65.12,0.56,0.2,0.0,0.2,25.87,3.93,-82.93,25.87,129.64,0.0,5.1,0.0,0.0,0.01,12.0,10.01
2025-07-11,13,Ferreira do Zêzere,20.8,86.0,2.9,0.1,S,969.5,41.3,141.84,65.88,0.63,0.23,0.0,0.23,,,,,,,,,,,,10.1
2025-07-11,14,Ferreira do Zêzere,22.4,79.0,2.7,1.1,S,2355.1,34.53,118.11,70.55,0.73,0.28,0.0,0.28,,,,,,,,,,,,10.1
2025-07-11,15,Ferreira do Zêzere,24.9,62.0,3.0,0.1,S,2504.3,28.23,75.57,75.22,0.9,0.39,0.01,0.39,,,,,,,,,,,,7.3
2025-07-11,16,Ferreira do Zêzere,24.9,62.0,3.0,0.5,S,1357.7,24.09,76.3,78.47,1.14,0.49,0.01,0.49,,,,,,,,,,,,7.79
2025-07-11,17,Ferreira do Zêzere,25.3,60.0,2.9,0.2,SW,1523.6,22.43,73.03,79.82,1.29,0.56,0.01,0.56,,,,,,,,,,,,7.69
2025-07-11,18,Ferreira do Zêzere,24.6,62.0,2.2,0.39,S,745.7,20.77,80.94,81.2,1.45,0.62,0.01,0.62,,,,,,,,,,,,7.98
2025-07-11,19,Ferreira do Zêzere,23.7,64.0,3.2,0.37,NW,271.7,20.23,81.77,81.65,1.61,0.67,0.01,0.67,,,,,,,,,,,,8.05
2025-07-11,20,Ferreira do Zêzere,22.5,64.0,2.7,0.1,NW,57.1,19.8,87.04,82.02,1.64,0.68,0.01,0.68,,,,,,,,,,,,7.95
2025-07-11,21,Ferreira do Zêzere,21.2,70.0,3.2,0.8,NW,2.2,19.84,98.2,81.98,1.67,0.66,0.01,0.66,,,,,,,,,,,,8.45
2025-07-11,22,Ferreira do Zêzere,19.9,78.0,2.2,0.1,NW,11.59,20.13,121.84,81.74,1.54,0.58,0.01,0.58,,,,,,,,,,,,8.35
2025-07-11,23,Ferreira do Zêzere,19.4,82.0,1.6,0.4,NW,0.6,20.43,137.09,81.49,1.45,0.53,0.01,0.53,,,,,,,,,,,,8.55
2025-07-12,0,Ferreira do Zêzere,19.2,84.0,2.1,0.5,NW,9.7,20.55,121.88,81.38,1.47,0.53,0.01,0.53,,,,,,,,,,,,8.8
2025-07-12,1,Ferreira do Zêzere,19.1,85.0,2.0,1.43,NW,39.9,20.82,128.31,81.16,1.43,0.51,0.01,0.51,,,,,,,,,,,,9.93
2025-07-12,2,Ferreira do Zêzere,18.4,88.0,0.8,0.89,---,12.1,21.14,147.58,80.89,1.3,0.46,0.01,0.46,,,,,,,,,,,,10.72
2025-07-12,3,Ferreira do Zêzere,16.9,92.0,0.8,0.1,NW,2.4,21.5,161.41,80.59,1.26,0.43,0.01,0.43,,,,,,,,,,,,10.49
2025-07-12,4,Ferreira do Zêzere,15.7,95.0,0.8,0.9,N,218.5,21.7,171.68,80.43,1.24,0.42,0.01,0.42,,,,,,,,,,,,10.09
2025-07-12,5,Ferreira do Zêzere,15.2,96.0,1.3,0.1,NW,650.1,21.88,173.81,80.28,1.25,0.42,0.01,0.42,,,,,,,,,,,,10.01
2025-07-12,6,Ferreira do Zêzere,15.7,96.0,1.2,0.1,NE,504.7,22.25,173.31,79.97,1.2,0.4,0.01,0.4,,,,,,,,,,,,9.88
2025-07-12,7,Ferreira do Zêzere,16.3,93.0,0.7,0.43,NW,384.0,22.1,164.52,80.09,1.19,0.4,0.01,0.4,,,,,,,,,,,,10.03
2025-07-12,8,Ferreira do Zêzere,18.5,85.0,2.5,0.88,NW,840.4,21.46,128.5,80.62,1.38,0.49,0.01,0.49,,,,,,,,,,,,10.52
2025-07-12,9,Ferreira do Zêzere,20.3,75.0,3.8,0.6,NW,1213.9,20.28,97.63,81.61,1.65,0.63,0.01,0.63,,,,,,,,,,,,10.76
2025-07-12,10,Ferreira do Zêzere,21.8,67.0,3.0,0.1,NW,2183.9,18.58,84.26,83.06,1.89,0.76,0.02,0.76,,,,,,,,,,,,10.49
2025-07-12,11,Ferreira do Zêzere,23.1,62.0,3.4,0.42,NW,2824.9,16.93,73.83,84.49,2.33,0.97,0.03,0.97,,,,,,,,,,,,10.81
2025-07-12,12,Ferreira do Zêzere,24.3,58.0,4.2,0.53,NW,3355.9,15.57,64.53,85.7,2.87,1.79,0.08,1.79,48.12,3.89,-87.42,48.12,72.41,0.16,5.05,0.07,0.0,0.07,12.0,11.14
2025-07-12,13,Ferreira do Zêzere,25.1,54.0,4.2,0.7,NW,3595.5,13.88,59.34,87.22,3.56,2.59,0.15,2.59,,,,,,,,,,,,11.74
2025-07-12,14,Ferreira do Zêzere,26.1,51.0,4.7,0.4,NW,3424.7,12.68,52.71,88.32,4.27,3.38,0.23,3.38,,,,,,,,,,,,11.04
2025-07-12,15,Ferreira do Zêzere,26.9,49.0,4.1,0.15,NW,3210.6,11.97,50.68,88.98,4.55,3.72,0.28,3.72,,,,,,,,,,,,11.09
2025-07-12,16,Ferreira do Zêzere,26.9,49.0,4.6,0.01,NW,2644.2,11.5,49.21,89.42,4.97,4.11,0.33,4.11,,,,,,,,,,,,10.6
2025-07-12,17,Ferreira do Zêzere,26.5,48.0,5.0,0.01,NW,2129.9,11.22,48.43,89.68,5.27,4.38,0.37,4.38,,,,,,,,,,,,10.41
2025-07-12,18,Ferreira do Zêzere,25.2,50.0,5.5,0.01,NW,1474.1,10.95,51.58,89.94,5.61,4.57,0.4,4.57,,,,,,,,,,,,10.03
2025-07-12,19,Ferreira do Zêzere,23.8,55.0,4.1,0.01,NW,725.0,10.91,61.7,89.97,5.25,4.08,0.33,4.08,,,,,,,,,,,,9.67
2025-07-12,20,Ferreira do Zêzere,21.7,65.0,4.5,0.01,NW,120.5,10.95,75.79,89.94,5.33,3.83,0.29,3.83,,,,,,,,,,,,9.58
2025-07-12,21,Ferreira do Zêzere,19.8,71.0,2.9,0.01,NW,1.2,11.55,92.06,89.37,4.53,3.01,0.19,3.01,,,,,,,,,,,,8.79
2025-07-12,22,Ferreira do Zêzere,18.6,76.0,2.2,0.01,NW,11.78,12.05,105.56,88.9,4.09,2.52,0.14,2.52,,,,,,,,,,,,8.7
2025-07-12,23,Ferreira do Zêzere,17.5,82.0,2.1,0.01,NW,0.5,12.75,118.88,88.25,3.71,2.07,0.1,2.07,,,,,,,,,,,,8.31
2025-07-13,0,Ferreira do Zêzere,16.7,87.0,1.2,0.01,NW,10.48,13.5,113.84,87.57,3.21,2.0,0.09,2.0,,,,,,,,,,,,7.82
2025-07-13,1,Ferreira do Zêzere,16.2,90.0,1.7,0.01,NW,39.9,14.08,111.06,87.04,3.05,1.85,0.08,1.85,,,,,,,,,,,,6.4
2025-07-13,2,Ferreira do Zêzere,15.9,92.0,1.4,0.1,NW,34.4,14.47,110.82,86.68,2.86,1.65,0.07,1.65,,,,,,,,,,,,5.61
2025-07-13,3,Ferreira do Zêzere,16.1,92.0,1.8,0.1,NW,2.3,14.99,109.59,86.21,2.73,1.5,0.06,1.5,,,,,,,,,,,,5.61
2025-07-13,4,Ferreira do Zêzere,15.6,92.0,1.1,0.1,NW,0.5,15.65,104.41,85.62,2.43,1.13,0.03,1.13,,,,,,,,,,,,4.81
2025-07-13,5,Ferreira do Zêzere,15.5,94.0,0.9,0.1,NW,1.7,16.13,109.12,85.2,2.27,0.94,0.02,0.94,,,,,,,,,,,,4.81
2025-07-13,6,Ferreira do Zêzere,15.5,93.0,0.9,0.1,E,68.1,16.51,107.07,84.86,2.16,0.9,0.02,0.9,,,,,,,,,,,,4.81
2025-07-13,8,Ferreira do Zêzere,18.8,84.0,2.7,0.01,NW,750.6,16.43,70.4,84.93,2.39,1.37,0.05,1.37,,,,,,,,,,,,3.51
2025-07-13,9,Ferreira do Zêzere,22.4,67.0,4.6,0.01,NW,2046.6,15.41,42.43,85.84,2.98,2.46,0.13,2.46,,,,,,,,,,,,2.92
2025-07-13,10,Ferreira do Zêzere,23.5,61.0,4.9,0.01,NW,2063.6,14.36,36.88,86.78,3.46,3.13,0.21,3.13,,,,,,,,,,,,2.83
2025-07-13,11,Ferreira do Zêzere,25.6,55.0,4.6,0.01,NW,2926.6,13.17,29.76,87.87,3.98,3.97,0.31,3.97,,,,,,,,,,,,2.42
2025-07-13,12,Ferreira do Zêzere,27.3,49.0,5.2,0.01,NW,3399.6,12.25,22.84,88.72,4.64,5.07,0.48,5.07,73.72,6.26,-78.8,73.72,30.2,0.93,7.65,0.49,0.01,0.49,12.0,1.9
2025-07-13,13,Ferreira do Zêzere,28.4,45.0,4.5,0.01,NW,3472.9,10.94,17.9,89.95,5.34,6.38,0.72,6.38,,,,,,,,,,,,1.21
2025-07-13,14,Ferreira do Zêzere,29.3,43.0,4.4,0.2,NW,3407.0,10.07,16.04,90.77,5.98,7.18,0.89,7.18,,,,,,,,,,,,1.01
2025-07-13,15,Ferreira do Zêzere,29.7,43.0,5.4,0.01,NW,3078.5,9.31,14.96,91.5,6.97,8.27,1.14,8.27,,,,,,,,,,,,0.87
2025-07-13,16,Ferreira do Zêzere,29.4,45.0,6.0,0.01,NW,2688.3,9.03,15.42,91.77,7.47,8.7,1.25,8.7,,,,,,,,,,,,0.87
2025-07-13,17,Ferreira do Zêzere,28.3,49.0,6.3,0.01,NW,2086.2,8.93,16.79,91.87,7.69,8.74,1.26,8.74,,,,,,,,,,,,0.87
2025-07-13,18,Ferreira do Zêzere,26.7,55.0,6.1,0.5,NW,1424.3,8.91,21.81,91.89,7.63,8.43,1.18,8.43,,,,,,,,,,,,1.36
2025-07-13,19,Ferreira do Zêzere,24.9,62.0,5.8,0.01,NW,679.6,9.06,25.26,91.74,7.36,7.91,1.06,7.91,,,,,,,,,,,,1.36
2025-07-13,20,Ferreira do Zêzere,23.1,71.0,4.5,0.1,NW,110.2,9.35,31.31,91.46,6.63,6.93,0.84,6.93,,,,,,,,,,,,1.45
2025-07-13,21,Ferreira do Zêzere,21.7,76.0,4.0,0.7,NW,0.5,10.06,42.71,90.78,5.87,5.43,0.54,5.43,,,,,,,,,,,,2.14
2025-07-13,22,Ferreira do Zêzere,20.6,81.0,5.0,1.4,NW,0.1,10.8,60.89,90.08,5.58,4.62,0.41,4.62,,,,,,,,,,,,3.53
2025-07-13,23,Ferreira do Zêzere,19.5,85.0,4.8,3.35,NW,22.68,11.41,90.42,89.5,5.08,3.8,0.29,3.8,,,,,,,,,,,,6.87
2025-07-14,0,Ferreira do Zêzere,18.8,86.0,3.8,0.1,NW,0.3,11.96,105.79,88.99,4.49,3.08,0.2,3.08,,,,,,,,,,,,6.96
2025-07-14,1,Ferreira do Zêzere,18.3,86.0,4.8,0.01,NW,85.2,12.45,104.06,88.53,4.42,3.01,0.19,3.01,,,,,,,,,,,,6.96
2025-07-14,2,Ferreira do Zêzere,18.1,86.0,4.4,0.43,NW,55.89,12.9,106.79,88.12,4.08,2.71,0.16,2.71,,,,,,,,,,,,7.29
2025-07-14,3,Ferreira do Zêzere,18.0,86.0,3.1,0.25,NW,25.35,13.32,111.24,87.73,3.62,2.28,0.12,2.28,,,,,,,,,,,,7.44
2025-07-14,4,Ferreira do Zêzere,17.6,87.0,4.1,0.01,NW,125.3,13.87,111.14,87.23,3.54,2.2,0.11,2.2,,,,,,,,,,,,7.35
2025-07-14,5,Ferreira do Zêzere,17.2,88.0,3.0,0.75,NW,0.5,14.46,120.23,86.69,3.11,1.74,0.07,1.74,,,,,,,,,,,,8.0
2025-07-14,6,Ferreira do Zêzere,17.3,88.0,2.9,0.1,NW,43.2,15.08,120.39,86.13,2.86,1.47,0.05,1.47,,,,,,,,,,,,8.0
2025-07-14,7,Ferreira do Zêzere,18.1,84.0,4.0,0.25,NW,484.5,15.47,106.71,85.78,2.87,1.55,0.06,1.55,,,,,,,,,,,,8.25
2025-07-14,8,Ferreira do Zêzere,19.1,79.0,4.9,0.68,NW,1054.3,15.46,93.98,85.79,3.01,1.78,0.08,1.78,,,,,,,,,,,,8.92
2025-07-14,9,Ferreira do Zêzere,20.8,73.0,4.6,0.54,NW,1945.0,15.1,82.56,86.12,3.1,1.99,0.09,1.99,,,,,,,,,,,,9.45
2025-07-14,10,Ferreira do Zêzere,22.7,66.0,4.7,2.35,N,2508.3,14.24,72.2,86.89,3.48,2.49,0.14,2.49,,,,,,,,,,,,11.79
2025-07-14,11,Ferreira do Zêzere,25.2,59.0,4.9,0.97,NW,3020.7,13.02,59.31,88.01,4.12,3.31,0.23,3.31,,,,,,,,,,,,12.75
2025-07-14,12,Ferreira do Zêzere,26.7,55.0,4.0,0.45,NW,3358.1,11.97,54.69,88.98,4.53,3.83,0.29,3.83,59.55,5.5,-85.63,59.55,51.31,0.49,6.79,0.24,0.0,0.24,12.0,13.19
2025-07-14,13,Ferreira do Zêzere,28.7,48.0,5.0,0.3,NW,3508.8,10.66,42.87,90.21,5.68,5.16,0.5,5.16,,,,,,,,,,,,13.48
2025-07-14,14,Ferreira do Zêzere,29.9,44.0,4.5,0.43,NW,3467.8,9.81,38.79,91.02,6.22,5.82,0.61,5.82,,,,,,,,,,,,13.71
2025-07-14,15,Ferreira do Zêzere,30.8,40.0,5.3,2.06,NW,3206.6,9.12,33.98,91.69,7.12,6.77,0.8,6.77,,,,,,,,,,,,15.76
2025-07-14,17,Ferreira do Zêzere,29.2,39.0,6.5,0.5,NW,2188.2,8.5,35.02,92.29,8.24,7.65,1.0,7.65,,,,,,,,,,,,16.24
2025-07-14,18,Ferreira do Zêzere,27.9,41.0,5.9,0.15,NW,1501.3,8.34,39.56,92.44,8.17,7.44,0.95,7.44,,,,,,,,,,,,15.89
2025-07-14,19,Ferreira do Zêzere,25.8,48.0,4.7,0.3,NW,723.3,8.34,51.11,92.44,7.69,6.7,0.79,6.7,,,,,,,,,,,,16.18
2025-07-14,20,Ferreira do Zêzere,23.1,57.0,5.3,0.62,NW,122.8,8.26,63.95,92.52,8.01,6.53,0.75,6.53,,,,,,,,,,,,16.7
2025-07-14,21,Ferreira do Zêzere,20.7,71.0,4.0,0.5,NW,1.4,8.62,90.05,92.17,7.14,5.38,0.53,5.38,,,,,,,,,,,,16.5
2025-07-14,22,Ferreira do Zêzere,19.4,78.0,3.6,0.53,NW,4.5,9.0,106.01,91.8,6.65,4.8,0.44,4.8,,,,,,,,,,,,15.63
2025-07-14,23,Ferreira do Zêzere,18.4,81.0,3.6,0.19,NW,71.72,9.33,110.49,91.48,6.35,4.53,0.39,4.53,,,,,,,,,,,,12.47
2025-07-15,0,Ferreira do Zêzere,17.4,82.0,3.0,0.37,NW,0.3,9.73,110.42,91.1,5.83,4.55,0.4,4.55,,,,,,,,,,,,12.74
2025-07-15,1,Ferreira do Zêzere,16.7,83.0,2.5,0.01,---,0.1,9.96,115.69,90.88,5.51,4.26,0.35,4.26,,,,,,,,,,,,12.74
2025-07-15,2,Ferreira do Zêzere,16.2,86.0,2.8,0.78,N,0.1,10.38,123.01,90.48,5.29,4.0,0.32,4.0,,,,,,,,,,,,13.09
2025-07-15,3,Ferreira do Zêzere,15.8,89.0,2.3,0.37,N,7.56,10.66,133.63,90.21,4.96,3.67,0.27,3.67,,,,,,,,,,,,13.21
2025-07-15,4,Ferreira do Zêzere,15.5,90.0,1.8,0.56,N,0.1,10.98,139.89,89.91,4.63,3.37,0.23,3.37,,,,,,,,,,,,13.76
2025-07-15,5,Ferreira do Zêzere,15.1,91.0,1.9,0.1,N,0.1,11.02,141.62,89.87,4.63,3.36,0.23,3.36,,,,,,,,,,,,13.11
2025-07-15,6,Ferreira do Zêzere,15.2,90.0,0.9,0.3,N,59.5,11.01,143.57,89.88,4.41,3.18,0.21,3.18,,,,,,,,,,,,13.31
2025-07-15,7,Ferreira do Zêzere,16.3,87.0,1.8,0.1,N,511.9,11.03,129.45,89.86,4.6,3.4,0.24,3.4,,,,,,,,,,,,13.16
2025-07-15,8,Ferreira do Zêzere,18.9,77.0,1.3,0.1,N,1191.2,10.84,105.64,90.04,4.6,3.62,0.26,3.62,,,,,,,,,,,,12.58
2025-07-15,9,Ferreira do Zêzere,22.4,63.0,1.1,1.07,NE,1856.5,10.53,80.2,90.33,4.75,4.09,0.33,4.09,,,,,,,,,,,,13.11
2025-07-15,10,Ferreira do Zêzere,25.9,52.0,1.3,0.22,N,2503.6,9.96,57.83,90.88,5.19,4.9,0.45,4.9,,,,,,,,,,,,10.98
2025-07-15,11,Ferreira do Zêzere,29.5,42.0,1.1,0.1,NW,3019.5,9.37,42.83,91.44,5.57,5.69,0.59,5.69,,,,,,,,,,,,10.11
2025-07-15,12,Ferreira do Zêzere,32.6,34.0,1.2,0.13,W,3334.1,8.76,31.66,92.04,6.09,6.59,0.77,6.59,71.26,7.51,-86.81,71.26,33.54,0.69,8.96,0.39,0.01,0.39,12.0,9.79
2025-07-15,13,Ferreira do Zêzere,35.0,27.0,1.4,0.3,SW,3493.3,7.879,23.8,92.9,6.94,7.81,1.04,7.81,,,,,,,,,,,,9.79
2025-07-15,14,Ferreira do Zêzere,37.3,21.0,1.5,1.96,SW,3444.8,7.024,18.41,93.74,7.85,9.04,1.34,9.04,,,,,,,,,,,,11.32
2025-07-15,15,Ferreira do Zêzere,38.3,15.0,1.8,0.62,W,3208.0,6.509,14.15,94.25,8.55,10.09,1.63,10.09,,,,,,,,,,,,9.88
2025-07-15,16,Ferreira do Zêzere,39.2,17.0,4.1,0.4,NW,2746.5,6.278,11.44,94.49,9.92,11.38,2.01,11.38,,,,,,,,,,,,10.28
2025-07-15,17,Ferreira do Zêzere,36.6,30.0,5.2,2.06,NW,2113.8,6.096,18.12,94.67,10.75,11.26,1.98,11.26,,,,,,,,,,,,11.84
2025-07-15,18,Ferreira do Zêzere,34.9,32.0,4.8,0.12,NW,1418.0,6.072,21.57,94.69,10.57,10.88,1.86,10.88,,,,,,,,,,,,11.81
2025-07-15,19,Ferreira do Zêzere,32.4,34.0,5.0,0.88,NW,698.4,6.046,26.16,94.72,10.72,10.7,1.81,10.7,,,,,,,,,,,,12.39
2025-07-15,20,Ferreira do Zêzere,28.9,37.0,2.0,3.98,NW,120.5,5.976,41.08,94.79,9.3,9.07,1.35,9.07,,,,,,,,,,,,15.75
2025-07-15,21,Ferreira do Zêzere,25.9,45.0,2.3,1.18,NW,0.4,6.065,52.33,94.7,9.33,8.6,1.23,8.6,,,,,,,,,,,,16.43
2025-07-15,22,Ferreira do Zêzere,23.8,50.0,2.2,0.35,NW,0.5,6.178,61.35,94.59,9.14,8.16,1.12,8.16,,,,,,,,,,,,16.25
2025-07-15,23,Ferreira do Zêzere,21.7,58.0,1.8,1.6,N,7.3,6.222,76.29,94.54,8.9,7.61,0.99,7.61,,,,,,,,,,,,17.66
2025-07-16,0,Ferreira do Zêzere,20.4,66.0,2.1,0.35,N,8.52,6.228,87.64,94.54,9.03,7.52,0.97,7.52,,,,,,,,,,,,17.64
2025-07-16,1,Ferreira do Zêzere,19.1,72.0,2.3,0.1,N,0.1,6.317,98.24,94.45,9.01,7.29,0.91,7.29,,,,,,,,,,,,17.73
2025-07-16,2,Ferreira do Zêzere,17.7,77.0,1.6,0.4,NW,0.1,6.332,112.9,94.43,8.68,6.88,0.83,6.88,,,,,,,,,,,,17.35
2025-07-16,3,Ferreira do Zêzere,16.6,83.0,1.1,0.3,NW,0.1,6.463,130.14,94.3,8.31,6.44,0.74,6.44,,,,,,,,,,,,17.28
2025-07-16,4,Ferreira do Zêzere,15.3,89.0,1.3,1.0,N,0.7,6.689,146.48,94.07,8.14,6.16,0.68,6.16,,,,,,,,,,,,17.72
2025-07-16,5,Ferreira do Zêzere,15.4,90.0,1.3,0.1,N,0.48,6.972,149.24,93.79,7.82,5.91,0.63,5.91,,,,,,,,,,,,17.72
2025-07-16,6,Ferreira do Zêzere,14.9,91.0,1.0,1.58,NW,56.5,7.404,155.97,93.36,7.26,5.46,0.55,5.46,,,,,,,,,,,,19.0
2025-07-16,7,Ferreira do Zêzere,16.6,88.0,2.0,1.6,N,489.0,7.829,141.22,92.95,7.2,5.48,0.55,5.48,,,,,,,,,,,,20.5
2025-07-16,8,Ferreira do Zêzere,19.7,76.0,2.5,0.69,N,1201.4,8.13,104.97,92.65,7.09,5.71,0.59,5.71,,,,,,,,,,,,21.09
2025-07-16,9,Ferreira do Zêzere,23.0,63.0,2.9,0.7,NW,1902.4,8.32,76.0,92.46,7.04,6.11,0.67,6.11,,,,,,,,,,,,20.72
2025-07-16,10,Ferreira do Zêzere,26.2,53.0,1.3,0.25,NW,2538.2,8.28,64.46,92.5,6.53,6.06,0.66,6.06,,,,,,,,,,,,20.75
2025-07-16,11,Ferreira do Zêzere,29.5,45.0,1.5,0.38,N,3038.3,8.16,48.75,92.62,6.71,6.6,0.77,6.6,,,,,,,,,,,,21.03
2025-07-16,12,Ferreira do Zêzere,32.4,37.0,2.1,0.33,NW,3371.3,7.748,35.12,93.02,7.32,7.57,0.98,7.57,70.23,7.97,-102.38,70.23,34.98,0.7,9.36,0.41,0.01,0.41,12.0,21.23
2025-07-16,13,Ferreira do Zêzere,34.6,32.0,1.8,0.7,NW,3503.9,7.183,29.01,93.58,7.79,8.31,1.15,8.31,,,,,,,,,,,,21.63
2025-07-16,14,Ferreira do Zêzere,35.3,33.0,3.4,0.28,NW,3431.8,6.737,24.84,94.03,8.99,9.42,1.44,9.42,,,,,,,,,,,,19.95
2025-07-16,15,Ferreira do Zêzere,35.1,33.0,6.0,0.01,NW,3195.0,6.489,21.89,94.27,10.6,10.81,1.84,10.81,,,,,,,,,,,,19.34
2025-07-16,16,Ferreira do Zêzere,32.8,37.0,5.6,0.01,NW,2735.4,6.376,27.75,94.39,10.55,10.43,1.72,10.43,,,,,,,,,,,,18.95
2025-07-16,17,Ferreira do Zêzere,30.4,46.0,4.4,0.1,NW,2129.9,6.319,38.6,94.44,10.01,9.49,1.46,9.49,,,,,,,,,,,,16.99
2025-07-16,18,Ferreira do Zêzere,27.9,53.0,5.4,3.43,NW,1461.2,6.417,47.8,94.35,10.39,9.32,1.41,9.32,,,,,,,,,,,,20.3
2025-07-16,19,Ferreira do Zêzere,25.1,59.0,6.0,2.8,NW,725.8,6.533,58.67,94.23,10.54,9.03,1.34,9.03,,,,,,,,,,,,22.22
2025-07-16,20,Ferreira do Zêzere,21.9,71.0,4.3,0.4,NW,123.5,6.811,83.34,93.95,9.31,7.63,0.99,7.63,,,,,,,,,,,,18.64
2025-07-16,21,Ferreira do Zêzere,19.9,80.0,3.6,0.6,NW,0.9,7.397,105.82,93.37,8.29,6.57,0.76,6.57,,,,,,,,,,,,18.06
2025-07-16,23,Ferreira do Zêzere,18.3,88.0,3.1,0.13,NW,11.26,8.42,129.53,92.37,7.02,5.41,0.54,5.41,,,,,,,,,,,,16.24
2025-07-17,0,Ferreira do Zêzere,18.1,89.0,5.2,0.1,NW,12.49,8.95,128.77,91.85,7.25,5.37,0.53,5.37,,,,,,,,,,,,15.99
2025-07-17,1,Ferreira do Zêzere,17.8,88.0,4.5,0.1,NW,0.1,9.64,127.79,91.18,6.37,4.73,0.43,4.73,,,,,,,,,,,,15.99
2025-07-17,2,Ferreira do Zêzere,17.5,88.0,3.9,0.3,NW,10.91,10.2,129.94,90.65,5.73,4.22,0.35,4.22,,,,,,,,,,,,15.89
2025-07-17,3,Ferreira do Zêzere,17.2,89.0,4.2,0.3,NW,8.57,10.86,132.83,90.02,5.31,3.87,0.3,3.87,,,,,,,,,,,,15.89
2025-07-17,4,Ferreira do Zêzere,17.2,89.0,3.6,0.1,NW,12.43,11.62,133.3,89.31,4.65,3.33,0.23,3.33,,,,,,,,,,,,14.99
2025-07-17,5,Ferreira do Zêzere,17.2,88.0,3.0,0.1,N,0.1,12.24,132.12,88.73,4.15,2.91,0.18,2.91,,,,,,,,,,,,14.99
2025-07-17,6,Ferreira do Zêzere,16.9,89.0,3.5,0.1,NW,63.5,12.79,131.65,88.22,3.96,2.73,0.16,2.73,,,,,,,,,,,,13.51
2025-07-17,7,Ferreira do Zêzere,18.1,84.0,5.1,0.1,NW,558.1,12.95,108.4,88.07,4.2,3.06,0.2,3.06,,,,,,,,,,,,12.01
2025-07-17,8,Ferreira do Zêzere,19.2,78.0,4.7,0.1,NW,875.5,12.6,93.76,88.39,4.31,3.29,0.22,3.29,,,,,,,,,,,,11.42
2025-07-17,9,Ferreira do Zêzere,21.4,70.0,6.7,0.2,NW,1840.2,12.28,71.64,88.69,4.98,4.09,0.33,4.09,,,,,,,,,,,,10.92
2025-07-17,10,Ferreira do Zêzere,22.9,64.0,5.8,0.01,NW,2585.8,11.64,63.25,89.29,5.18,4.45,0.38,4.45,,,,,,,,,,,,10.68
2025-07-17,11,Ferreira do Zêzere,25.0,53.0,6.2,0.01,NW,3008.6,10.84,48.42,90.04,5.89,5.42,0.54,5.42,,,,,,,,,,,,10.31
2025-07-17,12,Ferreira do Zêzere,27.1,46.0,5.6,0.01,N,3338.0,9.91,40.35,90.93,6.49,6.25,0.7,6.25,66.93,7.19,-104.36,66.93,39.73,0.75,8.51,0.42,0.01,0.42,12.0,9.99
2025-07-17,13,Ferreira do Zêzere,28.3,42.0,5.2,0.01,NW,3146.2,8.96,35.86,91.84,7.24,7.13,0.88,7.13,,,,,,,,,,,,9.3
2025-07-17,14,Ferreira do Zêzere,28.4,41.0,5.4,0.01,NW,3089.0,8.65,34.66,92.14,7.63,7.52,0.97,7.52,,,,,,,,,,,,9.03
2025-07-17,15,Ferreira do Zêzere,29.5,36.0,5.9,0.8,N,3221.6,8.12,30.19,92.66,8.42,8.41,1.18,8.41,,,,,,,,,,,,9.82
2025-07-17,17,Ferreira do Zêzere,29.6,32.0,4.9,0.1,NW,2143.5,7.369,29.41,93.4,8.88,8.95,1.32,8.95,,,,,,,,,,,,9.81
2025-07-17,18,Ferreira do Zêzere,27.9,40.0,6.4,0.01,NW,1462.6,7.349,31.08,93.42,9.6,9.34,1.42,9.34,,,,,,,,,,,,6.39
2025-07-17,19,Ferreira do Zêzere,24.4,53.0,6.4,0.01,NW,720.6,7.297,36.09,93.47,9.67,9.15,1.37,9.15,,,,,,,,,,,,3.6
2025-07-17,20,Ferreira do Zêzere,21.6,66.0,3.5,0.01,NW,121.9,7.471,49.34,93.3,8.16,7.52,0.97,7.52,,,,,,,,,,,,3.21
2025-07-17,21,Ferreira do Zêzere,19.8,72.0,4.3,0.01,NW,0.7,8.09,49.82,92.69,7.8,7.23,0.9,7.23,,,,,,,,,,,,2.62
2025-07-17,22,Ferreira do Zêzere,18.8,77.0,4.2,0.01,NW,8.17,8.67,55.16,92.12,7.17,6.55,0.76,6.55,,,,,,,,,,,,2.63
2025-07-17,23,Ferreira do Zêzere,18.0,81.0,3.8,0.01,NW,0.5,9.34,58.91,91.47,6.41,5.85,0.62,5.85,,,,,,,,,,,,2.51
2025-07-18,0,Ferreira do Zêzere,17.6,83.0,4.3,0.01,NW,0.7,9.99,51.21,90.85,6.01,6.36,0.72,6.36,,,,,,,,,,,,2.42
2025-07-18,2,Ferreira do Zêzere,18.1,81.0,4.3,0.1,NW,12.77,10.67,45.25,90.2,5.48,6.02,0.65,6.02,,,,,,,,,,,,2.12
2025-07-18,3,Ferreira do Zêzere,17.8,81.0,3.7,0.13,NW,10.22,11.01,43.6,89.88,5.08,5.69,0.59,5.69,,,,,,,,,,,,1.95
2025-07-18,5,Ferreira do Zêzere,17.1,85.0,3.5,0.01,N,0.15,11.79,43.89,89.15,4.53,5.14,0.49,5.14,,,,,,,,,,,,1.76
2025-07-18,6,Ferreira do Zêzere,16.9,87.0,2.8,0.1,NW,54.8,12.05,45.9,88.9,4.22,4.76,0.43,4.76,,,,,,,,,,,,1.76
2025-07-18,7,Ferreira do Zêzere,18.1,83.0,4.7,0.1,NW,583.2,12.25,41.26,88.72,4.52,5.17,0.5,5.17,,,,,,,,,,,,1.76
2025-07-18,8,Ferreira do Zêzere,19.6,75.0,5.5,0.01,NW,1212.9,12.16,34.35,88.8,4.76,5.65,0.58,5.65,,,,,,,,,,,,1.67
2025-07-18,9,Ferreira do Zêzere,21.5,66.0,6.3,0.01,NW,1936.7,11.82,27.39,89.12,5.19,6.6,0.77,6.6,,,,,,,,,,,,1.48
2025-07-18,10,Ferreira do Zêzere,23.4,57.0,5.0,0.01,NW,2590.6,11.28,24.07,89.63,5.23,6.84,0.82,6.84,,,,,,,,,,,,1.48
2025-07-18,11,Ferreira do Zêzere,25.1,51.0,6.1,0.15,NW,2951.6,10.67,21.73,90.2,6.0,7.68,1.0,7.68,,,,,,,,,,,,1.62
2025-07-18,12,Ferreira do Zêzere,26.0,48.0,6.4,0.01,NW,3025.5,10.09,20.21,90.75,6.59,8.45,1.19,8.45,79.2,9.79,-95.97,79.2,23.19,1.45,11.38,0.94,0.02,0.94,12.0,1.62
2025-07-18,14,Ferreira do Zêzere,27.4,44.0,6.7,0.01,N,3379.3,8.73,18.12,92.06,8.06,10.22,1.66,10.22,,,,,,,,,,,,1.61
2025-07-18,15,Ferreira do Zêzere,27.8,43.0,6.2,0.01,NW,3204.0,8.39,14.31,92.4,8.24,10.74,1.82,10.74,,,,,,,,,,,,0.82
2025-07-18,16,Ferreira do Zêzere,26.8,47.0,6.9,0.01,NW,1978.0,8.14,15.47,92.64,8.83,11.21,1.96,11.21,,,,,,,,,,,,0.83
2025-07-18,17,Ferreira do Zêzere,25.6,51.0,6.1,0.01,NW,1394.6,8.14,16.39,92.64,8.48,10.68,1.8,10.68,,,,,,,,,,,,0.74
2025-07-18,18,Ferreira do Zêzere,24.4,59.0,5.7,0.01,NW,1091.2,8.34,18.52,92.44,8.09,10.03,1.61,10.03,,,,,,,,,,,,0.74
2025-07-18,20,Ferreira do Zêzere,22.3,72.0,4.2,0.15,NW,87.5,9.2,23.71,91.61,6.66,8.18,1.12,8.18,,,,,,,,,,,,0.87
2025-07-18,21,Ferreira do Zêzere,21.2,78.0,4.5,0.1,NW,0.7,9.78,26.77,91.05,6.25,7.59,0.98,7.59,,,,,,,,,,,,0.96
2025-07-18,23,Ferreira do Zêzere,20.4,79.0,3.6,0.1,NW,16.03,10.69,28.71,90.18,5.28,6.47,0.74,6.47,,,,,,,,,,,,1.04
2025-07-19,0,Ferreira do Zêzere,20.1,79.0,5.4,0.1,NW,13.21,11.01,32.44,89.88,5.53,6.73,0.79,6.73,,,,,,,,,,,,1.13
2025-07-19,1,Ferreira do Zêzere,18.7,83.0,5.1,0.17,NW,0.6,11.42,37.58,89.49,5.16,6.22,0.69,6.22,,,,,,,,,,,,1.3
2025-07-19,2,Ferreira do Zêzere,17.4,85.0,2.7,0.2,NW,12.11,11.69,42.42,89.24,4.41,5.3,0.52,5.3,,,,,,,,,,,,1.4
2025-07-19,3,Ferreira do Zêzere,16.5,88.0,3.0,0.25,NW,0.1,12.09,46.7,88.87,4.24,4.92,0.46,4.92,,,,,,,,,,,,1.52
2025-07-19,4,Ferreira do Zêzere,16.3,87.0,4.0,0.5,NW,0.1,12.44,53.79,88.54,4.25,4.61,0.41,4.61,,,,,,,,,,,,2.02
2025-07-19,5,Ferreira do Zêzere,16.2,87.0,3.3,0.1,NW,0.2,12.72,55.98,88.28,3.96,4.22,0.35,4.22,,,,,,,,,,,,2.11
2025-07-19,6,Ferreira do Zêzere,16.5,85.0,1.7,0.13,NW,52.0,12.88,56.49,88.13,3.57,3.78,0.29,3.78,,,,,,,,,,,,2.14
2025-07-19,7,Ferreira do Zêzere,17.8,82.0,2.7,0.1,N,412.2,12.9,51.71,88.12,3.75,4.04,0.32,4.04,,,,,,,,,,,,2.14
2025-07-19,8,Ferreira do Zêzere,19.7,74.0,3.5,0.38,NW,1245.6,12.61,47.64,88.38,4.06,4.37,0.37,4.37,,,,,,,,,,,,2.51
2025-07-19,9,Ferreira do Zêzere,20.6,67.0,4.3,0.28,NW,1325.5,12.15,43.69,88.81,4.49,4.89,0.45,4.89,,,,,,,,,,,,2.78
2025-07-19,10,Ferreira do Zêzere,22.4,57.0,5.0,0.1,NW,2286.1,11.59,36.26,89.33,5.01,5.65,0.58,5.65,,,,,,,,,,,,2.87
2025-07-19,11,Ferreira do Zêzere,24.0,51.0,5.1,0.2,N,2942.1,10.92,31.97,89.96,5.52,6.35,0.72,6.35,,,,,,,,,,,,2.92
2025-07-19,12,Ferreira do Zêzere,25.5,47.0,4.8,0.6,NW,3293.3,10.3,31.39,90.55,5.91,6.75,0.8,6.75,73.77,9.63,-90.22,73.77,30.14,0.92,11.27,0.59,0.01,0.59,12.0,3.51
2025-07-19,13,Ferreira do Zêzere,26.6,43.0,5.1,0.4,NW,3457.5,9.4,29.36,91.42,6.78,7.7,1.01,7.7,,,,,,,,,,,,3.91
2025-07-19,14,Ferreira do Zêzere,27.2,43.0,5.5,1.3,NW,3371.6,8.8,31.32,92.0,7.52,8.23,1.13,8.23,,,,,,,,,,,,5.2
2025-07-19,15,Ferreira do Zêzere,27.2,42.0,5.3,0.2,NW,3084.1,8.49,31.46,92.3,7.77,8.46,1.19,8.46,,,,,,,,,,,,5.39
2025-07-19,16,Ferreira do Zêzere,26.8,42.0,5.3,0.01,NW,2546.7,8.11,32.05,92.67,8.18,8.83,1.29,8.83,,,,,,,,,,,,5.39
2025-07-19,17,Ferreira do Zêzere,25.4,46.0,5.3,0.01,NW,1551.0,7.995,36.08,92.78,8.31,8.76,1.27,8.76,,,,,,,,,,,,5.39
2025-07-19,18,Ferreira do Zêzere,24.0,54.0,5.1,1.4,NW,1123.2,8.11,46.24,92.67,8.1,8.11,1.11,8.11,,,,,,,,,,,,6.78
2025-07-19,19,Ferreira do Zêzere,23.0,57.0,5.0,0.01,NW,746.5,8.19,50.25,92.59,7.97,7.87,1.05,7.87,,,,,,,,,,,,6.79
2025-07-19,20,Ferreira do Zêzere,21.6,62.0,3.6,0.01,NW,129.8,8.37,59.02,92.41,7.25,7.06,0.87,7.06,,,,,,,,,,,,6.65
2025-07-19,21,Ferreira do Zêzere,20.2,69.0,2.7,0.3,NW,0.3,8.83,71.13,91.97,6.5,6.18,0.68,6.18,,,,,,,,,,,,6.85
2025-07-19,22,Ferreira do Zêzere,19.0,76.0,1.6,1.52,NW,8.04,9.45,91.18,91.37,5.65,5.13,0.49,5.13,,,,,,,,,,,,8.37
2025-07-19,23,Ferreira do Zêzere,17.9,83.0,1.1,0.4,NW,0.5,10.11,108.26,90.73,5.03,4.41,0.38,4.41,,,,,,,,,,,,8.67
2025-07-20,0,Ferreira do Zêzere,18.9,81.0,0.6,0.1,S,24.69,10.78,116.12,90.1,4.48,3.48,0.25,3.48,,,,,,,,,,,,8.67
2025-07-20,1,Ferreira do Zêzere,19.3,79.0,0.6,2.3,SE,0.1,11.85,117.46,89.09,3.88,2.91,0.18,2.91,,,,,,,,,,,,10.8
2025-07-20,2,Ferreira do Zêzere,19.5,79.0,0.3,0.1,SW,1.5,12.4,120.45,88.58,3.55,2.59,0.15,2.59,,,,,,,,,,,,10.7
2025-07-20,3,Ferreira do Zêzere,19.7,81.0,2.3,0.29,NW,0.4,15.21,109.74,86.02,2.73,1.7,0.07,1.7,,,,,,,,,,,,10.74
2025-07-20,4,Ferreira do Zêzere,19.0,90.0,0.5,0.6,SW,46.4,19.57,145.2,82.21,1.5,0.63,0.01,0.63,,,,,,,,,,,,10.84
2025-07-20,5,Ferreira do Zêzere,19.2,89.0,1.3,0.37,SW,13.7,23.95,137.14,78.59,1.06,0.45,0.01,0.45,,,,,,,,,,,,11.11
2025-07-20,6,Ferreira do Zêzere,19.5,90.0,1.2,0.74,S,368.5,32.55,141.94,71.98,0.71,0.3,0.0,0.3,,,,,,,,,,,,11.72
2025-07-20,7,Ferreira do Zêzere,19.6,92.0,1.6,1.85,S,489.6,40.27,150.6,66.56,0.61,0.25,0.0,0.25,,,,,,,,,,,,13.47
2025-07-20,8,Ferreira do Zêzere,19.8,95.0,2.8,0.8,NW,269.6,44.36,160.26,63.87,0.58,0.24,0.0,0.24,,,,,,,,,,,,13.89
2025-07-20,9,Ferreira do Zêzere,19.4,91.0,2.4,0.34,NW,1119.5,40.21,144.62,66.61,0.63,0.26,0.0,0.26,,,,,,,,,,,,13.95
2025-07-20,10,Ferreira do Zêzere,21.2,80.0,2.2,0.1,NW,1969.9,33.16,110.24,71.53,0.74,0.32,0.0,0.32,,,,,,,,,,,,13.95
2025-07-20,11,Ferreira do Zêzere,23.1,64.0,3.9,0.4,W,2305.9,26.77,73.3,76.35,1.01,0.48,0.01,0.48,,,,,,,,,,,,14.15
2025-07-20,12,Ferreira do Zêzere,25.2,50.0,4.0,0.26,NW,3185.2,21.21,54.44,80.83,1.52,0.79,0.02,0.79,59.68,7.33,-97.68,59.68,51.1,0.49,8.69,0.27,0.0,0.27,12.0,13.81
2025-07-20,13,Ferreira do Zêzere,26.0,45.0,4.6,0.01,NW,3396.5,17.32,47.46,84.15,2.37,1.85,0.08,1.85,,,,,,,,,,,,13.42
2025-07-20,14,Ferreira do Zêzere,26.3,41.0,4.0,0.1,NW,3573.9,15.16,44.77,86.06,2.99,2.71,0.16,2.71,,,,,,,,,,,,12.22
2025-07-20,15,Ferreira do Zêzere,26.0,41.0,4.7,0.01,NW,2757.7,13.77,43.95,87.32,3.7,3.52,0.25,3.52,,,,,,,,,,,,12.03
2025-07-20,16,Ferreira do Zêzere,26.0,42.0,5.8,0.01,NW,2563.1,12.93,42.68,88.09,4.37,4.22,0.35,4.22,,,,,,,,,,,,12.03
2025-07-20,17,Ferreira do Zêzere,24.9,45.0,4.2,0.01,NW,1578.0,12.27,49.91,88.7,4.4,4.15,0.34,4.15,,,,,,,,,,,,12.03
2025-07-20,18,Ferreira do Zêzere,24.9,43.0,4.9,0.01,NW,1462.4,11.77,46.21,89.17,4.87,4.69,0.42,4.69,,,,,,,,,,,,10.64
2025-07-20,19,Ferreira do Zêzere,23.1,47.0,5.8,0.01,NW,721.5,11.42,51.11,89.49,5.34,4.99,0.47,4.99,,,,,,,,,,,,10.64
2025-07-20,20,Ferreira do Zêzere,21.1,52.0,4.8,0.1,NW,115.9,11.31,61.26,89.6,5.15,4.62,0.41,4.62,,,,,,,,,,,,10.73
2025-07-20,21,Ferreira do Zêzere,19.3,62.0,3.6,0.1,NW,0.5,11.6,77.2,89.32,4.67,3.93,0.31,3.93,,,,,,,,,,,,10.53
2025-07-20,22,Ferreira do Zêzere,18.0,67.0,3.2,0.01,NW,2.2,11.94,84.14,89.01,4.37,3.57,0.26,3.57,,,,,,,,,,,,9.02
2025-07-20,23,Ferreira do Zêzere,16.9,77.0,1.6,0.01,NW,4.3,12.51,105.65,88.48,3.73,2.81,0.17,2.81,,,,,,,,,,,,8.63
2025-07-21,0,Ferreira do Zêzere,15.9,84.0,2.0,0.01,NW,2.8,13.06,106.11,87.97,3.54,2.94,0.18,2.94,,,,,,,,,,,,8.54
2025-07-21,1,Ferreira do Zêzere,15.1,89.0,2.0,0.01,NW,0.01,13.65,105.27,87.43,3.28,2.72,0.16,2.72,,,,,,,,,,,,6.25
2025-07-21,2,Ferreira do Zêzere,14.8,90.0,2.4,0.1,NW,0.7,14.09,106.63,87.03,3.16,2.57,0.14,2.57,,,,,,,,,,,,6.25
2025-07-21,3,Ferreira do Zêzere,14.8,91.0,2.6,0.4,N,1.9,14.59,109.17,86.57,2.99,2.37,0.13,2.37,,,,,,,,,,,,6.36
2025-07-21,4,Ferreira do Zêzere,15.0,92.0,2.5,0.01,NW,13.6,15.07,107.17,86.14,2.8,2.18,0.11,2.18,,,,,,,,,,,,5.77
2025-07-21,5,Ferreira do Zêzere,14.9,91.0,2.5,0.2,NW,24.8,15.35,103.63,85.89,2.71,2.09,0.1,2.09,,,,,,,,,,,,5.6
2025-07-21,6,Ferreira do Zêzere,14.3,92.0,1.7,0.1,N,49.4,15.56,102.08,85.7,2.53,1.91,0.09,1.91,,,,,,,,,,,,4.96
2025-07-21,7,Ferreira do Zêzere,15.5,88.0,3.1,0.01,NW,496.2,15.6,70.31,85.67,2.7,2.42,0.13,2.42,,,,,,,,,,,,3.12
2025-07-21,8,Ferreira do Zêzere,17.9,76.0,4.3,0.1,N,1189.0,15.14,46.64,86.08,3.04,3.17,0.21,3.17,,,,,,,,,,,,2.42
2025-07-21,9,Ferreira do Zêzere,20.8,57.0,4.4,0.1,N,1861.0,14.18,32.31,86.95,3.46,4.05,0.32,4.05,,,,,,,,,,,,2.18
2025-07-21,10,Ferreira do Zêzere,22.7,47.0,5.1,0.01,N,2552.6,13.35,26.06,87.7,3.99,4.96,0.46,4.96,,,,,,,,,,,,2.09
2025-07-21,11,Ferreira do Zêzere,24.1,44.0,5.5,0.01,NW,3064.9,12.6,21.56,88.39,4.49,5.92,0.63,5.92,,,,,,,,,,,,1.7
2025-07-21,12,Ferreira do Zêzere,25.4,41.0,5.1,0.4,N,3391.4,11.91,20.73,89.03,4.83,6.35,0.72,6.35,77.5,9.8,-89.4,77.5,25.3,1.17,11.46,0.76,0.02,0.76,12.0,1.84
2025-07-21,13,Ferreira do Zêzere,26.7,38.0,5.0,0.01,NW,3525.1,10.64,18.99,90.23,5.7,7.53,0.97,7.53,,,,,,,,,,,,1.84
2025-07-21,14,Ferreira do Zêzere,28.0,35.0,4.8,0.01,NW,3453.6,9.64,16.97,91.18,6.47,8.63,1.23,8.63,,,,,,,,,,,,1.75
2025-07-21,15,Ferreira do Zêzere,28.6,35.0,4.7,0.01,NW,3185.5,9.02,16.61,91.78,7.0,9.27,1.4,9.27,,,,,,,,,,,,1.75
2025-07-21,16,Ferreira do Zêzere,28.3,38.0,6.6,0.01,NW,2734.2,8.55,16.86,92.24,8.22,10.51,1.75,10.51,,,,,,,,,,,,1.75
2025-07-21,17,Ferreira do Zêzere,26.9,42.0,6.3,0.01,NW,2139.7,8.45,18.99,92.34,8.21,10.3,1.69,10.3,,,,,,,,,,,,1.75
2025-07-21,18,Ferreira do Zêzere,25.2,47.0,6.2,0.1,NW,1386.8,8.45,22.09,92.34,8.17,9.95,1.59,9.95,,,,,,,,,,,,1.84
2025-07-21,19,Ferreira do Zêzere,23.5,50.0,6.4,0.01,NW,698.7,8.42,24.14,92.37,8.29,9.91,1.58,9.91,,,,,,,,,,,,1.84
2025-07-21,20,Ferreira do Zêzere,21.6,56.0,3.52,0.01,---,139.46,8.38,28.52,92.41,7.21,8.67,1.24,8.67,,,,,,,,,,,,1.75
2025-07-21,21,Ferreira do Zêzere,18.58,67.46,3.32,0.1,---,0.29,8.68,34.98,92.11,6.85,7.98,1.07,7.98,,,,,,,,,,,,1.75
2025-07-21,22,Ferreira do Zêzere,17.53,71.52,2.62,0.01,---,3.24,8.89,38.02,91.91,6.42,7.44,0.95,7.44,,,,,,,,,,,,1.75
2025-07-21,23,Ferreira do Zêzere,17.7,70.0,4.1,0.01,NW,21.81,9.2,35.99,91.61,6.63,7.69,1.01,7.69,,,,,,,,,,,,1.75
2025-07-22,0,Ferreira do Zêzere,16.9,76.0,2.6,0.01,N,40.2,9.58,40.06,91.24,5.84,6.99,0.85,6.99,,,,,,,,,,,,1.75
2025-07-22,1,Ferreira do Zêzere,16.3,81.0,3.1,0.01,NW,0.1,9.99,42.59,90.85,5.66,6.72,0.79,6.72,,,,,,,,,,,,1.75
2025-07-22,2,Ferreira do Zêzere,15.8,85.0,2.3,0.1,N,0.1,10.19,45.97,90.66,5.29,6.25,0.7,6.25,,,,,,,,,,,,1.75
2025-07-22,3,Ferreira do Zêzere,15.4,88.0,2.7,0.5,NW,0.1,10.33,49.68,90.52,5.3,6.13,0.67,6.13,,,,,,,,,,,,1.85
2025-07-22,4,Ferreira do Zêzere,15.2,88.0,3.2,0.2,NW,0.1,10.48,52.77,90.38,5.32,6.02,0.65,6.02,,,,,,,,,,,,2.04
2025-07-22,5,Ferreira do Zêzere,15.6,86.0,3.3,0.4,N,41.02,10.66,54.09,90.21,5.22,5.82,0.61,5.82,,,,,,,,,,,,2.24
2025-07-22,6,Ferreira do Zêzere,15.8,84.0,2.4,0.01,N,45.9,10.71,51.86,90.16,4.95,5.61,0.58,5.61,,,,,,,,,,,,2.15
2025-07-22,7,Ferreira do Zêzere,17.1,77.0,4.6,0.1,NW,500.4,10.72,45.09,90.15,5.53,6.3,0.71,6.3,,,,,,,,,,,,2.24
2025-07-22,8,Ferreira do Zêzere,19.7,62.0,4.9,0.01,NW,1168.2,10.66,34.29,90.21,5.66,6.79,0.81,6.79,,,,,,,,,,,,2.15
2025-07-22,9,Ferreira do Zêzere,22.5,51.0,4.4,0.01,NW,1838.6,10.37,27.6,90.49,5.74,7.23,0.9,7.23,,,,,,,,,,,,2.06
2025-07-22,10,Ferreira do Zêzere,25.0,45.0,4.4,0.7,NW,2475.1,9.88,27.2,90.95,6.13,7.54,0.97,7.54,,,,,,,,,,,,2.75
2025-07-22,11,Ferreira do Zêzere,27.0,40.0,4.9,0.9,NW,2978.2,9.62,26.19,91.2,6.52,7.86,1.05,7.86,,,,,,,,,,,,3.64
2025-07-22,12,Ferreira do Zêzere,28.2,40.0,5.0,0.23,NW,3308.6,9.43,24.25,91.39,6.72,8.19,1.12,8.19,78.24,10.49,-83.15,78.24,24.38,1.24,12.31,0.84,0.02,0.84,12.0,3.47
2025-07-22,13,Ferreira do Zêzere,29.7,42.0,5.2,0.3,NW,3448.5,9.01,23.98,91.79,7.19,8.63,1.23,8.63,,,,,,,,,,,,3.76
2025-07-22,14,Ferreira do Zêzere,30.5,42.0,5.2,0.15,NW,3402.1,8.45,23.43,92.34,7.77,9.23,1.39,9.23,,,,,,,,,,,,3.9
2025-07-22,15,Ferreira do Zêzere,30.7,43.0,4.9,0.1,NW,3153.9,8.17,24.06,92.61,7.95,9.37,1.43,9.37,,,,,,,,,,,,3.99
2025-07-22,16,Ferreira do Zêzere,29.7,46.0,6.6,1.0,NW,2732.5,8.13,27.04,92.65,8.71,9.73,1.53,9.73,,,,,,,,,,,,4.98
2025-07-22,17,Ferreira do Zêzere,28.4,51.0,6.9,0.2,NW,2136.7,8.05,31.13,92.73,8.94,9.67,1.51,9.67,,,,,,,,,,,,5.17
2025-07-22,18,Ferreira do Zêzere,25.8,60.0,7.0,0.4,NW,1452.5,8.19,40.45,92.59,8.82,9.1,1.36,9.1,,,,,,,,,,,,5.47
2025-07-22,19,Ferreira do Zêzere,23.6,69.0,4.6,0.25,NW,712.4,8.34,55.09,92.44,7.65,7.69,1.01,7.69,,,,,,,,,,,,5.71
2025-07-22,20,Ferreira do Zêzere,21.7,75.0,5.7,0.01,NW,100.9,8.76,62.34,92.04,7.63,7.47,0.96,7.47,,,,,,,,,,,,5.71
2025-07-22,21,Ferreira do Zêzere,20.5,79.0,6.9,0.01,NW,0.3,9.34,66.88,91.47,7.49,7.24,0.9,7.24,,,,,,,,,,,,5.62
2025-07-22,22,Ferreira do Zêzere,19.7,79.0,5.9,0.01,NW,14.12,9.91,69.67,90.93,6.59,6.41,0.73,6.41,,,,,,,,,,,,5.62
2025-07-22,23,Ferreira do Zêzere,18.9,79.0,5.2,0.1,NW,21.27,10.52,72.53,90.34,5.85,5.7,0.59,5.7,,,,,,,,,,,,5.71
2025-07-23,0,Ferreira do Zêzere,18.3,79.0,5.6,0.01,NW,24.88,10.97,79.09,89.92,5.62,4.98,0.47,4.98,,,,,,,,,,,,5.71
2025-07-23,1,Ferreira do Zêzere,17.9,81.0,4.7,0.01,NW,0.7,11.34,84.67,89.57,5.11,4.47,0.38,4.47,,,,,,,,,,,,5.71
2025-07-23,2,Ferreira do Zêzere,17.6,82.0,5.3,0.1,N,32.54,11.74,85.58,89.19,4.99,4.34,0.37,4.34,,,,,,,,,,,,5.71
2025-07-23,3,Ferreira do Zêzere,17.6,81.0,5.7,0.8,NW,31.03,12.15,84.65,88.81,4.82,4.17,0.34,4.17,,,,,,,,,,,,6.01
2025-07-23,4,Ferreira do Zêzere,17.6,81.0,5.7,0.3,NW,22.99,12.54,85.13,88.45,4.57,3.93,0.31,3.93,,,,,,,,,,,,6.11
2025-07-23,5,Ferreira do Zêzere,17.2,82.0,3.6,0.2,NW,18.78,12.86,91.06,88.15,3.94,3.31,0.23,3.31,,,,,,,,,,,,5.91
2025-07-23,6,Ferreira do Zêzere,16.9,82.0,4.6,0.1,NW,16.2,13.15,89.66,87.89,3.99,3.35,0.23,3.35,,,,,,,,,,,,6.0
2025-07-23,7,Ferreira do Zêzere,17.3,79.0,5.6,0.38,NW,285.1,13.34,83.42,87.71,4.09,3.47,0.25,3.47,,,,,,,,,,,,6.28
2025-07-23,8,Ferreira do Zêzere,18.3,75.0,5.0,0.73,NW,623.3,13.41,80.01,87.65,3.94,3.35,0.23,3.35,,,,,,,,,,,,7.0
2025-07-23,9,Ferreira do Zêzere,19.5,71.0,7.6,0.3,NW,969.0,13.15,68.74,87.89,4.64,4.12,0.33,4.12,,,,,,,,,,,,7.29
2025-07-23,10,Ferreira do Zêzere,20.5,65.0,7.2,0.35,NW,1529.9,12.62,60.54,88.38,4.88,4.5,0.39,4.5,,,,,,,,,,,,6.94
2025-07-23,11,Ferreira do Zêzere,22.5,57.0,5.0,0.3,NW,2254.2,11.94,52.47,89.01,4.78,4.65,0.41,4.65,,,,,,,,,,,,6.34
2025-07-23,12,Ferreira do Zêzere,24.0,51.0,5.9,0.2,NW,2298.6,11.19,44.23,89.71,5.54,5.58,0.57,5.58,65.92,8.48,-81.42,65.92,41.24,0.74,10.08,0.45,0.01,0.45,12.0,6.31
2025-07-23,13,Ferreira do Zêzere,24.9,47.0,5.1,0.01,NW,2738.6,10.36,40.87,90.5,5.95,6.14,0.67,6.14,,,,,,,,,,,,6.02
2025-07-23,14,Ferreira do Zêzere,26.5,43.0,6.3,0.01,NW,2718.5,9.97,34.28,90.87,6.67,7.02,0.86,7.02,,,,,,,,,,,,5.88
2025-07-23,15,Ferreira do Zêzere,26.7,42.0,7.1,0.1,NW,2735.5,9.58,32.64,91.24,7.32,7.68,1.0,7.68,,,,,,,,,,,,5.88
2025-07-23,16,Ferreira do Zêzere,26.9,43.0,6.7,0.01,N,2686.3,8.98,31.4,91.82,7.79,8.23,1.13,8.23,,,,,,,,,,,,4.89
2025-07-23,17,Ferreira do Zêzere,26.7,44.0,6.8,0.01,NW,2081.6,8.6,31.64,92.19,8.25,8.63,1.24,8.63,,,,,,,,,,,,4.7
2025-07-23,18,Ferreira do Zêzere,25.7,48.0,6.7,0.1,NW,1400.5,8.53,34.36,92.26,8.29,8.55,1.21,8.55,,,,,,,,,,,,4.4
2025-07-23,19,Ferreira do Zêzere,24.1,53.0,5.4,0.01,NW,657.1,8.45,40.06,92.34,7.85,7.97,1.07,7.97,,,,,,,,,,,,4.16
2025-07-23,20,Ferreira do Zêzere,22.0,61.0,6.0,0.01,NW,109.1,8.62,47.32,92.17,7.9,7.72,1.01,7.72,,,,,,,,,,,,4.16
2025-07-23,21,Ferreira do Zêzere,20.4,68.0,5.7,0.01,NW,0.2,8.98,55.38,91.82,7.41,7.06,0.86,7.06,,,,,,,,,,,,4.16
2025-07-23,22,Ferreira do Zêzere,19.2,73.0,4.0,0.01,NW,5.91,9.4,64.69,91.42,6.42,6.04,0.66,6.04,,,,,,,,,,,,4.16
2025-07-23,23,Ferreira do Zêzere,18.4,77.0,2.9,0.01,NW,8.2,9.83,71.94,91.0,5.73,5.33,0.53,5.33,,,,,,,,,,,,4.07
2025-07-24,0,Ferreira do Zêzere,17.6,81.0,3.7,0.01,N,8.15,10.24,65.81,90.61,5.64,6.09,0.67,6.09,,,,,,,,,,,,4.07
2025-07-24,1,Ferreira do Zêzere,17.0,84.0,4.7,0.01,NW,5.44,10.71,68.56,90.16,5.56,5.96,0.64,5.96,,,,,,,,,,,,4.07
2025-07-24,2,Ferreira do Zêzere,16.6,86.0,3.4,0.01,N,11.21,11.22,72.7,89.68,4.86,5.21,0.5,5.21,,,,,,,,,,,,3.98
2025-07-24,3,Ferreira do Zêzere,15.64,85.41,1.97,0.1,---,9.89,11.52,67.0,89.4,4.34,4.82,0.44,4.82,,,,,,,,,,,,3.28
2025-07-24,4,Ferreira do Zêzere,15.3,86.74,2.55,0.01,---,5.63,11.66,63.73,89.27,4.39,4.95,0.46,4.95,,,,,,,,,,,,2.99
2025-07-24,5,Ferreira do Zêzere,15.0,92.0,3.2,0.1,N,10.92,11.75,67.89,89.18,4.48,5.03,0.47,5.03,,,,,,,,,,,,2.89
2025-07-24,6,Ferreira do Zêzere,14.9,92.0,3.1,0.1,N,14.9,11.7,68.03,89.23,4.49,5.03,0.48,5.03,,,,,,,,,,,,2.89
2025-07-24,7,Ferreira do Zêzere,15.2,91.0,3.3,0.01,N,230.2,11.58,60.18,89.34,4.61,5.35,0.53,5.35,,,,,,,,,,,,2.52
2025-07-24,8,Ferreira do Zêzere,17.6,81.0,4.5,0.1,N,1097.6,11.51,39.84,89.41,4.94,6.28,0.7,6.28,,,,,,,,,,,,1.89
2025-07-24,9,Ferreira do Zêzere,21.2,65.0,3.9,0.5,NW,1588.9,11.14,32.64,89.76,5.04,6.58,0.76,6.58,,,,,,,,,,,,2.09
2025-07-24,10,Ferreira do Zêzere,24.9,51.0,4.0,0.5,NW,2474.0,10.42,25.71,90.44,5.58,7.54,0.97,7.54,,,,,,,,,,,,2.24
2025-07-24,11,Ferreira do Zêzere,28.4,41.0,4.1,0.1,NW,2983.8,9.68,18.9,91.15,6.21,8.85,1.29,8.85,,,,,,,,,,,,2.04
2025-07-24,12,Ferreira do Zêzere,31.3,35.0,3.5,0.2,NW,3311.8,9.01,15.57,91.79,6.6,9.69,1.51,9.69,83.26,11.78,-72.08,83.26,18.34,1.99,14.05,2.32,0.12,2.32,12.0,2.04
2025-07-24,13,Ferreira do Zêzere,33.1,29.0,3.4,0.17,N,3445.4,8.01,13.29,92.77,7.54,11.02,1.9,11.02,,,,,,,,,,,,2.2
2025-07-24,14,Ferreira do Zêzere,33.9,26.0,4.8,0.43,NW,3382.0,7.292,12.27,93.47,8.93,12.48,2.37,12.48,,,,,,,,,,,,2.62
2025-07-24,15,Ferreira do Zêzere,34.4,24.0,5.1,0.72,NW,3141.7,6.887,12.32,93.88,9.59,12.88,2.51,12.88,,,,,,,,,,,,3.24
2025-07-24,16,Ferreira do Zêzere,34.1,25.0,7.1,0.34,NW,2713.4,6.635,12.46,94.13,10.98,14.06,2.93,14.06,,,,,,,,,,,,3.57
2025-07-24,17,Ferreira do Zêzere,31.8,32.0,6.6,0.95,NW,2091.0,6.406,18.1,94.36,11.05,13.25,2.64,13.25,,,,,,,,,,,,4.51
2025-07-24,18,Ferreira do Zêzere,30.9,33.0,5.8,0.76,NW,1402.2,6.372,20.85,94.39,10.66,12.59,2.41,12.59,,,,,,,,,,,,5.17
2025-07-24,19,Ferreira do Zêzere,29.3,36.0,5.3,0.74,NW,658.7,6.337,25.38,94.43,10.45,11.99,2.21,11.99,,,,,,,,,,,,5.9
2025-07-24,20,Ferreira do Zêzere,27.3,39.0,4.7,0.98,NW,103.4,6.252,31.49,94.51,10.26,11.39,2.02,11.39,,,,,,,,,,,,6.87
2025-07-24,21,Ferreira do Zêzere,25.1,45.0,4.4,0.81,N,0.3,6.359,39.57,94.4,9.96,10.67,1.8,10.67,,,,,,,,,,,,7.67
2025-07-24,22,Ferreira do Zêzere,23.7,50.0,2.7,0.62,N,5.92,6.467,49.27,94.3,9.0,9.52,1.47,9.52,,,,,,,,,,,,8.28
2025-07-24,23,Ferreira do Zêzere,21.9,56.0,3.2,0.22,N,5.63,6.376,55.99,94.39,9.35,9.55,1.48,9.55,,,,,,,,,,,,8.49
2025-07-25,0,Ferreira do Zêzere,20.3,61.0,1.1,0.2,NE,4.02,6.326,72.13,94.44,8.47,8.47,1.19,8.47,,,,,,,,,,,,8.68
2025-07-25,1,Ferreira do Zêzere,17.1,73.0,1.7,0.5,SE,0.5,6.322,89.62,94.44,8.73,8.26,1.14,8.26,,,,,,,,,,,,9.17
2025-07-25,2,Ferreira do Zêzere,15.7,78.0,1.5,0.4,SE,4.1,6.317,100.9,94.45,8.65,8.02,1.08,8.02,,,,,,,,,,,,9.56
2025-07-25,3,Ferreira do Zêzere,14.9,79.0,1.0,0.25,E,0.1,6.352,106.7,94.41,8.4,7.76,1.02,7.76,,,,,,,,,,,,9.71
2025-07-25,4,Ferreira do Zêzere,15.3,74.0,1.0,0.5,NE,3.88,6.404,100.29,94.36,8.34,7.78,1.03,7.78,,,,,,,,,,,,10.2
2025-07-25,5,Ferreira do Zêzere,16.2,68.0,1.7,0.33,N,5.97,6.435,88.3,94.33,8.6,8.13,1.11,8.13,,,,,,,,,,,,10.43
2025-07-25,6,Ferreira do Zêzere,16.8,64.0,1.4,0.22,NW,36.6,6.5,84.44,94.26,8.39,8.06,1.09,8.06,,,,,,,,,,,,10.55
2025-07-25,7,Ferreira do Zêzere,18.5,62.0,0.6,0.1,S,465.3,6.593,83.97,94.17,7.96,7.79,1.03,7.79,,,,,,,,,,,,10.64
2025-07-25,8,Ferreira do Zêzere,23.3,47.0,3.1,0.25,E,1137.7,6.694,51.44,94.07,8.9,9.21,1.39,9.21,,,,,,,,,,,,10.79
2025-07-25,9,Ferreira do Zêzere,27.0,31.0,3.8,0.1,E,1864.3,6.737,33.72,94.03,9.17,10.19,1.66,10.19,,,,,,,,,,,,10.39
2025-07-25,10,Ferreira do Zêzere,28.4,29.0,2.9,0.01,E,2528.8,6.741,31.52,94.02,8.76,10.0,1.6,10.0,,,,,,,,,,,,9.9
2025-07-25,11,Ferreira do Zêzere,30.0,27.0,3.4,0.4,E,3053.5,6.561,27.33,94.2,9.21,10.6,1.78,10.6,,,,,,,,,,,,10.2
2025-07-25,12,Ferreira do Zêzere,31.7,24.0,3.2,0.15,E,3395.0,6.526,23.71,94.24,9.16,10.8,1.83,10.8,79.12,11.48,-74.26,79.12,23.29,1.22,13.63,0.88,0.02,0.88,12.0,10.15
2025-07-25,13,Ferreira do Zêzere,33.1,21.0,2.3,0.01,E,3532.7,6.313,21.78,94.45,9.01,10.89,1.86,10.89,,,,,,,,,,,,9.99
2025-07-25,14,Ferreira do Zêzere,34.6,18.0,1.7,0.01,SW,3444.6,6.02,19.39,94.74,9.11,11.25,1.97,11.25,,,,,,,,,,,,9.57
2025-07-25,15,Ferreira do Zêzere,35.1,18.0,1.5,0.1,SE,3189.0,5.709,18.77,95.06,9.41,11.65,2.1,11.65,,,,,,,,,,,,8.95
2025-07-25,16,Ferreira do Zêzere,35.8,17.0,3.7,0.01,NW,2743.9,4.824,14.53,95.96,11.89,14.16,2.96,14.16,,,,,,,,,,,,8.62
2025-07-25,17,Ferreira do Zêzere,35.8,17.0,3.4,0.01,NW,2130.0,4.467,14.39,96.32,12.3,14.66,3.15,14.66,,,,,,,,,,,,7.68
2025-07-25,18,Ferreira do Zêzere,32.4,28.0,6.3,0.01,NW,1435.1,4.429,19.13,96.36,14.31,15.65,3.54,15.65,,,,,,,,,,,,6.93
2025-07-25,19,Ferreira do Zêzere,30.0,33.0,3.1,0.01,NW,663.9,4.41,26.7,96.38,12.21,13.55,2.74,13.55,,,,,,,,,,,,6.2
2025-07-25,20,Ferreira do Zêzere,27.7,36.0,3.3,0.1,NW,104.3,4.289,29.5,96.51,12.54,13.7,2.8,13.7,,,,,,,,,,,,5.32
2025-07-25,21,Ferreira do Zêzere,25.4,41.0,2.8,0.1,NW,0.1,4.471,33.94,96.32,11.93,13.0,2.55,13.0,,,,,,,,,,,,4.61
2025-07-25,22,Ferreira do Zêzere,24.1,45.0,2.2,0.1,NW,4.51,4.652,36.79,96.13,11.29,12.39,2.34,12.39,,,,,,,,,,,,4.09
2025-07-25,23,Ferreira do Zêzere,22.6,50.0,1.9,0.3,N,0.5,4.719,42.32,96.07,11.01,11.87,2.17,11.87,,,,,,,,,,,,4.17
2025-07-26,0,Ferreira do Zêzere,20.9,56.0,1.4,0.3,N,0.56,4.951,47.77,95.83,10.4,11.67,2.1,11.67,,,,,,,,,,,,4.27
2025-07-26,1,Ferreira do Zêzere,20.0,60.0,1.5,0.9,N,0.6,5.675,53.42,95.09,9.46,10.52,1.75,10.52,,,,,,,,,,,,4.67
2025-07-26,2,Ferreira do Zêzere,18.5,66.0,1.9,0.63,NW,0.3,5.776,59.92,94.99,9.52,10.3,1.69,10.3,,,,,,,,,,,,4.9
2025-07-26,3,Ferreira do Zêzere,18.0,69.0,1.1,0.63,N,0.1,5.813,67.95,94.95,9.09,9.74,1.53,9.74,,,,,,,,,,,,5.28
2025-07-26,4,Ferreira do Zêzere,16.2,75.0,0.8,0.73,SE,0.1,5.813,78.84,94.95,8.96,9.38,1.43,9.38,,,,,,,,,,,,5.51
2025-07-26,5,Ferreira do Zêzere,14.4,81.0,0.9,0.58,E,0.9,5.865,88.96,94.9,8.94,9.15,1.37,9.15,,,,,,,,,,,,5.76
2025-07-26,6,Ferreira do Zêzere,14.0,84.0,0.7,0.35,NE,36.0,5.881,95.16,94.88,8.83,8.96,1.32,8.96,,,,,,,,,,,,5.89
2025-07-26,7,Ferreira do Zêzere,17.3,70.0,0.9,0.33,SE,461.9,5.907,75.37,94.86,8.88,9.32,1.41,9.32,,,,,,,,,,,,6.12
2025-07-26,8,Ferreira do Zêzere,21.8,54.0,1.3,0.26,N,1135.6,6.022,53.64,94.74,8.92,9.91,1.58,9.91,,,,,,,,,,,,6.13
2025-07-26,9,Ferreira do Zêzere,26.5,39.0,1.4,0.33,NW,1839.3,6.15,37.42,94.61,8.81,10.45,1.73,10.45,,,,,,,,,,,,6.36
2025-07-26,10,Ferreira do Zêzere,31.1,27.0,2.4,0.9,NE,2495.8,6.18,24.25,94.58,9.23,11.44,2.03,11.44,,,,,,,,,,,,7.25
2025-07-26,11,Ferreira do Zêzere,34.4,18.0,1.3,0.35,SE,3012.4,5.915,18.42,94.85,9.06,11.87,2.17,11.87,,,,,,,,,,,,7.2
2025-07-26,12,Ferreira do Zêzere,36.2,16.0,1.4,0.95,W,3336.4,5.831,15.88,94.94,9.21,12.16,2.26,12.16,85.01,13.16,-72.73,85.01,16.35,2.26,15.71,3.01,0.19,3.01,12.0,8.0
2025-07-26,13,Ferreira do Zêzere,37.2,15.0,2.8,0.3,NW,3496.7,4.928,12.76,95.85,11.2,14.29,3.01,14.29,,,,,,,,,,,,8.29
2025-07-26,14,Ferreira do Zêzere,38.1,14.0,1.1,1.05,W,3414.5,4.407,14.19,96.39,11.05,14.15,2.96,14.15,,,,,,,,,,,,9.33
2025-07-26,15,Ferreira do Zêzere,39.0,13.0,2.7,0.4,W,3146.2,4.197,10.91,96.6,12.33,15.5,3.48,15.5,,,,,,,,,,,,9.63
2025-07-26,16,Ferreira do Zêzere,37.5,18.0,5.5,0.01,NW,2706.6,3.889,11.71,96.92,14.81,17.34,4.24,17.34,,,,,,,,,,,,9.63
2025-07-26,17,Ferreira do Zêzere,36.4,19.0,6.1,0.01,NW,2083.8,3.803,12.74,97.01,15.45,17.7,4.4,17.7,,,,,,,,,,,,9.63
2025-07-26,18,Ferreira do Zêzere,34.9,20.0,4.7,0.01,NW,1393.9,3.848,15.65,96.96,14.31,16.5,3.89,16.5,,,,,,,,,,,,9.63
2025-07-26,19,Ferreira do Zêzere,33.3,21.0,3.7,0.01,NW,656.8,3.647,18.93,97.17,13.99,16.0,3.68,16.0,,,,,,,,,,,,9.63
2025-07-26,20,Ferreira do Zêzere,30.1,25.0,2.1,0.01,NW,106.9,3.514,27.43,97.31,13.15,14.77,3.19,14.77,,,,,,,,,,,,9.54
2025-07-26,21,Ferreira do Zêzere,27.0,33.0,2.6,0.01,NW,0.1,3.568,35.13,97.25,13.38,14.36,3.04,14.36,,,,,,,,,,,,9.45
2025-07-26,22,Ferreira do Zêzere,25.0,38.0,1.9,0.1,NW,4.21,3.66,42.96,97.16,12.75,13.48,2.72,13.48,,,,,,,,,,,,9.45
2025-07-26,23,Ferreira do Zêzere,23.5,43.0,2.2,0.1,NW,0.2,3.67,47.59,97.15,12.93,13.35,2.67,13.35,,,,,,,,,,,,9.25
2025-07-27,0,Ferreira do Zêzere,22.1,49.0,1.3,0.1,N,5.02,3.778,55.98,97.04,12.17,13.24,2.63,13.24,,,,,,,,,,,,9.05
2025-07-27,1,Ferreira do Zêzere,20.8,54.0,1.2,0.2,N,0.3,3.819,61.03,96.99,12.04,13.01,2.55,13.01,,,,,,,,,,,,8.35
2025-07-27,2,Ferreira do Zêzere,19.3,59.0,1.6,0.3,N,0.2,3.838,65.26,96.97,12.26,13.02,2.55,13.02,,,,,,,,,,,,8.02
2025-07-27,3,Ferreira do Zêzere,19.5,57.0,1.8,0.1,N,0.4,3.87,61.24,96.94,12.33,13.25,2.64,13.25,,,,,,,,,,,,7.49
2025-07-27,4,Ferreira do Zêzere,18.3,67.0,0.7,0.1,N,0.5,3.997,74.21,96.81,11.46,12.32,2.32,12.32,,,,,,,,,,,,6.86
2025-07-27,5,Ferreira do Zêzere,16.7,77.0,1.8,0.1,N,0.41,4.153,80.02,96.65,11.85,12.47,2.37,12.47,,,,,,,,,,,,6.38
2025-07-27,6,Ferreira do Zêzere,16.8,78.0,0.5,0.1,N,31.9,4.277,85.61,96.52,10.91,11.72,2.12,11.72,,,,,,,,,,,,6.13
2025-07-27,7,Ferreira do Zêzere,18.3,77.0,3.0,0.01,N,435.8,4.474,71.49,96.32,12.04,12.85,2.5,12.85,,,,,,,,,,,,5.81
2025-07-27,8,Ferreira do Zêzere,21.1,67.0,3.1,0.1,NW,1115.6,4.859,56.74,95.92,11.48,12.8,2.48,12.8,,,,,,,,,,,,5.65
2025-07-27,9,Ferreira do Zêzere,24.6,53.0,2.4,0.01,NW,1800.7,5.776,42.2,94.99,9.76,11.91,2.18,11.91,,,,,,,,,,,,5.33
2025-07-27,10,Ferreira do Zêzere,28.8,41.0,2.6,0.01,N,2453.2,5.881,27.62,94.88,9.71,12.91,2.52,12.91,,,,,,,,,,,,4.44
2025-07-27,11,Ferreira do Zêzere,33.1,31.0,2.4,0.01,NW,2982.2,5.772,18.57,94.99,9.76,13.97,2.89,13.97,,,,,,,,,,,,4.1
2025-07-27,12,Ferreira do Zêzere,35.3,28.0,3.7,0.01,NW,3339.2,5.716,12.98,95.05,10.51,16.12,3.73,16.12,87.83,15.46,-64.88,87.83,13.22,3.78,19.3,6.01,0.65,6.01,12.0,3.16
2025-07-27,13,Ferreira do Zêzere,35.3,31.0,4.9,0.01,NW,3514.9,5.701,12.73,95.07,11.18,17.12,4.15,17.12,,,,,,,,,,,,2.87
2025-07-27,14,Ferreira do Zêzere,35.4,30.0,5.4,0.01,NW,3446.1,4.839,10.25,95.94,12.92,23.9,7.49,23.9,,,,,,,,,,,,1.83
2025-07-27,15,Ferreira do Zêzere,34.8,31.0,5.3,0.01,NW,3177.8,4.655,9.93,96.13,13.19,34.97,14.69,34.97,,,,,,,,,,,,1.44
2025-07-27,16,Ferreira do Zêzere,33.6,35.0,5.2,0.01,NW,2721.3,4.49,11.36,96.3,13.43,28.38,10.15,28.38,,,,,,,,,,,,1.44
2025-07-27,17,Ferreira do Zêzere,33.1,27.0,6.9,0.01,NW,2126.8,4.382,9.42,96.41,14.85,36.47,15.82,36.47,,,,,,,,,,,,1.44
2025-07-27,18,Ferreira do Zêzere,31.3,28.0,5.8,0.01,N,1420.5,4.506,10.6,96.28,13.81,29.17,10.65,29.17,,,,,,,,,,,,1.44
2025-07-27,19,Ferreira do Zêzere,28.2,41.0,5.0,0.01,NW,648.2,4.474,15.17,96.32,13.32,22.47,6.71,22.47,,,,,,,,,,,,1.44
2025-07-27,20,Ferreira do Zêzere,24.6,54.0,4.4,0.01,NW,92.0,4.585,20.11,96.2,12.73,19.6,5.27,19.6,,,,,,,,,,,,1.44
2025-07-27,21,Ferreira do Zêzere,22.1,64.0,3.7,0.01,NW,0.1,4.919,24.06,95.86,11.73,17.58,4.35,17.58,,,,,,,,,,,,1.44
2025-07-27,22,Ferreira do Zêzere,20.4,68.0,4.6,0.01,NW,0.2,5.837,24.57,94.93,10.81,16.22,3.77,16.22,,,,,,,,,,,,1.35
2025-07-27,23,Ferreira do Zêzere,19.3,72.0,5.5,0.1,NW,26.9,6.052,25.79,94.71,10.98,16.18,3.75,16.18,,,,,,,,,,,,1.35
2025-07-28,0,Ferreira do Zêzere,18.7,74.0,5.6,0.01,NW,9.44,6.302,30.17,94.46,10.66,14.74,3.18,14.74,,,,,,,,,,,,1.26
2025-07-28,1,Ferreira do Zêzere,18.2,77.0,3.8,0.01,NW,0.9,6.472,29.78,94.29,9.51,13.38,2.68,13.38,,,,,,,,,,,,1.07
2025-07-28,2,Ferreira do Zêzere,17.7,84.0,4.1,0.4,N,10.14,6.746,34.05,94.02,9.3,12.93,2.53,12.93,,,,,,,,,,,,1.17
2025-07-28,3,Ferreira do Zêzere,17.7,86.0,4.2,0.1,N,0.64,7.207,34.96,93.56,8.77,12.29,2.31,12.29,,,,,,,,,,,,1.17
2025-07-28,4,Ferreira do Zêzere,17.5,88.0,3.8,0.1,N,0.7,7.639,36.17,93.13,8.09,11.48,2.04,11.48,,,,,,,,,,,,1.17
2025-07-28,5,Ferreira do Zêzere,17.1,88.0,3.6,0.38,NW,0.2,8.08,41.38,92.7,7.54,10.82,1.84,10.82,,,,,,,,,,,,1.45
2025-07-28,6,Ferreira do Zêzere,16.8,90.0,3.4,0.5,N,25.8,8.53,50.45,92.26,7.02,9.42,1.44,9.42,,,,,,,,,,,,1.85
2025-07-28,7,Ferreira do Zêzere,17.2,88.0,4.4,1.9,NW,412.5,8.91,74.51,91.89,7.0,8.09,1.1,8.09,,,,,,,,,,,,3.74
2025-07-28,8,Ferreira do Zêzere,19.0,80.0,3.9,1.06,NW,1069.0,9.15,70.27,91.66,6.61,7.55,0.97,7.55,,,,,,,,,,,,4.7
2025-07-28,9,Ferreira do Zêzere,21.4,70.0,4.4,0.7,NW,1764.5,9.18,58.72,91.63,6.75,7.79,1.03,7.79,,,,,,,,,,,,5.39
2025-07-28,10,Ferreira do Zêzere,24.4,59.0,3.3,0.01,NW,2418.5,8.88,47.32,91.92,6.65,8.05,1.09,8.05,,,,,,,,,,,,5.39
2025-07-28,11,Ferreira do Zêzere,28.1,48.0,3.4,0.2,NW,2950.6,8.33,35.2,92.45,7.21,9.08,1.35,9.08,,,,,,,,,,,,5.58
2025-07-28,12,Ferreira do Zêzere,31.2,39.0,4.0,0.15,NW,3299.4,7.853,25.88,92.92,7.94,10.32,1.69,10.32,78.04,13.59,-61.34,78.04,24.63,1.16,16.94,0.95,0.02,0.95,12.0,5.72
2025-07-28,13,Ferreira do Zêzere,32.9,35.0,5.0,0.01,NW,3420.6,7.164,21.1,93.6,9.18,11.92,2.19,11.92,,,,,,,,,,,,5.72
2025-07-28,14,Ferreira do Zêzere,34.1,35.0,4.7,0.01,NW,3332.7,6.696,19.95,94.07,9.65,12.51,2.38,12.51,,,,,,,,,,,,5.72
2025-07-28,15,Ferreira do Zêzere,34.6,35.0,6.4,0.01,NW,3055.4,6.476,18.12,94.29,10.84,13.75,2.81,13.75,,,,,,,,,,,,5.72
2025-07-28,16,Ferreira do Zêzere,33.9,36.0,6.0,0.01,NW,2587.7,6.404,19.52,94.36,10.73,13.53,2.73,13.53,,,,,,,,,,,,5.72
2025-07-28,17,Ferreira do Zêzere,33.3,36.0,5.4,0.01,NW,1949.5,6.339,20.67,94.42,10.5,13.25,2.64,13.25,,,,,,,,,,,,5.72
2025-07-28,18,Ferreira do Zêzere,32.7,37.0,5.4,0.1,NW,1273.4,6.315,21.86,94.45,10.53,13.16,2.6,13.16,,,,,,,,,,,,5.81
2025-07-28,19,Ferreira do Zêzere,30.8,41.0,5.1,0.1,NW,575.2,6.285,26.31,94.48,10.42,12.69,2.44,12.69,,,,,,,,,,,,5.9
2025-07-28,20,Ferreira do Zêzere,28.9,46.0,3.8,0.1,NW,93.0,6.328,33.13,94.44,9.7,11.64,2.09,11.64,,,,,,,,,,,,5.99
2025-07-28,21,Ferreira do Zêzere,27.0,51.0,2.3,0.22,N,0.1,6.428,42.25,94.34,8.87,10.49,1.74,10.49,,,,,,,,,,,,6.2
2025-07-28,22,Ferreira do Zêzere,25.6,55.0,2.6,0.73,---,3.86,6.55,48.2,94.21,8.86,10.13,1.64,10.13,,,,,,,,,,,,6.92
2025-07-28,23,Ferreira do Zêzere,24.4,60.0,1.6,0.36,N,0.1,6.517,57.99,94.25,8.46,9.5,1.46,9.5,,,,,,,,,,,,7.18
2025-07-29,0,Ferreira do Zêzere,23.0,65.0,2.2,0.25,N,0.1,6.441,61.11,94.32,8.81,9.75,1.53,9.75,,,,,,,,,,,,7.42
2025-07-29,1,Ferreira do Zêzere,21.0,72.0,1.6,0.23,S,4.1,6.324,74.7,94.44,8.69,9.34,1.42,9.34,,,,,,,,,,,,7.64
2025-07-29,2,Ferreira do Zêzere,19.1,79.0,0.7,0.31,W,1.9,6.337,91.2,94.43,8.29,8.77,1.27,8.77,,,,,,,,,,,,7.55
2025-07-29,3,Ferreira do Zêzere,18.3,81.0,0.6,0.43,---,2.4,6.282,97.42,94.48,8.31,8.67,1.24,8.67,,,,,,,,,,,,7.88
2025-07-29,4,Ferreira do Zêzere,17.1,85.0,0.9,0.2,SE,4.49,6.272,104.13,94.49,8.45,8.67,1.24,8.67,,,,,,,,,,,,7.98
2025-07-29,5,Ferreira do Zêzere,16.5,85.0,0.8,0.43,NE,7.18,6.217,105.61,94.55,8.47,8.67,1.25,8.67,,,,,,,,,,,,8.03
2025-07-29,6,Ferreira do Zêzere,16.1,84.0,0.6,0.32,NE,27.5,6.13,104.78,94.63,8.49,8.73,1.26,8.73,,,,,,,,,,,,7.85
2025-07-29,7,Ferreira do Zêzere,19.2,70.0,0.8,0.65,S,409.5,6.141,75.2,94.62,8.56,9.39,1.43,9.39,,,,,,,,,,,,6.6
2025-07-29,8,Ferreira do Zêzere,24.4,48.0,0.9,0.33,SE,1081.5,6.202,46.11,94.56,8.53,10.35,1.7,10.35,,,,,,,,,,,,5.87
2025-07-29,9,Ferreira do Zêzere,29.4,27.0,3.9,0.25,E,1798.4,6.187,22.28,94.58,9.94,13.08,2.57,13.08,,,,,,,,,,,,5.42
2025-07-29,10,Ferreira do Zêzere,30.8,24.0,4.1,0.3,NE,2456.9,6.146,19.74,94.62,10.1,13.42,2.7,13.42,,,,,,,,,,,,5.71
2025-07-29,11,Ferreira do Zêzere,32.5,21.0,3.9,0.38,E,2981.4,5.952,17.15,94.81,10.27,13.88,2.86,13.88,,,,,,,,,,,,5.89
2025-07-29,12,Ferreira do Zêzere,34.0,20.0,4.4,0.8,E,3328.3,5.928,15.31,94.84,10.57,14.21,2.98,14.21,85.43,14.03,-58.48,85.43,15.87,2.79,17.88,4.2,0.35,4.2,12.0,6.54
2025-07-29,13,Ferreira do Zêzere,35.2,18.0,2.2,0.35,E,3461.8,5.835,15.75,94.93,9.58,13.31,2.66,13.31,,,,,,,,,,,,6.88
2025-07-29,14,Ferreira do Zêzere,36.8,16.0,3.1,0.1,E,3397.7,4.677,12.53,96.11,11.77,15.93,3.65,15.93,,,,,,,,,,,,6.97
2025-07-29,15,Ferreira do Zêzere,37.9,16.0,2.8,0.13,SE,3137.7,4.509,11.78,96.28,11.87,16.15,3.74,16.15,,,,,,,,,,,,7.09
2025-07-29,16,Ferreira do Zêzere,38.6,15.0,2.3,0.01,E,2699.3,4.172,11.3,96.63,12.12,16.6,3.93,16.6,,,,,,,,,,,,7.09
2025-07-29,17,Ferreira do Zêzere,39.2,14.0,1.5,0.1,SE,2064.7,3.924,11.41,96.88,12.05,16.66,3.95,16.66,,,,,,,,,,,,7.18
2025-07-29,18,Ferreira do Zêzere,38.7,16.0,4.4,0.3,NW,1336.0,3.781,10.01,97.03,14.23,18.52,4.77,18.52,,,,,,,,,,,,7.38
2025-07-29,19,Ferreira do Zêzere,34.7,26.0,4.1,0.1,NW,583.4,3.622,17.29,97.2,14.32,17.34,4.24,17.34,,,,,,,,,,,,7.38
2025-07-29,20,Ferreira do Zêzere,31.6,33.0,3.8,0.41,NW,90.2,3.663,24.37,97.15,14.03,16.24,3.78,16.24,,,,,,,,,,,,7.69
2025-07-29,21,Ferreira do Zêzere,28.7,40.0,1.3,0.45,N,0.1,3.937,37.19,96.87,11.91,13.71,2.8,13.71,,,,,,,,,,,,7.92
2025-07-29,22,Ferreira do Zêzere,26.4,47.0,0.9,0.27,NE,0.1,4.153,46.07,96.65,11.33,12.82,2.49,12.82,,,,,,,,,,,,7.46
2025-07-29,23,Ferreira do Zêzere,24.3,53.0,0.4,0.7,NW,0.1,4.302,57.77,96.49,10.82,11.95,2.19,11.95,,,,,,,,,,,,7.8
2025-07-30,0,Ferreira do Zêzere,22.5,60.0,1.1,0.3,E,0.3,4.312,61.93,96.48,11.19,12.64,2.43,12.64,,,,,,,,,,,,7.85
2025-07-30,1,Ferreira do Zêzere,20.7,67.0,1.1,0.15,NE,0.4,4.283,71.34,96.51,11.24,12.38,2.34,12.38,,,,,,,,,,,,7.77
2025-07-30,2,Ferreira do Zêzere,20.4,67.0,0.7,0.15,NE,0.6,4.277,73.54,96.52,11.02,12.21,2.28,12.21,,,,,,,,,,,,7.61
2025-07-30,3,Ferreira do Zêzere,19.1,69.0,1.2,0.1,SE,7.29,4.296,73.85,96.5,11.27,12.39,2.34,12.39,,,,,,,,,,,,7.28
2025-07-30,4,Ferreira do Zêzere,18.1,72.0,0.9,0.01,NE,2.2,4.286,79.29,96.51,11.12,12.18,2.27,12.18,,,,,,,,,,,,7.09
2025-07-30,5,Ferreira do Zêzere,16.9,75.0,0.7,0.1,SE,0.8,4.293,83.96,96.5,11.0,12.03,2.22,12.03,,,,,,,,,,,,6.76
2025-07-30,6,Ferreira do Zêzere,16.1,78.0,0.5,0.2,NE,19.1,4.388,89.2,96.41,10.75,11.74,2.13,11.74,,,,,,,,,,,,6.64
2025-07-30,7,Ferreira do Zêzere,17.8,72.0,0.6,0.2,S,332.6,4.582,77.18,96.21,10.51,11.89,2.17,11.89,,,,,,,,,,,,6.19
2025-07-30,8,Ferreira do Zêzere,23.3,55.0,1.1,0.01,SW,969.6,4.795,50.77,95.99,10.47,12.79,2.48,12.79,,,,,,,,,,,,5.87
2025-07-30,9,Ferreira do Zêzere,30.3,31.0,2.5,0.01,SE,1686.9,5.64,24.29,95.13,9.99,14.26,3.0,14.26,,,,,,,,,,,,5.63
2025-07-30,10,Ferreira do Zêzere,32.6,25.0,3.6,0.01,E,2339.6,4.925,17.75,95.86,11.66,17.28,4.22,17.28,,,,,,,,,,,,5.34
2025-07-30,11,Ferreira do Zêzere,34.3,23.0,3.3,0.01,E,2840.0,4.795,15.18,95.99,11.7,18.69,4.85,18.69,,,,,,,,,,,,4.97
2025-07-30,12,Ferreira do Zêzere,36.0,21.0,2.8,0.1,SE,3137.6,4.75,12.6,96.03,11.48,23.13,7.06,23.13,88.21,15.8,-52.14,88.21,12.8,3.82,22.85,6.7,0.79,6.7,12.0,4.27
2025-07-30,13,Ferreira do Zêzere,37.6,19.0,2.7,0.01,S,3276.4,4.731,10.43,96.05,11.45,43.13,21.29,43.13,,,,,,,,,,,,3.93
2025-07-30,19,Ferreira do Zêzere,34.8,24.0,3.9,0.01,NW,524.2,3.568,12.55,97.25,14.29,37.81,16.86,37.81,,,,,,,,,,,,3.44
2025-07-30,20,Ferreira do Zêzere,32.4,30.0,3.6,0.01,NW,76.0,3.539,15.56,97.28,14.13,31.17,11.98,31.17,,,,,,,,,,,,3.04
2025-07-30,21,Ferreira do Zêzere,29.9,36.0,2.3,0.01,N,0.1,3.768,19.01,97.05,12.82,44.76,22.73,44.76,,,,,,,,,,,,2.6
2025-07-30,22,Ferreira do Zêzere,28.2,41.0,2.3,0.01,N,0.4,3.937,20.74,96.87,12.52,36.49,15.84,36.49,,,,,,,,,,,,2.34
2025-07-31,0,Ferreira do Zêzere,23.5,55.0,1.5,0.01,NW,0.1,4.191,20.88,96.61,11.61,16.07,3.71,16.07,,,,,,,,,,,,1.45
2025-07-31,1,Ferreira do Zêzere,23.3,56.0,0.5,0.01,SE,0.1,4.261,20.55,96.54,10.94,15.32,3.41,15.32,,,,,,,,,,,,1.31
2025-07-31,2,Ferreira do Zêzere,21.5,63.0,0.8,0.1,NE,0.1,4.461,21.79,96.33,10.8,14.9,3.25,14.9,,,,,,,,,,,,1.26
2025-07-31,3,Ferreira do Zêzere,20.3,67.0,1.2,0.01,N,0.8,4.556,21.57,96.23,10.88,14.83,3.22,14.83,,,,,,,,,,,,1.17
2025-07-31,4,Ferreira do Zêzere,20.2,67.0,1.0,0.1,E,0.16,4.579,22.85,96.21,10.73,14.67,3.16,14.67,,,,,,,,,,,,1.26
2025-07-31,5,Ferreira do Zêzere,17.7,76.0,0.4,0.01,E,1.0,4.703,24.13,96.08,10.24,13.84,2.85,13.84,,,,,,,,,,,,1.17
2025-07-31,6,Ferreira do Zêzere,17.0,79.0,0.6,0.1,N,19.9,4.731,22.91,96.05,10.3,13.81,2.84,13.81,,,,,,,,,,,,1.07
2025-07-31,7,Ferreira do Zêzere,18.8,73.0,0.3,0.01,E,340.1,4.827,18.81,95.96,10.01,13.71,2.8,13.71,,,,,,,,,,,,0.88
2025-07-31,8,Ferreira do Zêzere,23.3,57.0,1.2,0.2,S,946.3,5.69,17.9,95.08,9.3,13.49,2.72,13.49,,,,,,,,,,,,1.07
2025-07-31,9,Ferreira do Zêzere,26.7,47.0,1.2,0.27,S,1610.3,5.822,17.02,94.94,9.13,13.7,2.8,13.7,,,,,,,,,,,,1.33
2025-07-31,10,Ferreira do Zêzere,30.3,35.0,0.8,0.1,SW,2258.7,5.772,13.65,94.99,9.01,14.05,2.92,14.05,,,,,,,,,,,,1.42
2025-07-31,11,Ferreira do Zêzere,33.4,30.0,1.5,0.2,SW,2771.3,4.944,11.47,95.84,10.46,15.72,3.57,15.72,,,,,,,,,,,,1.61
2025-07-31,12,Ferreira do Zêzere,36.7,22.0,1.7,0.1,SW,3127.6,4.868,8.04,95.91,10.68,16.45,3.86,16.45,92.39,21.82,-41.83,92.39,8.39,6.56,14.14,8.36,1.17,8.36,12.0,1.61
2025-07-31,13,Ferreira do Zêzere,38.4,19.0,2.0,0.2,W,3301.2,4.623,6.92,96.16,11.22,17.01,4.1,17.01,,,,,,,,,,,,1.8
2025-07-31,14,Ferreira do Zêzere,38.8,20.0,2.4,0.3,W,3210.2,4.366,7.33,96.43,11.86,17.34,4.24,17.34,,,,,,,,,,,,2.09
2025-07-31,15,Ferreira do Zêzere,38.9,19.0,2.1,0.01,W,2942.3,4.019,7.17,96.79,12.26,17.82,4.45,17.82,,,,,,,,,,,,2.09
2025-07-31,16,Ferreira do Zêzere,38.4,21.0,6.0,0.01,NW,2501.8,4.013,6.61,96.79,14.93,20.73,5.82,20.73,,,,,,,,,,,,1.9
2025-07-31,17,Ferreira do Zêzere,36.4,27.0,5.4,0.01,NW,1895.6,4.019,8.91,96.79,14.48,19.86,5.39,19.86,,,,,,,,,,,,1.9
2025-07-31,18,Ferreira do Zêzere,34.8,27.0,5.1,0.01,NW,1196.2,3.962,9.69,96.84,14.37,19.62,5.28,19.62,,,,,,,,,,,,1.9
2025-07-31,19,Ferreira do Zêzere,32.5,31.0,3.8,0.01,NW,524.0,3.879,12.14,96.93,13.62,18.52,4.77,18.52,,,,,,,,,,,,1.9
2025-07-31,20,Ferreira do Zêzere,29.2,40.0,2.8,0.01,NW,83.4,3.848,16.6,96.96,13.0,17.31,4.23,17.31,,,,,,,,,,,,1.9
2025-07-31,21,Ferreira do Zêzere,26.7,48.0,1.3,0.01,NW,48.34,4.035,21.26,96.77,11.75,15.6,3.52,15.6,,,,,,,,,,,,1.9
2025-07-31,22,Ferreira do Zêzere,24.7,54.0,2.0,0.01,NW,3.86,4.293,23.52,96.5,11.74,15.26,3.39,15.26,,,,,,,,,,,,1.9
2025-07-31,23,Ferreira do Zêzere,23.5,58.0,1.8,0.3,NW,0.2,4.289,27.32,96.51,11.63,14.57,3.12,14.57,,,,,,,,,,,,2.1
2025-08-01,0,Ferreira do Zêzere,22.1,63.0,1.1,0.1,N,0.3,4.328,37.65,96.47,11.17,11.08,1.92,11.08,,,,,,,,,,,,2.19
2025-08-01,1,Ferreira do Zêzere,21.1,68.0,2.1,0.01,NW,0.1,4.375,39.18,96.42,11.67,11.02,1.9,11.02,,,,,,,,,,,,2.19
2025-08-01,2,Ferreira do Zêzere,20.4,71.0,1.0,0.12,NW,0.3,4.375,43.59,96.42,11.04,10.14,1.64,10.14,,,,,,,,,,,,2.21
2025-08-01,3,Ferreira do Zêzere,19.8,73.0,2.0,0.47,N,0.1,4.41,48.56,96.38,11.55,7.64,0.99,7.64,,,,,,,,,,,,2.67
2025-08-01,5,Ferreira do Zêzere,18.3,81.0,1.1,0.25,N,1.5,4.773,66.95,96.01,10.5,27.3,9.47,27.3,,,,,,,,,,,,3.38
2025-08-01,6,Ferreira do Zêzere,17.7,83.0,1.2,0.1,NW,20.0,5.792,69.29,94.97,9.16,22.24,6.59,22.24,,,,,,,,,,,,3.38
2025-08-01,7,Ferreira do Zêzere,18.7,81.0,2.0,0.5,NW,304.7,6.083,69.18,94.68,9.17,16.64,3.94,16.64,,,,,,,,,,,,3.87
2025-08-01,8,Ferreira do Zêzere,20.4,74.0,2.5,0.63,NW,948.0,6.291,61.96,94.47,9.13,15.84,3.61,15.84,,,,,,,,,,,,4.3
2025-08-01,9,Ferreira do Zêzere,22.9,65.0,2.1,0.23,NW,1606.8,6.469,51.64,94.29,8.73,19.9,5.41,19.9,,,,,,,,,,,,4.26
2025-08-01,10,Ferreira do Zêzere,25.7,56.0,1.7,0.9,N,2220.1,6.539,45.84,94.22,8.48,17.4,4.27,17.4,,,,,,,,,,,,5.06
2025-08-01,11,Ferreira do Zêzere,28.8,47.0,1.8,0.24,NW,2715.4,6.563,35.54,94.2,8.49,35.93,15.4,35.93,,,,,,,,,,,,5.1
2025-08-01,14,Ferreira do Zêzere,35.7,32.0,3.2,0.2,NW,3142.8,5.85,17.69,94.92,10.06,7.32,0.92,7.32,,,,,,,,,,,,5.0
2025-08-01,15,Ferreira do Zêzere,36.1,30.0,4.5,0.1,NW,2920.4,5.759,15.61,95.01,10.87,8.21,1.13,8.21,,,,,,,,,,,,5.09
2025-08-01,16,Ferreira do Zêzere,34.8,31.0,4.6,0.2,NW,2485.5,5.651,17.38,95.12,11.09,5.66,0.58,5.66,,,,,,,,,,,,5.28
2025-08-01,18,Ferreira do Zêzere,30.1,41.0,4.6,0.01,NW,1220.9,5.631,27.4,95.14,11.12,42.62,20.84,42.62,,,,,,,,,,,,5.64
2025-08-01,19,Ferreira do Zêzere,26.9,50.0,4.6,0.01,NW,536.4,5.655,36.39,95.11,11.09,20.02,5.47,20.02,,,,,,,,,,,,5.64
2025-08-01,20,Ferreira do Zêzere,24.3,57.0,3.0,0.17,NW,80.7,5.735,47.97,95.03,10.11,15.6,3.52,15.6,,,,,,,,,,,,5.8
2025-08-01,21,Ferreira do Zêzere,22.1,65.0,3.6,0.1,NW,50.94,5.976,56.68,94.79,10.08,14.26,3.0,14.26,,,,,,,,,,,,5.89
2025-08-01,22,Ferreira do Zêzere,20.3,72.0,2.1,0.57,NW,4.4,6.146,72.7,94.62,9.13,12.14,2.26,12.14,,,,,,,,,,,,6.45
2025-08-01,23,Ferreira do Zêzere,18.9,80.0,2.5,0.25,N,32.99,6.428,83.69,94.34,8.96,11.6,2.08,11.6,,,,,,,,,,,,6.4
2025-08-02,0,Ferreira do Zêzere,17.9,85.0,1.8,0.15,N,0.5,6.711,101.45,94.05,8.32,9.4,1.44,9.4,,,,,,,,,,,,6.45
2025-08-02,1,Ferreira do Zêzere,17.4,86.0,2.5,0.1,N,2.8,6.852,102.22,93.91,8.45,9.45,1.45,9.45,,,,,,,,,,,,6.54
2025-08-02,2,Ferreira do Zêzere,16.9,89.0,2.3,0.24,NW,5.1,7.085,110.77,93.68,8.1,9.0,1.33,9.0,,,,,,,,,,,,6.66
2025-08-02,3,Ferreira do Zêzere,16.2,92.0,3.3,0.23,N,6.6,7.316,115.36,93.45,8.25,9.14,1.36,9.14,,,,,,,,,,,,6.42
2025-08-02,4,Ferreira do Zêzere,16.3,93.0,2.9,0.1,---,7.1,7.775,115.58,93.0,7.59,8.64,1.24,8.64,,,,,,,,,,,,5.95
2025-08-02,5,Ferreira do Zêzere,16.3,93.0,2.0,0.43,NW,7.3,8.2,118.87,92.58,6.84,7.83,1.04,7.83,,,,,,,,,,,,6.13
2025-08-02,6,Ferreira do Zêzere,16.3,94.0,0.8,0.12,N,12.8,8.63,125.1,92.16,6.07,7.0,0.85,7.0,,,,,,,,,,,,6.15
2025-08-02,7,Ferreira do Zêzere,16.2,94.0,0.6,0.15,SW,136.9,9.25,123.03,91.56,5.52,6.51,0.75,6.51,,,,,,,,,,,,5.8
2025-08-02,8,Ferreira do Zêzere,17.4,90.0,1.3,0.4,NW,839.3,9.52,108.38,91.3,5.51,6.67,0.78,6.67,,,,,,,,,,,,5.57
2025-08-02,9,Ferreira do Zêzere,19.8,78.0,0.8,0.95,NW,1606.1,9.41,91.06,91.41,5.46,6.7,0.79,6.7,,,,,,,,,,,,6.29
2025-08-02,10,Ferreira do Zêzere,23.0,65.0,1.1,0.01,SW,2222.4,9.08,64.23,91.72,5.79,8.03,1.09,8.03,,,,,,,,,,,,5.4
2025-08-02,11,Ferreira do Zêzere,26.3,53.0,0.9,0.1,SE,2729.1,8.57,49.01,92.22,6.15,9.69,1.51,9.69,,,,,,,,,,,,5.26
2025-08-02,12,Ferreira do Zêzere,29.2,44.0,1.2,0.2,NW,3078.0,8.18,37.49,92.6,6.59,12.13,2.25,12.13,69.8,14.18,-35.73,69.8,35.57,0.66,262.96,4.69,0.42,4.69,12.0,5.36
2025-08-02,13,Ferreira do Zêzere,32.3,35.0,1.2,0.01,W,3212.7,7.21,27.69,93.56,7.53,33.19,13.39,33.19,,,,,,,,,,,,5.17
2025-08-02,15,Ferreira do Zêzere,36.8,21.0,1.8,0.01,W,2933.6,6.067,15.06,94.7,9.09,6.07,0.66,6.07,,,,,,,,,,,,4.89
2025-08-02,16,Ferreira do Zêzere,37.9,20.0,2.1,0.01,SW,2524.7,5.857,13.06,94.91,9.5,7.79,1.03,7.79,,,,,,,,,,,,4.7
2025-08-02,17,Ferreira do Zêzere,37.1,25.0,4.4,0.01,NW,1902.6,5.757,13.11,95.01,10.82,8.44,1.19,8.44,,,,,,,,,,,,4.34
2025-08-02,20,Ferreira do Zêzere,26.03,51.84,2.19,0.01,---,72.57,4.957,41.04,95.82,10.81,18.97,4.97,18.97,,,,,,,,,,,,4.27
2025-08-02,21,Ferreira do Zêzere,23.68,59.63,1.96,0.01,---,0.6,5.716,49.8,95.05,9.62,14.9,3.25,14.9,,,,,,,,,,,,4.18
2025-08-02,22,Ferreira do Zêzere,22.69,62.64,1.96,0.01,---,0.2,5.833,50.18,94.93,9.47,16.41,3.85,16.41,,,,,,,,,,,,3.62
2025-08-02,23,Ferreira do Zêzere,22.7,67.0,2.6,0.1,NW,0.1,6.039,50.85,94.73,9.5,16.55,3.91,16.55,,,,,,,,,,,,3.47
2025-08-03,0,Ferreira do Zêzere,21.7,71.0,2.1,0.01,N,0.3,6.135,45.79,94.63,9.15,10.52,1.75,10.52,,,,,,,,,,,,3.33
2025-08-03,1,Ferreira do Zêzere,20.8,74.0,1.3,0.2,N,0.1,6.135,51.42,94.63,8.78,9.97,1.59,9.97,,,,,,,,,,,,3.43
2025-08-03,2,Ferreira do Zêzere,20.2,76.0,1.3,0.1,N,0.1,6.061,52.05,94.7,8.87,10.12,1.64,10.12,,,,,,,,,,,,3.29
2025-08-03,3,Ferreira do Zêzere,19.7,76.0,0.7,0.1,N,2.1,6.072,52.75,94.69,8.6,9.97,1.59,9.97,,,,,,,,,,,,3.16
2025-08-03,4,Ferreira do Zêzere,18.6,80.0,0.8,0.1,N,0.3,6.004,56.31,94.76,8.72,9.96,1.59,9.96,,,,,,,,,,,,3.16
2025-08-03,5,Ferreira do Zêzere,18.9,79.0,1.8,0.1,N,1.2,6.007,48.95,94.76,9.17,10.78,1.83,10.78,,,,,,,,,,,,2.83
2025-08-03,6,Ferreira do Zêzere,19.2,79.0,1.8,0.1,N,15.3,6.104,48.5,94.66,9.05,10.7,1.8,10.7,,,,,,,,,,,,2.81
2025-08-03,7,Ferreira do Zêzere,19.7,78.0,2.4,0.2,NW,318.5,6.237,47.09,94.53,9.16,10.78,1.83,10.78,,,,,,,,,,,,2.86
2025-08-03,8,Ferreira do Zêzere,21.6,70.0,1.6,0.01,NW,946.4,6.404,37.84,94.36,8.59,10.94,1.88,10.94,,,,,,,,,,,,2.47
2025-08-03,9,Ferreira do Zêzere,25.5,56.0,0.9,0.01,NW,1622.3,6.548,21.92,94.22,8.13,11.88,2.17,11.88,,,,,,,,,,,,1.53
2025-08-03,10,Ferreira do Zêzere,29.9,45.0,1.5,0.01,NW,2273.4,6.5,16.6,94.26,8.44,12.61,2.42,12.61,,,,,,,,,,,,1.53
2025-08-03,11,Ferreira do Zêzere,34.9,34.0,1.1,0.01,SW,2801.4,6.33,11.54,94.43,8.46,13.3,2.65,13.3,,,,,,,,,,,,1.44
2025-08-03,12,Ferreira do Zêzere,38.2,27.0,1.7,0.01,SW,3157.8,6.193,7.89,94.57,8.89,14.14,2.96,14.14,90.97,20.1,-25.85,90.97,9.86,5.37,16.98,7.72,1.01,7.72,12.0,1.25
2025-08-03,13,Ferreira do Zêzere,39.5,23.0,1.1,0.6,SW,3311.8,5.783,7.95,94.98,9.13,14.02,2.91,14.02,,,,,,,,,,,,1.84
2025-08-03,14,Ferreira do Zêzere,41.3,19.0,1.9,0.1,SW,3226.5,4.665,6.05,96.12,11.1,16.4,3.84,16.4,,,,,,,,,,,,1.93
2025-08-03,15,Ferreira do Zêzere,42.5,15.0,2.0,0.01,W,2977.0,4.216,4.69,96.58,11.87,17.45,4.29,17.45,,,,,,,,,,,,1.93
2025-08-03,16,Ferreira do Zêzere,41.1,21.0,5.9,0.1,NW,2531.2,3.968,5.81,96.84,14.95,20.22,5.57,20.22,,,,,,,,,,,,2.02
2025-08-03,17,Ferreira do Zêzere,37.7,29.0,5.3,0.01,NW,1867.9,4.029,9.12,96.78,14.38,19.14,5.05,19.14,,,,,,,,,,,,2.02
2025-08-03,18,Ferreira do Zêzere,35.9,29.0,3.7,0.01,NW,1164.0,4.089,10.2,96.71,13.16,17.93,4.5,17.93,,,,,,,,,,,,1.93
2025-08-03,20,Ferreira do Zêzere,31.5,37.0,2.9,0.01,NW,67.1,3.994,14.78,96.81,12.81,17.08,4.13,17.08,,,,,,,,,,,,1.92
2025-08-03,21,Ferreira do Zêzere,29.6,39.0,2.6,0.01,NW,62.78,4.181,16.55,96.62,12.29,16.4,3.85,16.4,,,,,,,,,,,,1.92
2025-08-03,22,Ferreira do Zêzere,27.8,42.0,2.5,0.01,N,0.2,4.334,18.47,96.46,11.97,15.91,3.64,15.91,,,,,,,,,,,,1.92
2025-08-03,23,Ferreira do Zêzere,26.6,45.0,1.3,0.01,N,0.3,4.426,20.35,96.37,11.13,15.03,3.3,15.03,,,,,,,,,,,,1.83
2025-08-04,0,Ferreira do Zêzere,25.6,48.0,1.4,0.01,N,0.27,4.496,22.75,96.29,11.08,15.6,3.52,15.6,,,,,,,,,,,,1.83
2025-08-04,1,Ferreira do Zêzere,24.8,50.0,1.1,0.01,NW,4.51,4.566,22.65,96.22,10.81,15.5,3.48,15.5,,,,,,,,,,,,1.64
2025-08-04,2,Ferreira do Zêzere,24.3,52.0,1.5,0.01,N,0.6,4.715,22.35,96.07,10.8,15.57,3.51,15.57,,,,,,,,,,,,1.55
2025-08-04,3,Ferreira do Zêzere,23.0,57.0,1.3,0.1,NE,0.4,4.696,24.56,96.09,10.72,15.34,3.42,15.34,,,,,,,,,,,,1.55
2025-08-04,4,Ferreira do Zêzere,20.9,66.0,0.4,0.01,NE,57.58,5.696,28.19,95.07,8.92,13.37,2.68,13.37,,,,,,,,,,,,1.46
2025-08-04,5,Ferreira do Zêzere,19.5,72.0,0.5,0.1,E,0.1,5.813,30.36,94.95,8.82,13.14,2.6,13.14,,,,,,,,,,,,1.46
2025-08-04,6,Ferreira do Zêzere,18.6,76.0,0.8,0.1,---,16.3,6.02,31.56,94.74,8.7,12.93,2.52,12.93,,,,,,,,,,,,1.46
2025-08-04,7,Ferreira do Zêzere,19.7,73.0,0.4,0.1,NW,310.7,6.326,29.23,94.44,8.18,12.36,2.33,12.36,,,,,,,,,,,,1.36
2025-08-04,8,Ferreira do Zêzere,24.0,59.0,1.3,0.55,SE,925.2,6.585,27.93,94.18,8.25,12.1,2.25,12.1,,,,,,,,,,,,1.9
2025-08-04,9,Ferreira do Zêzere,28.1,49.0,3.7,0.23,S,1625.7,6.674,21.37,94.09,9.2,13.28,2.65,13.28,,,,,,,,,,,,2.12
2025-08-04,10,Ferreira do Zêzere,29.8,48.0,2.6,0.01,SE,2282.0,6.776,20.65,93.99,8.58,12.65,2.43,12.65,,,,,,,,,,,,2.12
2025-08-04,11,Ferreira do Zêzere,32.4,41.0,1.4,0.17,S,2788.9,6.694,18.47,94.07,8.17,12.26,2.3,12.26,,,,,,,,,,,,2.28
2025-08-04,12,Ferreira do Zêzere,34.7,34.0,1.9,0.1,S,3137.8,6.687,14.61,94.08,8.39,12.69,2.44,12.69,86.97,21.52,-16.6,86.97,14.15,3.06,19.61,4.91,0.46,4.91,12.0,2.37
2025-08-04,13,Ferreira do Zêzere,34.02,36.06,2.63,0.01,---,3155.64,6.369,13.33,94.39,9.09,14.03,2.92,14.03,,,,,,,,,,,,1.78
2025-08-04,14,Ferreira do Zêzere,34.61,35.85,2.78,0.1,---,3028.04,5.963,12.89,94.8,9.69,14.77,3.19,14.77,,,,,,,,,,,,1.78
2025-08-04,15,Ferreira do Zêzere,35.06,35.34,3.18,0.1,---,2794.08,5.85,12.61,94.92,10.05,15.11,3.32,15.11,,,,,,,,,,,,1.87
2025-08-04,16,Ferreira do Zêzere,34.49,37.79,3.43,0.01,---,2411.79,5.72,13.17,95.05,10.36,15.49,3.47,15.49,,,,,,,,,,,,1.78
2025-08-04,17,Ferreira do Zêzere,39.0,28.0,5.6,0.3,NW,1862.3,4.801,8.53,95.98,13.12,18.64,4.82,18.64,,,,,,,,,,,,2.07
2025-08-04,18,Ferreira do Zêzere,34.4,39.0,4.6,0.01,NW,1180.7,4.865,13.9,95.92,12.37,17.28,4.22,17.28,,,,,,,,,,,,2.07
2025-08-04,19,Ferreira do Zêzere,31.2,47.0,4.9,0.01,NW,490.6,5.646,17.92,95.12,11.27,15.76,3.58,15.76,,,,,,,,,,,,2.08
2025-08-04,20,Ferreira do Zêzere,28.1,55.0,2.9,0.01,NW,62.5,5.82,23.63,94.95,9.95,14.03,2.92,14.03,,,,,,,,,,,,2.08
2025-08-04,21,Ferreira do Zêzere,26.4,60.0,3.5,0.01,NW,0.2,6.093,26.07,94.67,9.87,13.79,2.83,13.79,,,,,,,,,,,,2.08
2025-08-04,22,Ferreira do Zêzere,25.2,62.0,2.5,0.01,NW,0.1,6.315,28.48,94.45,9.1,12.87,2.5,12.87,,,,,,,,,,,,2.08
2025-08-04,23,Ferreira do Zêzere,24.5,63.0,2.9,0.01,NW,0.3,6.448,28.97,94.32,9.12,12.85,2.49,12.85,,,,,,,,,,,,2.08
2025-08-05,0,Ferreira do Zêzere,23.6,65.0,0.5,0.01,N,0.9,6.511,38.12,94.25,8.01,10.02,1.61,10.02,,,,,,,,,,,,2.08
2025-08-05,1,Ferreira do Zêzere,22.3,70.0,0.5,0.01,N,0.7,6.554,41.75,94.21,7.96,9.84,1.56,9.84,,,,,,,,,,,,2.08
2025-08-05,2,Ferreira do Zêzere,21.1,75.0,0.4,0.6,NE,0.2,6.541,53.77,94.22,7.94,9.21,1.39,9.21,,,,,,,,,,,,2.67
2025-08-05,3,Ferreira do Zêzere,21.9,72.0,1.7,1.1,N,1.2,6.541,55.95,94.22,8.47,9.02,1.34,9.02,,,,,,,,,,,,3.67
2025-08-05,4,Ferreira do Zêzere,22.3,70.0,1.3,0.01,N,177.4,6.565,55.0,94.2,8.28,8.9,1.3,8.9,,,,,,,,,,,,3.67
2025-08-05,5,Ferreira do Zêzere,21.6,74.0,1.4,0.01,N,0.19,6.72,58.21,94.04,8.14,8.72,1.26,8.72,,,,,,,,,,,,3.58
2025-08-05,6,Ferreira do Zêzere,21.2,76.0,1.0,0.01,NE,12.6,6.916,61.05,93.85,7.77,8.38,1.17,8.38,,,,,,,,,,,,3.49
2025-08-05,7,Ferreira do Zêzere,21.3,77.0,1.5,0.01,NW,271.4,7.321,59.38,93.45,7.53,8.2,1.13,8.2,,,,,,,,,,,,3.4
2025-08-05,8,Ferreira do Zêzere,22.9,72.0,0.9,2.6,NE,843.6,7.513,69.29,93.26,7.12,6.84,0.82,6.84,,,,,,,,,,,,5.45
2025-08-05,9,Ferreira do Zêzere,25.8,62.0,1.2,1.2,SW,1498.2,7.467,56.9,93.3,7.27,6.96,0.84,6.96,,,,,,,,,,,,6.42
2025-08-05,10,Ferreira do Zêzere,28.4,54.0,1.3,0.4,SW,2141.9,7.456,46.37,93.31,7.32,7.28,0.91,7.28,,,,,,,,,,,,6.81
2025-08-05,11,Ferreira do Zêzere,31.6,44.0,1.7,0.3,S,2663.2,7.375,33.48,93.39,7.55,7.99,1.08,7.99,,,,,,,,,,,,6.94
2025-08-05,12,Ferreira do Zêzere,33.9,38.0,1.9,0.01,SW,3014.3,7.364,26.34,93.4,7.64,8.46,1.19,8.46,77.59,16.52,-15.74,77.59,25.19,1.0,14.33,0.74,0.02,0.74,12.0,6.85
2025-08-05,13,Ferreira do Zêzere,36.3,33.0,2.1,0.01,SW,3176.5,6.828,20.56,93.94,8.31,9.43,1.44,9.43,,,,,,,,,,,,6.85
2025-08-05,14,Ferreira do Zêzere,37.9,30.0,2.3,0.1,SW,3127.5,6.417,17.2,94.35,8.89,10.2,1.66,10.2,,,,,,,,,,,,6.85
2025-08-05,15,Ferreira do Zêzere,38.8,28.0,2.3,0.01,SW,2884.3,6.137,15.44,94.63,9.24,10.69,1.8,10.69,,,,,,,,,,,,6.76
2025-08-05,16,Ferreira do Zêzere,39.1,27.0,1.9,0.3,S,2440.4,5.968,15.44,94.8,9.27,10.7,1.81,10.7,,,,,,,,,,,,7.05
2025-08-05,17,Ferreira do Zêzere,39.4,26.0,2.0,0.5,W,1826.3,5.82,14.75,94.95,9.51,10.94,1.88,10.94,,,,,,,,,,,,7.25
2025-08-05,18,Ferreira do Zêzere,35.7,37.0,5.8,0.15,NW,1140.1,5.783,19.26,94.98,11.57,11.97,2.2,11.97,,,,,,,,,,,,7.39
2025-08-05,19,Ferreira do Zêzere,32.3,39.0,4.8,0.01,NW,459.6,5.753,25.37,95.01,11.05,11.13,1.94,11.13,,,,,,,,,,,,7.39
2025-08-05,20,Ferreira do Zêzere,30.3,38.0,1.6,0.5,NW,53.7,5.772,33.84,94.99,9.38,9.38,1.43,9.38,,,,,,,,,,,,7.88
2025-08-05,21,Ferreira do Zêzere,28.1,47.0,1.5,0.01,NW,45.7,5.889,43.28,94.88,9.18,8.61,1.23,8.61,,,,,,,,,,,,7.88
2025-08-05,22,Ferreira do Zêzere,26.1,55.0,0.3,0.01,N,1.4,5.898,59.64,94.87,8.63,7.57,0.98,7.57,,,,,,,,,,,,7.88
2025-08-05,23,Ferreira do Zêzere,24.6,60.0,1.2,0.01,N,59.18,5.915,61.16,94.85,9.01,7.4,0.94,7.4,,,,,,,,,,,,7.88
2025-08-06,0,Ferreira do Zêzere,24.3,61.0,2.0,0.01,N,139.97,6.143,61.71,94.62,9.09,6.52,0.75,6.52,,,,,,,,,,,,7.88
2025-08-06,1,Ferreira do Zêzere,22.5,69.0,0.9,0.1,W,330.2,6.378,79.51,94.39,8.32,4.81,0.44,4.81,,,,,,,,,,,,7.97
2025-08-06,2,Ferreira do Zêzere,20.3,78.0,0.9,0.01,SE,125.0,6.489,94.07,94.27,8.2,4.3,0.36,4.3,,,,,,,,,,,,7.38
2025-08-06,3,Ferreira do Zêzere,18.6,85.0,0.9,0.37,N,0.1,6.748,105.23,94.02,7.91,4.55,0.4,4.55,,,,,,,,,,,,6.65
2025-08-06,8,Ferreira do Zêzere,20.9,82.0,2.2,0.1,S,915.4,8.42,83.57,92.37,6.71,5.39,0.54,5.39,,,,,,,,,,,,5.38
2025-08-06,9,Ferreira do Zêzere,23.2,74.0,1.9,0.1,SW,1618.2,8.53,63.44,92.26,6.51,6.11,0.67,6.11,,,,,,,,,,,,4.28
2025-08-06,10,Ferreira do Zêzere,24.2,71.0,2.1,0.6,SW,2258.3,8.45,59.39,92.34,6.65,6.25,0.7,6.25,,,,,,,,,,,,4.48
2025-08-06,11,Ferreira do Zêzere,27.1,61.0,1.6,0.33,W,2804.3,8.15,47.83,92.63,6.75,6.71,0.79,6.71,,,,,,,,,,,,4.51
2025-08-06,12,Ferreira do Zêzere,30.5,49.0,1.6,0.43,S,3162.6,7.84,35.87,92.93,7.05,7.32,0.92,7.32,70.69,13.49,-12.55,70.69,34.33,0.69,11.39,0.45,0.01,0.45,12.0,4.93
2025-08-06,13,Ferreira do Zêzere,33.5,37.0,2.1,1.43,SW,3337.2,7.068,26.43,93.7,8.04,8.36,1.17,8.36,,,,,,,,,,,,6.35
2025-08-06,14,Ferreira do Zêzere,34.9,30.0,1.9,0.35,W,3203.4,6.478,22.05,94.29,8.63,9.17,1.37,9.17,,,,,,,,,,,,6.6
2025-08-06,15,Ferreira do Zêzere,36.2,31.0,1.6,0.1,W,3018.9,6.096,21.33,94.67,8.97,9.51,1.47,9.51,,,,,,,,,,,,6.69
2025-08-06,16,Ferreira do Zêzere,37.2,31.0,5.2,0.2,NW,2511.5,5.911,15.94,94.85,11.03,11.41,2.02,11.41,,,,,,,,,,,,6.59
2025-08-06,17,Ferreira do Zêzere,33.9,40.0,5.6,0.8,NW,1823.3,5.683,23.15,95.08,11.61,11.12,1.93,11.12,,,,,,,,,,,,6.89
2025-08-06,18,Ferreira do Zêzere,31.0,42.0,4.9,0.73,NW,1092.5,5.861,29.51,94.91,10.94,10.0,1.6,10.0,,,,,,,,,,,,7.47
2025-08-06,19,Ferreira do Zêzere,26.7,57.88,2.43,1.35,---,544.54,5.863,54.29,94.9,9.66,6.61,0.77,6.61,,,,,,,,,,,,8.81
2025-08-06,20,Ferreira do Zêzere,24.01,65.72,2.35,0.5,---,76.81,6.113,67.73,94.65,9.29,4.4,0.37,4.4,,,,,,,,,,,,8.81
2025-08-07,0,Ferreira do Zêzere,19.1,85.0,1.8,0.01,NW,0.1,7.212,119.55,93.55,7.76,7.42,0.94,7.42,,,,,,,,,,,,8.99
2025-08-07,1,Ferreira do Zêzere,18.0,90.0,2.1,0.01,NW,4.0,7.515,133.43,93.25,7.56,7.06,0.87,7.06,,,,,,,,,,,,8.9
2025-08-07,2,Ferreira do Zêzere,17.2,93.0,2.3,0.01,NW,0.8,7.796,143.83,92.98,7.34,6.77,0.8,6.77,,,,,,,,,,,,8.9
2025-08-07,3,Ferreira do Zêzere,17.3,93.0,0.7,0.01,N,0.2,8.31,148.44,92.47,6.31,5.94,0.64,5.94,,,,,,,,,,,,8.54
2025-08-07,4,Ferreira do Zêzere,16.8,94.0,2.6,0.1,NW,4.5,9.08,142.37,91.72,6.25,5.99,0.65,5.99,,,,,,,,,,,,7.84
2025-08-07,5,Ferreira do Zêzere,17.2,94.0,2.7,0.5,N,2.8,9.89,143.68,90.94,5.62,5.33,0.53,5.33,,,,,,,,,,,,8.24
2025-08-07,6,Ferreira do Zêzere,17.4,93.0,2.8,0.1,N,7.6,10.61,139.44,90.26,5.12,4.88,0.45,4.88,,,,,,,,,,,,8.24
2025-08-07,7,Ferreira do Zêzere,17.6,91.0,2.5,0.1,NW,104.7,11.08,132.4,89.81,4.73,4.57,0.4,4.57,,,,,,,,,,,,8.07
2025-08-07,8,Ferreira do Zêzere,18.2,89.0,2.3,0.1,---,289.8,11.34,126.15,89.57,4.53,4.42,0.38,4.42,,,,,,,,,,,,8.07
2025-08-07,9,Ferreira do Zêzere,19.1,84.0,1.4,1.88,W,609.2,11.05,121.83,89.84,4.5,4.26,0.35,4.26,,,,,,,,,,,,9.85
2025-08-07,10,Ferreira do Zêzere,20.5,77.0,1.1,0.85,NW,1729.0,10.7,107.13,90.17,4.65,4.59,0.4,4.59,,,,,,,,,,,,10.1
2025-08-07,11,Ferreira do Zêzere,24.0,63.0,1.3,0.33,SW,2839.4,9.97,77.06,90.87,5.18,5.77,0.61,5.77,,,,,,,,,,,,10.1
2025-08-07,12,Ferreira do Zêzere,27.0,52.0,1.2,0.6,SW,3212.4,9.44,59.29,91.38,5.54,6.99,0.85,6.99,57.21,9.29,-18.3,57.21,55.29,0.36,1.34,0.1,0.0,0.1,12.0,10.27
2025-08-07,13,Ferreira do Zêzere,29.8,43.0,1.9,2.5,SW,3357.2,8.15,43.85,92.63,6.86,9.16,1.37,9.16,,,,,,,,,,,,11.34
2025-08-07,14,Ferreira do Zêzere,32.4,31.0,1.7,0.95,W,3333.0,7.277,32.27,93.49,7.65,12.43,2.36,12.43,,,,,,,,,,,,11.94
2025-08-07,15,Ferreira do Zêzere,34.4,27.0,1.2,7.95,SW,3070.3,6.791,29.91,93.97,7.98,9.61,1.49,9.61,,,,,,,,,,,,19.79
2025-08-07,16,Ferreira do Zêzere,35.0,25.0,2.1,4.02,NW,2589.4,6.443,25.77,94.32,8.76,10.14,1.64,10.14,,,,,,,,,,,,23.61
2025-08-07,17,Ferreira do Zêzere,35.1,26.0,1.1,2.47,SW,1928.6,6.178,29.04,94.59,8.64,9.88,1.57,9.88,,,,,,,,,,,,25.28
2025-08-07,18,Ferreira do Zêzere,32.5,38.0,5.9,0.01,NW,1248.2,6.076,30.45,94.69,11.17,11.4,2.02,11.4,,,,,,,,,,,,24.56
2025-08-07,19,Ferreira do Zêzere,26.5,58.0,4.2,0.1,NW,523.4,6.309,62.0,94.45,9.92,9.2,1.38,9.2,,,,,,,,,,,,23.31
2025-08-07,20,Ferreira do Zêzere,23.2,69.0,3.5,0.3,NW,65.7,6.67,86.72,94.09,9.11,8.05,1.09,8.05,,,,,,,,,,,,23.11
2025-08-07,21,Ferreira do Zêzere,21.0,78.0,3.0,0.2,NW,38.05,7.279,111.03,93.49,8.17,6.98,0.85,6.98,,,,,,,,,,,,23.21
2025-08-07,22,Ferreira do Zêzere,19.8,83.0,3.0,0.1,N,0.1,7.864,126.15,92.91,7.54,6.33,0.71,6.33,,,,,,,,,,,,23.21
2025-08-07,23,Ferreira do Zêzere,19.1,86.0,2.4,0.01,N,4.74,8.37,139.29,92.41,6.82,5.68,0.59,5.68,,,,,,,,,,,,23.21
2025-08-08,0,Ferreira do Zêzere,18.2,89.0,1.9,0.01,N,15.7,8.69,155.02,92.1,6.36,4.58,0.4,4.58,,,,,,,,,,,,23.21
2025-08-08,1,Ferreira do Zêzere,17.7,91.0,1.1,0.1,N,0.1,8.99,167.72,91.81,5.87,4.15,0.34,4.15,,,,,,,,,,,,23.3
2025-08-08,2,Ferreira do Zêzere,16.8,93.0,2.0,0.1,---,1.7,9.5,172.48,91.32,5.72,4.0,0.32,4.0,,,,,,,,,,,,23.39
2025-08-08,3,Ferreira do Zêzere,17.5,93.0,2.9,0.2,NW,0.2,10.38,168.53,90.48,5.31,3.68,0.27,3.68,,,,,,,,,,,,23.58
2025-08-08,4,Ferreira do Zêzere,17.6,93.0,1.7,0.1,N,0.6,11.31,172.86,89.6,4.41,2.94,0.18,2.94,,,,,,,,,,,,23.58
2025-08-08,5,Ferreira do Zêzere,17.5,93.0,1.0,0.15,N,0.5,12.06,176.2,88.9,3.85,2.46,0.13,2.46,,,,,,,,,,,,23.23
2025-08-08,6,Ferreira do Zêzere,17.4,93.0,1.0,0.1,SE,7.7,12.66,176.31,88.34,3.55,2.19,0.11,2.19,,,,,,,,,,,,23.23
2025-08-08,7,Ferreira do Zêzere,17.2,93.0,1.8,0.1,NE,99.3,13.15,172.67,87.89,3.47,2.11,0.1,2.11,,,,,,,,,,,,23.23
2025-08-08,8,Ferreira do Zêzere,17.3,93.0,0.9,0.1,N,329.3,13.33,177.02,87.72,3.24,1.89,0.08,1.89,,,,,,,,,,,,23.23
2025-08-08,9,Ferreira do Zêzere,18.6,87.0,1.1,0.35,S,1112.6,12.56,151.57,88.43,3.62,2.35,0.12,2.35,,,,,,,,,,,,21.7
2025-08-08,10,Ferreira do Zêzere,21.9,72.0,2.0,0.01,S,2310.9,11.58,101.95,89.34,4.32,3.29,0.22,3.29,,,,,,,,,,,,20.86
2025-08-08,11,Ferreira do Zêzere,24.9,62.0,2.1,0.1,W,2802.5,10.51,78.34,90.35,5.01,4.2,0.34,4.2,,,,,,,,,,,,20.63
2025-08-08,12,Ferreira do Zêzere,28.0,52.0,2.0,0.25,S,3138.3,9.86,59.47,90.97,5.45,4.94,0.46,4.94,55.15,6.74,-38.5,55.15,58.94,0.31,9.12,0.18,0.0,0.18,12.0,20.28
2025-08-08,13,Ferreira do Zêzere,30.2,44.0,1.7,0.33,S,3303.1,8.62,47.79,92.17,6.36,6.12,0.67,6.12,,,,,,,,,,,,18.11
2025-08-08,14,Ferreira do Zêzere,32.3,38.0,1.6,0.58,SW,3286.8,7.543,39.05,93.23,7.34,7.32,0.92,7.32,,,,,,,,,,,,17.74
2025-08-08,15,Ferreira do Zêzere,33.3,31.0,2.4,3.6,W,3027.4,7.024,29.62,93.74,8.21,8.55,1.21,8.55,,,,,,,,,,,,13.39
2025-08-08,16,Ferreira do Zêzere,34.6,27.0,1.5,0.2,W,2549.5,6.715,26.05,94.05,8.19,9.04,1.34,9.04,,,,,,,,,,,,9.57
2025-08-08,17,Ferreira do Zêzere,34.9,26.0,1.8,0.01,SW,1931.0,6.422,22.93,94.34,8.66,9.86,1.56,9.86,,,,,,,,,,,,7.11
2025-08-08,18,Ferreira do Zêzere,33.7,32.0,4.4,0.01,NW,1216.2,6.3,23.28,94.46,10.04,10.69,1.8,10.69,,,,,,,,,,,,7.11
2025-08-08,19,Ferreira do Zêzere,30.0,44.0,4.0,2.9,NW,497.7,6.332,38.34,94.43,9.79,9.34,1.42,9.34,,,,,,,,,,,,9.91
2025-08-08,20,Ferreira do Zêzere,26.3,55.0,3.6,0.27,NW,58.5,6.493,55.14,94.27,9.39,8.36,1.17,8.36,,,,,,,,,,,,9.88
2025-08-08,21,Ferreira do Zêzere,23.6,65.0,3.6,0.13,NW,3.6,6.822,71.27,93.94,8.97,7.57,0.98,7.57,,,,,,,,,,,,9.81
2025-08-08,22,Ferreira do Zêzere,21.7,74.0,3.4,0.01,NW,207.4,7.168,88.48,93.6,8.47,6.86,0.82,6.86,,,,,,,,,,,,9.72
2025-08-08,23,Ferreira do Zêzere,20.4,80.0,2.2,0.1,NW,420.4,7.598,107.49,93.17,7.51,5.93,0.64,5.93,,,,,,,,,,,,9.81
2025-08-09,0,Ferreira do Zêzere,19.3,84.0,2.2,0.25,NW,204.34,7.844,107.97,92.93,7.26,5.83,0.62,5.83,,,,,,,,,,,,10.05
2025-08-09,1,Ferreira do Zêzere,19.1,80.37,1.87,0.01,SW,355.6,8.16,102.18,92.62,6.84,5.58,0.57,5.58,,,,,,,,,,,,9.96
2025-08-09,2,Ferreira do Zêzere,18.66,82.02,1.72,0.2,SW,0.4,8.39,107.06,92.4,6.57,5.32,0.52,5.32,,,,,,,,,,,,10.06
2025-08-09,3,Ferreira do Zêzere,18.46,81.66,1.69,0.1,SW,13.0,9.0,106.57,91.8,6.04,4.89,0.45,4.89,,,,,,,,,,,,9.96
2025-08-09,4,Ferreira do Zêzere,17.77,85.19,1.53,0.1,SW,16.0,9.8,115.74,91.03,5.37,4.25,0.35,4.25,,,,,,,,,,,,9.96
2025-08-09,5,Ferreira do Zêzere,16.9,95.0,3.0,0.1,N,5.3,10.52,140.63,90.34,5.24,3.97,0.31,3.97,,,,,,,,,,,,9.91
2025-08-09,6,Ferreira do Zêzere,16.9,95.0,1.7,0.1,N,13.1,11.0,143.46,89.89,4.6,3.42,0.24,3.42,,,,,,,,,,,,9.91
2025-08-09,7,Ferreira do Zêzere,16.8,94.0,1.5,0.1,N,176.3,11.25,140.68,89.65,4.4,3.26,0.22,3.26,,,,,,,,,,,,9.91
2025-08-09,8,Ferreira do Zêzere,18.1,88.0,1.4,0.37,NW,928.3,10.87,123.23,90.01,4.61,3.54,0.25,3.54,,,,,,,,,,,,10.18
2025-08-09,9,Ferreira do Zêzere,21.6,74.0,1.0,0.28,E,1657.6,10.01,92.06,90.83,5.08,4.26,0.35,4.26,,,,,,,,,,,,10.11
2025-08-09,10,Ferreira do Zêzere,25.3,61.0,1.2,0.27,SW,2270.6,9.07,67.01,91.73,5.83,5.33,0.53,5.33,,,,,,,,,,,,10.37
2025-08-09,11,Ferreira do Zêzere,29.3,47.0,1.2,0.2,SW,2756.8,8.29,46.34,92.49,6.49,6.47,0.74,6.47,,,,,,,,,,,,10.47
2025-08-09,12,Ferreira do Zêzere,32.9,34.0,1.9,0.1,W,3104.7,7.814,29.38,92.96,7.18,7.75,1.02,7.75,72.46,7.56,-42.4,72.46,31.89,0.75,10.0,0.45,0.01,0.45,12.0,10.32
2025-08-09,13,Ferreira do Zêzere,35.6,28.0,1.4,0.1,SE,3255.0,7.068,23.32,93.7,7.76,8.75,1.26,8.75,,,,,,,,,,,,10.09
2025-08-09,14,Ferreira do Zêzere,37.5,25.0,2.3,1.05,W,3180.0,6.543,17.91,94.22,8.73,9.94,1.58,9.94,,,,,,,,,,,,10.56
2025-08-09,15,Ferreira do Zêzere,38.7,23.0,2.4,0.44,W,2894.9,6.152,14.43,94.61,9.26,11.06,1.91,11.06,,,,,,,,,,,,7.4
2025-08-09,16,Ferreira do Zêzere,38.8,23.0,2.7,0.14,W,2420.5,5.835,13.96,94.93,9.83,11.63,2.09,11.63,,,,,,,,,,,,7.34
2025-08-09,17,Ferreira do Zêzere,36.8,28.0,5.3,0.47,NW,1823.4,5.772,15.75,94.99,11.3,12.37,2.33,12.37,,,,,,,,,,,,7.8
2025-08-09,18,Ferreira do Zêzere,34.1,32.0,5.0,0.45,NW,1133.2,5.82,20.94,94.95,11.06,11.6,2.08,11.6,,,,,,,,,,,,8.24
2025-08-09,19,Ferreira do Zêzere,32.2,34.0,4.5,1.03,NW,453.7,5.724,23.39,95.04,10.93,11.48,2.04,11.48,,,,,,,,,,,,6.37
2025-08-09,20,Ferreira do Zêzere,29.0,42.0,2.4,1.2,NW,53.5,5.672,36.45,95.1,9.9,9.85,1.56,9.85,,,,,,,,,,,,7.3
2025-08-09,21,Ferreira do Zêzere,27.2,45.0,1.8,0.7,NW,48.0,5.729,43.86,95.04,9.53,9.24,1.39,9.24,,,,,,,,,,,,7.87
2025-08-09,22,Ferreira do Zêzere,25.5,52.0,1.4,0.1,NW,0.1,5.835,53.58,94.93,9.2,8.61,1.23,8.61,,,,,,,,,,,,7.96
2025-08-09,23,Ferreira do Zêzere,23.8,58.0,0.7,0.2,NE,0.3,5.97,65.87,94.8,8.72,7.93,1.06,7.93,,,,,,,,,,,,8.06
2025-08-10,0,Ferreira do Zêzere,23.2,61.0,1.1,0.1,N,238.1,6.076,64.46,94.69,8.77,8.21,1.13,8.21,,,,,,,,,,,,7.91
2025-08-10,1,Ferreira do Zêzere,21.5,67.0,0.3,0.3,NE,258.5,6.076,80.37,94.69,8.42,7.67,1.0,7.67,,,,,,,,,,,,8.2
2025-08-10,2,Ferreira do Zêzere,20.1,73.0,1.5,0.1,NE,388.2,6.185,81.73,94.58,8.81,7.79,1.03,7.79,,,,,,,,,,,,8.1
2025-08-10,3,Ferreira do Zêzere,20.3,70.0,0.6,0.1,E,367.0,6.319,82.91,94.44,8.27,7.43,0.95,7.43,,,,,,,,,,,,8.1
2025-08-10,4,Ferreira do Zêzere,18.4,79.0,0.7,0.1,E,159.95,6.459,97.42,94.3,8.15,7.07,0.87,7.07,,,,,,,,,,,,8.1
2025-08-10,5,Ferreira do Zêzere,17.4,83.0,0.5,0.1,N,0.1,6.585,106.78,94.18,7.93,6.79,0.81,6.79,,,,,,,,,,,,8.1
2025-08-10,6,Ferreira do Zêzere,16.9,86.0,0.3,1.22,NE,8.1,6.848,119.22,93.92,7.57,6.36,0.72,6.36,,,,,,,,,,,,9.22
2025-08-10,7,Ferreira do Zêzere,17.9,82.0,0.3,0.1,N,288.4,7.088,110.72,93.68,7.32,6.26,0.7,6.26,,,,,,,,,,,,9.22
2025-08-10,8,Ferreira do Zêzere,21.7,67.0,0.8,1.38,SW,951.8,7.417,80.65,93.35,7.18,6.51,0.75,6.51,,,,,,,,,,,,10.23
2025-08-10,9,Ferreira do Zêzere,24.8,58.0,0.8,0.15,SW,1635.1,7.397,64.52,93.37,7.2,6.87,0.82,6.87,,,,,,,,,,,,10.1
2025-08-10,10,Ferreira do Zêzere,28.4,46.0,0.9,0.35,SW,2282.1,7.251,46.86,93.52,7.38,7.54,0.97,7.54,,,,,,,,,,,,10.18
2025-08-10,11,Ferreira do Zêzere,32.3,37.0,1.5,0.2,W,2805.3,6.924,31.87,93.84,7.96,8.6,1.23,8.6,,,,,,,,,,,,10.18
2025-08-10,12,Ferreira do Zêzere,35.8,29.0,2.1,0.57,SW,3120.3,6.694,21.54,94.07,8.47,9.6,1.49,9.6,80.0,8.76,-46.14,80.0,22.22,1.26,11.4,0.82,0.02,0.82,12.0,10.65
2025-08-10,13,Ferreira do Zêzere,38.0,25.0,2.3,0.6,SW,3246.9,6.137,16.92,94.63,9.24,10.65,1.79,10.65,,,,,,,,,,,,11.15
2025-08-10,14,Ferreira do Zêzere,38.9,24.0,2.7,0.2,SW,3140.7,5.82,14.77,94.95,9.85,11.44,2.03,11.44,,,,,,,,,,,,10.3
2025-08-10,15,Ferreira do Zêzere,39.3,22.0,1.9,0.1,W,2850.0,4.957,14.55,95.82,10.66,12.37,2.33,12.37,,,,,,,,,,,,9.96
2025-08-10,16,Ferreira do Zêzere,40.0,22.0,2.1,0.01,SW,2362.1,4.69,13.47,96.1,11.17,12.94,2.53,12.94,,,,,,,,,,,,9.83
2025-08-10,17,Ferreira do Zêzere,36.2,31.0,5.9,0.01,NW,1807.7,4.544,17.15,96.25,13.8,14.32,3.03,14.32,,,,,,,,,,,,9.37
2025-08-10,18,Ferreira do Zêzere,33.3,34.0,5.3,0.01,NW,1109.9,4.582,22.2,96.21,13.32,13.53,2.73,13.53,,,,,,,,,,,,8.93
2025-08-10,19,Ferreira do Zêzere,31.2,38.0,3.1,0.01,NW,421.5,4.585,28.97,96.2,11.92,12.14,2.26,12.14,,,,,,,,,,,,7.91
2025-08-10,20,Ferreira do Zêzere,29.0,43.0,2.5,0.01,N,39.3,4.715,34.53,96.07,11.36,11.45,2.04,11.45,,,,,,,,,,,,6.72
2025-08-10,21,Ferreira do Zêzere,27.1,47.0,2.8,0.01,NW,47.14,4.935,37.84,95.84,11.19,11.12,1.93,11.12,,,,,,,,,,,,6.03
2025-08-10,22,Ferreira do Zêzere,25.0,49.0,1.8,0.01,NW,0.1,5.763,44.47,95.0,9.48,9.51,1.46,9.51,,,,,,,,,,,,5.94
2025-08-10,23,Ferreira do Zêzere,23.2,53.0,1.8,0.01,N,0.5,5.909,49.38,94.86,9.29,9.14,1.37,9.14,,,,,,,,,,,,5.75
2025-08-11,0,Ferreira do Zêzere,22.3,54.0,1.7,0.2,NW,0.5,6.037,51.46,94.73,9.09,9.31,1.41,9.31,,,,,,,,,,,,5.85
2025-08-11,1,Ferreira do Zêzere,20.8,64.0,1.7,0.23,NW,0.68,6.156,61.04,94.61,8.94,8.86,1.29,8.86,,,,,,,,,,,,5.78
2025-08-11,2,Ferreira do Zêzere,20.2,74.0,1.7,1.32,NW,0.1,6.278,77.08,94.49,8.79,8.27,1.14,8.27,,,,,,,,,,,,7.0
2025-08-11,3,Ferreira do Zêzere,19.6,78.0,0.7,1.12,N,27.11,6.369,92.61,94.39,8.25,7.6,0.99,7.6,,,,,,,,,,,,8.02
2025-08-11,4,Ferreira do Zêzere,18.3,80.0,0.5,0.2,NE,0.1,6.411,99.47,94.35,8.12,7.41,0.94,7.41,,,,,,,,,,,,8.12
2025-08-11,5,Ferreira do Zêzere,17.6,83.0,0.6,0.83,N,0.1,6.585,107.4,94.18,7.97,7.14,0.88,7.14,,,,,,,,,,,,8.85
2025-08-11,6,Ferreira do Zêzere,17.8,82.0,0.8,1.03,NE,4.7,6.726,103.29,94.04,7.89,7.12,0.88,7.12,,,,,,,,,,,,8.66
2025-08-11,7,Ferreira do Zêzere,18.3,81.0,0.4,1.0,N,271.3,6.887,107.2,93.88,7.57,6.81,0.81,6.81,,,,,,,,,,,,9.56
2025-08-11,8,Ferreira do Zêzere,22.4,66.0,1.0,0.28,NW,845.9,6.809,72.06,93.95,7.88,7.62,0.99,7.62,,,,,,,,,,,,8.46
2025-08-11,9,Ferreira do Zêzere,26.0,52.0,1.3,0.85,NW,1527.2,6.776,52.36,93.99,8.04,8.23,1.13,8.23,,,,,,,,,,,,9.16
2025-08-11,10,Ferreira do Zêzere,29.7,41.0,2.0,0.7,N,2164.4,6.643,36.38,94.12,8.48,9.16,1.37,9.16,,,,,,,,,,,,9.51
2025-08-11,11,Ferreira do Zêzere,32.7,32.0,1.5,0.33,NW,2679.9,6.448,28.07,94.32,8.5,9.68,1.51,9.68,,,,,,,,,,,,9.64
2025-08-11,12,Ferreira do Zêzere,35.7,22.0,1.4,0.01,NE,3022.7,6.326,19.38,94.44,8.6,10.48,1.74,10.48,82.21,10.05,-47.55,82.21,19.57,1.57,13.11,1.42,0.05,1.42,12.0,9.08
2025-08-11,13,Ferreira do Zêzere,37.9,17.0,1.5,0.01,NW,3196.0,5.818,14.47,94.95,9.27,11.69,2.11,11.69,,,,,,,,,,,,8.49
2025-08-11,14,Ferreira do Zêzere,39.2,13.0,1.2,0.01,NW,3138.8,4.547,12.26,96.24,10.89,13.73,2.81,13.73,,,,,,,,,,,,8.3
2025-08-11,15,Ferreira do Zêzere,41.0,11.0,2.4,0.01,SW,2867.1,4.14,8.59,96.66,12.24,15.48,3.47,15.48,,,,,,,,,,,,8.21
2025-08-11,16,Ferreira do Zêzere,41.5,11.0,1.3,0.01,SW,2398.8,3.835,9.3,96.98,12.08,15.41,3.44,15.41,,,,,,,,,,,,8.21
2025-08-11,17,Ferreira do Zêzere,41.1,13.0,1.6,0.01,SW,1754.0,3.593,9.78,97.23,12.68,15.77,3.59,15.77,,,,,,,,,,,,8.21
2025-08-11,18,Ferreira do Zêzere,38.1,25.0,4.1,0.01,NW,1060.3,3.526,13.87,97.3,14.52,16.15,3.74,16.15,,,,,,,,,,,,8.21
2025-08-11,19,Ferreira do Zêzere,34.5,31.0,1.7,0.01,NW,389.0,3.635,23.45,97.18,12.67,13.82,2.84,13.82,,,,,,,,,,,,8.21
2025-08-11,20,Ferreira do Zêzere,32.0,40.0,1.2,0.01,N,33.8,3.911,32.87,96.9,11.89,12.5,2.38,12.5,,,,,,,,,,,,8.21
2025-08-11,21,Ferreira do Zêzere,28.9,49.0,1.5,0.01,NW,31.88,4.032,42.66,96.77,11.87,11.86,2.17,11.86,,,,,,,,,,,,8.21
2025-08-11,22,Ferreira do Zêzere,26.9,55.0,1.5,0.01,N,0.1,4.169,50.64,96.63,11.65,11.31,1.99,11.31,,,,,,,,,,,,8.21
2025-08-11,23,Ferreira do Zêzere,25.1,61.0,0.8,0.01,N,0.4,4.254,62.52,96.54,11.11,10.57,1.77,10.57,,,,,,,,,,,,8.21
2025-08-12,0,Ferreira do Zêzere,24.1,63.0,1.3,0.1,N,0.1,4.277,65.89,96.52,11.36,10.39,1.71,10.39,,,,,,,,,,,,8.11
2025-08-12,1,Ferreira do Zêzere,22.3,67.0,0.4,0.01,NE,0.3,4.378,79.09,96.42,10.71,9.71,1.52,9.71,,,,,,,,,,,,7.89
2025-08-12,2,Ferreira do Zêzere,20.9,72.0,0.5,0.01,E,0.2,4.331,81.75,96.46,10.83,9.76,1.53,9.76,,,,,,,,,,,,6.58
2025-08-12,3,Ferreira do Zêzere,20.2,74.0,0.6,5.9,E,0.33,4.413,99.12,96.38,10.76,9.21,1.38,9.21,,,,,,,,,,,,11.36
2025-08-12,4,Ferreira do Zêzere,19.9,76.0,0.4,5.8,S,0.5,4.55,113.3,96.24,10.45,8.71,1.25,8.71,,,,,,,,,,,,16.96
2025-08-12,5,Ferreira do Zêzere,20.0,76.0,0.8,0.01,N,0.3,4.607,108.11,96.18,10.58,8.83,1.29,8.83,,,,,,,,,,,,16.14
2025-08-12,6,Ferreira do Zêzere,19.7,77.0,1.2,0.1,NE,14.9,4.795,106.42,95.99,10.52,8.78,1.27,8.78,,,,,,,,,,,,15.21
2025-08-12,7,Ferreira do Zêzere,21.8,67.0,0.8,0.01,NW,210.7,5.711,88.35,95.06,9.08,8.06,1.09,8.06,,,,,,,,,,,,14.22
2025-08-12,8,Ferreira do Zêzere,23.2,64.0,0.8,0.1,NW,413.1,5.724,81.2,95.04,9.07,8.19,1.13,8.19,,,,,,,,,,,,14.04
2025-08-12,9,Ferreira do Zêzere,25.5,57.0,1.2,0.01,SE,879.9,6.063,64.86,94.7,8.83,8.32,1.16,8.32,,,,,,,,,,,,13.2
2025-08-12,10,Ferreira do Zêzere,29.4,46.0,0.9,0.01,W,1627.0,5.95,47.88,94.82,8.83,8.89,1.3,8.89,,,,,,,,,,,,12.51
2025-08-12,11,Ferreira do Zêzere,33.0,34.0,1.1,0.1,SE,1987.5,5.813,32.14,94.95,9.09,9.76,1.53,9.76,,,,,,,,,,,,12.28
2025-08-12,12,Ferreira do Zêzere,34.0,30.0,1.0,0.9,S,843.3,5.892,29.02,94.87,8.95,9.8,1.55,9.8,75.24,9.55,-54.97,75.24,28.2,0.82,11.94,0.54,0.01,0.54,12.0,13.17
2025-08-12,13,Ferreira do Zêzere,34.5,30.0,2.8,0.01,NW,1303.6,5.677,24.0,95.09,10.09,10.87,1.86,10.87,,,,,,,,,,,,13.17
2025-08-12,14,Ferreira do Zêzere,35.9,28.0,2.2,0.21,NW,1358.3,4.89,22.09,95.89,10.92,11.78,2.14,11.78,,,,,,,,,,,,13.37
2025-08-12,15,Ferreira do Zêzere,36.7,27.0,1.3,0.1,NE,985.4,4.951,22.37,95.83,10.35,11.38,2.01,11.38,,,,,,,,,,,,13.46
2025-08-12,16,Ferreira do Zêzere,36.9,24.0,4.7,0.1,NW,938.8,5.659,16.13,95.11,11.14,12.21,2.28,12.21,,,,,,,,,,,,13.55
2025-08-12,17,Ferreira do Zêzere,37.9,19.0,3.2,0.77,NW,941.1,4.722,14.82,96.06,11.75,13.03,2.56,13.03,,,,,,,,,,,,14.31
2025-08-12,18,Ferreira do Zêzere,37.8,21.0,1.2,8.4,N,852.9,4.639,19.9,96.15,10.75,11.78,2.14,11.78,,,,,,,,,,,,22.7
2025-08-12,19,Ferreira do Zêzere,34.0,34.0,3.0,8.0,N,203.2,4.35,28.81,96.44,12.25,12.05,2.23,12.05,,,,,,,,,,,,30.69
2025-08-12,20,Ferreira do Zêzere,29.7,52.0,3.8,0.1,NW,20.8,4.506,47.38,96.28,12.48,11.2,1.96,11.2,,,,,,,,,,,,30.78
2025-08-12,21,Ferreira do Zêzere,26.2,62.0,2.4,0.1,N,0.2,4.715,70.2,96.07,11.3,9.78,1.54,9.78,,,,,,,,,,,,30.87
2025-08-12,22,Ferreira do Zêzere,25.3,64.0,1.9,0.1,NW,0.31,4.82,77.31,95.96,10.86,9.35,1.42,9.35,,,,,,,,,,,,30.96
2025-08-12,23,Ferreira do Zêzere,24.1,63.0,2.1,0.2,NW,0.5,4.804,78.14,95.98,11.0,9.42,1.44,9.42,,,,,,,,,,,,31.15
2025-08-13,0,Ferreira do Zêzere,23.6,64.0,3.7,0.2,N,0.2,4.9,73.83,95.88,11.76,9.78,1.54,9.78,,,,,,,,,,,,31.25
2025-08-13,1,Ferreira do Zêzere,22.7,67.0,3.3,0.1,NW,0.41,5.646,81.26,95.12,10.4,8.67,1.25,8.67,,,,,,,,,,,,31.34
2025-08-13,2,Ferreira do Zêzere,22.7,66.0,3.4,0.1,NW,0.5,5.718,79.62,95.05,10.34,8.67,1.24,8.67,,,,,,,,,,,,31.43
2025-08-13,3,Ferreira do Zêzere,21.2,76.0,3.7,0.66,N,1.48,5.794,96.01,94.97,10.39,8.41,1.18,8.41,,,,,,,,,,,,26.19
2025-08-13,4,Ferreira do Zêzere,20.5,77.0,1.4,0.31,NW,2.5,6.154,107.41,94.61,8.81,7.28,0.91,7.28,,,,,,,,,,,,20.7
2025-08-13,5,Ferreira do Zêzere,20.3,78.0,3.0,0.7,N,1.18,6.374,102.22,94.39,9.26,7.57,0.98,7.57,,,,,,,,,,,,21.39
2025-08-13,6,Ferreira do Zêzere,20.1,79.0,2.7,0.44,N,3.5,6.478,106.1,94.29,8.99,7.34,0.93,7.34,,,,,,,,,,,,21.73
2025-08-13,7,Ferreira do Zêzere,20.3,79.0,3.8,0.1,N,154.9,6.522,101.48,94.24,9.44,7.68,1.0,7.68,,,,,,,,,,,,21.82
2025-08-13,8,Ferreira do Zêzere,21.7,74.0,2.6,0.1,NW,525.3,6.537,93.76,94.23,8.87,7.42,0.94,7.42,,,,,,,,,,,,21.82
2025-08-13,9,Ferreira do Zêzere,23.7,66.0,2.0,0.17,NW,1037.4,6.559,80.03,94.2,8.58,7.47,0.95,7.47,,,,,,,,,,,,21.98
2025-08-13,10,Ferreira do Zêzere,27.2,54.0,1.9,0.2,N,1648.0,6.635,58.87,94.13,8.45,7.83,1.04,7.83,,,,,,,,,,,,22.17
2025-08-13,11,Ferreira do Zêzere,32.3,40.0,0.9,1.7,NE,2481.4,6.365,40.98,94.4,8.34,8.4,1.18,8.4,,,,,,,,,,,,23.77
2025-08-13,12,Ferreira do Zêzere,35.9,31.0,2.0,0.01,SW,2896.4,6.178,25.2,94.59,9.05,9.56,1.48,9.56,77.43,9.19,-74.81,77.43,25.39,0.99,10.96,0.63,0.01,0.63,12.0,22.88
2025-08-13,13,Ferreira do Zêzere,37.9,24.0,1.8,0.01,S,3109.4,5.876,19.46,94.89,9.34,10.21,1.66,10.21,,,,,,,,,,,,22.88
2025-08-13,14,Ferreira do Zêzere,38.8,19.0,2.0,0.01,SW,3101.8,4.928,15.99,95.85,10.75,11.74,2.13,11.74,,,,,,,,,,,,22.68
2025-08-13,15,Ferreira do Zêzere,39.5,19.0,1.6,3.6,W,2808.7,4.534,15.95,96.26,11.13,12.08,2.24,12.08,,,,,,,,,,,,26.18
2025-08-13,16,Ferreira do Zêzere,38.8,26.0,5.5,0.01,NW,2331.3,4.334,14.83,96.46,13.93,14.01,2.91,14.01,,,,,,,,,,,,26.09
2025-08-13,17,Ferreira do Zêzere,35.1,39.0,4.9,0.22,NW,1717.9,4.375,25.85,96.42,13.44,12.73,2.45,12.73,,,,,,,,,,,,25.54
2025-08-13,18,Ferreira do Zêzere,32.3,43.0,4.4,0.3,N,1037.7,4.471,32.36,96.32,12.93,12.11,2.25,12.11,,,,,,,,,,,,17.44
2025-08-13,19,Ferreira do Zêzere,30.4,39.0,3.7,0.01,NW,411.8,4.55,31.41,96.24,12.35,12.0,2.21,12.0,,,,,,,,,,,,9.45
2025-08-13,20,Ferreira do Zêzere,27.5,43.0,3.9,0.2,NW,39.4,4.693,38.33,96.09,12.23,11.54,2.06,11.54,,,,,,,,,,,,9.55
2025-08-13,21,Ferreira do Zêzere,25.5,53.0,3.4,0.01,NW,0.8,4.919,49.38,95.86,11.55,10.57,1.77,10.57,,,,,,,,,,,,9.46
2025-08-13,22,Ferreira do Zêzere,23.8,58.0,3.1,0.01,NW,13.04,5.642,57.25,95.13,10.3,9.37,1.43,9.37,,,,,,,,,,,,9.37
2025-08-13,23,Ferreira do Zêzere,22.3,66.0,2.1,0.01,N,16.56,5.846,70.68,94.92,9.52,8.49,1.2,8.49,,,,,,,,,,,,9.18
2025-08-14,0,Ferreira do Zêzere,21.2,73.0,2.4,0.01,N,17.02,5.95,77.22,94.82,9.53,8.75,1.26,8.75,,,,,,,,,,,,8.99
2025-08-14,1,Ferreira do Zêzere,20.3,77.0,2.8,0.01,N,17.93,6.039,82.73,94.73,9.6,8.69,1.25,8.69,,,,,,,,,,,,8.9
2025-08-14,2,Ferreira do Zêzere,19.3,81.0,2.5,0.01,N,13.49,6.185,91.52,94.58,9.27,8.32,1.16,8.32,,,,,,,,,,,,8.81
2025-08-14,3,Ferreira do Zêzere,18.6,85.0,2.3,0.01,N,0.2,6.289,98.36,94.47,9.04,8.1,1.1,8.1,,,,,,,,,,,,8.16
2025-08-14,4,Ferreira do Zêzere,18.1,88.0,1.3,0.3,N,0.2,6.448,108.98,94.32,8.41,7.52,0.97,7.52,,,,,,,,,,,,8.15
2025-08-14,5,Ferreira do Zêzere,17.7,89.0,1.4,0.1,NW,0.1,6.722,108.29,94.04,8.14,7.34,0.93,7.34,,,,,,,,,,,,7.55
2025-08-14,6,Ferreira do Zêzere,17.2,90.0,0.8,0.1,N,6.2,6.977,111.6,93.79,7.62,6.92,0.83,6.92,,,,,,,,,,,,7.21
2025-08-14,7,Ferreira do Zêzere,17.8,88.0,1.4,0.01,NW,253.3,7.286,103.77,93.48,7.53,6.89,0.83,6.89,,,,,,,,,,,,7.12
2025-08-14,8,Ferreira do Zêzere,20.4,79.0,1.2,0.01,NW,845.2,7.574,85.29,93.2,7.16,6.8,0.81,6.8,,,,,,,,,,,,7.03
2025-08-14,9,Ferreira do Zêzere,23.5,67.0,0.9,0.01,NW,1513.2,7.513,66.58,93.26,7.12,7.11,0.88,7.11,,,,,,,,,,,,6.87
2025-08-14,10,Ferreira do Zêzere,27.1,55.0,1.0,0.01,SW,2180.1,7.199,48.78,93.57,7.47,7.87,1.05,7.87,,,,,,,,,,,,6.68
2025-08-14,11,Ferreira do Zêzere,32.2,42.0,1.4,0.01,S,2675.5,6.768,27.96,94.0,8.09,9.32,1.41,9.32,,,,,,,,,,,,4.99
2025-08-14,12,Ferreira do Zêzere,35.9,28.0,1.5,0.01,W,3041.0,6.465,17.65,94.3,8.48,10.39,1.71,10.39,83.35,10.65,-70.0,83.35,18.25,1.82,12.76,1.84,0.08,1.84,12.0,4.99
2025-08-14,13,Ferreira do Zêzere,38.2,22.0,2.7,0.01,S,3211.4,5.972,12.11,94.79,9.64,11.95,2.2,11.95,,,,,,,,,,,,4.99
2025-08-14,14,Ferreira do Zêzere,40.0,18.0,3.9,0.1,S,3162.5,5.648,8.84,95.12,10.71,13.31,2.66,13.31,,,,,,,,,,,,5.08
2025-08-14,15,Ferreira do Zêzere,41.0,16.0,3.4,0.4,S,2890.3,4.636,5.37,96.15,12.02,16.87,4.04,16.87,,,,,,,,,,,,1.88
2025-08-14,16,Ferreira do Zêzere,41.5,15.0,2.7,0.7,SW,2395.9,4.394,5.87,96.4,12.0,16.15,3.74,16.15,,,,,,,,,,,,2.57
2025-08-14,17,Ferreira do Zêzere,41.8,16.0,1.5,1.7,SW,1784.4,4.118,7.93,96.68,11.73,14.89,3.24,14.89,,,,,,,,,,,,4.05
2025-08-14,18,Ferreira do Zêzere,37.4,26.0,4.6,0.75,NW,1118.0,3.981,12.27,96.83,13.98,15.84,3.61,15.84,,,,,,,,,,,,4.5
2025-08-14,19,Ferreira do Zêzere,33.1,33.0,4.2,0.2,NW,413.6,4.019,19.0,96.79,13.63,14.76,3.19,14.76,,,,,,,,,,,,4.69
2025-08-14,20,Ferreira do Zêzere,30.1,39.0,2.2,1.3,NW,28.9,4.108,29.37,96.69,12.17,12.8,2.48,12.8,,,,,,,,,,,,5.79
2025-08-14,21,Ferreira do Zêzere,27.5,44.0,0.8,1.0,N,7.3,4.334,41.83,96.46,10.99,11.3,1.99,11.3,,,,,,,,,,,,6.78
2025-08-14,22,Ferreira do Zêzere,25.3,51.0,0.6,0.45,NE,148.8,4.55,52.31,96.24,10.56,10.53,1.76,10.53,,,,,,,,,,,,7.22
2025-08-14,23,Ferreira do Zêzere,23.1,59.0,0.7,0.54,N,0.8,4.75,63.46,96.03,10.32,9.94,1.58,9.94,,,,,,,,,,,,7.75
2025-08-15,0,Ferreira do Zêzere,21.5,65.0,0.7,0.84,E,0.4,4.925,77.95,95.86,10.08,8.92,1.31,8.92,,,,,,,,,,,,8.58
2025-08-15,1,Ferreira do Zêzere,20.8,69.0,0.7,0.25,N,0.2,5.757,84.63,95.01,8.98,7.93,1.06,7.93,,,,,,,,,,,,8.82
2025-08-15,2,Ferreira do Zêzere,19.6,73.0,1.0,0.47,SE,0.2,5.926,91.25,94.84,8.91,7.72,1.01,7.72,,,,,,,,,,,,9.28
2025-08-15,3,Ferreira do Zêzere,19.1,75.0,0.7,0.19,NE,0.5,6.104,97.63,94.66,8.56,7.38,0.94,7.38,,,,,,,,,,,,9.46
2025-08-15,4,Ferreira do Zêzere,17.7,80.0,0.4,1.7,SW,0.74,6.315,114.56,94.45,8.19,6.89,0.83,6.89,,,,,,,,,,,,10.86
2025-08-15,5,Ferreira do Zêzere,17.1,84.0,0.5,1.15,E,0.15,6.487,124.59,94.28,8.04,6.64,0.78,6.64,,,,,,,,,,,,11.91
2025-08-15,6,Ferreira do Zêzere,16.4,85.0,0.5,1.12,S,5.2,6.698,129.91,94.07,7.81,6.4,0.73,6.4,,,,,,,,,,,,12.93
2025-08-15,7,Ferreira do Zêzere,17.3,83.0,0.8,0.35,E,244.3,7.027,122.54,93.74,7.57,6.26,0.7,6.26,,,,,,,,,,,,13.27
2025-08-15,8,Ferreira do Zêzere,21.4,73.0,1.7,0.1,SW,859.7,7.31,91.26,93.46,7.62,6.59,0.77,6.59,,,,,,,,,,,,13.36
2025-08-15,9,Ferreira do Zêzere,24.3,66.0,1.4,0.28,S,1539.8,7.212,77.11,93.55,7.61,6.83,0.82,6.83,,,,,,,,,,,,13.63
2025-08-15,10,Ferreira do Zêzere,27.2,58.0,1.6,0.01,SW,2174.1,7.007,60.58,93.76,7.91,7.39,0.94,7.39,,,,,,,,,,,,13.63
2025-08-15,11,Ferreira do Zêzere,30.9,46.0,3.3,1.32,S,2657.1,6.794,38.47,93.97,8.87,8.71,1.25,8.71,,,,,,,,,,,,14.94
2025-08-15,12,Ferreira do Zêzere,33.5,37.0,2.7,0.58,SW,3006.9,6.704,29.86,94.06,8.71,9.0,1.33,9.0,74.68,9.14,-79.7,74.68,28.93,0.86,10.84,0.54,0.01,0.54,12.0,15.51
2025-08-15,13,Ferreira do Zêzere,34.1,38.0,3.1,0.25,SW,3156.0,6.343,28.63,94.42,9.35,9.55,1.48,9.55,,,,,,,,,,,,15.75
2025-08-15,14,Ferreira do Zêzere,35.3,36.0,2.0,0.8,W,3086.6,6.028,27.96,94.74,9.24,9.58,1.49,9.58,,,,,,,,,,,,16.45
2025-08-15,15,Ferreira do Zêzere,35.6,35.0,2.2,1.27,W,2813.7,5.896,26.67,94.87,9.5,9.85,1.56,9.85,,,,,,,,,,,,17.32
2025-08-15,16,Ferreira do Zêzere,36.6,33.0,2.4,0.01,W,2347.5,5.813,23.57,94.95,9.71,10.19,1.66,10.19,,,,,,,,,,,,16.63
2025-08-15,17,Ferreira do Zêzere,34.4,38.0,4.3,1.3,NW,1762.6,5.816,26.34,94.95,10.68,10.68,1.8,10.68,,,,,,,,,,,,16.23
2025-08-15,18,Ferreira do Zêzere,31.0,45.0,4.5,0.61,NW,1076.4,5.885,35.75,94.88,10.68,10.21,1.66,10.21,,,,,,,,,,,,16.09
2025-08-15,19,Ferreira do Zêzere,28.2,52.0,3.2,1.7,NW,389.0,5.933,49.63,94.83,9.94,9.19,1.38,9.19,,,,,,,,,,,,17.59
2025-08-15,20,Ferreira do Zêzere,25.8,58.0,3.5,0.1,NW,34.0,6.137,58.83,94.63,9.81,8.8,1.28,8.8,,,,,,,,,,,,16.39
2025-08-15,21,Ferreira do Zêzere,23.7,65.0,3.3,0.2,NW,30.36,6.45,71.03,94.31,9.3,8.14,1.11,8.14,,,,,,,,,,,,15.59
2025-08-15,22,Ferreira do Zêzere,22.2,69.0,2.9,0.01,NW,14.76,6.707,80.45,94.06,8.8,7.6,0.98,7.6,,,,,,,,,,,,15.15
2025-08-15,23,Ferreira do Zêzere,20.8,74.0,2.1,0.1,NW,11.94,6.944,93.74,93.82,8.18,6.96,0.84,6.96,,,,,,,,,,,,14.71
2025-08-16,0,Ferreira do Zêzere,19.6,79.0,1.9,0.1,N,0.1,7.26,107.3,93.51,7.75,6.37,0.72,6.37,,,,,,,,,,,,13.97
2025-08-16,1,Ferreira do Zêzere,18.4,83.0,1.4,0.01,N,21.78,7.567,120.3,93.2,7.24,5.88,0.63,5.88,,,,,,,,,,,,13.73
2025-08-16,2,Ferreira do Zêzere,17.8,86.0,1.7,0.1,N,0.1,8.03,126.18,92.75,6.9,5.55,0.56,5.55,,,,,,,,,,,,13.36
2025-08-16,3,Ferreira do Zêzere,17.3,88.0,1.8,0.01,N,0.3,8.49,131.41,92.3,6.51,5.2,0.5,5.2,,,,,,,,,,,,13.18
2025-08-16,4,Ferreira do Zêzere,17.0,90.0,1.8,0.1,N,0.4,8.95,133.92,91.85,6.11,4.88,0.45,4.88,,,,,,,,,,,,11.58
2025-08-16,5,Ferreira do Zêzere,16.9,92.0,1.9,0.1,N,0.6,9.26,136.79,91.55,5.89,4.7,0.42,4.7,,,,,,,,,,,,10.53
2025-08-16,6,Ferreira do Zêzere,16.5,94.0,1.3,0.01,N,6.0,9.48,141.56,91.34,5.54,4.41,0.38,4.41,,,,,,,,,,,,9.42
2025-08-16,7,Ferreira do Zêzere,16.9,93.0,2.3,0.01,N,145.5,9.75,133.61,91.08,5.62,4.51,0.39,4.51,,,,,,,,,,,,9.08
2025-08-16,8,Ferreira do Zêzere,17.8,91.0,2.2,0.01,N,693.3,9.83,126.28,91.0,5.53,4.48,0.39,4.48,,,,,,,,,,,,8.99
2025-08-16,9,Ferreira do Zêzere,20.7,78.0,1.2,0.1,NW,1476.0,9.36,96.78,91.45,5.6,4.81,0.44,4.81,,,,,,,,,,,,8.81
2025-08-16,10,Ferreira do Zêzere,24.8,62.0,1.1,0.01,N,2172.6,8.51,67.86,92.28,6.27,5.82,0.62,5.82,,,,,,,,,,,,8.81
2025-08-16,11,Ferreira do Zêzere,27.7,52.0,0.8,0.1,N,1869.0,7.855,52.06,92.92,6.76,6.67,0.78,6.67,,,,,,,,,,,,7.59
2025-08-16,12,Ferreira do Zêzere,30.7,39.0,1.0,0.1,SW,1628.9,7.506,35.96,93.26,7.16,7.56,0.98,7.56,70.15,8.61,-78.57,70.15,35.09,0.66,10.26,0.4,0.01,0.4,12.0,7.11
2025-08-16,13,Ferreira do Zêzere,33.6,33.0,1.0,0.01,N,2686.5,6.802,27.73,93.96,7.89,8.61,1.23,8.61,,,,,,,,,,,,6.87
2025-08-16,14,Ferreira do Zêzere,36.6,23.0,1.7,0.01,SW,3060.6,6.159,17.17,94.61,8.93,10.21,1.66,10.21,,,,,,,,,,,,6.08
2025-08-16,15,Ferreira do Zêzere,38.4,17.0,1.8,0.01,SW,2769.1,5.688,12.11,95.08,9.58,11.36,2.01,11.36,,,,,,,,,,,,4.82
2025-08-16,16,Ferreira do Zêzere,39.3,17.0,1.3,0.01,SW,2267.7,4.696,11.89,96.09,10.72,12.51,2.38,12.51,,,,,,,,,,,,4.82
2025-08-16,17,Ferreira do Zêzere,38.0,24.0,4.4,0.01,NW,1325.0,4.423,11.24,96.37,13.02,14.47,3.08,14.47,,,,,,,,,,,,3.53
2025-08-16,18,Ferreira do Zêzere,35.1,38.0,4.3,0.01,NW,864.0,4.531,17.1,96.26,12.76,13.65,2.78,13.65,,,,,,,,,,,,2.93
2025-08-16,19,Ferreira do Zêzere,31.8,47.0,3.5,0.01,NW,318.3,4.715,17.81,96.07,11.95,13.92,2.88,13.92,,,,,,,,,,,,1.24
2025-08-16,20,Ferreira do Zêzere,29.0,53.0,2.8,0.01,NW,28.6,4.957,21.3,95.82,11.15,12.83,2.49,12.83,,,,,,,,,,,,1.15
2025-08-16,21,Ferreira do Zêzere,27.1,56.0,3.4,0.01,NW,40.42,5.675,21.78,95.09,10.41,11.96,2.2,11.96,,,,,,,,,,,,0.96
2025-08-16,22,Ferreira do Zêzere,24.6,63.0,3.0,0.01,NW,1.3,5.826,25.55,94.94,9.99,11.27,1.98,11.27,,,,,,,,,,,,0.96
2025-08-16,23,Ferreira do Zêzere,23.0,67.0,3.1,0.01,NW,4.3,5.976,26.79,94.79,9.83,10.97,1.89,10.97,,,,,,,,,,,,0.87
2025-08-17,0,Ferreira do Zêzere,21.8,70.0,3.0,0.1,NW,5.35,6.128,20.29,94.64,9.58,12.69,2.44,12.69,,,,,,,,,,,,0.87
2025-08-17,1,Ferreira do Zêzere,20.7,69.0,2.9,0.01,NW,6.57,6.202,20.35,94.56,9.43,12.52,2.38,12.52,,,,,,,,,,,,0.87
2025-08-17,2,Ferreira do Zêzere,19.9,72.0,2.9,0.01,NW,0.4,6.376,19.93,94.39,9.21,12.19,2.27,12.19,,,,,,,,,,,,0.78
2025-08-17,3,Ferreira do Zêzere,19.2,79.0,3.3,0.1,NW,0.61,6.432,22.43,94.33,9.32,12.15,2.26,12.15,,,,,,,,,,,,0.87
2025-08-17,4,Ferreira do Zêzere,18.8,81.0,2.7,0.01,NW,0.1,6.339,21.54,94.42,9.16,11.93,2.19,11.93,,,,,,,,,,,,0.78
2025-08-17,5,Ferreira do Zêzere,18.6,82.0,2.7,0.01,N,0.15,6.591,19.72,94.17,8.85,11.58,2.08,11.58,,,,,,,,,,,,0.69
2025-08-17,6,Ferreira do Zêzere,18.2,85.0,3.0,0.2,NW,3.3,6.661,23.92,94.1,8.9,11.56,2.07,11.56,,,,,,,,,,,,0.88
2025-08-17,7,Ferreira do Zêzere,18.3,85.0,3.5,0.1,N,198.6,6.953,25.38,93.81,8.77,11.42,2.03,11.42,,,,,,,,,,,,0.97
2025-08-17,8,Ferreira do Zêzere,19.4,79.0,3.9,0.2,N,742.7,7.242,26.36,93.52,8.59,11.38,2.01,11.38,,,,,,,,,,,,1.16
2025-08-17,9,Ferreira do Zêzere,21.8,67.0,4.0,0.01,NW,1408.8,7.225,21.59,93.54,8.66,11.77,2.14,11.77,,,,,,,,,,,,1.07
2025-08-17,10,Ferreira do Zêzere,24.5,54.0,4.1,0.01,NW,2040.1,7.122,17.93,93.64,8.83,12.39,2.34,12.39,,,,,,,,,,,,1.07
2025-08-17,11,Ferreira do Zêzere,27.4,44.0,3.7,0.01,NW,2545.6,6.861,14.42,93.9,8.97,13.01,2.55,13.01,,,,,,,,,,,,0.98
2025-08-17,12,Ferreira do Zêzere,29.6,37.0,4.9,0.01,N,2890.3,6.633,11.66,94.13,9.83,14.39,3.05,14.39,86.67,12.6,-70.23,86.67,14.48,3.41,15.11,4.66,0.42,4.66,12.0,0.89
2025-08-17,13,Ferreira do Zêzere,31.6,33.0,5.2,0.01,NW,3113.0,6.233,10.18,94.53,10.55,15.55,3.5,15.55,,,,,,,,,,,,0.89
2025-08-17,14,Ferreira do Zêzere,32.7,29.0,4.8,0.1,NW,3012.1,5.915,9.29,94.85,10.8,16.13,3.74,16.13,,,,,,,,,,,,0.98
2025-08-17,15,Ferreira do Zêzere,33.7,28.0,5.3,0.01,NW,2646.8,5.794,8.69,94.97,11.27,16.83,4.02,16.83,,,,,,,,,,,,0.98
2025-08-17,16,Ferreira do Zêzere,32.8,29.0,5.6,0.01,NW,2110.2,5.694,9.16,95.07,11.6,17.03,4.11,17.03,,,,,,,,,,,,0.98
2025-08-17,17,Ferreira do Zêzere,31.1,29.0,5.9,0.01,NW,1696.5,5.753,9.67,95.01,11.68,16.91,4.06,16.91,,,,,,,,,,,,0.98
2025-08-17,18,Ferreira do Zêzere,28.5,33.0,5.6,0.01,NW,931.5,5.677,11.44,95.09,11.62,16.4,3.85,16.4,,,,,,,,,,,,0.98
2025-08-17,19,Ferreira do Zêzere,25.3,49.0,4.9,0.01,NW,308.1,5.727,15.88,95.04,11.14,15.07,3.31,15.07,,,,,,,,,,,,0.98
2025-08-17,20,Ferreira do Zêzere,22.9,59.0,4.1,0.01,NW,17.3,5.824,18.76,94.94,10.56,14.04,2.92,14.04,,,,,,,,,,,,0.98
2025-08-17,21,Ferreira do Zêzere,21.4,67.0,3.1,0.01,NW,47.09,5.946,20.98,94.82,9.87,13.05,2.57,13.05,,,,,,,,,,,,0.98
2025-08-17,22,Ferreira do Zêzere,20.3,72.0,3.8,0.01,NW,4.36,6.076,22.14,94.69,10.05,13.07,2.57,13.07,,,,,,,,,,,,0.98
2025-08-17,23,Ferreira do Zêzere,19.5,77.0,4.5,0.01,NW,8.52,6.311,23.29,94.45,10.07,12.97,2.54,12.97,,,,,,,,,,,,0.98
2025-08-18,0,Ferreira do Zêzere,18.7,81.0,5.4,0.01,NW,0.3,6.528,26.66,94.24,10.23,13.35,2.67,13.35,,,,,,,,,,,,0.89
2025-08-18,1,Ferreira do Zêzere,18.5,79.0,3.8,0.1,NW,0.3,6.717,27.74,94.05,9.19,12.31,2.31,12.31,,,,,,,,,,,,0.98
2025-08-18,2,Ferreira do Zêzere,18.6,77.0,3.7,0.3,NW,0.4,6.881,31.06,93.88,8.94,12.09,2.24,12.09,,,,,,,,,,,,1.27
2025-08-18,3,Ferreira do Zêzere,17.9,82.0,3.9,0.1,NW,0.1,6.876,33.23,93.89,9.04,12.06,2.23,12.06,,,,,,,,,,,,1.27
2025-08-18,4,Ferreira do Zêzere,17.5,85.0,4.0,0.9,NW,0.9,6.979,48.86,93.79,8.96,10.76,1.82,10.76,,,,,,,,,,,,2.16
2025-08-18,5,Ferreira do Zêzere,17.3,86.0,3.4,0.7,NW,0.1,7.142,60.54,93.62,8.5,9.69,1.51,9.69,,,,,,,,,,,,2.85
2025-08-18,6,Ferreira do Zêzere,17.2,86.0,3.2,0.2,NW,1.1,7.266,60.87,93.5,8.27,9.47,1.45,9.47,,,,,,,,,,,,2.85
2025-08-18,7,Ferreira do Zêzere,17.6,88.0,3.4,0.1,N,140.9,7.511,62.68,93.26,8.07,9.25,1.39,9.25,,,,,,,,,,,,2.85
2025-08-18,8,Ferreira do Zêzere,18.6,84.0,3.5,0.01,N,441.8,7.823,54.83,92.95,7.77,9.19,1.38,9.19,,,,,,,,,,,,2.66
2025-08-18,9,Ferreira do Zêzere,20.9,72.0,4.5,0.1,NW,856.1,7.886,43.15,92.89,8.1,9.77,1.54,9.77,,,,,,,,,,,,2.75
2025-08-18,10,Ferreira do Zêzere,23.7,58.0,3.9,0.01,NW,1910.6,7.707,33.65,93.07,8.06,10.15,1.64,10.15,,,,,,,,,,,,2.75
2025-08-18,11,Ferreira do Zêzere,26.3,48.0,4.9,0.01,N,2861.4,7.478,26.15,93.29,8.75,11.28,1.98,11.28,,,,,,,,,,,,2.75
2025-08-18,12,Ferreira do Zêzere,28.1,45.0,5.5,0.01,NW,2753.9,7.43,22.99,93.34,9.08,11.84,2.16,11.84,80.27,12.69,-62.17,80.27,21.88,1.54,15.64,1.7,0.07,1.7,12.0,2.75
2025-08-18,13,Ferreira do Zêzere,29.2,42.0,6.0,0.01,NW,3383.6,7.155,20.71,93.61,9.67,12.64,2.43,12.64,,,,,,,,,,,,2.75
2025-08-18,14,Ferreira do Zêzere,29.7,42.0,6.1,0.01,NW,3035.5,6.778,19.94,93.99,10.24,13.35,2.67,13.35,,,,,,,,,,,,2.66
2025-08-18,15,Ferreira do Zêzere,29.9,39.0,6.1,0.01,NW,2948.3,6.533,18.84,94.23,10.59,13.84,2.85,13.84,,,,,,,,,,,,2.66
2025-08-18,16,Ferreira do Zêzere,29.4,41.0,5.9,0.01,N,2449.2,6.404,19.99,94.36,10.67,13.8,2.83,13.8,,,,,,,,,,,,2.66
2025-08-18,17,Ferreira do Zêzere,28.2,47.0,5.8,0.01,NW,1830.3,6.502,23.05,94.26,10.48,13.28,2.65,13.28,,,,,,,,,,,,2.66
2025-08-18,18,Ferreira do Zêzere,26.4,52.0,6.8,0.01,NW,1142.0,6.463,25.84,94.3,11.08,13.57,2.75,13.57,,,,,,,,,,,,2.66
2025-08-18,19,Ferreira do Zêzere,24.5,54.0,6.3,0.01,NW,382.8,6.45,28.67,94.31,10.82,13.13,2.6,13.13,,,,,,,,,,,,2.66
2025-08-18,20,Ferreira do Zêzere,22.2,61.0,4.4,0.01,NW,18.0,6.611,35.36,94.15,9.62,11.65,2.1,11.65,,,,,,,,,,,,2.66
2025-08-18,21,Ferreira do Zêzere,20.5,70.0,4.3,0.01,NW,37.34,6.913,41.72,93.85,9.18,10.93,1.87,10.93,,,,,,,,,,,,2.66
2025-08-18,22,Ferreira do Zêzere,19.4,78.0,3.9,0.01,N,7.87,7.353,48.49,93.41,8.46,10.02,1.61,10.02,,,,,,,,,,,,2.66
2025-08-18,23,Ferreira do Zêzere,19.0,80.0,5.3,0.01,NW,14.88,7.783,48.94,92.99,8.56,10.06,1.62,10.06,,,,,,,,,,,,2.66
2025-08-19,0,Ferreira do Zêzere,18.8,81.0,3.4,0.01,NW,1021.15,8.28,49.31,92.5,7.26,10.39,1.71,10.39,,,,,,,,,,,,2.66
2025-08-19,1,Ferreira do Zêzere,18.4,83.0,3.5,0.1,N,19.57,8.79,51.14,92.01,6.81,9.78,1.54,9.78,,,,,,,,,,,,2.66
2025-08-19,2,Ferreira do Zêzere,18.3,85.0,3.9,0.1,NW,14.37,9.31,49.81,91.5,6.47,9.53,1.47,9.53,,,,,,,,,,,,2.46
2025-08-19,3,Ferreira do Zêzere,18.8,83.0,4.5,0.1,N,142.36,9.82,47.26,91.01,6.22,9.28,1.4,9.28,,,,,,,,,,,,2.46
2025-08-19,4,Ferreira do Zêzere,18.7,84.0,5.3,0.1,NW,0.2,10.36,36.21,90.5,6.01,10.4,1.72,10.4,,,,,,,,,,,,1.66
2025-08-19,5,Ferreira do Zêzere,18.3,86.0,4.4,0.2,NW,109.47,10.89,29.69,89.99,5.35,10.36,1.71,10.36,,,,,,,,,,,,1.16
2025-08-19,6,Ferreira do Zêzere,18.2,85.0,3.5,0.1,N,1.8,11.38,27.9,89.53,4.78,9.47,1.46,9.47,,,,,,,,,,,,1.06
2025-08-19,7,Ferreira do Zêzere,18.4,83.0,4.5,0.1,NW,69.7,11.77,27.06,89.17,4.77,9.57,1.48,9.57,,,,,,,,,,,,1.06
2025-08-19,8,Ferreira do Zêzere,18.9,79.0,5.6,0.1,NW,495.1,11.64,26.77,89.29,5.13,10.45,1.73,10.45,,,,,,,,,,,,1.15
2025-08-19,9,Ferreira do Zêzere,20.3,73.0,5.1,0.01,NW,1279.1,11.2,23.72,89.7,5.31,11.43,2.03,11.43,,,,,,,,,,,,1.06
2025-08-19,10,Ferreira do Zêzere,22.6,64.0,4.89,0.01,---,2216.87,10.47,20.93,90.39,5.8,14.36,3.04,14.36,,,,,,,,,,,,1.06
2025-08-19,11,Ferreira do Zêzere,25.3,51.0,4.7,0.01,NW,2733.2,9.75,17.21,91.08,6.34,29.46,10.84,29.46,,,,,,,,,,,,1.06
2025-08-19,18,Ferreira do Zêzere,24.6,54.0,6.9,3.3,NW,1109.1,7.035,34.43,93.73,10.29,13.13,2.59,13.13,,,,,,,,,,,,4.44
2025-08-19,19,Ferreira do Zêzere,23.1,59.0,6.2,1.45,NW,360.0,7.077,44.38,93.69,9.87,11.83,2.16,11.83,,,,,,,,,,,,5.88
2025-08-19,20,Ferreira do Zêzere,21.4,69.0,5.2,0.1,NW,15.0,7.548,56.19,93.22,8.8,10.42,1.72,10.42,,,,,,,,,,,,5.97
2025-08-19,21,Ferreira do Zêzere,20.8,72.0,4.3,0.1,NW,32.96,8.1,61.9,92.68,7.79,9.3,1.41,9.3,,,,,,,,,,,,6.06
2025-08-19,22,Ferreira do Zêzere,20.4,73.0,4.8,0.01,NW,6.83,8.53,62.59,92.26,7.53,9.0,1.33,9.0,,,,,,,,,,,,6.06
2025-08-19,23,Ferreira do Zêzere,20.2,74.0,4.5,0.2,NW,11.67,8.95,65.29,91.85,7.0,8.38,1.17,8.38,,,,,,,,,,,,6.25
2025-08-20,0,Ferreira do Zêzere,19.8,75.0,4.4,0.1,NW,11.87,9.31,72.39,91.5,6.63,7.02,0.86,7.02,,,,,,,,,,,,6.34
2025-08-20,1,Ferreira do Zêzere,19.2,77.0,3.6,0.01,NW,11.11,9.74,77.47,91.09,6.0,6.37,0.72,6.37,,,,,,,,,,,,6.25
2025-08-20,2,Ferreira do Zêzere,19.1,78.0,4.0,0.13,N,12.07,10.12,78.16,90.73,5.82,6.15,0.68,6.15,,,,,,,,,,,,6.28
2025-08-20,3,Ferreira do Zêzere,19.9,75.0,4.6,0.1,N,34.05,10.4,71.55,90.46,5.77,6.18,0.68,6.18,,,,,,,,,,,,6.28
2025-08-20,4,Ferreira do Zêzere,19.9,75.0,5.1,0.13,N,46.26,10.6,70.65,90.27,5.76,6.16,0.68,6.16,,,,,,,,,,,,6.31
2025-08-20,5,Ferreira do Zêzere,19.7,77.0,5.5,0.1,NW,0.2,10.9,72.36,89.98,5.64,6.02,0.65,6.02,,,,,,,,,,,,6.21
2025-08-20,6,Ferreira do Zêzere,19.5,77.0,5.7,0.2,NW,2.2,11.15,72.73,89.75,5.51,5.86,0.62,5.86,,,,,,,,,,,,6.31
2025-08-20,7,Ferreira do Zêzere,19.4,76.0,4.6,0.1,NW,247.4,11.38,73.77,89.53,5.05,5.4,0.54,5.4,,,,,,,,,,,,6.31
2025-08-20,8,Ferreira do Zêzere,20.2,73.0,5.2,0.1,N,941.6,11.27,67.58,89.63,5.29,5.71,0.59,5.71,,,,,,,,,,,,6.31
2025-08-20,9,Ferreira do Zêzere,21.6,67.0,5.1,0.1,N,1585.9,10.81,59.52,90.07,5.6,6.16,0.68,6.16,,,,,,,,,,,,6.4
2025-08-20,10,Ferreira do Zêzere,23.8,56.0,5.7,0.1,N,2252.1,10.13,46.34,90.72,6.33,7.2,0.9,7.2,,,,,,,,,,,,6.49
2025-08-20,11,Ferreira do Zêzere,25.8,48.0,5.7,0.01,NW,2690.1,9.61,38.15,91.21,6.79,7.95,1.07,7.95,,,,,,,,,,,,6.49
2025-08-20,12,Ferreira do Zêzere,27.4,42.0,6.3,0.01,NW,2807.9,9.1,31.74,91.71,7.51,8.95,1.32,8.95,73.88,12.32,-53.29,73.88,29.99,0.99,15.9,0.78,0.02,0.78,12.0,6.4
2025-08-20,13,Ferreira do Zêzere,28.9,38.0,5.0,0.01,NW,3234.5,8.18,29.07,92.6,7.98,9.64,1.5,9.64,,,,,,,,,,,,6.4
2025-08-20,14,Ferreira do Zêzere,29.5,36.0,6.4,0.01,NW,3168.8,7.539,25.93,93.23,9.36,11.11,1.93,11.11,,,,,,,,,,,,6.4
2025-08-20,15,Ferreira do Zêzere,28.9,37.0,7.8,0.01,NW,2883.9,7.186,26.01,93.58,10.54,12.15,2.26,12.15,,,,,,,,,,,,6.4
2025-08-20,16,Ferreira do Zêzere,28.4,38.0,6.1,0.01,NW,2400.8,6.902,28.64,93.86,10.06,11.63,2.09,11.63,,,,,,,,,,,,6.4
2025-08-20,17,Ferreira do Zêzere,27.5,39.0,6.3,0.01,NW,1792.7,6.848,30.23,93.92,10.24,11.69,2.11,11.69,,,,,,,,,,,,6.4
2025-08-20,18,Ferreira do Zêzere,25.9,45.0,7.0,0.01,NW,1096.1,6.885,26.76,93.88,10.55,13.06,2.57,13.06,,,,,,,,,,,,3.11
2025-08-20,19,Ferreira do Zêzere,23.8,55.0,5.5,0.01,NW,344.1,6.874,25.94,93.89,9.8,13.88,2.86,13.88,,,,,,,,,,,,1.67
2025-08-20,20,Ferreira do Zêzere,21.8,62.0,4.4,0.01,NW,13.6,7.112,29.8,93.65,8.97,12.71,2.45,12.71,,,,,,,,,,,,1.58
2025-08-20,21,Ferreira do Zêzere,20.3,73.0,4.3,0.01,NW,26.1,7.591,34.43,93.18,8.36,12.06,2.23,12.06,,,,,,,,,,,,1.49
2025-08-20,22,Ferreira do Zêzere,19.3,79.0,2.8,0.1,NW,7.6,8.17,40.49,92.61,7.15,9.98,1.6,9.98,,,,,,,,,,,,1.58
2025-08-20,23,Ferreira do Zêzere,18.7,82.0,2.7,0.1,N,0.3,8.64,41.2,92.15,6.67,9.73,1.52,9.73,,,,,,,,,,,,1.48
2025-08-21,0,Ferreira do Zêzere,18.1,82.0,4.2,0.1,NW,2.3,9.16,40.23,91.65,6.7,9.29,1.4,9.29,,,,,,,,,,,,1.48
2025-08-21,1,Ferreira do Zêzere,18.2,83.0,3.6,1.3,N,28.46,9.8,59.42,91.03,5.96,6.9,0.83,6.9,,,,,,,,,,,,2.77
2025-08-21,2,Ferreira do Zêzere,18.6,82.0,5.5,0.1,N,0.3,10.37,55.36,90.49,6.06,7.06,0.86,7.06,,,,,,,,,,,,2.74
2025-08-21,3,Ferreira do Zêzere,18.4,82.0,3.5,0.3,N,34.27,10.96,60.37,89.93,5.06,5.81,0.61,5.81,,,,,,,,,,,,2.94
2025-08-21,4,Ferreira do Zêzere,17.7,85.0,4.5,0.1,NW,0.2,11.46,62.68,89.46,4.98,5.68,0.59,5.68,,,,,,,,,,,,2.91
2025-08-21,5,Ferreira do Zêzere,17.6,86.0,2.3,0.1,NW,0.8,11.99,67.22,88.96,4.15,4.71,0.42,4.71,,,,,,,,,,,,2.91
2025-08-21,6,Ferreira do Zêzere,16.9,88.0,1.9,0.15,NW,2.3,12.54,70.22,88.45,3.78,4.26,0.35,4.26,,,,,,,,,,,,2.86
2025-08-21,7,Ferreira do Zêzere,16.01,89.85,2.06,0.01,W,170.27,12.94,71.48,88.08,3.61,4.09,0.33,4.09,,,,,,,,,,,,2.77
2025-08-21,8,Ferreira do Zêzere,17.52,82.85,2.35,0.1,SW,665.35,12.72,61.8,88.28,3.77,4.39,0.37,4.39,,,,,,,,,,,,2.77
2025-08-21,9,Ferreira do Zêzere,19.6,73.03,2.62,0.1,W,1495.32,11.95,50.94,89.0,4.24,5.14,0.49,5.14,,,,,,,,,,,,2.77
2025-08-21,10,Ferreira do Zêzere,21.83,63.53,2.87,0.2,W,2175.24,10.82,42.89,90.06,5.0,6.18,0.68,6.18,,,,,,,,,,,,2.87
2025-08-21,11,Ferreira do Zêzere,26.3,50.0,4.1,0.38,NW,2614.4,10.07,31.33,90.77,5.89,7.54,0.97,7.54,,,,,,,,,,,,3.24
2025-08-21,12,Ferreira do Zêzere,28.0,43.0,4.3,1.19,NW,2803.3,9.42,29.74,91.4,6.5,8.06,1.09,8.06,74.04,11.01,-49.36,74.04,29.77,0.91,14.35,0.67,0.01,0.67,12.0,4.42
2025-08-21,13,Ferreira do Zêzere,29.2,38.0,5.0,5.01,NW,3190.0,8.39,31.51,92.4,7.75,8.76,1.27,8.76,,,,,,,,,,,,9.42
2025-08-21,14,Ferreira do Zêzere,29.9,35.0,3.8,6.57,NW,3157.3,7.755,33.57,93.02,7.97,8.72,1.26,8.72,,,,,,,,,,,,15.98
2025-08-21,15,Ferreira do Zêzere,30.3,35.0,5.5,0.63,NW,2868.8,7.393,30.45,93.37,9.12,9.8,1.54,9.8,,,,,,,,,,,,16.6
2025-08-21,16,Ferreira do Zêzere,29.3,38.0,5.1,0.73,NW,2368.6,7.364,34.54,93.4,8.98,9.48,1.46,9.48,,,,,,,,,,,,17.32
2025-08-21,17,Ferreira do Zêzere,28.2,40.0,5.3,0.33,NW,1751.2,7.107,37.56,93.66,9.4,9.7,1.52,9.7,,,,,,,,,,,,17.64
2025-08-21,18,Ferreira do Zêzere,26.6,43.0,4.8,0.3,NW,1027.5,7.075,43.53,93.69,9.2,9.34,1.42,9.34,,,,,,,,,,,,17.93
2025-08-21,19,Ferreira do Zêzere,24.7,50.0,4.5,0.27,NW,310.9,7.075,53.16,93.69,9.06,8.9,1.3,8.9,,,,,,,,,,,,18.19
2025-08-21,20,Ferreira do Zêzere,21.9,68.0,3.7,0.77,NW,13.9,7.373,79.95,93.39,8.36,7.71,1.01,7.71,,,,,,,,,,,,18.95
2025-08-21,21,Ferreira do Zêzere,20.2,78.0,3.1,0.26,NW,0.2,7.768,102.09,93.01,7.68,6.87,0.82,6.87,,,,,,,,,,,,19.2
2025-08-21,22,Ferreira do Zêzere,19.2,83.0,2.6,0.1,NW,108.91,8.15,117.07,92.63,7.1,6.27,0.7,6.27,,,,,,,,,,,,19.2
2025-08-21,23,Ferreira do Zêzere,18.6,86.0,2.7,0.1,NW,0.1,8.54,125.56,92.25,6.76,5.92,0.63,5.92,,,,,,,,,,,,19.2
2025-08-22,0,Ferreira do Zêzere,18.3,88.0,2.6,2.25,N,7.33,9.0,140.93,91.8,6.32,4.86,0.45,4.86,,,,,,,,,,,,21.35
2025-08-22,1,Ferreira do Zêzere,18.2,90.0,2.6,0.1,N,1.0,9.66,147.04,91.17,5.77,4.4,0.37,4.4,,,,,,,,,,,,20.15
2025-08-22,2,Ferreira do Zêzere,17.9,91.0,2.2,0.33,N,0.6,10.17,153.02,90.68,5.28,3.97,0.31,3.97,,,,,,,,,,,,20.38
2025-08-22,3,Ferreira do Zêzere,17.8,91.0,2.1,2.51,N,0.3,10.44,155.47,90.42,5.06,3.77,0.29,3.77,,,,,,,,,,,,22.59
2025-08-22,4,Ferreira do Zêzere,17.6,92.0,2.7,0.1,N,90.9,10.69,157.43,90.18,5.04,3.74,0.28,3.74,,,,,,,,,,,,22.59
2025-08-22,5,Ferreira do Zêzere,17.1,93.0,2.0,0.1,N,1.0,10.83,164.73,90.05,4.78,3.5,0.25,3.5,,,,,,,,,,,,22.59
2025-08-22,6,Ferreira do Zêzere,16.8,93.0,1.8,0.1,N,6.5,10.89,165.8,89.99,4.69,3.42,0.24,3.42,,,,,,,,,,,,22.54
2025-08-22,7,Ferreira do Zêzere,16.6,93.0,1.5,0.1,---,159.4,10.8,167.34,90.08,4.68,3.41,0.24,3.41,,,,,,,,,,,,22.63
2025-08-22,8,Ferreira do Zêzere,17.9,87.0,1.9,1.34,NW,643.8,10.43,143.52,90.43,5.02,3.79,0.29,3.79,,,,,,,,,,,,23.87
2025-08-22,9,Ferreira do Zêzere,20.5,74.0,1.4,2.14,N,1193.2,9.87,111.19,90.96,5.28,4.26,0.35,4.26,,,,,,,,,,,,25.91
2025-08-22,10,Ferreira do Zêzere,23.5,59.0,1.2,13.33,N,1747.2,9.13,84.9,91.68,5.78,5.01,0.47,5.01,,,,,,,,,,,,39.04
2025-08-22,11,Ferreira do Zêzere,27.7,44.0,1.2,3.31,SW,2249.7,8.41,58.16,92.38,6.39,6.03,0.65,6.03,,,,,,,,,,,,41.97
2025-08-22,12,Ferreira do Zêzere,30.1,38.0,1.3,0.61,W,2587.2,7.809,46.84,92.96,6.97,6.82,0.81,6.82,63.42,8.3,-94.72,63.42,45.07,0.53,9.77,0.31,0.0,0.31,12.0,41.39
2025-08-22,13,Ferreira do Zêzere,32.4,32.0,1.4,1.35,NW,2964.4,7.131,36.96,93.63,7.69,7.78,1.03,7.78,,,,,,,,,,,,37.73
2025-08-22,14,Ferreira do Zêzere,34.6,27.0,1.9,0.66,W,2862.5,6.62,27.89,94.14,8.47,8.79,1.28,8.79,,,,,,,,,,,,31.82
2025-08-22,15,Ferreira do Zêzere,35.0,27.0,3.9,1.44,NW,2602.3,6.235,23.45,94.53,9.88,10.05,1.61,10.05,,,,,,,,,,,,32.63
2025-08-22,16,Ferreira do Zêzere,34.6,30.0,5.0,0.77,NW,2036.5,6.178,23.96,94.59,10.52,10.45,1.73,10.45,,,,,,,,,,,,32.67
2025-08-22,17,Ferreira do Zêzere,32.9,33.0,5.4,0.46,NW,1424.4,6.048,27.81,94.72,10.93,10.54,1.76,10.54,,,,,,,,,,,,32.8
2025-08-22,18,Ferreira do Zêzere,31.1,32.0,5.3,3.37,NW,782.4,6.033,31.04,94.73,10.9,10.4,1.72,10.4,,,,,,,,,,,,35.87
2025-08-22,19,Ferreira do Zêzere,29.1,36.0,3.6,0.2,NW,241.8,5.944,40.47,94.82,10.13,9.51,1.47,9.51,,,,,,,,,,,,35.8
2025-08-22,20,Ferreira do Zêzere,26.6,44.0,3.3,0.3,NW,11.0,6.022,52.49,94.74,9.87,8.9,1.3,8.9,,,,,,,,,,,,35.33
2025-08-22,21,Ferreira do Zêzere,24.4,51.0,2.9,0.4,NW,0.3,6.187,65.24,94.58,9.45,8.25,1.14,8.25,,,,,,,,,,,,35.47
2025-08-22,22,Ferreira do Zêzere,22.8,56.0,2.6,0.01,NW,0.4,6.306,75.6,94.46,9.16,7.81,1.03,7.81,,,,,,,,,,,,35.38
2025-08-22,23,Ferreira do Zêzere,21.4,61.0,1.5,0.43,N,0.1,6.391,90.73,94.37,8.56,7.17,0.89,7.17,,,,,,,,,,,,35.71
2025-08-23,0,Ferreira do Zêzere,20.8,64.0,1.7,0.62,N,0.8,6.448,93.68,94.32,8.58,6.87,0.82,6.87,,,,,,,,,,,,34.08
2025-08-23,1,Ferreira do Zêzere,20.3,65.0,1.0,0.01,NE,0.7,6.522,101.05,94.24,8.2,6.55,0.76,6.55,,,,,,,,,,,,33.99
2025-08-23,2,Ferreira do Zêzere,19.4,69.0,1.9,0.01,N,0.6,6.587,103.33,94.18,8.51,6.65,0.78,6.65,,,,,,,,,,,,33.67
2025-08-23,3,Ferreira do Zêzere,18.6,74.0,1.5,0.3,NW,3.7,6.7,115.55,94.06,8.21,6.3,0.71,6.3,,,,,,,,,,,,31.46
2025-08-23,4,Ferreira do Zêzere,18.0,78.0,1.7,1.6,N,6.3,6.841,123.9,93.92,8.13,6.14,0.67,6.14,,,,,,,,,,,,32.96
2025-08-23,5,Ferreira do Zêzere,17.8,82.0,1.3,0.1,N,9.8,7.007,136.03,93.76,7.79,5.8,0.61,5.8,,,,,,,,,,,,32.96
2025-08-23,6,Ferreira do Zêzere,17.2,87.0,1.4,0.1,NE,1.3,7.138,150.01,93.63,7.69,5.62,0.58,5.62,,,,,,,,,,,,32.96
2025-08-23,7,Ferreira do Zêzere,17.1,87.0,1.0,7.4,N,184.1,7.273,155.17,93.49,7.39,5.38,0.53,5.38,,,,,,,,,,,,40.26
2025-08-23,8,Ferreira do Zêzere,18.8,84.0,3.2,2.38,NW,755.1,7.373,131.1,93.39,8.15,6.01,0.65,6.01,,,,,,,,,,,,41.3
2025-08-23,9,Ferreira do Zêzere,21.4,73.0,3.0,0.33,NW,1437.9,7.349,100.46,93.42,8.09,6.29,0.71,6.29,,,,,,,,,,,,39.49
2025-08-23,10,Ferreira do Zêzere,24.5,59.0,1.9,0.7,N,2078.0,7.266,74.97,93.5,7.74,6.54,0.75,6.54,,,,,,,,,,,,26.86
2025-08-23,11,Ferreira do Zêzere,28.1,48.0,1.6,0.5,NW,2429.8,7.044,55.59,93.72,7.87,7.11,0.88,7.11,,,,,,,,,,,,24.05
2025-08-23,12,Ferreira do Zêzere,31.1,39.0,2.1,0.15,W,2806.7,6.998,39.99,93.77,8.12,7.74,1.02,7.74,66.44,7.4,-113.6,66.44,40.46,0.62,8.7,0.35,0.0,0.35,12.0,23.59
2025-08-23,13,Ferreira do Zêzere,32.6,33.0,2.6,0.5,NW,3091.1,6.628,31.97,94.14,8.76,8.57,1.22,8.57,,,,,,,,,,,,22.74
2025-08-23,14,Ferreira do Zêzere,33.6,30.0,2.0,0.4,NW,3010.8,6.348,29.89,94.42,8.84,8.8,1.28,8.8,,,,,,,,,,,,22.48
2025-08-23,15,Ferreira do Zêzere,34.0,33.0,3.8,0.23,NW,2729.5,6.2,26.93,94.56,9.87,9.61,1.49,9.61,,,,,,,,,,,,21.27
2025-08-23,16,Ferreira do Zêzere,33.1,36.0,5.1,0.3,NW,2215.6,6.087,28.02,94.68,10.71,10.11,1.63,10.11,,,,,,,,,,,,20.8
2025-08-23,17,Ferreira do Zêzere,31.0,37.0,4.7,0.3,NW,1575.6,6.011,32.98,94.75,10.61,9.85,1.56,9.85,,,,,,,,,,,,20.64
2025-08-23,18,Ferreira do Zêzere,28.0,49.0,5.9,0.15,NW,903.2,6.011,43.67,94.75,11.27,9.76,1.54,9.76,,,,,,,,,,,,17.42
2025-08-23,19,Ferreira do Zêzere,24.2,65.0,4.0,0.2,NW,265.9,6.239,71.34,94.52,9.92,8.07,1.1,8.07,,,,,,,,,,,,17.42
2025-08-23,20,Ferreira do Zêzere,21.7,73.0,3.5,0.1,NW,7.6,6.663,90.1,94.1,9.12,7.18,0.89,7.18,,,,,,,,,,,,17.22
2025-08-23,21,Ferreira do Zêzere,20.2,80.0,4.0,0.1,NW,18.41,7.181,104.62,93.58,8.71,6.67,0.78,6.67,,,,,,,,,,,,16.92
2025-08-23,22,Ferreira do Zêzere,19.3,84.0,3.6,0.01,NW,10.32,7.888,117.49,92.89,7.74,5.86,0.62,5.86,,,,,,,,,,,,16.92
2025-08-23,23,Ferreira do Zêzere,18.6,86.0,3.7,0.15,NW,0.3,8.45,123.74,92.34,7.2,5.41,0.54,5.41,,,,,,,,,,,,16.64
2025-08-24,0,Ferreira do Zêzere,18.2,88.0,2.6,0.73,NW,16.9,8.91,134.81,91.89,6.4,4.62,0.41,4.62,,,,,,,,,,,,16.75
2025-08-24,1,Ferreira do Zêzere,17.7,89.0,2.4,0.1,NW,81.1,9.5,139.72,91.32,5.84,4.17,0.34,4.17,,,,,,,,,,,,16.84
2025-08-24,2,Ferreira do Zêzere,17.5,90.0,2.5,0.18,NW,15.5,10.13,143.19,90.72,5.39,3.79,0.29,3.79,,,,,,,,,,,,17.01
2025-08-24,3,Ferreira do Zêzere,18.1,86.0,3.3,0.17,NW,0.1,10.75,126.51,90.13,5.15,3.68,0.27,3.68,,,,,,,,,,,,16.88
2025-08-24,4,Ferreira do Zêzere,18.4,85.0,2.9,0.4,NW,0.1,11.33,123.29,89.58,4.67,3.31,0.23,3.31,,,,,,,,,,,,15.68
2025-08-24,5,Ferreira do Zêzere,18.5,84.0,3.6,0.32,NW,11.67,11.9,118.16,89.04,4.48,3.16,0.21,3.16,,,,,,,,,,,,15.9
2025-08-24,6,Ferreira do Zêzere,18.3,84.0,3.6,0.3,NW,3.5,12.44,118.78,88.54,4.17,2.88,0.18,2.88,,,,,,,,,,,,16.1
2025-08-24,7,Ferreira do Zêzere,18.3,82.0,3.0,0.3,NW,142.9,12.72,103.32,88.28,3.9,2.76,0.16,2.76,,,,,,,,,,,,9.0
2025-08-24,8,Ferreira do Zêzere,18.9,79.0,3.1,0.12,NW,354.5,12.63,88.59,88.37,3.96,2.95,0.18,2.95,,,,,,,,,,,,6.74
2025-08-24,9,Ferreira do Zêzere,20.8,71.0,4.8,0.15,NW,1379.0,12.2,69.24,88.76,4.57,3.67,0.27,3.67,,,,,,,,,,,,6.56
2025-08-24,10,Ferreira do Zêzere,23.2,62.0,3.2,0.32,NW,2093.4,11.12,58.4,89.78,4.88,4.18,0.34,4.18,,,,,,,,,,,,6.18
2025-08-24,11,Ferreira do Zêzere,25.1,55.0,3.6,0.44,NW,2428.1,10.34,48.3,90.52,5.53,4.98,0.47,4.98,,,,,,,,,,,,6.12
2025-08-24,12,Ferreira do Zêzere,27.2,47.0,3.0,0.32,NW,2877.4,9.68,40.93,91.15,5.87,5.54,0.56,5.54,66.17,6.79,-111.51,66.17,40.86,0.64,8.05,0.35,0.0,0.35,12.0,6.29
2025-08-24,13,Ferreira do Zêzere,29.1,41.0,3.1,0.01,N,3132.9,8.53,33.3,92.26,6.91,6.75,0.8,6.75,,,,,,,,,,,,5.8
2025-08-24,14,Ferreira do Zêzere,31.1,36.0,3.7,0.3,NW,3032.6,7.703,26.8,93.07,7.98,7.96,1.07,7.96,,,,,,,,,,,,5.7
2025-08-24,15,Ferreira do Zêzere,31.7,36.0,4.3,0.1,NW,2741.9,7.275,25.02,93.49,8.73,8.66,1.24,8.66,,,,,,,,,,,,5.57
2025-08-24,16,Ferreira do Zêzere,30.1,43.0,5.9,0.1,NW,2259.1,7.059,28.33,93.71,9.75,9.2,1.38,9.2,,,,,,,,,,,,5.37
2025-08-24,17,Ferreira do Zêzere,28.6,47.0,4.6,0.54,NW,1584.6,7.055,34.54,93.71,9.14,8.47,1.19,8.47,,,,,,,,,,,,5.61
2025-08-24,18,Ferreira do Zêzere,27.3,49.0,4.5,0.17,NW,917.1,7.109,37.94,93.66,9.02,8.24,1.14,8.24,,,,,,,,,,,,5.63
2025-08-24,19,Ferreira do Zêzere,25.2,56.0,5.0,1.2,NW,248.4,7.138,47.3,93.63,9.21,8.0,1.08,8.0,,,,,,,,,,,,6.63
2025-08-24,20,Ferreira do Zêzere,22.6,68.0,3.8,2.32,NW,7.7,7.541,70.43,93.23,8.2,6.68,0.79,6.68,,,,,,,,,,,,8.85
2025-08-24,21,Ferreira do Zêzere,20.6,78.0,3.2,1.22,NW,15.9,8.22,93.13,92.56,7.25,5.63,0.58,5.63,,,,,,,,,,,,9.97
2025-08-24,22,Ferreira do Zêzere,19.3,82.0,3.1,0.1,NW,11.69,9.02,103.97,91.78,6.46,4.91,0.45,4.91,,,,,,,,,,,,10.06
2025-08-24,23,Ferreira do Zêzere,18.8,84.0,3.0,0.22,NW,1.2,9.73,109.83,91.1,5.83,4.37,0.37,4.37,,,,,,,,,,,,10.13
2025-08-25,0,Ferreira do Zêzere,18.7,84.0,2.4,0.48,NW,0.1,10.31,112.47,90.54,5.23,3.79,0.29,3.79,,,,,,,,,,,,9.88
2025-08-25,1,Ferreira do Zêzere,19.0,83.0,3.3,0.73,NW,10.37,10.92,107.87,89.96,5.04,3.64,0.27,3.64,,,,,,,,,,,,10.51
2025-08-25,2,Ferreira do Zêzere,18.4,84.0,3.1,0.7,NW,0.1,11.52,113.16,89.4,4.6,3.24,0.22,3.24,,,,,,,,,,,,11.03
2025-08-25,3,Ferreira do Zêzere,18.0,84.0,2.4,0.3,NW,27.96,12.06,116.84,88.9,4.13,2.82,0.17,2.82,,,,,,,,,,,,11.16
2025-08-25,4,Ferreira do Zêzere,17.3,87.0,1.8,0.63,N,80.07,12.5,128.58,88.49,3.78,2.46,0.13,2.46,,,,,,,,,,,,11.39
2025-08-25,5,Ferreira do Zêzere,16.8,89.0,1.9,0.2,N,0.1,13.04,134.05,87.99,3.53,2.21,0.11,2.21,,,,,,,,,,,,11.27
2025-08-25,6,Ferreira do Zêzere,16.6,89.0,1.2,0.25,---,1.1,13.69,137.45,87.39,3.13,1.82,0.08,1.82,,,,,,,,,,,,11.22
2025-08-25,7,Ferreira do Zêzere,16.5,90.0,1.8,0.1,N,196.1,13.96,137.1,87.15,3.12,1.79,0.08,1.79,,,,,,,,,,,,11.02
2025-08-25,8,Ferreira do Zêzere,18.8,81.0,4.2,0.1,NW,788.2,13.64,102.11,87.44,3.67,2.46,0.13,2.46,,,,,,,,,,,,11.0
2025-08-25,9,Ferreira do Zêzere,20.9,71.0,3.0,0.1,N,1474.9,12.73,84.71,88.27,3.89,2.85,0.17,2.85,,,,,,,,,,,,10.95
2025-08-25,10,Ferreira do Zêzere,23.3,62.0,2.0,0.54,N,2103.0,11.48,72.49,89.44,4.37,3.49,0.25,3.49,,,,,,,,,,,,11.17
2025-08-25,11,Ferreira do Zêzere,26.1,52.0,2.4,0.71,NW,2343.6,10.53,55.37,90.33,5.08,4.41,0.38,4.41,,,,,,,,,,,,11.44
2025-08-25,12,Ferreira do Zêzere,28.7,43.0,2.5,0.8,W,2906.5,9.69,43.18,91.14,5.72,5.3,0.52,5.3,64.81,6.39,-115.98,64.81,42.91,0.59,7.62,0.31,0.0,0.31,12.0,11.92
2025-08-25,13,Ferreira do Zêzere,31.2,34.0,3.0,0.6,NW,3137.2,8.33,32.15,92.45,7.07,6.87,0.82,6.87,,,,,,,,,,,,12.51
2025-08-25,14,Ferreira do Zêzere,32.8,32.0,2.7,0.3,W,3067.1,7.567,28.84,93.2,7.73,7.61,0.99,7.61,,,,,,,,,,,,12.51
2025-08-25,15,Ferreira do Zêzere,33.4,33.0,3.2,0.2,NW,2760.6,7.114,27.4,93.65,8.44,8.23,1.14,8.23,,,,,,,,,,,,12.61
2025-08-25,16,Ferreira do Zêzere,32.1,39.0,5.1,0.1,NW,2282.0,6.835,29.71,93.93,9.66,8.95,1.32,8.95,,,,,,,,,,,,12.61
2025-08-25,17,Ferreira do Zêzere,29.3,47.0,6.5,0.72,NW,1669.3,6.811,37.41,93.95,10.4,9.06,1.34,9.06,,,,,,,,,,,,12.79
2025-08-25,18,Ferreira do Zêzere,26.0,58.0,4.8,0.38,NW,958.1,6.979,55.55,93.79,9.32,7.71,1.01,7.71,,,,,,,,,,,,13.0
2025-08-25,19,Ferreira do Zêzere,23.5,66.0,5.0,0.58,NW,253.5,7.101,68.33,93.66,9.26,7.33,0.92,7.33,,,,,,,,,,,,12.38
2025-08-25,20,Ferreira do Zêzere,20.4,76.0,3.4,0.4,NW,9.9,7.561,91.1,93.21,8.02,6.11,0.67,6.11,,,,,,,,,,,,10.46
2025-08-25,21,Ferreira do Zêzere,19.3,80.0,3.8,0.1,NW,22.55,8.29,96.68,92.49,7.4,5.57,0.57,5.57,,,,,,,,,,,,9.34
2025-08-25,22,Ferreira do Zêzere,18.7,83.0,3.7,0.6,NW,0.1,8.87,105.52,91.93,6.8,5.04,0.48,5.04,,,,,,,,,,,,9.84
2025-08-25,23,Ferreira do Zêzere,18.1,85.0,3.0,0.48,N,13.0,8.94,114.2,91.86,6.5,4.76,0.43,4.76,,,,,,,,,,,,10.1
2025-08-26,0,Ferreira do Zêzere,17.5,88.0,3.5,0.17,NW,26.81,9.1,117.89,91.71,6.52,4.64,0.41,4.64,,,,,,,,,,,,9.79
2025-08-26,1,Ferreira do Zêzere,17.2,89.0,4.1,0.01,NW,34.42,9.41,117.26,91.41,6.44,4.58,0.4,4.58,,,,,,,,,,,,9.07
2025-08-26,2,Ferreira do Zêzere,17.4,88.0,4.3,0.2,NW,26.39,9.91,111.93,90.93,6.08,4.34,0.37,4.34,,,,,,,,,,,,8.57
2025-08-26,3,Ferreira do Zêzere,17.9,87.0,3.9,0.1,NW,22.82,10.51,108.84,90.35,5.49,3.91,0.3,3.91,,,,,,,,,,,,8.37
2025-08-26,4,Ferreira do Zêzere,18.4,86.0,5.5,0.1,NW,0.2,11.02,99.88,89.87,5.55,4.0,0.32,4.0,,,,,,,,,,,,7.84
2025-08-26,5,Ferreira do Zêzere,18.5,85.0,4.4,0.15,NW,0.1,11.52,99.7,89.4,4.91,3.5,0.25,3.5,,,,,,,,,,,,7.79
2025-08-26,6,Ferreira do Zêzere,18.3,85.0,2.7,0.23,NW,0.8,11.8,104.74,89.14,4.34,3.01,0.19,3.01,,,,,,,,,,,,7.77
2025-08-26,7,Ferreira do Zêzere,18.0,87.0,3.6,0.49,NW,165.2,11.53,108.69,89.39,4.71,3.28,0.22,3.28,,,,,,,,,,,,8.16
2025-08-26,8,Ferreira do Zêzere,19.1,82.0,4.3,0.1,N,790.9,11.25,93.96,89.65,5.07,3.67,0.27,3.67,,,,,,,,,,,,8.16
2025-08-26,9,Ferreira do Zêzere,21.4,72.0,5.7,0.13,NW,1507.7,10.96,70.73,89.93,5.65,4.39,0.37,4.39,,,,,,,,,,,,8.19
2025-08-26,10,Ferreira do Zêzere,23.6,63.0,5.3,0.01,NW,2151.2,10.3,56.65,90.55,6.06,4.99,0.47,4.99,,,,,,,,,,,,7.66
2025-08-26,11,Ferreira do Zêzere,25.9,54.0,4.8,0.1,NW,2356.6,9.71,45.1,91.12,6.41,5.59,0.57,5.59,,,,,,,,,,,,7.05
2025-08-26,12,Ferreira do Zêzere,27.7,49.0,5.7,0.1,NW,2892.5,9.19,36.37,91.62,7.2,6.5,0.75,6.5,68.69,6.09,-113.84,68.69,37.17,0.8,7.31,0.41,0.01,0.41,12.0,6.35
2025-08-26,13,Ferreira do Zêzere,29.2,43.0,5.0,0.01,NW,3168.5,8.31,30.85,92.47,7.84,7.32,0.92,7.32,,,,,,,,,,,,5.76
2025-08-26,14,Ferreira do Zêzere,30.5,40.0,5.7,0.01,NW,3113.2,7.589,26.41,93.18,8.97,8.45,1.19,8.45,,,,,,,,,,,,5.47
2025-08-26,15,Ferreira do Zêzere,30.6,35.0,5.7,0.01,NW,2827.1,7.212,23.96,93.55,9.45,9.03,1.34,9.03,,,,,,,,,,,,5.28
2025-08-26,16,Ferreira do Zêzere,28.9,39.0,6.6,0.01,NW,2349.3,7.068,26.94,93.7,10.09,9.3,1.41,9.3,,,,,,,,,,,,5.19
2025-08-26,17,Ferreira do Zêzere,27.4,50.0,6.8,0.01,NW,1703.6,7.12,32.38,93.65,10.11,8.96,1.32,8.96,,,,,,,,,,,,4.48
2025-08-26,18,Ferreira do Zêzere,25.9,56.0,6.2,0.01,NW,983.3,7.151,37.17,93.61,9.77,8.49,1.2,8.49,,,,,,,,,,,,4.11
2025-08-26,19,Ferreira do Zêzere,23.2,64.0,6.3,0.01,NW,238.5,7.266,43.22,93.5,9.67,8.17,1.12,8.17,,,,,,,,,,,,3.54
2025-08-26,20,Ferreira do Zêzere,21.1,66.0,5.1,0.57,NW,8.2,7.628,49.97,93.14,8.66,7.24,0.9,7.24,,,,,,,,,,,,3.71
2025-08-26,21,Ferreira do Zêzere,19.9,67.0,4.7,1.14,NW,17.84,7.844,58.76,92.93,8.23,6.69,0.79,6.69,,,,,,,,,,,,4.75
2025-08-26,22,Ferreira do Zêzere,19.2,72.0,5.0,0.6,NW,0.4,8.22,63.91,92.56,7.94,6.33,0.71,6.33,,,,,,,,,,,,4.75
2025-08-26,23,Ferreira do Zêzere,18.6,77.0,4.9,1.34,NW,10.72,8.64,75.2,92.15,7.45,5.76,0.6,5.76,,,,,,,,,,,,5.61
2025-08-27,0,Ferreira do Zêzere,18.2,80.0,4.8,0.67,NW,12.99,9.13,82.93,91.68,6.93,5.2,0.5,5.2,,,,,,,,,,,,6.11
2025-08-27,1,Ferreira do Zêzere,18.0,79.0,4.1,0.1,NW,0.2,9.56,83.72,91.26,6.31,4.73,0.43,4.73,,,,,,,,,,,,6.2
2025-08-27,2,Ferreira do Zêzere,17.6,81.0,3.5,0.1,NW,0.3,9.98,88.48,90.86,5.78,4.28,0.36,4.28,,,,,,,,,,,,6.1
2025-08-27,3,Ferreira do Zêzere,17.3,82.0,4.5,1.01,N,0.7,10.45,92.45,90.41,5.7,4.15,0.34,4.15,,,,,,,,,,,,7.01
2025-08-27,4,Ferreira do Zêzere,18.0,79.0,6.1,0.1,NW,0.3,10.97,82.82,89.92,5.76,4.26,0.35,4.26,,,,,,,,,,,,7.01
2025-08-27,5,Ferreira do Zêzere,18.0,79.0,4.7,0.1,NW,10.92,11.46,85.56,89.46,5.03,3.66,0.27,3.66,,,,,,,,,,,,6.96
2025-08-27,6,Ferreira do Zêzere,17.6,81.0,4.2,0.1,N,0.7,11.75,90.16,89.18,4.71,3.37,0.23,3.37,,,,,,,,,,,,6.83
2025-08-27,7,Ferreira do Zêzere,17.6,80.0,5.2,0.1,N,215.0,11.96,84.58,88.99,4.82,3.49,0.25,3.49,,,,,,,,,,,,6.44
2025-08-27,8,Ferreira do Zêzere,18.9,74.0,6.3,0.35,N,885.4,11.63,72.75,89.3,5.32,4.02,0.32,4.02,,,,,,,,,,,,6.69
2025-08-27,9,Ferreira do Zêzere,20.9,63.0,6.1,0.63,NW,1586.6,11.08,59.54,89.81,5.68,4.55,0.4,4.55,,,,,,,,,,,,7.19
2025-08-27,10,Ferreira do Zêzere,23.2,53.0,7.2,0.2,NW,2324.2,10.15,46.5,90.7,6.81,5.77,0.61,5.77,,,,,,,,,,,,7.38
2025-08-27,11,Ferreira do Zêzere,23.4,50.0,5.9,0.4,NW,1810.6,9.75,46.54,91.08,6.73,5.78,0.61,5.78,,,,,,,,,,,,7.68
2025-08-27,12,Ferreira do Zêzere,25.5,43.0,6.6,0.01,NW,2638.1,9.05,37.62,91.75,7.68,6.83,0.82,6.83,68.41,5.88,-113.63,68.41,37.57,0.83,7.09,0.42,0.01,0.42,12.0,7.59
2025-08-27,13,Ferreira do Zêzere,25.3,45.0,6.7,0.01,NW,2283.7,8.77,38.91,92.03,8.02,7.05,0.86,7.05,,,,,,,,,,,,7.59
2025-08-27,14,Ferreira do Zêzere,25.4,46.0,7.0,0.01,N,2303.2,8.61,38.91,92.18,8.32,7.27,0.91,7.27,,,,,,,,,,,,7.59
2025-08-27,15,Ferreira do Zêzere,25.4,47.0,6.5,0.1,NW,2158.5,8.34,40.2,92.44,8.42,7.31,0.92,7.31,,,,,,,,,,,,7.68
2025-08-27,16,Ferreira do Zêzere,24.1,52.0,6.3,0.01,NW,1397.3,8.36,45.89,92.42,8.31,7.03,0.86,7.03,,,,,,,,,,,,7.68
2025-08-27,17,Ferreira do Zêzere,23.0,56.0,7.0,0.2,NW,782.5,8.4,49.96,92.39,8.56,7.05,0.86,7.05,,,,,,,,,,,,7.87
2025-08-27,18,Ferreira do Zêzere,22.7,58.0,5.9,0.1,NW,598.1,8.38,53.88,92.41,8.13,6.65,0.78,6.65,,,,,,,,,,,,7.96
2025-08-27,19,Ferreira do Zêzere,21.9,63.0,5.0,0.2,NW,251.6,8.6,61.69,92.19,7.53,6.04,0.66,6.04,,,,,,,,,,,,8.15
2025-08-27,20,Ferreira do Zêzere,20.7,67.0,2.5,0.01,NW,6.6,8.92,73.3,91.88,6.36,5.01,0.47,5.01,,,,,,,,,,,,7.59
2025-08-27,21,Ferreira do Zêzere,19.9,76.0,3.8,0.83,NW,21.65,9.42,81.07,91.4,6.34,4.8,0.44,4.8,,,,,,,,,,,,7.28
2025-08-27,22,Ferreira do Zêzere,19.5,82.0,1.9,0.9,NW,0.1,10.09,99.22,90.75,5.25,3.8,0.29,3.8,,,,,,,,,,,,7.58
2025-08-27,23,Ferreira do Zêzere,19.3,84.0,1.2,0.13,NW,43.2,10.81,100.83,90.07,4.6,3.27,0.22,3.27,,,,,,,,,,,,6.37
2025-08-28,0,Ferreira do Zêzere,19.7,83.0,2.8,0.15,NW,9.8,11.35,88.87,89.56,4.63,3.38,0.23,3.38,,,,,,,,,,,,5.85
2025-08-28,1,Ferreira do Zêzere,19.2,85.0,1.9,1.7,NW,3.1,11.73,104.66,89.2,4.21,2.9,0.18,2.9,,,,,,,,,,,,7.45
2025-08-28,2,Ferreira do Zêzere,18.7,88.0,1.2,0.12,W,2.8,12.21,115.29,88.76,3.81,2.5,0.14,2.5,,,,,,,,,,,,7.47
2025-08-28,3,Ferreira do Zêzere,18.1,90.0,1.0,0.1,NW,1.3,12.5,116.53,88.49,3.63,2.33,0.12,2.33,,,,,,,,,,,,6.56
2025-08-28,4,Ferreira do Zêzere,18.5,89.0,1.8,0.15,NW,1.1,12.66,110.76,88.34,3.7,2.41,0.13,2.41,,,,,,,,,,,,6.61
2025-08-28,5,Ferreira do Zêzere,18.1,87.0,0.8,0.1,NW,1.1,12.76,111.3,88.25,3.47,2.22,0.11,2.22,,,,,,,,,,,,6.61
2025-08-28,6,Ferreira do Zêzere,16.7,90.0,0.8,0.2,NW,6.7,13.04,119.82,87.99,3.34,2.05,0.1,2.05,,,,,,,,,,,,6.71
2025-08-28,7,Ferreira do Zêzere,16.6,91.0,0.5,0.1,W,107.3,13.23,123.85,87.81,3.21,1.9,0.09,1.9,,,,,,,,,,,,6.71
2025-08-28,8,Ferreira do Zêzere,17.9,83.0,3.9,0.1,NW,623.6,12.68,91.81,88.32,4.1,2.86,0.17,2.86,,,,,,,,,,,,6.46
2025-08-28,9,Ferreira do Zêzere,20.2,60.0,5.9,0.1,N,1289.6,11.76,55.15,89.18,5.13,4.19,0.34,4.19,,,,,,,,,,,,5.93
2025-08-28,10,Ferreira do Zêzere,21.8,50.0,5.4,0.1,NW,1571.9,10.72,46.27,90.15,5.75,4.99,0.47,4.99,,,,,,,,,,,,5.83
2025-08-28,11,Ferreira do Zêzere,23.2,43.0,6.9,0.01,NW,2285.7,9.99,37.42,90.85,6.85,6.17,0.68,6.17,,,,,,,,,,,,5.44
2025-08-28,12,Ferreira do Zêzere,24.2,40.0,5.2,0.01,N,2668.7,9.49,36.33,91.33,6.74,6.19,0.69,6.19,69.15,6.01,-111.05,69.15,36.5,0.79,7.23,0.4,0.01,0.4,12.0,5.44
2025-08-28,13,Ferreira do Zêzere,25.4,37.0,6.0,0.01,NW,3193.1,8.6,32.16,92.19,7.92,7.34,0.93,7.34,,,,,,,,,,,,5.44
2025-08-28,14,Ferreira do Zêzere,25.7,34.0,6.3,0.01,NW,3148.6,8.12,30.13,92.66,8.59,8.0,1.08,8.0,,,,,,,,,,,,5.44
2025-08-28,15,Ferreira do Zêzere,26.4,34.0,5.4,0.01,NW,2839.6,7.541,29.83,93.23,8.89,8.3,1.15,8.3,,,,,,,,,,,,5.35
2025-08-28,16,Ferreira do Zêzere,25.5,36.0,6.3,0.01,NW,2353.4,7.253,31.1,93.51,9.68,8.81,1.28,8.81,,,,,,,,,,,,5.35
2025-08-28,17,Ferreira do Zêzere,24.6,39.0,7.1,0.01,NW,1713.6,7.197,32.6,93.57,10.16,9.05,1.34,9.05,,,,,,,,,,,,5.16
2025-08-28,18,Ferreira do Zêzere,23.0,47.0,6.8,0.01,NW,969.8,7.133,38.9,93.63,10.1,8.68,1.25,8.68,,,,,,,,,,,,5.07
2025-08-28,19,Ferreira do Zêzere,21.2,54.0,5.4,0.01,NW,198.8,7.011,46.76,93.75,9.57,8.02,1.08,8.02,,,,,,,,,,,,4.88
2025-08-28,20,Ferreira do Zêzere,19.6,60.0,3.8,0.01,NW,4.6,7.286,55.92,93.48,8.5,7.0,0.85,7.0,,,,,,,,,,,,4.88
2025-08-28,21,Ferreira do Zêzere,18.6,64.0,3.4,0.01,NW,15.27,7.548,56.84,93.22,8.03,6.62,0.77,6.62,,,,,,,,,,,,4.06
2025-08-28,22,Ferreira do Zêzere,18.0,70.0,2.7,0.01,NW,0.3,7.805,56.84,92.97,7.49,6.24,0.69,6.24,,,,,,,,,,,,3.17
2025-08-28,23,Ferreira do Zêzere,17.5,75.0,2.9,0.01,NW,0.1,8.13,59.91,92.65,7.23,5.96,0.64,5.96,,,,,,,,,,,,3.05
2025-08-29,0,Ferreira do Zêzere,17.2,78.0,2.1,0.3,NW,0.6,8.52,67.6,92.27,6.58,5.26,0.51,5.26,,,,,,,,,,,,3.2
2025-08-29,1,Ferreira do Zêzere,16.9,80.0,2.8,0.1,NW,3.8,8.91,47.59,91.89,6.46,5.87,0.62,5.87,,,,,,,,,,,,1.6
2025-08-29,2,Ferreira do Zêzere,16.7,82.0,2.2,0.25,NW,1.0,9.27,51.89,91.54,5.97,5.29,0.52,5.29,,,,,,,,,,,,1.73
2025-08-29,3,Ferreira do Zêzere,15.7,86.0,0.7,0.67,W,1.1,9.64,68.51,91.18,5.26,4.28,0.36,4.28,,,,,,,,,,,,2.3
2025-08-29,4,Ferreira do Zêzere,15.7,86.0,0.8,1.2,SW,0.6,9.96,84.16,90.88,5.06,3.83,0.29,3.83,,,,,,,,,,,,3.35
2025-08-29,5,Ferreira do Zêzere,16.2,84.0,0.8,0.4,SE,0.3,10.45,84.87,90.41,4.73,3.53,0.25,3.53,,,,,,,,,,,,3.65
2025-08-29,6,Ferreira do Zêzere,16.7,84.0,0.6,0.24,NE,236.6,17.29,85.85,84.18,1.94,0.83,0.02,0.83,,,,,,,,,,,,3.69
2025-08-29,7,Ferreira do Zêzere,16.3,92.0,0.6,0.27,SE,421.9,22.56,100.52,79.72,1.14,0.47,0.01,0.47,,,,,,,,,,,,3.86
2025-08-29,8,Ferreira do Zêzere,17.2,89.0,0.7,0.1,SE,533.1,22.53,94.35,79.74,1.15,0.48,0.01,0.48,,,,,,,,,,,,3.86
2025-08-29,9,Ferreira do Zêzere,19.5,80.0,0.9,0.1,E,937.3,21.36,78.06,80.71,1.28,0.56,0.01,0.56,,,,,,,,,,,,3.86
2025-08-29,10,Ferreira do Zêzere,22.5,70.0,3.6,0.1,NW,1572.0,18.8,55.22,82.87,1.9,0.87,0.02,0.87,,,,,,,,,,,,3.86
2025-08-29,11,Ferreira do Zêzere,25.2,56.0,4.5,0.8,NW,1904.1,16.27,42.68,85.07,2.67,1.94,0.09,1.94,,,,,,,,,,,,4.65
2025-08-29,12,Ferreira do Zêzere,26.9,48.0,4.9,2.4,NW,2603.3,13.8,39.68,87.29,3.72,3.17,0.21,3.17,67.24,5.76,-109.96,67.24,39.27,0.73,6.97,0.37,0.0,0.37,12.0,7.04
2025-08-29,13,Ferreira do Zêzere,27.6,45.0,4.4,0.1,NW,2911.9,11.49,37.64,89.43,4.93,4.45,0.38,4.45,,,,,,,,,,,,7.13
2025-08-29,14,Ferreira do Zêzere,28.5,42.0,5.3,0.1,NW,3004.1,10.29,33.32,90.56,6.07,5.61,0.58,5.61,,,,,,,,,,,,7.22
2025-08-29,15,Ferreira do Zêzere,28.7,40.0,5.1,0.2,NW,2712.5,9.51,32.46,91.31,6.68,6.21,0.69,6.21,,,,,,,,,,,,7.41
2025-08-29,16,Ferreira do Zêzere,28.5,39.0,5.3,0.1,NW,2228.7,8.99,32.15,91.81,7.25,6.72,0.79,6.72,,,,,,,,,,,,7.5
2025-08-29,17,Ferreira do Zêzere,27.8,42.0,5.7,0.15,NW,1599.6,8.73,34.47,92.06,7.67,6.95,0.84,6.95,,,,,,,,,,,,7.64
2025-08-29,18,Ferreira do Zêzere,26.3,47.0,5.8,0.15,NW,902.4,8.59,39.87,92.2,7.85,6.88,0.83,6.88,,,,,,,,,,,,7.78
2025-08-29,19,Ferreira do Zêzere,24.3,63.0,5.4,0.45,NW,166.9,8.8,56.54,92.0,7.48,6.05,0.66,6.05,,,,,,,,,,,,8.22
2025-08-29,20,Ferreira do Zêzere,23.0,71.0,3.6,0.2,NW,3.7,9.33,72.47,91.48,6.35,4.93,0.46,4.93,,,,,,,,,,,,8.41
2025-08-29,21,Ferreira do Zêzere,22.0,76.0,2.8,1.03,NW,0.1,9.87,86.63,90.96,5.67,4.22,0.35,4.22,,,,,,,,,,,,9.43
2025-08-29,22,Ferreira do Zêzere,20.7,82.0,3.0,0.1,NW,0.1,10.5,99.75,90.36,5.25,3.74,0.28,3.74,,,,,,,,,,,,9.52
2025-08-29,23,Ferreira do Zêzere,19.8,86.0,2.3,0.15,NW,0.8,11.17,113.64,89.73,4.63,3.15,0.21,3.15,,,,,,,,,,,,9.66
2025-08-30,0,Ferreira do Zêzere,18.9,89.0,2.8,0.1,NW,2.8,11.76,122.84,89.18,4.39,2.81,0.17,2.81,,,,,,,,,,,,9.46
2025-08-30,1,Ferreira do Zêzere,19.8,85.0,2.1,1.2,NW,2.6,12.01,116.28,88.94,4.09,2.62,0.15,2.62,,,,,,,,,,,,10.56
2025-08-30,2,Ferreira do Zêzere,19.6,85.0,2.4,0.4,NW,4.3,12.38,115.68,88.6,3.96,2.5,0.14,2.5,,,,,,,,,,,,10.71
2025-08-30,3,Ferreira do Zêzere,19.2,88.0,2.3,0.63,NW,5.3,13.03,124.77,88.0,3.61,2.14,0.1,2.14,,,,,,,,,,,,10.67
2025-08-30,4,Ferreira do Zêzere,18.3,91.0,1.4,0.51,N,6.6,13.88,136.84,87.22,3.09,1.6,0.06,1.6,,,,,,,,,,,,9.98
2025-08-30,5,Ferreira do Zêzere,16.8,94.0,0.3,0.1,E,271.4,14.44,152.26,86.71,2.72,1.09,0.03,1.09,,,,,,,,,,,,9.68
2025-08-30,6,Ferreira do Zêzere,16.0,95.0,0.4,0.1,N,505.0,14.9,154.42,86.3,2.58,0.95,0.03,0.95,,,,,,,,,,,,9.54
2025-08-30,7,Ferreira do Zêzere,16.1,95.0,0.6,0.46,NE,597.6,14.96,154.13,86.24,2.58,0.96,0.03,0.96,,,,,,,,,,,,9.73
2025-08-30,8,Ferreira do Zêzere,17.7,92.0,0.6,0.1,N,488.2,14.39,143.88,86.76,2.78,1.23,0.04,1.23,,,,,,,,,,,,9.73
2025-08-30,9,Ferreira do Zêzere,21.2,78.0,2.6,0.23,NW,1341.9,13.29,94.88,87.76,3.54,2.26,0.12,2.26,,,,,,,,,,,,9.86
2025-08-30,10,Ferreira do Zêzere,24.6,56.0,3.7,0.58,NW,2161.5,11.6,57.33,89.32,4.69,3.76,0.28,3.76,,,,,,,,,,,,10.34
2025-08-30,11,Ferreira do Zêzere,26.1,49.0,4.3,0.88,NW,1959.4,10.84,47.46,90.04,5.36,4.56,0.4,4.56,,,,,,,,,,,,10.42
2025-08-30,12,Ferreira do Zêzere,26.5,48.0,4.6,1.15,NW,2395.1,10.32,44.2,90.53,5.84,5.04,0.48,5.04,64.38,5.42,-111.56,64.38,43.58,0.65,6.61,0.32,0.0,0.32,12.0,9.17
2025-08-30,13,Ferreira do Zêzere,27.2,45.0,3.9,0.27,NW,2846.3,9.4,42.4,91.42,6.39,5.62,0.58,5.62,,,,,,,,,,,,9.34
2025-08-30,14,Ferreira do Zêzere,27.9,44.0,4.1,0.15,NW,2832.3,8.81,40.08,91.99,6.99,6.2,0.69,6.2,,,,,,,,,,,,9.39
2025-08-30,15,Ferreira do Zêzere,28.0,45.0,5.9,0.1,NW,2719.2,8.39,37.52,92.4,8.11,7.09,0.87,7.09,,,,,,,,,,,,9.29
2025-08-30,16,Ferreira do Zêzere,27.9,44.0,5.0,0.01,NW,2263.9,8.18,38.39,92.6,7.98,7.01,0.85,7.01,,,,,,,,,,,,9.2
2025-08-30,17,Ferreira do Zêzere,27.5,43.0,5.0,0.01,NW,1628.7,7.986,38.46,92.79,8.2,7.2,0.89,7.2,,,,,,,,,,,,9.06
2025-08-30,18,Ferreira do Zêzere,26.6,44.0,4.6,0.01,NW,912.0,7.892,41.29,92.88,8.14,7.07,0.87,7.07,,,,,,,,,,,,8.92
2025-08-30,19,Ferreira do Zêzere,24.4,52.0,5.2,0.65,NW,172.8,7.794,50.04,92.98,8.5,7.01,0.85,7.01,,,,,,,,,,,,9.12
2025-08-30,20,Ferreira do Zêzere,21.9,67.0,4.4,1.09,NW,5.5,8.21,71.87,92.57,7.71,5.89,0.63,5.89,,,,,,,,,,,,10.01
2025-08-30,21,Ferreira do Zêzere,20.7,71.0,3.6,0.2,NW,79.16,8.62,80.14,92.17,7.0,5.25,0.51,5.25,,,,,,,,,,,,9.18
2025-08-30,22,Ferreira do Zêzere,20.2,73.0,3.4,0.1,N,190.15,9.17,84.54,91.64,6.43,4.76,0.43,4.76,,,,,,,,,,,,9.18
2025-08-30,23,Ferreira do Zêzere,20.6,75.0,2.7,0.2,N,195.91,9.62,89.24,91.2,5.83,4.26,0.35,4.26,,,,,,,,,,,,9.23
2025-08-31,0,Ferreira do Zêzere,20.1,80.0,2.1,0.2,N,0.5,10.21,103.24,90.64,5.22,3.57,0.26,3.57,,,,,,,,,,,,9.33
2025-08-31,1,Ferreira do Zêzere,19.7,84.0,1.0,0.13,W,0.1,11.14,114.92,89.76,4.35,2.81,0.17,2.81,,,,,,,,,,,,8.26
2025-08-31,2,Ferreira do Zêzere,20.0,84.0,1.3,0.4,NW,0.2,12.54,112.58,88.45,3.66,2.21,0.11,2.21,,,,,,,,,,,,8.26
2025-08-31,3,Ferreira do Zêzere,20.2,88.0,0.7,0.1,NE,411.1,15.38,123.53,85.86,2.46,0.93,0.02,0.93,,,,,,,,,,,,7.73
2025-08-31,4,Ferreira do Zêzere,20.1,88.0,0.4,0.43,E,4.9,16.05,125.85,85.27,2.23,0.85,0.02,0.85,,,,,,,,,,,,7.65
2025-08-31,5,Ferreira do Zêzere,19.4,91.0,0.6,0.1,SE,69.8,16.46,132.71,84.91,2.14,0.8,0.02,0.8,,,,,,,,,,,,7.65
2025-08-31,6,Ferreira do Zêzere,19.6,92.0,1.1,0.91,NW,172.5,17.0,136.42,84.43,2.06,0.76,0.02,0.76,,,,,,,,,,,,8.46
2025-08-31,7,Ferreira do Zêzere,20.0,94.0,1.7,0.6,NW,176.1,20.0,141.22,81.85,1.52,0.56,0.01,0.56,,,,,,,,,,,,8.6
2025-08-31,8,Ferreira do Zêzere,20.1,93.0,4.2,0.41,NW,538.7,20.07,131.76,81.79,1.72,0.63,0.01,0.63,,,,,,,,,,,,8.91
2025-08-31,9,Ferreira do Zêzere,20.1,86.0,4.8,1.05,N,890.1,18.38,108.8,83.23,2.12,0.8,0.02,0.8,,,,,,,,,,,,9.73
2025-08-31,10,Ferreira do Zêzere,21.9,69.0,5.1,0.6,NW,2165.6,15.32,73.1,85.92,3.1,1.9,0.08,1.9,,,,,,,,,,,,9.75
2025-08-31,11,Ferreira do Zêzere,23.3,58.0,3.9,0.1,NW,1711.4,13.49,60.44,87.57,3.69,2.69,0.16,2.69,,,,,,,,,,,,8.97
2025-08-31,12,Ferreira do Zêzere,24.3,49.0,4.8,0.41,NW,2114.9,12.09,48.48,88.87,4.64,3.79,0.29,3.79,61.71,4.99,-112.38,61.71,47.78,0.58,6.15,0.27,0.0,0.27,12.0,8.23
2025-08-31,13,Ferreira do Zêzere,21.6,54.09,4.98,1.3,W,2408.47,11.17,58.93,89.73,5.3,4.16,0.34,4.16,,,,,,,,,,,,9.26
2025-08-31,14,Ferreira do Zêzere,21.91,51.47,5.22,0.53,W,2380.72,10.28,56.3,90.57,6.05,4.85,0.44,4.85,,,,,,,,,,,,9.64
2025-08-31,15,Ferreira do Zêzere,22.17,49.84,4.98,0.1,W,2359.14,9.61,55.02,91.21,6.55,5.3,0.52,5.3,,,,,,,,,,,,9.64
2025-08-31,16,Ferreira do Zêzere,21.98,49.21,5.33,0.64,W,2093.44,8.99,55.04,91.81,7.26,5.85,0.62,5.85,,,,,,,,,,,,10.27
2025-08-31,17,Ferreira do Zêzere,24.7,42.0,5.8,0.67,NW,1720.4,8.78,44.29,92.02,7.65,6.48,0.74,6.48,,,,,,,,,,,,10.93
2025-08-31,18,Ferreira do Zêzere,23.1,48.0,4.7,1.25,NW,886.8,8.75,54.61,92.04,7.27,5.92,0.63,5.92,,,,,,,,,,,,12.17
2025-08-31,19,Ferreira do Zêzere,21.3,57.0,3.4,0.3,NW,204.6,8.74,69.04,92.05,6.82,5.28,0.52,5.28,,,,,,,,,,,,11.82
2025-08-31,20,Ferreira do Zêzere,19.6,64.0,1.1,1.03,NW,2.2,9.09,90.15,91.72,5.79,4.27,0.35,4.27,,,,,,,,,,,,11.76
2025-08-31,21,Ferreira do Zêzere,18.3,74.0,2.4,0.68,NW,14.3,9.54,100.84,91.28,5.81,4.05,0.32,4.05,,,,,,,,,,,,12.24
2025-08-31,22,Ferreira do Zêzere,17.6,86.0,1.4,0.25,W,171.8,9.88,132.02,90.95,5.27,3.41,0.24,3.41,,,,,,,,,,,,12.39
2025-08-31,23,Ferreira do Zêzere,16.1,91.0,1.4,2.8,W,2.0,10.49,153.52,90.37,4.85,2.97,0.19,2.97,,,,,,,,,,,,14.99
2025-09-01,0,Ferreira do Zêzere,14.8,94.0,1.1,0.89,W,283.2,11.23,171.37,89.67,4.32,2.33,0.12,2.33,,,,,,,,,,,,15.68
2025-09-01,1,Ferreira do Zêzere,14.2,94.0,0.8,0.1,SE,529.7,11.98,173.2,88.97,3.85,1.94,0.09,1.94,,,,,,,,,,,,15.65
2025-09-01,2,Ferreira do Zêzere,13.1,95.0,0.4,0.1,SE,440.2,12.65,178.88,88.35,3.45,1.58,0.06,1.58,,,,,,,,,,,,15.35
2025-09-01,3,Ferreira do Zêzere,12.4,96.0,0.4,0.1,---,409.0,13.26,182.42,87.79,3.18,1.3,0.04,1.3,,,,,,,,,,,,15.35
2025-09-01,4,Ferreira do Zêzere,11.7,96.0,0.4,0.1,NE,212.6,13.8,182.12,87.29,2.97,0.99,0.03,0.99,,,,,,,,,,,,15.02
2025-09-01,5,Ferreira do Zêzere,11.2,96.0,0.5,0.1,NW,264.6,14.23,181.92,86.9,2.82,0.94,0.02,0.94,,,,,,,,,,,,15.02
2025-09-01,6,Ferreira do Zêzere,10.8,97.0,0.5,0.1,N,121.5,14.96,183.54,86.24,2.57,0.86,0.02,0.86,,,,,,,,,,,,14.21
2025-09-01,7,Ferreira do Zêzere,11.0,97.0,0.4,1.35,SE,425.0,15.42,185.39,85.83,2.41,0.8,0.02,0.8,,,,,,,,,,,,14.96
2025-09-01,8,Ferreira do Zêzere,14.2,92.0,0.4,0.1,NW,833.4,14.61,167.72,86.56,2.67,0.91,0.02,0.91,,,,,,,,,,,,14.65
2025-09-01,9,Ferreira do Zêzere,18.3,75.0,4.1,0.1,NW,1494.5,13.66,100.27,87.42,3.64,2.05,0.1,2.05,,,,,,,,,,,,13.7
2025-09-01,10,Ferreira do Zêzere,21.6,57.0,5.2,0.1,N,2371.2,12.3,66.33,88.67,4.6,3.21,0.21,3.21,,,,,,,,,,,,13.2
2025-09-01,11,Ferreira do Zêzere,22.7,51.0,3.8,0.57,NW,2126.2,11.46,62.23,89.46,4.8,3.5,0.25,3.5,,,,,,,,,,,,13.67
2025-09-01,12,Ferreira do Zêzere,23.9,47.0,4.0,0.48,NW,2558.9,10.73,55.74,90.14,5.35,4.08,0.33,4.08,57.58,4.26,-121.16,57.58,54.66,0.42,5.36,0.19,0.0,0.19,12.0,13.74
2025-09-01,13,Ferreira do Zêzere,25.0,40.0,5.5,1.05,NW,2758.1,9.88,45.36,90.95,6.48,5.18,0.5,5.18,,,,,,,,,,,,13.49
2025-09-01,14,Ferreira do Zêzere,25.7,38.0,5.4,0.2,NW,2718.2,9.18,42.66,91.63,7.1,5.75,0.6,5.75,,,,,,,,,,,,13.16
2025-09-01,15,Ferreira do Zêzere,25.7,38.0,5.3,0.4,NW,2485.8,8.63,42.97,92.16,7.62,6.16,0.68,6.16,,,,,,,,,,,,13.46
2025-09-01,16,Ferreira do Zêzere,25.5,38.0,5.9,0.2,NW,2315.8,8.36,42.23,92.42,8.15,6.55,0.76,6.55,,,,,,,,,,,,13.02
2025-09-01,17,Ferreira do Zêzere,24.6,40.0,6.2,0.01,NW,1671.0,8.03,44.52,92.75,8.66,6.83,0.82,6.83,,,,,,,,,,,,12.36
2025-09-01,18,Ferreira do Zêzere,23.2,44.0,5.1,0.1,NW,928.5,7.899,51.2,92.88,8.34,6.44,0.74,6.44,,,,,,,,,,,,11.21
2025-09-01,19,Ferreira do Zêzere,21.3,53.0,4.9,0.01,NW,168.1,7.844,62.24,92.93,8.32,6.13,0.67,6.13,,,,,,,,,,,,10.92
2025-09-01,20,Ferreira do Zêzere,19.5,62.0,3.1,0.1,NW,2.6,8.2,78.36,92.58,7.23,5.11,0.49,5.11,,,,,,,,,,,,9.99
2025-09-01,21,Ferreira do Zêzere,18.1,69.0,2.6,0.01,NW,109.33,8.6,90.2,92.19,6.68,4.55,0.4,4.55,,,,,,,,,,,,9.32
2025-09-01,22,Ferreira do Zêzere,17.3,77.0,1.2,0.01,N,321.22,9.19,109.91,91.62,5.74,3.72,0.28,3.72,,,,,,,,,,,,9.08
2025-09-01,23,Ferreira do Zêzere,15.8,84.0,0.7,0.01,S,2.1,9.88,116.54,90.95,5.09,3.18,0.21,3.18,,,,,,,,,,,,6.29
2025-09-02,0,Ferreira do Zêzere,14.1,90.0,0.7,0.01,E,2.7,10.64,122.39,90.23,4.59,2.66,0.15,2.66,,,,,,,,,,,,5.41
2025-09-02,1,Ferreira do Zêzere,13.1,92.0,0.7,0.1,NE,2.4,11.36,127.36,89.55,4.16,2.29,0.12,2.29,,,,,,,,,,,,5.41
2025-09-02,2,Ferreira do Zêzere,12.6,93.0,1.0,0.1,N,3.8,11.9,128.78,89.04,3.93,2.09,0.1,2.09,,,,,,,,,,,,5.41
2025-09-02,3,Ferreira do Zêzere,12.8,93.0,1.2,0.34,---,3.3,12.4,130.1,88.58,3.71,1.9,0.08,1.9,,,,,,,,,,,,5.65
2025-09-02,4,Ferreira do Zêzere,12.1,94.0,0.3,0.45,SE,80.7,13.05,139.26,87.98,3.26,1.45,0.05,1.45,,,,,,,,,,,,6.0
2025-09-02,5,Ferreira do Zêzere,11.1,95.0,0.3,1.11,SE,437.3,13.66,149.43,87.42,3.01,1.11,0.03,1.11,,,,,,,,,,,,7.01
2025-09-02,6,Ferreira do Zêzere,10.5,95.0,0.4,1.01,NE,397.4,14.38,154.8,86.76,2.75,0.92,0.02,0.92,,,,,,,,,,,,7.92
2025-09-02,7,Ferreira do Zêzere,11.1,96.0,0.8,0.1,NE,544.6,14.99,147.73,86.21,2.6,0.88,0.02,0.88,,,,,,,,,,,,6.67
2025-09-02,8,Ferreira do Zêzere,15.1,86.0,1.0,0.2,NE,709.1,14.1,120.87,87.02,2.94,1.18,0.04,1.18,,,,,,,,,,,,6.77
2025-09-02,9,Ferreira do Zêzere,18.9,75.0,1.4,0.4,S,1311.5,12.96,94.85,88.06,3.48,1.93,0.09,1.93,,,,,,,,,,,,7.07
2025-09-02,10,Ferreira do Zêzere,21.0,67.0,1.97,0.1,---,1531.38,12.43,77.54,88.55,3.85,2.4,0.13,2.4,,,,,,,,,,,,7.07
2025-09-02,11,Ferreira do Zêzere,23.6,59.0,1.4,0.2,SW,2191.5,11.7,65.26,89.23,4.12,2.83,0.17,2.83,,,,,,,,,,,,6.7
2025-09-02,12,Ferreira do Zêzere,25.1,53.0,2.8,0.15,NW,2003.4,11.12,51.53,89.78,4.78,3.56,0.26,3.56,59.12,3.96,-120.74,59.12,52.04,0.45,5.05,0.19,0.0,0.19,12.0,6.37
2025-09-02,13,Ferreira do Zêzere,25.9,49.0,3.7,0.1,NW,1713.7,10.47,43.08,90.39,5.46,4.27,0.36,4.27,,,,,,,,,,,,5.42
2025-09-02,14,Ferreira do Zêzere,26.6,49.0,3.5,0.01,NW,1865.7,10.28,41.76,90.57,5.55,4.38,0.37,4.38,,,,,,,,,,,,5.23
2025-09-02,15,Ferreira do Zêzere,27.0,48.0,2.5,0.01,NW,1716.8,9.67,41.53,91.16,5.74,4.59,0.4,4.59,,,,,,,,,,,,4.84
2025-09-02,16,Ferreira do Zêzere,27.3,47.0,3.6,0.01,NW,1283.1,9.38,37.75,91.43,6.31,5.11,0.49,5.11,,,,,,,,,,,,4.65
2025-09-02,17,Ferreira do Zêzere,27.3,48.0,3.6,0.8,NW,1386.1,9.24,40.22,91.57,6.43,5.14,0.49,5.14,,,,,,,,,,,,5.44
2025-09-02,18,Ferreira do Zêzere,26.5,51.0,4.2,0.85,NW,872.2,9.06,43.97,91.74,6.79,5.3,0.52,5.3,,,,,,,,,,,,6.19
2025-09-02,19,Ferreira do Zêzere,24.3,59.0,3.8,0.25,NW,144.6,9.13,55.5,91.68,6.59,4.87,0.45,4.87,,,,,,,,,,,,6.43
2025-09-02,20,Ferreira do Zêzere,22.2,69.0,2.6,0.2,NW,1.9,9.63,73.37,91.19,5.8,3.99,0.32,3.99,,,,,,,,,,,,6.53
2025-09-02,21,Ferreira do Zêzere,20.9,77.0,2.3,0.1,NW,130.99,10.33,88.33,90.52,5.19,3.35,0.23,3.35,,,,,,,,,,,,6.62
2025-09-02,22,Ferreira do Zêzere,18.8,85.19,1.66,1.0,SW,0.5,11.11,114.65,89.79,4.52,2.65,0.15,2.65,,,,,,,,,,,,7.61
2025-09-02,23,Ferreira do Zêzere,18.8,90.0,2.1,0.83,N,3.0,11.78,128.93,89.16,4.22,2.32,0.12,2.32,,,,,,,,,,,,8.43
2025-09-03,0,Ferreira do Zêzere,18.3,91.0,1.3,1.8,N,179.9,12.48,140.24,88.5,3.69,1.83,0.08,1.83,,,,,,,,,,,,10.22
2025-09-03,1,Ferreira do Zêzere,18.3,92.0,2.5,0.88,N,87.2,13.2,141.28,87.84,3.57,1.7,0.07,1.7,,,,,,,,,,,,11.0
2025-09-03,2,Ferreira do Zêzere,19.0,88.0,2.2,0.1,N,2.8,14.05,128.21,87.06,3.14,1.35,0.05,1.35,,,,,,,,,,,,11.0
2025-09-03,3,Ferreira do Zêzere,19.2,87.0,1.9,0.1,N,4.0,14.69,125.76,86.48,2.85,0.98,0.03,0.98,,,,,,,,,,,,10.76
2025-09-03,4,Ferreira do Zêzere,19.3,87.0,1.7,0.1,N,3.3,15.12,125.65,86.1,2.67,0.92,0.02,0.92,,,,,,,,,,,,10.41
2025-09-03,5,Ferreira do Zêzere,19.0,87.0,0.9,0.1,NW,2.6,15.67,127.7,85.61,2.4,0.83,0.02,0.83,,,,,,,,,,,,9.4
2025-09-03,6,Ferreira do Zêzere,19.1,87.0,1.2,0.1,NW,2.9,15.92,122.43,85.38,2.36,0.82,0.02,0.82,,,,,,,,,,,,8.49
2025-09-03,7,Ferreira do Zêzere,19.3,87.0,1.9,0.2,NW,84.0,15.85,119.02,85.45,2.47,0.86,0.02,0.86,,,,,,,,,,,,8.59
2025-09-03,8,Ferreira do Zêzere,20.5,82.0,2.4,0.1,NW,456.8,15.33,102.78,85.91,2.7,0.96,0.03,0.96,,,,,,,,,,,,8.49
2025-09-03,9,Ferreira do Zêzere,21.5,76.0,2.7,0.1,NW,615.4,14.64,87.72,86.53,2.99,1.43,0.05,1.43,,,,,,,,,,,,8.19
2025-09-03,10,Ferreira do Zêzere,23.3,69.0,2.3,0.83,NW,1645.5,13.55,77.16,87.52,3.37,1.94,0.09,1.94,,,,,,,,,,,,8.92
2025-09-03,11,Ferreira do Zêzere,25.0,59.0,2.4,0.1,NW,2027.6,12.1,61.77,88.86,4.11,2.8,0.17,2.8,,,,,,,,,,,,8.82
2025-09-03,12,Ferreira do Zêzere,27.2,52.0,4.1,0.4,NW,2774.6,11.37,47.0,89.54,4.94,3.71,0.28,3.71,61.78,3.88,-123.15,61.78,47.66,0.56,4.96,0.24,0.0,0.24,12.0,9.07
2025-09-03,13,Ferreira do Zêzere,28.6,44.0,3.8,0.65,NW,3090.4,10.0,39.99,90.84,5.85,4.69,0.42,4.69,,,,,,,,,,,,9.62
2025-09-03,14,Ferreira do Zêzere,29.6,37.0,4.3,0.6,NW,3027.9,9.06,33.68,91.74,6.83,5.7,0.59,5.7,,,,,,,,,,,,10.21
2025-09-03,15,Ferreira do Zêzere,30.0,37.0,3.4,0.12,NW,2732.5,8.53,34.56,92.26,7.02,5.87,0.62,5.87,,,,,,,,,,,,10.32
2025-09-03,16,Ferreira do Zêzere,29.8,44.0,4.6,0.2,NW,2251.9,8.22,36.85,92.56,7.78,6.27,0.7,6.27,,,,,,,,,,,,10.51
2025-09-03,17,Ferreira do Zêzere,27.4,54.0,5.5,0.1,NW,1292.2,8.31,46.1,92.47,8.04,6.08,0.66,6.08,,,,,,,,,,,,9.81
2025-09-03,18,Ferreira do Zêzere,24.6,67.0,4.5,0.15,NW,541.7,8.76,65.22,92.04,7.19,5.04,0.48,5.04,,,,,,,,,,,,9.11
2025-09-03,19,Ferreira do Zêzere,23.0,73.0,3.8,0.56,NW,154.6,9.25,78.98,91.56,6.49,4.35,0.37,4.35,,,,,,,,,,,,9.42
2025-09-03,20,Ferreira do Zêzere,21.3,79.0,2.8,0.1,NW,4.3,9.92,95.9,90.92,5.63,3.57,0.26,3.57,,,,,,,,,,,,9.32
2025-09-03,21,Ferreira do Zêzere,20.0,79.0,3.0,0.13,NW,0.2,10.31,97.83,90.54,5.39,3.37,0.23,3.37,,,,,,,,,,,,9.35
2025-09-03,22,Ferreira do Zêzere,18.9,77.0,2.7,0.1,N,310.51,10.64,95.23,90.23,5.08,3.17,0.21,3.17,,,,,,,,,,,,8.45
2025-09-03,23,Ferreira do Zêzere,17.8,80.0,0.6,0.1,NE,0.3,11.09,110.95,89.8,4.3,2.51,0.14,2.51,,,,,,,,,,,,7.72
2025-09-04,0,Ferreira do Zêzere,16.0,88.0,0.5,0.2,NE,38.7,11.76,120.04,89.18,3.91,2.14,0.1,2.14,,,,,,,,,,,,6.12
2025-09-04,1,Ferreira do Zêzere,14.8,93.0,0.8,0.13,E,816.9,12.46,124.22,88.52,3.61,1.85,0.08,1.85,,,,,,,,,,,,5.37
2025-09-04,2,Ferreira do Zêzere,14.6,94.0,1.6,0.1,N,454.9,13.1,124.45,87.93,3.45,1.7,0.07,1.7,,,,,,,,,,,,5.37
2025-09-04,3,Ferreira do Zêzere,14.2,94.0,1.0,0.1,E,313.4,13.56,126.28,87.51,3.16,1.4,0.05,1.4,,,,,,,,,,,,5.37
2025-09-04,4,Ferreira do Zêzere,13.1,95.0,0.5,0.1,S,398.3,13.9,130.8,87.2,2.94,1.13,0.03,1.13,,,,,,,,,,,,5.37
2025-09-04,5,Ferreira do Zêzere,12.6,96.0,0.9,0.2,N,306.1,14.23,133.19,86.9,2.88,0.99,0.03,0.99,,,,,,,,,,,,5.47
2025-09-04,6,Ferreira do Zêzere,13.1,96.0,1.9,0.1,N,171.2,14.63,131.16,86.54,2.88,0.99,0.03,0.99,,,,,,,,,,,,5.47
2025-09-04,7,Ferreira do Zêzere,14.2,93.0,1.7,0.1,N,323.2,14.72,121.9,86.46,2.81,0.98,0.03,0.98,,,,,,,,,,,,5.37
2025-09-04,8,Ferreira do Zêzere,16.4,88.0,2.4,0.1,NW,720.4,13.58,106.14,87.49,3.38,1.7,0.07,1.7,,,,,,,,,,,,5.37
2025-09-04,9,Ferreira do Zêzere,19.5,71.0,3.1,3.58,N,1429.9,12.46,84.47,88.52,4.06,2.48,0.14,2.48,,,,,,,,,,,,8.85
2025-09-04,10,Ferreira do Zêzere,22.4,51.0,4.5,4.65,NW,2067.4,11.11,59.08,89.79,5.22,3.79,0.29,3.79,,,,,,,,,,,,12.67
2025-09-04,11,Ferreira do Zêzere,24.3,44.0,5.9,9.44,NW,2279.7,10.19,50.63,90.66,6.34,4.86,0.45,4.86,,,,,,,,,,,,22.01
2025-09-04,12,Ferreira do Zêzere,25.8,41.0,5.4,2.9,NW,2874.4,9.87,46.51,90.96,6.46,5.08,0.48,5.08,62.43,4.06,-143.48,62.43,46.63,0.62,5.13,0.27,0.0,0.27,12.0,24.51
2025-09-04,13,Ferreira do Zêzere,26.8,38.0,5.7,0.1,NW,2990.4,9.1,41.8,91.71,7.29,5.85,0.62,5.85,,,,,,,,,,,,23.96
2025-09-04,14,Ferreira do Zêzere,27.2,38.0,6.4,0.01,N,2410.6,8.23,39.74,92.55,8.51,6.8,0.81,6.8,,,,,,,,,,,,23.37
2025-09-04,15,Ferreira do Zêzere,27.3,39.0,5.1,0.57,NW,2282.0,7.995,42.27,92.78,8.23,6.57,0.76,6.57,,,,,,,,,,,,23.82
2025-09-04,16,Ferreira do Zêzere,27.3,39.0,6.1,0.23,NW,1735.2,7.698,40.62,93.07,9.02,7.15,0.88,7.15,,,,,,,,,,,,23.85
2025-09-04,17,Ferreira do Zêzere,26.6,44.0,6.6,0.38,NW,1276.9,7.751,44.49,93.02,9.18,7.08,0.87,7.08,,,,,,,,,,,,24.13
2025-09-04,18,Ferreira do Zêzere,24.9,51.0,5.4,0.47,NW,692.4,7.654,55.8,93.12,8.76,6.5,0.75,6.5,,,,,,,,,,,,24.45
2025-09-04,19,Ferreira do Zêzere,22.8,55.0,5.4,0.45,NW,104.0,7.796,64.48,92.98,8.59,6.18,0.68,6.18,,,,,,,,,,,,24.34
2025-09-04,20,Ferreira do Zêzere,19.72,68.34,3.66,0.1,W,0.66,7.997,92.72,92.78,7.65,5.12,0.49,5.12,,,,,,,,,,,,24.34
2025-09-04,21,Ferreira do Zêzere,18.81,72.59,4.11,0.65,W,142.29,8.19,100.16,92.59,7.62,4.98,0.47,4.98,,,,,,,,,,,,24.86
2025-09-04,22,Ferreira do Zêzere,18.2,76.09,3.92,1.07,W,157.85,8.52,108.92,92.27,7.21,4.62,0.41,4.62,,,,,,,,,,,,25.83
2025-09-04,23,Ferreira do Zêzere,18.5,78.0,3.9,1.59,N,405.76,9.09,112.62,91.72,6.66,4.22,0.35,4.22,,,,,,,,,,,,27.32
2025-09-05,0,Ferreira do Zêzere,18.1,82.0,3.5,1.17,N,214.53,9.58,124.63,91.24,6.11,3.88,0.3,3.88,,,,,,,,,,,,28.29
2025-09-05,1,Ferreira do Zêzere,17.6,84.0,2.4,0.74,N,152.82,9.99,136.05,90.85,5.46,3.38,0.23,3.38,,,,,,,,,,,,28.9
2025-09-05,2,Ferreira do Zêzere,17.1,87.0,2.7,0.43,N,301.28,10.15,144.64,90.7,5.43,3.3,0.22,3.3,,,,,,,,,,,,29.23
2025-09-05,3,Ferreira do Zêzere,16.7,89.0,2.2,0.1,NW,0.2,10.22,154.18,90.63,5.24,3.13,0.2,3.13,,,,,,,,,,,,29.23
2025-09-05,4,Ferreira do Zêzere,16.2,90.0,1.7,0.1,NW,0.5,10.27,160.8,90.58,5.08,2.99,0.19,2.99,,,,,,,,,,,,29.23
2025-09-05,5,Ferreira do Zêzere,15.1,93.0,1.8,0.43,N,1.8,10.35,173.09,90.51,5.05,2.92,0.18,2.92,,,,,,,,,,,,29.46
2025-09-05,6,Ferreira do Zêzere,14.8,92.0,1.7,0.1,---,1.6,10.39,170.02,90.47,4.99,2.89,0.18,2.89,,,,,,,,,,,,29.46
2025-09-05,7,Ferreira do Zêzere,14.6,91.0,1.2,0.1,N,111.4,10.45,169.16,90.41,4.83,2.78,0.17,2.78,,,,,,,,,,,,29.46
2025-09-05,8,Ferreira do Zêzere,15.8,86.0,2.63,0.25,---,486.75,10.33,144.52,90.52,5.28,3.19,0.21,3.19,,,,,,,,,,,,29.61
2025-09-05,9,Ferreira do Zêzere,18.46,68.32,2.76,0.37,W,1179.49,9.9,100.19,90.94,5.63,3.77,0.29,3.77,,,,,,,,,,,,26.4
2025-09-05,10,Ferreira do Zêzere,20.78,59.27,2.87,14.8,W,1866.75,9.22,84.13,91.59,6.21,4.42,0.38,4.42,,,,,,,,,,,,36.55
2025-09-05,11,Ferreira do Zêzere,26.0,42.0,2.8,20.2,NW,2431.6,8.8,55.06,92.0,6.56,5.23,0.51,5.23,,,,,,,,,,,,47.31
2025-09-05,12,Ferreira do Zêzere,28.0,35.0,2.5,16.3,W,2724.1,8.48,46.55,92.31,6.75,5.63,0.58,5.63,62.47,4.64,-199.15,62.47,46.56,0.53,5.68,0.24,0.0,0.24,12.0,60.71
2025-09-05,13,Ferreira do Zêzere,29.8,30.0,2.7,1.35,NW,2827.5,7.716,38.71,93.06,7.58,6.51,0.75,6.51,,,,,,,,,,,,61.96
2025-09-05,14,Ferreira do Zêzere,31.2,28.0,2.9,1.7,NW,2629.6,7.415,34.06,93.35,7.98,6.97,0.84,6.97,,,,,,,,,,,,63.65
2025-09-05,15,Ferreira do Zêzere,31.8,28.0,1.5,2.07,W,2540.8,7.064,36.7,93.7,7.8,6.86,0.82,6.86,,,,,,,,,,,,65.15
2025-09-05,16,Ferreira do Zêzere,31.8,29.0,4.6,1.67,NW,1757.1,6.609,30.16,94.15,9.72,8.32,1.16,8.32,,,,,,,,,,,,66.59
2025-09-05,17,Ferreira do Zêzere,28.9,37.0,4.4,1.82,NW,1184.7,6.515,41.17,94.25,9.74,7.91,1.06,7.91,,,,,,,,,,,,68.03
2025-09-05,18,Ferreira do Zêzere,26.0,43.0,4.5,1.22,NW,422.8,6.58,52.05,94.18,9.71,7.53,0.97,7.53,,,,,,,,,,,,68.78
2025-09-05,19,Ferreira do Zêzere,24.0,47.0,2.8,1.5,NW,133.2,6.665,65.43,94.1,8.8,6.68,0.78,6.68,,,,,,,,,,,,69.83
2025-09-05,20,Ferreira do Zêzere,22.1,53.0,3.1,0.35,NW,0.4,6.776,75.3,93.99,8.8,6.44,0.73,6.44,,,,,,,,,,,,70.08
2025-09-05,21,Ferreira do Zêzere,20.1,56.0,2.2,0.61,N,391.9,6.996,87.89,93.77,8.16,5.84,0.62,5.84,,,,,,,,,,,,70.04
2025-09-05,22,Ferreira do Zêzere,18.5,63.0,2.0,0.66,N,807.3,7.186,102.07,93.58,7.87,5.43,0.54,5.43,,,,,,,,,,,,69.63
2025-09-05,23,Ferreira do Zêzere,16.8,71.0,2.0,1.39,N,593.1,7.443,118.78,93.33,7.6,5.04,0.48,5.04,,,,,,,,,,,,69.43
2025-09-06,0,Ferreira do Zêzere,16.2,75.0,2.0,2.37,N,1281.2,7.63,123.09,93.14,7.4,5.02,0.47,5.02,,,,,,,,,,,,70.63
2025-09-06,1,Ferreira do Zêzere,15.5,80.0,1.3,0.9,N,0.4,7.855,139.16,92.92,6.93,4.6,0.4,4.6,,,,,,,,,,,,70.79
2025-09-06,2,Ferreira do Zêzere,14.5,81.0,0.7,0.1,NE,818.97,7.999,148.25,92.78,6.59,4.33,0.36,4.33,,,,,,,,,,,,70.46
2025-09-06,3,Ferreira do Zêzere,12.7,86.0,0.3,0.63,N,1605.2,8.23,167.38,92.55,6.26,4.0,0.32,4.0,,,,,,,,,,,,70.99
2025-09-06,4,Ferreira do Zêzere,12.5,87.0,0.8,0.47,NE,0.1,8.5,165.23,92.29,6.18,3.93,0.31,3.93,,,,,,,,,,,,71.36
2025-09-06,5,Ferreira do Zêzere,11.8,89.0,0.4,0.2,N,0.5,8.75,174.92,92.04,5.85,3.67,0.27,3.67,,,,,,,,,,,,71.13
2025-09-06,6,Ferreira do Zêzere,10.9,92.0,0.9,0.1,N,3.3,8.93,180.74,91.87,5.86,3.63,0.27,3.63,,,,,,,,,,,,71.13
2025-09-06,7,Ferreira do Zêzere,11.0,93.0,0.4,0.1,NW,134.7,9.1,186.84,91.71,5.58,3.42,0.24,3.42,,,,,,,,,,,,71.13
2025-09-06,8,Ferreira do Zêzere,14.4,82.0,0.9,0.1,W,680.8,9.1,148.93,91.71,5.72,3.69,0.27,3.69,,,,,,,,,,,,70.98
2025-09-06,9,Ferreira do Zêzere,18.7,68.0,0.7,0.01,N,1379.0,8.8,114.42,92.0,5.9,4.12,0.33,4.12,,,,,,,,,,,,70.62
2025-09-06,10,Ferreira do Zêzere,24.3,52.0,1.8,0.1,SW,2004.8,8.42,70.47,92.37,6.57,5.12,0.49,5.12,,,,,,,,,,,,55.92
2025-09-06,11,Ferreira do Zêzere,28.5,41.0,3.2,0.1,S,2123.9,8.25,44.65,92.53,7.22,6.08,0.66,6.08,,,,,,,,,,,,35.82
2025-09-06,12,Ferreira do Zêzere,31.2,34.0,3.8,0.1,SW,2836.1,8.1,31.71,92.68,7.6,6.74,0.8,6.74,71.75,5.44,-209.41,71.75,32.86,0.8,6.5,0.39,0.01,0.39,12.0,19.62
2025-09-06,13,Ferreira do Zêzere,31.7,34.0,3.0,0.01,SW,2945.1,7.696,31.99,93.08,7.71,6.87,0.82,6.87,,,,,,,,,,,,18.28
2025-09-06,14,Ferreira do Zêzere,32.0,35.0,2.9,0.1,SW,2173.7,7.329,31.78,93.44,8.07,7.16,0.89,7.16,,,,,,,,,,,,16.68
2025-09-06,15,Ferreira do Zêzere,33.2,34.0,3.0,0.01,W,2605.2,7.037,28.39,93.73,8.45,7.57,0.98,7.57,,,,,,,,,,,,14.62
2025-09-06,16,Ferreira do Zêzere,32.9,37.0,3.0,0.1,SW,2101.8,6.983,29.91,93.78,8.51,7.54,0.97,7.54,,,,,,,,,,,,13.05
2025-09-06,17,Ferreira do Zêzere,31.9,40.0,2.9,0.1,SW,1435.5,6.931,32.71,93.83,8.53,7.44,0.95,7.44,,,,,,,,,,,,11.33
2025-09-06,18,Ferreira do Zêzere,29.3,43.0,2.0,0.1,SW,325.7,6.889,40.76,93.87,8.2,6.98,0.85,6.98,,,,,,,,,,,,10.21
2025-09-06,19,Ferreira do Zêzere,26.3,47.0,3.0,0.4,NW,77.8,6.85,45.51,93.91,8.67,7.11,0.88,7.11,,,,,,,,,,,,9.11
2025-09-06,20,Ferreira do Zêzere,23.5,54.0,1.0,0.01,NE,0.3,6.942,62.82,93.82,7.74,6.13,0.67,6.13,,,,,,,,,,,,8.77
2025-09-06,21,Ferreira do Zêzere,20.7,62.0,2.6,0.01,NW,178.43,7.136,68.05,93.63,8.17,6.19,0.68,6.19,,,,,,,,,,,,8.17
2025-09-06,22,Ferreira do Zêzere,19.5,64.0,0.6,0.23,SE,1.0,7.199,80.35,93.57,7.32,5.5,0.56,5.5,,,,,,,,,,,,7.74
2025-09-06,23,Ferreira do Zêzere,17.0,74.0,1.8,0.25,SE,0.8,7.436,85.43,93.33,7.53,5.46,0.55,5.46,,,,,,,,,,,,6.6
2025-09-07,0,Ferreira do Zêzere,17.7,73.0,1.4,0.2,S,1.6,7.659,113.42,93.11,7.15,4.32,0.36,4.32,,,,,,,,,,,,4.43
2025-09-07,1,Ferreira do Zêzere,18.5,78.0,1.7,0.5,S,0.7,8.78,116.93,92.02,6.22,3.65,0.27,3.65,,,,,,,,,,,,4.03
2025-09-07,2,Ferreira do Zêzere,18.6,83.0,1.4,1.29,SE,2.5,9.33,135.86,91.48,5.68,3.14,0.21,3.14,,,,,,,,,,,,5.22
2025-09-07,3,Ferreira do Zêzere,18.7,83.0,1.8,8.57,S,146.4,9.78,150.38,91.05,5.45,2.89,0.18,2.89,,,,,,,,,,,,13.16
2025-09-07,4,Ferreira do Zêzere,18.3,92.0,3.7,6.2,SE,115.2,33.85,182.31,71.04,0.78,0.24,0.0,0.24,,,,,,,,,,,,18.89
2025-09-07,5,Ferreira do Zêzere,17.8,95.0,2.8,1.7,SE,19.25,38.57,204.6,67.72,0.67,0.21,0.0,0.21,,,,,,,,,,,,20.39
2025-09-07,6,Ferreira do Zêzere,18.3,96.0,2.9,3.3,SE,20.84,44.25,212.14,63.94,0.58,0.18,0.0,0.18,,,,,,,,,,,,23.59
2025-09-07,7,Ferreira do Zêzere,18.5,96.0,1.6,0.6,SE,20.2,47.35,216.31,61.98,0.5,0.15,0.0,0.15,,,,,,,,,,,,24.09
2025-09-07,8,Ferreira do Zêzere,18.8,96.0,1.0,0.3,SE,58.5,49.15,218.68,60.86,0.45,0.14,0.0,0.14,,,,,,,,,,,,24.29
2025-09-07,9,Ferreira do Zêzere,19.0,96.0,1.4,0.1,SE,203.4,50.53,216.76,60.02,0.44,0.14,0.0,0.14,,,,,,,,,,,,24.38
2025-09-07,10,Ferreira do Zêzere,19.5,96.0,1.8,0.2,SE,564.8,52.39,214.76,58.91,0.42,0.13,0.0,0.13,,,,,,,,,,,,24.48
2025-09-07,11,Ferreira do Zêzere,20.2,94.0,2.7,0.62,SE,892.6,52.91,197.79,58.6,0.43,0.13,0.0,0.13,,,,,,,,,,,,25.0
2025-09-07,12,Ferreira do Zêzere,21.3,89.0,1.1,0.3,SE,721.9,50.42,179.47,60.09,0.44,0.13,0.0,0.13,21.53,2.43,-226.15,21.53,144.45,0.0,3.41,0.0,0.0,0.01,12.0,25.2
2025-09-07,13,Ferreira do Zêzere,22.2,85.0,2.5,0.1,E,1246.1,44.13,150.67,64.02,0.57,0.18,0.0,0.18,,,,,,,,,,,,25.29
2025-09-07,14,Ferreira do Zêzere,23.7,78.0,1.4,0.3,W,1957.1,39.58,132.41,67.03,0.61,0.2,0.0,0.2,,,,,,,,,,,,25.49
2025-09-07,15,Ferreira do Zêzere,24.6,72.0,2.6,0.3,NW,1874.8,35.19,106.58,70.08,0.71,0.24,0.0,0.24,,,,,,,,,,,,25.78
2025-09-07,16,Ferreira do Zêzere,25.3,66.0,2.6,0.1,NW,1673.9,27.82,93.18,75.53,0.9,0.32,0.0,0.32,,,,,,,,,,,,25.78
2025-09-07,17,Ferreira do Zêzere,24.8,66.0,4.4,0.15,NW,1156.5,24.3,86.75,78.3,1.21,0.43,0.01,0.43,,,,,,,,,,,,25.83
2025-09-07,18,Ferreira do Zêzere,24.0,64.0,4.4,0.2,NW,707.3,21.76,86.3,80.38,1.48,0.53,0.01,0.53,,,,,,,,,,,,25.93
2025-09-07,19,Ferreira do Zêzere,21.8,71.0,3.6,0.1,NW,95.5,21.36,108.23,80.71,1.47,0.5,0.01,0.5,,,,,,,,,,,,25.63
2025-09-07,20,Ferreira do Zêzere,20.3,76.0,2.5,0.1,NW,1.1,21.31,129.37,80.75,1.4,0.46,0.01,0.46,,,,,,,,,,,,25.72
2025-09-07,21,Ferreira do Zêzere,19.3,80.0,2.9,0.15,NW,0.8,21.53,140.29,80.57,1.4,0.44,0.01,0.44,,,,,,,,,,,,25.86
2025-09-07,22,Ferreira do Zêzere,18.3,83.0,2.6,0.71,NW,0.6,21.88,153.78,80.28,1.33,0.42,0.01,0.42,,,,,,,,,,,,26.34
2025-09-07,23,Ferreira do Zêzere,17.4,88.0,1.8,0.2,NW,423.35,22.11,178.48,80.09,1.26,0.39,0.01,0.39,,,,,,,,,,,,26.29
2025-09-08,0,Ferreira do Zêzere,16.9,91.0,1.5,0.7,N,0.9,22.37,168.65,79.87,1.21,0.37,0.0,0.37,,,,,,,,,,,,26.79
2025-09-08,1,Ferreira do Zêzere,16.6,93.0,3.5,0.1,NW,0.7,22.69,169.65,79.61,1.3,0.4,0.01,0.4,,,,,,,,,,,,26.39
2025-09-08,2,Ferreira do Zêzere,16.7,93.0,2.9,0.1,NW,0.6,22.85,170.59,79.48,1.25,0.38,0.0,0.38,,,,,,,,,,,,25.2
2025-09-08,3,Ferreira do Zêzere,16.5,93.0,2.3,0.1,N,0.3,23.15,164.83,79.23,1.18,0.36,0.0,0.36,,,,,,,,,,,,16.73
2025-09-08,4,Ferreira do Zêzere,16.5,90.0,4.8,0.1,NW,0.7,23.24,134.52,79.16,1.33,0.42,0.01,0.42,,,,,,,,,,,,10.63
2025-09-08,5,Ferreira do Zêzere,16.0,88.0,2.4,0.14,NW,1.1,23.47,131.49,78.97,1.16,0.37,0.0,0.37,,,,,,,,,,,,9.07
2025-09-08,6,Ferreira do Zêzere,15.5,88.0,2.5,0.1,N,0.2,23.63,116.72,78.84,1.15,0.37,0.0,0.37,,,,,,,,,,,,5.87
2025-09-08,7,Ferreira do Zêzere,15.3,86.0,2.55,0.1,---,73.92,23.08,109.02,79.29,1.2,0.39,0.01,0.39,,,,,,,,,,,,5.37
2025-09-08,8,Ferreira do Zêzere,15.6,85.0,3.3,0.1,NW,538.7,21.45,103.06,80.63,1.44,0.47,0.01,0.47,,,,,,,,,,,,5.17
2025-09-08,9,Ferreira do Zêzere,17.6,76.0,5.9,0.8,N,1478.9,19.64,82.3,82.15,1.96,0.67,0.01,0.67,,,,,,,,,,,,5.87
2025-09-08,10,Ferreira do Zêzere,20.0,64.0,4.32,0.1,---,2177.77,17.43,66.98,84.05,2.3,0.84,0.02,0.84,,,,,,,,,,,,5.77
2025-09-08,11,Ferreira do Zêzere,21.9,55.0,6.0,0.63,NW,2336.2,15.96,52.69,85.35,2.99,1.57,0.06,1.57,,,,,,,,,,,,5.78
2025-09-08,12,Ferreira do Zêzere,23.3,49.0,5.7,0.2,NW,2964.1,15.02,46.27,86.19,3.31,2.02,0.09,2.02,55.31,2.93,-224.08,55.31,58.66,0.38,3.92,0.15,0.0,0.15,12.0,5.68
2025-09-08,13,Ferreira do Zêzere,24.3,46.0,5.6,0.1,NW,2890.2,13.27,42.76,87.78,4.13,2.85,0.17,2.85,,,,,,,,,,,,5.68
2025-09-08,14,Ferreira do Zêzere,24.9,43.0,6.3,8.3,NW,2927.1,12.12,46.68,88.84,4.99,3.58,0.26,3.58,,,,,,,,,,,,13.68
2025-09-08,15,Ferreira do Zêzere,24.9,38.0,5.7,0.01,NW,2739.3,11.26,44.51,89.64,5.43,4.04,0.32,4.04,,,,,,,,,,,,13.39
2025-09-08,16,Ferreira do Zêzere,24.8,31.0,5.6,0.2,NW,2235.0,10.55,41.12,90.32,5.95,4.59,0.4,4.59,,,,,,,,,,,,13.49
2025-09-08,17,Ferreira do Zêzere,23.6,43.0,7.6,0.2,NW,1544.5,10.22,47.59,90.63,6.88,5.0,0.47,5.0,,,,,,,,,,,,13.54
2025-09-08,18,Ferreira do Zêzere,21.9,49.0,6.2,0.1,NW,813.9,10.09,57.85,90.75,6.53,4.53,0.39,4.53,,,,,,,,,,,,13.44
2025-09-08,19,Ferreira do Zêzere,19.6,56.0,6.6,0.2,NW,104.1,10.1,68.43,90.74,6.65,4.39,0.37,4.39,,,,,,,,,,,,13.54
2025-09-08,20,Ferreira do Zêzere,18.0,63.0,5.4,0.01,N,0.1,10.36,81.82,90.5,6.04,3.77,0.29,3.77,,,,,,,,,,,,13.45
2025-09-08,21,Ferreira do Zêzere,17.0,69.0,5.7,0.45,NW,208.11,10.67,91.03,90.2,5.88,3.53,0.25,3.53,,,,,,,,,,,,13.75
2025-09-08,22,Ferreira do Zêzere,16.4,72.0,5.4,0.1,N,500.51,11.01,96.75,89.88,5.53,3.22,0.22,3.22,,,,,,,,,,,,13.14
2025-09-08,23,Ferreira do Zêzere,15.8,76.0,4.9,0.01,N,656.96,11.42,105.61,89.49,5.1,2.84,0.17,2.84,,,,,,,,,,,,12.95
2025-09-09,0,Ferreira do Zêzere,15.6,79.0,3.6,0.01,N,635.53,11.87,110.36,89.07,4.5,2.5,0.14,2.5,,,,,,,,,,,,12.26
2025-09-09,1,Ferreira do Zêzere,15.2,81.0,3.9,0.1,N,552.7,12.37,114.07,88.61,4.27,2.3,0.12,2.3,,,,,,,,,,,,12.26
2025-09-09,2,Ferreira do Zêzere,14.7,84.0,3.2,0.15,---,721.64,12.87,123.85,88.14,3.86,1.92,0.09,1.92,,,,,,,,,,,,12.31
2025-09-09,3,Ferreira do Zêzere,14.4,87.0,3.5,0.37,NW,496.86,13.45,131.39,87.61,3.63,1.69,0.07,1.69,,,,,,,,,,,,12.58
2025-09-09,4,Ferreira do Zêzere,13.9,90.0,2.4,0.61,N,0.1,13.99,145.28,87.12,3.2,1.22,0.04,1.22,,,,,,,,,,,,13.09
2025-09-09,5,Ferreira do Zêzere,13.5,91.0,1.6,0.57,NW,489.3,14.59,152.63,86.57,2.85,0.92,0.02,0.92,,,,,,,,,,,,13.52
2025-09-09,6,Ferreira do Zêzere,12.9,93.0,1.6,0.33,N,0.3,14.88,160.0,86.31,2.74,0.88,0.02,0.88,,,,,,,,,,,,13.75
2025-09-09,7,Ferreira do Zêzere,12.6,93.0,1.0,0.1,NE,128.5,15.1,162.58,86.12,2.59,0.83,0.02,0.83,,,,,,,,,,,,13.75
2025-09-09,8,Ferreira do Zêzere,14.7,82.0,4.1,0.1,NW,719.9,14.35,118.95,86.79,3.33,1.47,0.05,1.47,,,,,,,,,,,,13.75
2025-09-09,9,Ferreira do Zêzere,17.1,67.0,5.1,0.01,N,1379.8,13.27,85.86,87.78,4.03,2.31,0.12,2.31,,,,,,,,,,,,12.96
2025-09-09,10,Ferreira do Zêzere,19.2,53.0,4.9,0.1,NW,1873.4,12.23,67.66,88.74,4.58,3.0,0.19,3.0,,,,,,,,,,,,12.96
2025-09-09,11,Ferreira do Zêzere,21.6,40.0,5.3,0.01,NW,2293.5,11.58,51.64,89.34,5.1,3.72,0.28,3.72,,,,,,,,,,,,12.34
2025-09-09,12,Ferreira do Zêzere,23.0,37.0,6.0,0.01,NW,2890.3,11.03,45.51,89.86,5.69,4.32,0.36,4.32,62.16,3.54,-228.03,62.16,47.05,0.63,4.54,0.26,0.0,0.26,12.0,12.15
2025-09-09,13,Ferreira do Zêzere,24.1,37.0,5.7,0.01,NW,3018.8,9.99,43.54,90.85,6.45,4.98,0.47,4.98,,,,,,,,,,,,12.06
2025-09-09,14,Ferreira do Zêzere,24.7,37.0,6.3,0.01,NW,2931.2,9.3,30.43,91.51,7.31,5.9,0.63,5.9,,,,,,,,,,,,3.77
2025-09-09,15,Ferreira do Zêzere,24.6,39.0,6.4,0.01,NW,2348.7,8.94,31.3,91.86,7.72,6.16,0.68,6.16,,,,,,,,,,,,3.77
2025-09-09,16,Ferreira do Zêzere,23.7,46.0,5.9,4.5,NW,1796.8,8.78,45.64,92.02,7.69,5.75,0.6,5.75,,,,,,,,,,,,8.07
2025-09-09,17,Ferreira do Zêzere,22.4,52.0,6.5,0.82,NW,866.9,8.8,52.06,92.0,7.91,5.69,0.59,5.69,,,,,,,,,,,,8.69
2025-09-09,18,Ferreira do Zêzere,21.2,57.0,5.5,1.28,NW,359.9,9.02,61.77,91.78,7.29,5.08,0.48,5.08,,,,,,,,,,,,9.87
2025-09-09,19,Ferreira do Zêzere,20.1,64.0,3.9,0.15,NW,89.3,9.38,74.48,91.43,6.4,4.27,0.36,4.27,,,,,,,,,,,,9.82
2025-09-09,20,Ferreira do Zêzere,19.3,71.0,2.4,0.43,NW,0.4,9.88,90.54,90.95,5.55,3.5,0.25,3.5,,,,,,,,,,,,10.24
2025-09-09,21,Ferreira do Zêzere,19.1,77.0,3.3,0.32,NW,0.1,10.59,96.54,90.28,5.27,3.19,0.21,3.19,,,,,,,,,,,,10.11
2025-09-09,22,Ferreira do Zêzere,18.4,85.0,1.7,0.2,---,16.18,11.81,121.17,89.13,4.12,2.18,0.11,2.18,,,,,,,,,,,,10.21
2025-09-09,23,Ferreira do Zêzere,17.8,91.0,1.1,0.29,E,0.4,14.29,142.36,86.85,2.88,0.95,0.02,0.95,,,,,,,,,,,,10.49
2025-09-10,0,Ferreira do Zêzere,18.0,90.0,0.6,0.15,S,20.41,18.99,163.62,82.71,1.6,0.49,0.01,0.49,,,,,,,,,,,,10.63
2025-09-10,1,Ferreira do Zêzere,18.3,89.0,0.7,0.36,S,27.2,20.21,159.71,81.67,1.42,0.44,0.01,0.44,,,,,,,,,,,,10.89
2025-09-10,2,Ferreira do Zêzere,18.6,90.0,0.6,0.1,S,23.8,20.6,163.34,81.34,1.36,0.42,0.01,0.42,,,,,,,,,,,,10.84
2025-09-10,3,Ferreira do Zêzere,18.6,91.0,0.6,0.13,SW,13.64,21.67,166.11,80.45,1.23,0.38,0.0,0.38,,,,,,,,,,,,10.6
2025-09-10,4,Ferreira do Zêzere,18.8,89.0,1.0,0.28,W,14.02,21.92,154.95,80.24,1.23,0.38,0.0,0.38,,,,,,,,,,,,10.27
2025-09-10,5,Ferreira do Zêzere,18.8,90.0,1.4,0.19,NW,0.2,26.54,154.74,76.53,0.9,0.28,0.0,0.28,,,,,,,,,,,,9.89
2025-09-10,6,Ferreira do Zêzere,18.5,93.0,1.6,0.1,NW,30.5,28.95,165.0,74.67,0.82,0.25,0.0,0.25,,,,,,,,,,,,9.66
2025-09-10,7,Ferreira do Zêzere,18.5,92.0,2.3,0.26,NW,148.1,28.31,158.42,75.16,0.87,0.27,0.0,0.27,,,,,,,,,,,,9.82
2025-09-10,8,Ferreira do Zêzere,19.3,90.0,1.6,0.6,NW,304.6,29.57,154.01,74.2,0.8,0.24,0.0,0.24,,,,,,,,,,,,10.32
2025-09-10,9,Ferreira do Zêzere,20.5,84.0,4.8,0.13,NW,935.1,29.33,118.55,74.38,0.94,0.29,0.0,0.29,,,,,,,,,,,,10.44
2025-09-10,10,Ferreira do Zêzere,22.6,71.0,3.9,1.2,NW,1269.2,24.6,89.99,78.06,1.15,0.38,0.01,0.38,,,,,,,,,,,,11.54
2025-09-10,11,Ferreira do Zêzere,22.2,78.0,5.2,0.3,NW,840.0,29.04,100.02,74.6,0.97,0.31,0.0,0.31,,,,,,,,,,,,11.83
2025-09-10,12,Ferreira do Zêzere,22.9,79.0,4.9,0.1,NW,1054.5,40.14,101.53,66.65,0.72,0.23,0.0,0.23,40.11,2.06,-231.69,40.11,90.07,0.05,3.03,0.02,0.0,0.01,12.0,11.92
2025-09-10,13,Ferreira do Zêzere,22.9,78.0,4.1,0.43,NW,746.7,34.11,102.63,70.85,0.79,0.25,0.0,0.25,,,,,,,,,,,,12.34
2025-09-10,14,Ferreira do Zêzere,23.4,76.0,4.0,0.38,NW,984.1,31.0,97.84,73.12,0.86,0.28,0.0,0.28,,,,,,,,,,,,12.71
2025-09-10,15,Ferreira do Zêzere,23.5,80.0,4.4,0.21,NW,1440.8,27.61,105.3,75.69,1.0,0.32,0.0,0.32,,,,,,,,,,,,12.91
2025-09-10,16,Ferreira do Zêzere,24.0,73.0,4.2,0.15,NW,875.2,23.63,84.3,78.84,1.25,0.42,0.01,0.42,,,,,,,,,,,,8.56
2025-09-10,17,Ferreira do Zêzere,24.3,71.0,3.7,0.38,NW,868.2,21.75,81.26,80.38,1.43,0.48,0.01,0.48,,,,,,,,,,,,8.12
2025-09-10,18,Ferreira do Zêzere,23.2,74.0,3.0,0.3,NW,285.2,21.2,89.2,80.84,1.45,0.48,0.01,0.48,,,,,,,,,,,,7.14
2025-09-10,19,Ferreira do Zêzere,22.3,78.0,3.7,0.43,NW,60.3,21.32,96.77,80.74,1.48,0.48,0.01,0.48,,,,,,,,,,,,7.42
2025-09-10,20,Ferreira do Zêzere,21.2,83.0,3.1,0.1,NW,0.1,21.91,111.79,80.25,1.37,0.43,0.01,0.43,,,,,,,,,,,,7.09
2025-09-10,21,Ferreira do Zêzere,20.7,86.0,2.6,0.21,NW,14.9,22.18,122.62,80.03,1.3,0.4,0.01,0.4,,,,,,,,,,,,6.98
2025-09-10,22,Ferreira do Zêzere,20.6,87.0,2.0,0.1,W,16.1,22.28,128.11,79.95,1.25,0.38,0.0,0.38,,,,,,,,,,,,6.88
2025-09-10,23,Ferreira do Zêzere,19.8,93.0,2.5,0.1,NW,387.6,22.4,147.72,79.85,1.27,0.39,0.01,0.39,,,,,,,,,,,,6.69
2025-09-11,0,Ferreira do Zêzere,19.4,89.0,2.7,0.1,NW,18.6,22.37,115.02,79.87,1.29,0.41,0.01,0.41,,,,,,,,,,,,6.64
2025-09-11,1,Ferreira do Zêzere,18.3,90.0,1.9,1.8,NW,342.5,22.53,129.16,79.74,1.22,0.38,0.0,0.38,,,,,,,,,,,,8.08
2025-09-11,2,Ferreira do Zêzere,16.9,93.0,0.6,0.1,SE,1.2,22.74,145.58,79.57,1.12,0.35,0.0,0.35,,,,,,,,,,,,8.08
2025-09-11,3,Ferreira do Zêzere,15.8,96.0,0.5,0.1,E,179.2,23.11,155.62,79.27,1.08,0.33,0.0,0.33,,,,,,,,,,,,8.05
2025-09-11,4,Ferreira do Zêzere,14.9,97.0,0.4,0.1,SE,363.2,23.62,158.4,78.85,1.04,0.32,0.0,0.32,,,,,,,,,,,,7.87
2025-09-11,5,Ferreira do Zêzere,14.5,98.0,1.5,0.1,NW,224.2,23.96,159.2,78.58,1.07,0.33,0.0,0.33,,,,,,,,,,,,7.78
2025-09-11,6,Ferreira do Zêzere,14.9,98.0,0.5,0.1,NW,239.1,24.17,160.67,78.41,1.0,0.31,0.0,0.31,,,,,,,,,,,,7.78
2025-09-11,7,Ferreira do Zêzere,15.8,97.0,2.4,0.1,NW,341.2,24.15,152.53,78.42,1.1,0.34,0.0,0.34,,,,,,,,,,,,7.62
2025-09-11,8,Ferreira do Zêzere,17.7,89.0,3.2,0.1,NW,530.6,21.51,118.34,80.58,1.42,0.45,0.01,0.45,,,,,,,,,,,,7.12
2025-09-11,9,Ferreira do Zêzere,19.6,78.0,5.3,0.1,N,1305.5,19.07,85.38,82.64,2.01,0.68,0.01,0.68,,,,,,,,,,,,7.09
2025-09-11,10,Ferreira do Zêzere,22.1,64.0,4.5,0.46,NW,2022.8,16.1,62.64,85.22,2.73,1.0,0.03,1.0,,,,,,,,,,,,6.35
2025-09-11,11,Ferreira do Zêzere,24.1,54.0,5.0,0.44,N,2183.0,14.86,49.84,86.33,3.26,1.87,0.08,1.87,,,,,,,,,,,,6.49
2025-09-11,12,Ferreira do Zêzere,25.6,52.0,4.7,0.46,NW,2833.5,14.0,46.74,87.11,3.59,2.24,0.11,2.24,58.81,2.73,-230.22,58.81,52.56,0.48,3.71,0.18,0.0,0.18,12.0,6.85
2025-09-11,13,Ferreira do Zêzere,26.7,50.0,4.8,0.5,NW,2970.5,12.46,43.23,88.52,4.42,3.04,0.2,3.04,,,,,,,,,,,,6.92
2025-09-11,14,Ferreira do Zêzere,27.4,50.0,5.6,0.43,NW,2866.1,11.68,40.69,89.25,5.11,3.64,0.27,3.64,,,,,,,,,,,,6.97
2025-09-11,15,Ferreira do Zêzere,27.4,51.0,6.6,0.1,NW,2562.2,11.22,39.74,89.68,5.71,4.11,0.33,4.11,,,,,,,,,,,,6.86
2025-09-11,16,Ferreira do Zêzere,27.2,51.0,6.2,0.1,NW,2058.7,10.77,40.58,90.11,5.95,4.29,0.36,4.29,,,,,,,,,,,,6.81
2025-09-11,17,Ferreira do Zêzere,27.0,52.0,5.4,0.1,NW,1413.5,10.54,42.34,90.33,5.9,4.22,0.35,4.22,,,,,,,,,,,,6.53
2025-09-11,18,Ferreira do Zêzere,25.6,59.0,4.8,0.48,NW,713.4,10.45,51.49,90.41,5.79,3.93,0.31,3.93,,,,,,,,,,,,6.71
2025-09-11,19,Ferreira do Zêzere,23.4,69.0,4.4,0.52,NW,68.6,10.73,66.67,90.14,5.46,3.41,0.24,3.41,,,,,,,,,,,,6.8
2025-09-11,20,Ferreira do Zêzere,21.8,76.0,3.8,0.32,NW,0.1,11.41,81.53,89.5,4.84,2.77,0.17,2.77,,,,,,,,,,,,7.02
2025-09-11,21,Ferreira do Zêzere,20.8,81.0,3.1,0.29,N,1.0,12.12,94.68,88.84,4.24,2.21,0.11,2.21,,,,,,,,,,,,7.1
2025-09-11,22,Ferreira do Zêzere,20.0,84.0,2.7,0.5,N,264.65,12.7,105.39,88.3,3.85,1.83,0.08,1.83,,,,,,,,,,,,7.5
2025-09-11,23,Ferreira do Zêzere,19.3,87.0,2.2,0.1,NW,492.43,13.24,115.72,87.8,3.5,1.47,0.05,1.47,,,,,,,,,,,,7.5
2025-09-12,0,Ferreira do Zêzere,18.6,90.0,3.0,0.2,N,370.35,13.83,116.72,87.26,3.37,1.47,0.05,1.47,,,,,,,,,,,,7.6
2025-09-12,1,Ferreira do Zêzere,18.5,91.0,2.7,0.1,---,0.8,14.36,110.69,86.78,3.1,1.2,0.04,1.2,,,,,,,,,,,,5.9
2025-09-12,2,Ferreira do Zêzere,18.0,92.0,2.3,0.18,N,0.3,14.82,115.56,86.37,2.86,0.95,0.02,0.95,,,,,,,,,,,,5.98
2025-09-12,3,Ferreira do Zêzere,17.3,94.0,1.4,0.1,N,0.37,15.12,124.24,86.1,2.63,0.87,0.02,0.87,,,,,,,,,,,,5.98
2025-09-12,4,Ferreira do Zêzere,16.9,95.0,1.7,0.1,NW,0.3,15.42,126.71,85.83,2.58,0.84,0.02,0.84,,,,,,,,,,,,5.98
2025-09-12,5,Ferreira do Zêzere,16.7,95.0,1.1,0.1,N,0.8,15.6,128.29,85.67,2.44,0.8,0.02,0.8,,,,,,,,,,,,5.98
2025-09-12,6,Ferreira do Zêzere,15.9,96.0,0.3,0.1,E,114.5,15.68,133.95,85.6,2.32,0.76,0.02,0.76,,,,,,,,,,,,5.98
2025-09-12,7,Ferreira do Zêzere,15.6,97.0,1.7,0.1,N,661.8,15.81,133.67,85.48,2.45,0.8,0.02,0.8,,,,,,,,,,,,5.98
2025-09-12,8,Ferreira do Zêzere,18.4,90.0,3.1,0.8,N,667.0,14.63,111.95,86.54,3.05,1.13,0.03,1.13,,,,,,,,,,,,6.68
2025-09-12,9,Ferreira do Zêzere,20.4,82.0,3.3,1.1,NW,1355.8,13.41,94.09,87.65,3.61,1.83,0.08,1.83,,,,,,,,,,,,7.68
2025-09-12,10,Ferreira do Zêzere,23.4,69.0,3.6,0.01,NW,1966.5,12.23,66.68,88.74,4.29,2.66,0.15,2.66,,,,,,,,,,,,7.23
2025-09-12,11,Ferreira do Zêzere,26.4,57.0,4.2,0.01,NW,2186.6,11.71,47.49,89.22,4.74,3.33,0.23,3.33,,,,,,,,,,,,6.8
2025-09-12,12,Ferreira do Zêzere,27.8,50.0,4.9,0.1,N,2601.2,11.2,38.48,89.7,5.26,3.95,0.31,3.95,66.58,3.43,-228.0,66.58,40.24,0.72,4.42,0.29,0.0,0.29,12.0,6.44
2025-09-12,13,Ferreira do Zêzere,28.6,49.0,4.8,0.01,N,2606.4,10.46,35.87,90.4,5.78,4.45,0.38,4.45,,,,,,,,,,,,5.95
2025-09-12,14,Ferreira do Zêzere,28.5,49.0,5.0,0.01,NW,2671.7,10.09,34.99,90.75,6.14,4.75,0.43,4.75,,,,,,,,,,,,5.53
2025-09-12,15,Ferreira do Zêzere,29.5,44.0,5.7,0.01,NW,2535.9,9.28,29.92,91.53,7.11,5.68,0.59,5.68,,,,,,,,,,,,5.44
2025-09-12,16,Ferreira do Zêzere,29.7,45.0,5.3,0.01,N,2011.0,8.96,30.4,91.84,7.28,5.8,0.61,5.8,,,,,,,,,,,,5.35
2025-09-12,17,Ferreira do Zêzere,28.7,47.0,4.6,4.4,N,1361.1,8.78,39.27,92.02,7.2,5.55,0.56,5.55,,,,,,,,,,,,9.65
2025-09-12,18,Ferreira do Zêzere,26.6,53.0,5.3,2.3,NW,484.3,8.77,47.68,92.03,7.47,5.48,0.55,5.48,,,,,,,,,,,,11.47
2025-09-12,19,Ferreira do Zêzere,24.1,59.0,4.8,0.01,NW,68.8,9.06,58.46,91.74,7.0,4.9,0.45,4.9,,,,,,,,,,,,10.96
2025-09-12,20,Ferreira do Zêzere,22.3,66.0,4.7,0.01,NW,186.23,9.48,69.21,91.34,6.58,4.39,0.37,4.39,,,,,,,,,,,,10.65
2025-09-12,21,Ferreira do Zêzere,20.7,73.0,2.4,0.01,NW,178.66,9.89,88.49,90.94,5.54,3.46,0.24,3.46,,,,,,,,,,,,10.37
2025-09-12,22,Ferreira do Zêzere,19.6,78.0,2.7,0.01,NW,480.66,10.14,96.54,90.71,5.43,3.28,0.22,3.28,,,,,,,,,,,,9.88
2025-09-12,23,Ferreira do Zêzere,18.6,81.0,4.1,0.01,NW,481.37,10.31,99.19,90.54,5.7,3.4,0.24,3.4,,,,,,,,,,,,9.79
2025-09-13,0,Ferreira do Zêzere,17.8,81.0,2.4,0.01,NW,423.94,10.42,104.27,90.44,5.15,3.2,0.21,3.2,,,,,,,,,,,,9.6
2025-09-13,1,Ferreira do Zêzere,17.3,79.0,4.3,0.01,NW,525.18,10.42,95.27,90.44,5.67,3.61,0.26,3.61,,,,,,,,,,,,9.51
2025-09-13,2,Ferreira do Zêzere,16.6,79.0,1.7,0.1,NW,432.94,10.36,105.31,90.5,5.01,3.11,0.2,3.11,,,,,,,,,,,,9.43
2025-09-13,3,Ferreira do Zêzere,15.9,80.0,2.7,0.1,NW,0.6,10.39,104.2,90.47,5.25,3.26,0.22,3.26,,,,,,,,,,,,9.43
2025-09-13,4,Ferreira do Zêzere,15.7,82.0,3.2,0.01,N,309.48,10.44,106.26,90.42,5.35,3.3,0.23,3.3,,,,,,,,,,,,9.34
2025-09-13,5,Ferreira do Zêzere,15.2,87.0,4.0,0.15,NW,508.17,10.59,115.75,90.28,5.46,3.31,0.23,3.31,,,,,,,,,,,,9.39
2025-09-13,6,Ferreira do Zêzere,14.6,90.0,2.2,0.1,NW,0.15,10.71,129.31,90.16,4.9,2.85,0.17,2.85,,,,,,,,,,,,9.39
2025-09-13,7,Ferreira do Zêzere,14.5,91.0,2.3,0.01,NW,92.8,10.76,131.52,90.12,4.89,2.83,0.17,2.83,,,,,,,,,,,,9.3
2025-09-13,8,Ferreira do Zêzere,16.0,83.0,2.6,0.1,N,601.1,10.67,107.27,90.2,5.03,3.07,0.2,3.07,,,,,,,,,,,,8.6
2025-09-13,9,Ferreira do Zêzere,19.2,63.0,3.8,0.01,N,1317.6,10.31,67.98,90.54,5.61,3.9,0.3,3.9,,,,,,,,,,,,7.51
2025-09-13,10,Ferreira do Zêzere,22.3,48.0,5.8,0.01,NW,1951.4,9.83,47.06,91.0,6.63,5.06,0.48,5.06,,,,,,,,,,,,7.51
2025-09-13,11,Ferreira do Zêzere,24.2,42.0,5.9,0.01,NW,2129.4,9.47,40.03,91.35,7.0,5.55,0.56,5.55,,,,,,,,,,,,7.51
2025-09-13,12,Ferreira do Zêzere,25.8,37.0,5.0,0.01,NW,2720.2,9.16,35.75,91.65,6.98,5.72,0.6,5.72,69.31,4.24,-227.05,69.31,36.28,0.79,5.25,0.35,0.0,0.35,12.0,7.42
2025-09-13,13,Ferreira do Zêzere,26.8,36.0,4.7,0.01,NW,2824.0,8.53,33.95,92.26,7.49,6.21,0.69,6.21,,,,,,,,,,,,7.42
2025-09-13,14,Ferreira do Zêzere,27.6,36.0,5.3,0.01,NW,2781.3,8.01,31.82,92.77,8.3,6.87,0.82,6.87,,,,,,,,,,,,7.42
2025-09-13,15,Ferreira do Zêzere,28.2,35.0,3.8,0.1,---,2437.13,7.772,32.5,93.0,7.95,6.66,0.78,6.66,,,,,,,,,,,,7.51
2025-09-13,16,Ferreira do Zêzere,25.24,45.13,4.2,0.01,W,1915.66,7.596,42.41,93.17,8.31,6.52,0.75,6.52,,,,,,,,,,,,7.51
2025-09-13,17,Ferreira do Zêzere,26.8,42.0,5.6,0.1,NW,1304.3,7.412,26.96,93.36,9.15,7.62,0.99,7.62,,,,,,,,,,,,3.21
2025-09-13,18,Ferreira do Zêzere,24.8,47.0,4.6,0.01,NW,592.0,7.441,20.06,93.33,8.66,8.0,1.08,8.0,,,,,,,,,,,,0.92
2025-09-13,19,Ferreira do Zêzere,22.4,50.0,3.6,0.1,NW,61.3,7.476,23.36,93.29,8.2,7.45,0.95,7.45,,,,,,,,,,,,1.01
2025-09-13,20,Ferreira do Zêzere,20.5,59.0,2.9,0.2,NW,0.1,7.735,29.31,93.04,7.63,6.76,0.8,6.76,,,,,,,,,,,,1.2
2025-09-13,21,Ferreira do Zêzere,19.3,71.0,2.5,0.2,NW,0.1,8.11,37.13,92.67,7.11,6.09,0.67,6.09,,,,,,,,,,,,1.39
2025-09-13,22,Ferreira do Zêzere,18.3,80.0,1.7,0.18,N,0.1,8.55,45.95,92.24,6.42,5.16,0.5,5.16,,,,,,,,,,,,1.56
2025-09-13,23,Ferreira do Zêzere,17.8,84.0,2.3,0.24,NW,0.1,9.03,51.91,91.77,6.2,4.73,0.43,4.73,,,,,,,,,,,,1.79
2025-09-14,0,Ferreira do Zêzere,17.3,86.0,3.5,0.17,NW,0.1,9.51,52.12,91.31,6.17,4.75,0.43,4.75,,,,,,,,,,,,1.95
2025-09-14,1,Ferreira do Zêzere,17.6,85.0,0.7,0.1,NE,0.1,10.05,56.73,90.79,4.97,3.74,0.28,3.74,,,,,,,,,,,,2.04
2025-09-14,2,Ferreira do Zêzere,17.0,88.0,0.5,0.1,SE,0.2,10.59,60.07,90.28,4.57,3.35,0.23,3.35,,,,,,,,,,,,2.04
2025-09-14,3,Ferreira do Zêzere,16.1,92.0,0.6,0.1,N,0.1,11.15,63.78,89.75,4.26,3.03,0.19,3.03,,,,,,,,,,,,2.04
2025-09-14,4,Ferreira do Zêzere,15.4,94.0,1.0,0.21,E,1.7,11.64,69.58,89.29,4.07,2.76,0.16,2.76,,,,,,,,,,,,2.24
2025-09-14,5,Ferreira do Zêzere,14.8,95.0,1.0,0.2,NW,60.3,12.27,71.95,88.7,3.74,2.44,0.13,2.44,,,,,,,,,,,,2.29
2025-09-14,6,Ferreira do Zêzere,16.0,94.0,1.5,0.1,N,145.8,12.67,69.82,88.33,3.64,2.36,0.12,2.36,,,,,,,,,,,,2.29
2025-09-14,7,Ferreira do Zêzere,16.4,92.0,2.4,0.21,N,109.9,13.1,69.78,87.93,3.6,2.29,0.12,2.29,,,,,,,,,,,,2.49
2025-09-14,8,Ferreira do Zêzere,18.6,86.0,3.0,0.1,N,641.6,12.56,60.12,88.43,3.98,2.72,0.16,2.72,,,,,,,,,,,,2.49
2025-09-14,9,Ferreira do Zêzere,21.5,76.0,4.1,0.1,NW,1348.3,11.9,47.67,89.04,4.6,3.41,0.24,3.41,,,,,,,,,,,,2.58
2025-09-14,10,Ferreira do Zêzere,24.4,65.0,4.8,0.1,NW,1989.9,10.92,37.3,89.96,5.43,4.35,0.37,4.35,,,,,,,,,,,,2.67
2025-09-14,11,Ferreira do Zêzere,25.6,62.0,4.4,0.01,NW,2128.5,10.49,34.85,90.37,5.64,4.61,0.41,4.61,,,,,,,,,,,,2.67
2025-09-14,12,Ferreira do Zêzere,27.1,56.0,5.3,0.1,NW,2794.5,9.97,29.98,90.87,6.34,5.34,0.53,5.34,73.13,4.68,-220.47,73.13,30.99,0.91,5.71,0.42,0.01,0.42,12.0,2.76
2025-09-14,13,Ferreira do Zêzere,28.4,51.0,5.3,0.1,NW,2928.2,9.16,26.88,91.65,7.08,6.1,0.67,6.1,,,,,,,,,,,,2.85
2025-09-14,14,Ferreira do Zêzere,29.3,48.0,5.4,0.01,NW,2827.7,8.66,24.69,92.13,7.62,6.65,0.78,6.65,,,,,,,,,,,,2.85
2025-09-14,15,Ferreira do Zêzere,29.8,44.0,6.4,0.01,NW,2516.1,8.35,21.79,92.43,8.37,7.39,0.94,7.39,,,,,,,,,,,,2.76
2025-09-14,16,Ferreira do Zêzere,29.3,46.0,5.8,0.01,NW,2013.9,8.11,23.35,92.67,8.39,7.33,0.93,7.33,,,,,,,,,,,,2.76
2025-09-14,17,Ferreira do Zêzere,27.5,52.0,6.3,0.5,NW,1370.4,7.982,28.65,92.79,8.76,7.28,0.91,7.28,,,,,,,,,,,,3.16
2025-09-14,18,Ferreira do Zêzere,25.4,56.0,5.3,1.2,NW,613.8,8.1,38.6,92.68,8.19,6.49,0.75,6.49,,,,,,,,,,,,4.35
2025-09-14,19,Ferreira do Zêzere,23.5,62.0,4.0,2.0,NW,45.3,8.26,53.81,92.52,7.51,5.65,0.58,5.65,,,,,,,,,,,,6.25
2025-09-14,20,Ferreira do Zêzere,21.9,72.0,5.3,0.3,NW,164.45,8.69,63.75,92.1,7.55,5.41,0.54,5.41,,,,,,,,,,,,6.35
2025-09-14,21,Ferreira do Zêzere,20.7,78.0,4.9,0.37,NW,284.63,9.33,74.85,91.48,6.78,4.69,0.42,4.69,,,,,,,,,,,,6.52
2025-09-14,22,Ferreira do Zêzere,20.0,80.0,4.2,0.47,NW,239.5,10.0,81.84,90.84,5.97,4.04,0.32,4.04,,,,,,,,,,,,6.81
2025-09-14,23,Ferreira do Zêzere,19.6,82.0,4.8,0.58,NW,482.42,10.46,85.89,90.4,5.78,3.85,0.3,3.85,,,,,,,,,,,,7.15
2025-09-15,0,Ferreira do Zêzere,19.3,83.0,4.8,0.1,NW,541.09,10.8,89.44,90.08,5.52,3.68,0.27,3.68,,,,,,,,,,,,7.08
2025-09-15,1,Ferreira do Zêzere,18.9,85.0,4.0,1.05,NW,0.1,11.08,99.88,89.81,5.11,3.3,0.22,3.3,,,,,,,,,,,,8.03
2025-09-15,2,Ferreira do Zêzere,18.6,87.0,4.5,0.1,NW,0.2,11.22,103.87,89.68,5.14,3.29,0.22,3.29,,,,,,,,,,,,8.03
2025-09-15,3,Ferreira do Zêzere,18.2,89.0,3.7,0.1,NW,0.3,11.57,111.67,89.35,4.71,2.92,0.18,2.92,,,,,,,,,,,,8.03
2025-09-15,4,Ferreira do Zêzere,18.2,90.0,4.2,0.1,NW,0.3,12.15,112.89,88.81,4.47,2.72,0.16,2.72,,,,,,,,,,,,7.92
2025-09-15,5,Ferreira do Zêzere,18.2,90.0,4.2,0.1,NW,0.2,12.83,112.45,88.18,4.08,2.4,0.13,2.4,,,,,,,,,,,,7.82
2025-09-15,6,Ferreira do Zêzere,18.1,88.0,3.7,0.1,NW,0.2,13.53,108.26,87.54,3.63,2.04,0.1,2.04,,,,,,,,,,,,7.82
2025-09-15,7,Ferreira do Zêzere,17.5,90.0,3.7,0.1,NW,92.0,14.04,113.98,87.07,3.4,1.8,0.08,1.8,,,,,,,,,,,,7.71
2025-09-15,8,Ferreira do Zêzere,18.5,85.0,5.1,0.1,N,657.9,13.36,96.71,87.69,3.98,2.39,0.13,2.39,,,,,,,,,,,,7.71
2025-09-15,9,Ferreira do Zêzere,20.7,74.0,5.2,0.1,NW,1372.8,12.29,73.79,88.68,4.61,3.1,0.2,3.1,,,,,,,,,,,,7.71
2025-09-15,10,Ferreira do Zêzere,23.7,62.0,5.4,0.6,NW,2016.0,11.33,55.87,89.58,5.3,3.92,0.31,3.92,,,,,,,,,,,,8.21
2025-09-15,11,Ferreira do Zêzere,25.8,52.0,5.6,0.5,NW,2180.0,10.82,44.62,90.06,5.73,4.52,0.39,4.52,,,,,,,,,,,,8.7
2025-09-15,12,Ferreira do Zêzere,28.2,43.0,5.5,0.15,NW,2852.7,10.08,35.1,90.76,6.31,5.28,0.52,5.28,70.45,4.85,-220.43,70.45,34.66,0.84,5.88,0.39,0.01,0.39,12.0,8.75
2025-09-15,13,Ferreira do Zêzere,28.9,44.0,6.5,0.01,NW,2948.3,9.13,33.09,91.68,7.56,6.3,0.71,6.3,,,,,,,,,,,,8.66
2025-09-15,14,Ferreira do Zêzere,29.9,40.0,5.0,0.1,NW,2833.4,8.47,31.32,92.32,7.67,6.54,0.76,6.54,,,,,,,,,,,,8.75
2025-09-15,15,Ferreira do Zêzere,30.2,41.0,5.9,0.01,NW,2513.5,8.19,30.2,92.59,8.34,7.06,0.86,7.06,,,,,,,,,,,,8.75
2025-09-15,16,Ferreira do Zêzere,29.4,46.0,6.0,0.01,NW,1989.1,7.93,33.97,92.85,8.69,7.14,0.88,7.14,,,,,,,,,,,,8.75
2025-09-15,17,Ferreira do Zêzere,27.7,52.0,7.2,0.3,NW,1356.7,7.871,38.7,92.9,9.31,7.35,0.93,7.35,,,,,,,,,,,,8.55
2025-09-15,18,Ferreira do Zêzere,25.0,59.0,6.1,0.1,NW,575.9,7.938,48.43,92.84,8.72,6.66,0.78,6.66,,,,,,,,,,,,7.45
2025-09-15,19,Ferreira do Zêzere,22.3,66.0,4.4,0.01,NW,48.1,8.2,56.81,92.58,7.72,5.77,0.61,5.77,,,,,,,,,,,,5.46
2025-09-15,20,Ferreira do Zêzere,20.2,71.0,3.7,0.1,NW,149.43,8.66,65.66,92.13,7.0,5.1,0.49,5.1,,,,,,,,,,,,5.26
2025-09-15,21,Ferreira do Zêzere,18.9,76.0,4.1,1.8,NW,167.76,9.12,78.94,91.69,6.7,4.68,0.42,4.68,,,,,,,,,,,,6.69
2025-09-15,22,Ferreira do Zêzere,17.8,83.0,3.5,0.01,NW,0.1,9.65,90.99,91.18,6.05,4.09,0.33,4.09,,,,,,,,,,,,6.23
2025-09-15,23,Ferreira do Zêzere,17.0,87.0,2.9,0.01,NW,0.5,9.91,97.8,90.93,5.66,3.76,0.28,3.76,,,,,,,,,,,,5.66
2025-09-16,0,Ferreira do Zêzere,16.4,88.0,3.0,0.01,N,0.2,10.35,106.11,90.51,5.36,3.53,0.25,3.53,,,,,,,,,,,,5.57
2025-09-16,1,Ferreira do Zêzere,15.9,91.0,2.3,0.1,N,0.1,10.69,107.37,90.18,4.94,3.22,0.22,3.22,,,,,,,,,,,,4.62
2025-09-16,2,Ferreira do Zêzere,15.6,93.0,1.9,0.1,N,280.87,11.14,113.34,89.76,4.56,2.89,0.18,2.89,,,,,,,,,,,,4.62
2025-09-16,3,Ferreira do Zêzere,15.3,95.0,2.2,0.1,---,0.8,11.36,118.2,89.55,4.49,2.81,0.17,2.81,,,,,,,,,,,,4.62
2025-09-16,4,Ferreira do Zêzere,15.4,96.0,2.6,0.1,N,0.8,11.81,120.49,89.13,4.31,2.66,0.15,2.66,,,,,,,,,,,,4.62
2025-09-16,5,Ferreira do Zêzere,15.4,96.0,2.9,0.15,N,0.6,12.06,120.67,88.9,4.23,2.59,0.15,2.59,,,,,,,,,,,,4.67
2025-09-16,6,Ferreira do Zêzere,15.1,95.0,2.5,0.15,N,1.0,12.19,118.93,88.77,4.08,2.46,0.13,2.46,,,,,,,,,,,,4.72
2025-09-16,7,Ferreira do Zêzere,14.5,97.0,1.8,0.1,N,58.8,12.27,126.01,88.7,3.9,2.29,0.12,2.29,,,,,,,,,,,,4.72
2025-09-16,8,Ferreira do Zêzere,15.3,94.0,2.3,0.1,NW,567.3,11.83,116.36,89.11,4.24,2.61,0.15,2.61,,,,,,,,,,,,4.72
2025-09-16,9,Ferreira do Zêzere,18.5,81.0,2.1,0.1,NW,1334.1,11.05,86.87,89.84,4.66,3.15,0.21,3.15,,,,,,,,,,,,4.72
2025-09-16,10,Ferreira do Zêzere,22.1,67.0,1.0,14.6,NW,1963.3,9.98,95.47,90.86,5.1,3.55,0.26,3.55,,,,,,,,,,,,18.72
2025-09-16,11,Ferreira do Zêzere,26.3,53.0,0.9,0.1,SW,2110.7,9.34,67.95,91.47,5.54,4.28,0.36,4.28,,,,,,,,,,,,18.32
2025-09-16,12,Ferreira do Zêzere,29.9,41.0,1.5,16.8,S,2802.8,8.52,48.37,92.27,6.39,5.35,0.53,5.35,62.25,4.93,-243.66,62.25,46.91,0.5,5.96,0.23,0.0,0.23,12.0,34.97
2025-09-16,13,Ferreira do Zêzere,32.7,28.0,1.3,0.01,NW,2960.8,7.587,34.42,93.18,7.19,6.48,0.74,6.48,,,,,,,,,,,,34.97
2025-09-16,14,Ferreira do Zêzere,34.5,21.0,1.5,0.01,SW,2867.3,7.009,26.69,93.76,7.86,7.34,0.93,7.34,,,,,,,,,,,,34.88
2025-09-16,15,Ferreira do Zêzere,35.4,25.0,3.3,0.1,NW,2508.2,6.606,23.02,94.16,9.1,8.3,1.15,8.3,,,,,,,,,,,,34.97
2025-09-16,16,Ferreira do Zêzere,34.4,29.0,4.5,0.2,NW,1982.7,6.459,24.71,94.3,9.87,8.7,1.25,8.7,,,,,,,,,,,,35.16
2025-09-16,17,Ferreira do Zêzere,32.9,33.0,5.0,0.3,NW,1326.6,6.424,28.58,94.34,10.17,8.7,1.25,8.7,,,,,,,,,,,,35.16
2025-09-16,18,Ferreira do Zêzere,30.6,37.0,4.4,0.1,NW,552.0,6.352,36.27,94.41,9.97,8.27,1.14,8.27,,,,,,,,,,,,35.16
2025-09-16,19,Ferreira do Zêzere,27.2,44.0,3.7,0.3,NW,42.2,6.38,50.18,94.38,9.58,7.59,0.98,7.59,,,,,,,,,,,,35.45
2025-09-16,20,Ferreira do Zêzere,23.8,51.0,2.5,0.1,NW,110.43,6.524,68.61,94.24,8.84,6.7,0.79,6.7,,,,,,,,,,,,35.45
2025-09-16,21,Ferreira do Zêzere,21.4,56.0,1.6,0.6,N,235.42,6.62,84.3,94.14,8.34,6.12,0.67,6.12,,,,,,,,,,,,34.25
2025-09-16,22,Ferreira do Zêzere,19.3,65.0,1.9,0.1,N,213.61,6.661,99.63,94.1,8.42,5.9,0.63,5.9,,,,,,,,,,,,34.34
2025-09-16,23,Ferreira do Zêzere,17.9,69.0,2.0,0.1,N,0.2,6.761,108.66,94.0,8.35,5.72,0.6,5.72,,,,,,,,,,,,34.43
2025-09-17,0,Ferreira do Zêzere,16.4,73.0,2.0,0.3,N,0.43,6.676,117.35,94.09,8.44,5.79,0.61,5.79,,,,,,,,,,,,34.72
2025-09-17,1,Ferreira do Zêzere,15.7,74.0,1.6,0.1,N,1.91,6.72,123.04,94.04,8.23,5.6,0.57,5.6,,,,,,,,,,,,34.72
2025-09-17,2,Ferreira do Zêzere,14.8,78.0,1.7,0.28,N,0.6,6.772,131.98,93.99,8.21,5.5,0.56,5.5,,,,,,,,,,,,34.9
2025-09-17,3,Ferreira do Zêzere,14.4,84.0,1.9,0.1,N,0.3,6.907,145.1,93.86,8.14,5.35,0.53,5.35,,,,,,,,,,,,34.9
2025-09-17,4,Ferreira do Zêzere,13.6,90.0,1.3,0.1,N,0.1,6.913,166.59,93.85,7.89,5.08,0.48,5.08,,,,,,,,,,,,34.9
2025-09-17,5,Ferreira do Zêzere,12.7,90.0,0.9,0.1,N,1.5,7.075,170.06,93.69,7.56,4.85,0.45,4.85,,,,,,,,,,,,34.85
2025-09-17,6,Ferreira do Zêzere,12.3,94.0,2.1,0.1,N,2.5,7.286,178.88,93.48,7.8,4.95,0.46,4.95,,,,,,,,,,,,34.8
2025-09-17,7,Ferreira do Zêzere,11.8,93.0,1.6,6.1,NE,126.1,7.55,179.33,93.22,7.33,4.64,0.41,4.64,,,,,,,,,,,,40.8
2025-09-17,8,Ferreira do Zêzere,13.5,89.0,1.5,0.1,NW,674.6,7.775,164.38,93.0,7.08,4.54,0.4,4.54,,,,,,,,,,,,40.8
2025-09-17,9,Ferreira do Zêzere,16.3,80.0,1.5,0.2,NW,1367.5,7.679,135.66,93.09,7.17,4.79,0.43,4.79,,,,,,,,,,,,40.9
2025-09-17,10,Ferreira do Zêzere,20.1,64.0,1.0,0.15,---,1997.2,7.275,98.39,93.49,7.39,5.36,0.53,5.36,,,,,,,,,,,,26.45
2025-09-17,11,Ferreira do Zêzere,24.9,48.0,0.8,0.01,N,2130.3,7.194,68.97,93.57,7.4,5.89,0.63,5.89,,,,,,,,,,,,26.36
2025-09-17,12,Ferreira do Zêzere,28.8,36.0,1.2,0.1,NW,2842.6,7.005,40.86,93.76,7.75,6.76,0.8,6.76,65.68,5.38,-243.93,65.68,41.59,0.58,6.42,0.28,0.0,0.28,12.0,9.66
2025-09-17,13,Ferreira do Zêzere,32.4,26.0,1.5,0.01,N,2982.3,6.332,28.0,94.43,8.63,7.95,1.07,7.95,,,,,,,,,,,,9.66
2025-09-17,14,Ferreira do Zêzere,34.9,20.0,2.69,0.01,---,2809.01,5.944,19.32,94.82,9.67,9.14,1.37,9.14,,,,,,,,,,,,9.66
2025-09-17,15,Ferreira do Zêzere,31.43,30.8,2.96,0.01,W,2517.96,5.631,28.68,95.14,10.24,9.01,1.33,9.01,,,,,,,,,,,,9.57
2025-09-17,16,Ferreira do Zêzere,31.14,31.3,3.1,0.01,W,1994.39,4.601,29.04,96.19,11.89,10.19,1.66,10.19,,,,,,,,,,,,9.38
2025-09-17,17,Ferreira do Zêzere,29.95,34.95,2.78,0.01,W,1377.15,4.566,33.3,96.22,11.76,9.9,1.57,9.9,,,,,,,,,,,,9.09
2025-09-17,18,Ferreira do Zêzere,28.23,39.46,2.28,1.5,W,628.23,4.671,41.35,96.11,11.3,9.28,1.4,9.28,,,,,,,,,,,,10.49
2025-09-17,19,Ferreira do Zêzere,24.78,50.15,2.17,1.77,SW,53.61,4.763,57.84,96.02,11.1,8.58,1.22,8.58,,,,,,,,,,,,11.96
2025-09-17,20,Ferreira do Zêzere,22.13,58.42,2.13,0.57,SW,3.0,4.948,72.04,95.83,10.79,8.01,1.08,8.01,,,,,,,,,,,,12.43
2025-09-17,21,Ferreira do Zêzere,20.61,60.91,2.31,0.1,SW,2.2,4.922,76.84,95.86,10.93,7.97,1.07,7.97,,,,,,,,,,,,11.93
2025-09-17,22,Ferreira do Zêzere,19.4,62.7,2.35,2.7,SW,112.13,4.944,84.25,95.84,10.92,7.82,1.04,7.82,,,,,,,,,,,,14.53
2025-09-17,23,Ferreira do Zêzere,18.17,65.57,2.51,5.5,SW,410.83,5.787,93.98,94.98,9.8,6.94,0.84,6.94,,,,,,,,,,,,19.93
2025-09-18,0,Ferreira do Zêzere,17.39,64.39,2.29,0.1,W,0.1,5.807,98.37,94.96,9.66,6.72,0.79,6.72,,,,,,,,,,,,19.73
2025-09-18,1,Ferreira do Zêzere,16.73,63.83,2.17,0.1,SW,0.4,5.79,99.89,94.98,9.63,6.68,0.78,6.68,,,,,,,,,,,,19.73
2025-09-18,2,Ferreira do Zêzere,16.06,64.08,2.14,0.1,W,0.2,5.822,101.93,94.94,9.57,6.61,0.77,6.61,,,,,,,,,,,,19.55
2025-09-18,3,Ferreira do Zêzere,15.75,63.31,2.07,0.1,SW,0.3,5.872,102.08,94.89,9.47,6.55,0.76,6.55,,,,,,,,,,,,19.55
2025-09-18,4,Ferreira do Zêzere,15.85,60.73,2.04,0.1,W,0.9,5.818,98.89,94.95,9.53,6.64,0.78,6.64,,,,,,,,,,,,19.55
2025-09-18,5,Ferreira do Zêzere,15.91,60.27,2.03,0.1,SW,0.4,5.859,98.26,94.91,9.47,6.61,0.77,6.61,,,,,,,,,,,,19.55
2025-09-18,6,Ferreira do Zêzere,15.71,62.23,1.59,0.77,SW,0.1,5.883,103.71,94.88,9.23,6.41,0.73,6.41,,,,,,,,,,,,20.22
2025-09-18,7,Ferreira do Zêzere,15.81,62.58,1.5,0.1,S,71.01,5.985,99.54,94.78,9.06,6.34,0.71,6.34,,,,,,,,,,,,14.22
2025-09-18,8,Ferreira do Zêzere,17.64,59.62,1.29,0.13,NW,540.95,6.315,92.96,94.45,8.56,6.14,0.67,6.14,,,,,,,,,,,,14.25
2025-09-18,9,Ferreira do Zêzere,21.13,51.89,1.83,1.1,NE,1120.88,6.432,74.28,94.33,8.66,6.51,0.75,6.51,,,,,,,,,,,,15.15
2025-09-18,10,Ferreira do Zêzere,24.41,42.74,1.74,7.0,NE,1358.44,6.185,61.36,94.58,8.92,7.04,0.86,7.04,,,,,,,,,,,,22.0
2025-09-18,11,Ferreira do Zêzere,26.3,39.94,1.37,2.2,NE,1042.12,5.948,56.49,94.82,9.05,7.3,0.92,7.3,,,,,,,,,,,,24.19
2025-09-18,12,Ferreira do Zêzere,27.09,40.06,1.42,0.1,SW,1057.29,5.683,54.33,95.08,9.41,7.6,0.99,7.6,58.68,4.98,-256.98,58.68,52.78,0.4,6.01,0.19,0.0,0.19,12.0,24.19
2025-09-18,13,Ferreira do Zêzere,27.46,38.57,1.57,0.1,SW,1037.58,4.795,51.67,95.99,10.72,8.6,1.23,8.6,,,,,,,,,,,,24.28
2025-09-18,14,Ferreira do Zêzere,28.01,35.59,2.56,0.74,S,1161.81,4.601,45.03,96.19,11.57,9.32,1.41,9.32,,,,,,,,,,,,25.01
2025-09-18,15,Ferreira do Zêzere,27.99,35.62,2.48,3.24,W,939.89,4.585,45.78,96.2,11.55,9.29,1.41,9.29,,,,,,,,,,,,28.24
2025-09-18,16,Ferreira do Zêzere,27.73,33.26,2.07,0.1,S,903.76,4.684,46.21,96.1,11.16,9.08,1.35,9.08,,,,,,,,,,,,28.33
2025-09-18,17,Ferreira do Zêzere,27.41,33.6,2.1,0.54,SW,646.58,4.601,47.17,96.19,11.31,9.14,1.37,9.14,,,,,,,,,,,,28.86
2025-09-18,18,Ferreira do Zêzere,26.17,40.6,1.61,0.2,SW,273.7,4.181,56.87,96.62,11.69,9.11,1.36,9.11,,,,,,,,,,,,27.56
2025-09-18,19,Ferreira do Zêzere,23.79,49.07,1.86,0.1,SW,39.15,4.21,68.89,96.59,11.79,8.77,1.27,8.77,,,,,,,,,,,,25.89
2025-09-18,20,Ferreira do Zêzere,22.4,50.79,2.0,0.6,W,1.42,4.394,73.64,96.4,11.58,8.5,1.2,8.5,,,,,,,,,,,,25.92
2025-09-18,21,Ferreira do Zêzere,21.92,53.05,2.03,0.4,S,0.3,4.528,77.11,96.26,11.38,8.28,1.15,8.28,,,,,,,,,,,,26.22
2025-09-18,22,Ferreira do Zêzere,22.01,49.38,1.45,0.4,W,0.5,4.547,75.47,96.24,11.03,8.16,1.12,8.16,,,,,,,,,,,,23.92
2025-09-18,23,Ferreira do Zêzere,21.89,49.69,1.33,4.7,S,1.0,4.528,76.51,96.26,10.99,8.13,1.11,8.13,,,,,,,,,,,,23.12
2025-09-19,0,Ferreira do Zêzere,21.54,50.83,1.14,0.1,---,0.7,4.544,76.84,96.25,10.86,8.11,1.11,8.11,,,,,,,,,,,,23.12
2025-09-19,1,Ferreira do Zêzere,21.13,53.8,1.06,1.8,SE,0.3,4.445,81.97,96.35,10.97,8.08,1.1,8.08,,,,,,,,,,,,24.82
2025-09-19,2,Ferreira do Zêzere,20.47,57.04,1.57,0.37,S,0.1,4.537,84.24,96.25,11.11,8.05,1.09,8.05,,,,,,,,,,,,25.09
2025-09-19,3,Ferreira do Zêzere,19.36,59.8,1.55,0.46,S,0.1,4.63,90.46,96.16,10.96,7.83,1.04,7.83,,,,,,,,,,,,25.45
2025-09-19,4,Ferreira do Zêzere,18.73,60.94,1.94,0.34,N,0.4,4.738,91.47,96.05,11.01,7.8,1.03,7.8,,,,,,,,,,,,25.69
2025-09-19,5,Ferreira do Zêzere,18.31,61.9,1.57,0.52,E,0.37,4.766,95.79,96.02,10.76,7.61,0.99,7.61,,,,,,,,,,,,26.11
2025-09-19,6,Ferreira do Zêzere,17.61,63.46,1.76,0.46,SW,0.5,4.855,98.35,95.93,10.73,7.52,0.97,7.52,,,,,,,,,,,,25.8
2025-09-19,7,Ferreira do Zêzere,17.38,65.01,2.04,0.33,NE,54.96,5.664,99.57,95.1,9.73,6.84,0.82,6.84,,,,,,,,,,,,26.03
2025-09-19,8,Ferreira do Zêzere,18.92,60.14,2.1,0.16,E,430.67,5.911,89.41,94.85,9.43,6.81,0.81,6.81,,,,,,,,,,,,26.06
2025-09-19,9,Ferreira do Zêzere,21.84,52.06,2.34,0.15,E,970.02,5.996,72.12,94.77,9.44,7.13,0.88,7.13,,,,,,,,,,,,25.11
2025-09-19,10,Ferreira do Zêzere,24.76,43.45,2.45,0.15,NE,1388.99,6.096,55.1,94.67,9.36,7.48,0.96,7.48,,,,,,,,,,,,18.26
2025-09-19,11,Ferreira do Zêzere,27.45,37.44,2.46,0.2,E,1872.92,6.093,44.1,94.67,9.37,7.81,1.03,7.81,,,,,,,,,,,,16.26
2025-09-19,12,Ferreira do Zêzere,29.37,35.11,2.66,0.2,---,1948.32,6.007,38.14,94.76,9.58,8.15,1.11,8.15,67.06,5.37,-262.53,67.06,39.53,0.65,6.4,0.31,0.0,0.31,12.0,16.36
2025-09-19,13,Ferreira do Zêzere,29.44,36.62,2.98,0.1,SE,1232.74,10.52,38.1,90.34,5.23,4.55,0.4,4.55,,,,,,,,,,,,16.36
2025-09-23,11,Ferreira do Zêzere,21.19,35.29,3.25,0.77,N,2498.19,7.312,15.61,93.46,8.24,9.03,1.34,9.03,,,,,,,,,,,,0.77
2025-09-23,12,Ferreira do Zêzere,22.8,30.41,3.27,1.0,N,2758.37,7.042,19.94,93.72,8.56,9.05,1.34,9.05,79.15,7.38,-256.73,79.15,23.25,1.23,8.46,0.68,0.01,0.68,12.0,1.77
2025-09-23,13,Ferreira do Zêzere,24.06,27.07,2.84,0.4,---,2755.22,6.596,20.51,94.17,8.91,9.21,1.38,9.21,,,,,,,,,,,,2.17
2025-09-23,14,Ferreira do Zêzere,25.08,24.96,2.66,0.28,SW,2733.4,6.246,20.5,94.52,9.26,9.47,1.45,9.47,,,,,,,,,,,,2.45
2025-09-23,15,Ferreira do Zêzere,25.3,25.3,2.93,0.5,W,2386.53,5.95,22.24,94.82,9.78,9.71,1.52,9.71,,,,,,,,,,,,2.95
2025-09-23,16,Ferreira do Zêzere,24.73,28.06,3.41,0.6,W,1857.29,5.668,25.49,95.1,10.42,9.95,1.59,9.95,,,,,,,,,,,,3.55
2025-09-23,17,Ferreira do Zêzere,24.16,29.32,3.59,0.5,W,1185.47,4.785,28.09,96.0,11.88,10.89,1.86,10.89,,,,,,,,,,,,4.05
2025-09-23,18,Ferreira do Zêzere,22.39,34.84,2.78,0.65,SW,418.52,4.471,35.86,96.32,11.92,10.53,1.76,10.53,,,,,,,,,,,,4.7
2025-09-23,19,Ferreira do Zêzere,19.52,42.8,2.36,0.7,W,29.37,4.426,47.15,96.37,11.74,9.94,1.58,9.94,,,,,,,,,,,,5.4
2025-09-23,20,Ferreira do Zêzere,17.34,50.39,2.35,0.35,W,82.48,4.598,56.24,96.19,11.46,9.41,1.44,9.41,,,,,,,,,,,,5.75
2025-09-23,21,Ferreira do Zêzere,15.98,54.26,2.13,0.38,W,132.68,4.89,62.96,95.89,10.88,8.83,1.28,8.83,,,,,,,,,,,,6.13
2025-09-23,22,Ferreira do Zêzere,14.97,57.08,2.05,0.37,SW,0.2,5.714,68.25,95.05,9.67,7.84,1.04,7.84,,,,,,,,,,,,6.5
2025-09-23,23,Ferreira do Zêzere,14.04,60.22,1.92,0.43,SW,1.3,5.816,74.19,94.95,9.47,7.58,0.98,7.58,,,,,,,,,,,,6.93
2025-09-24,0,Ferreira do Zêzere,13.64,60.91,1.74,0.1,W,1.0,5.902,81.0,94.86,9.28,7.2,0.89,7.2,,,,,,,,,,,,7.03
2025-09-24,1,Ferreira do Zêzere,13.55,60.74,1.54,0.01,NW,1.7,5.885,81.81,94.88,9.2,7.14,0.88,7.14,,,,,,,,,,,,7.04
2025-09-24,2,Ferreira do Zêzere,13.29,60.31,1.83,0.48,NE,0.5,5.879,82.53,94.89,9.35,7.21,0.9,7.21,,,,,,,,,,,,7.52
2025-09-24,3,Ferreira do Zêzere,13.05,59.5,2.13,1.1,NE,0.1,5.913,84.51,94.85,9.45,7.23,0.9,7.23,,,,,,,,,,,,8.62
2025-09-24,4,Ferreira do Zêzere,13.05,58.17,2.21,0.18,---,0.4,5.909,83.57,94.86,9.49,7.27,0.91,7.27,,,,,,,,,,,,8.8
2025-09-24,5,Ferreira do Zêzere,13.01,57.43,2.17,0.1,NE,0.35,5.931,83.41,94.83,9.44,7.24,0.9,7.24,,,,,,,,,,,,8.9
2025-09-24,6,Ferreira do Zêzere,12.95,57.09,2.63,0.1,NE,2.3,5.946,82.04,94.82,9.64,7.38,0.94,7.38,,,,,,,,,,,,9.0
2025-09-24,7,Ferreira do Zêzere,13.11,55.89,2.78,0.1,NE,42.25,6.063,80.54,94.7,9.56,7.34,0.93,7.34,,,,,,,,,,,,9.1
2025-09-24,8,Ferreira do Zêzere,14.55,50.64,3.14,0.1,N,436.17,6.409,72.82,94.35,9.28,7.29,0.91,7.29,,,,,,,,,,,,9.2
2025-09-24,9,Ferreira do Zêzere,17.18,43.54,3.74,0.1,N,1119.86,6.276,61.25,94.49,9.74,7.87,1.05,7.87,,,,,,,,,,,,9.3
2025-09-24,10,Ferreira do Zêzere,19.73,35.73,3.78,0.1,N,1748.76,6.319,51.36,94.44,9.7,8.14,1.11,8.14,,,,,,,,,,,,9.4
2025-09-24,11,Ferreira do Zêzere,22.08,30.17,3.44,0.1,NE,2399.02,6.17,43.51,94.59,9.74,8.46,1.19,8.46,,,,,,,,,,,,8.73
2025-09-24,12,Ferreira do Zêzere,23.91,26.45,3.05,0.01,NE,2666.91,6.209,37.72,94.55,9.5,8.52,1.21,8.52,69.64,6.76,-256.02,69.64,35.81,0.72,7.82,0.38,0.0,0.38,12.0,7.74
2025-09-24,13,Ferreira do Zêzere,25.33,24.58,2.6,0.01,NE,2661.01,5.952,34.64,94.81,9.62,8.77,1.27,8.77,,,,,,,,,,,,7.35
2025-09-24,14,Ferreira do Zêzere,26.27,22.34,2.46,0.01,N,2585.49,5.681,31.96,95.09,9.92,9.14,1.37,9.14,,,,,,,,,,,,7.08
2025-09-24,15,Ferreira do Zêzere,26.58,21.55,2.48,0.1,NE,2244.04,4.75,30.53,96.03,11.29,10.27,1.68,10.27,,,,,,,,,,,,6.68
2025-09-24,16,Ferreira do Zêzere,26.41,22.13,2.4,0.01,N,1744.89,4.436,30.3,96.36,11.75,10.63,1.78,10.63,,,,,,,,,,,,6.09
2025-09-24,17,Ferreira do Zêzere,25.68,24.01,2.1,6.0,NE,1160.92,4.194,38.83,96.61,11.96,10.43,1.72,10.43,,,,,,,,,,,,11.59
2025-09-24,18,Ferreira do Zêzere,24.3,27.36,2.69,0.01,SW,529.49,3.867,41.39,96.94,12.9,10.9,1.87,10.9,,,,,,,,,,,,10.95
2025-09-24,19,Ferreira do Zêzere,21.09,34.19,2.46,0.01,SW,34.36,3.666,51.66,97.15,13.11,10.63,1.78,10.63,,,,,,,,,,,,10.26
2025-09-24,20,Ferreira do Zêzere,18.65,39.92,2.15,0.1,W,0.1,3.784,60.92,97.03,12.7,10.05,1.61,10.05,,,,,,,,,,,,10.01
2025-09-24,21,Ferreira do Zêzere,17.51,43.65,2.14,0.01,W,0.1,3.949,65.29,96.86,12.4,9.71,1.52,9.71,,,,,,,,,,,,9.64
2025-09-24,22,Ferreira do Zêzere,16.86,44.92,2.45,0.01,W,0.2,4.032,66.0,96.77,12.45,9.69,1.51,9.69,,,,,,,,,,,,9.28
2025-09-24,23,Ferreira do Zêzere,15.56,48.78,2.27,0.01,W,1.3,4.165,71.13,96.64,12.12,9.32,1.42,9.32,,,,,,,,,,,,8.86
2025-09-25,0,Ferreira do Zêzere,14.71,50.69,2.15,0.01,SW,1.1,4.258,74.16,96.54,11.89,9.12,1.36,9.12,,,,,,,,,,,,8.77
2025-09-25,1,Ferreira do Zêzere,13.92,52.52,2.01,0.01,N,0.7,4.2,77.59,96.6,11.9,9.05,1.34,9.05,,,,,,,,,,,,8.77
2025-09-25,2,Ferreira do Zêzere,13.46,53.75,2.05,0.1,NE,1.4,4.289,78.37,96.51,11.78,8.94,1.31,8.94,,,,,,,,,,,,8.39
2025-09-25,3,Ferreira do Zêzere,12.84,55.33,1.82,0.1,---,0.33,4.331,78.62,96.46,11.58,8.81,1.28,8.81,,,,,,,,,,,,7.39
2025-09-25,4,Ferreira do Zêzere,12.43,56.19,1.81,0.01,E,0.1,4.318,79.49,96.48,11.59,8.8,1.28,8.8,,,,,,,,,,,,7.22
2025-09-25,5,Ferreira do Zêzere,11.82,58.25,1.61,0.15,E,0.1,4.378,83.08,96.42,11.38,8.59,1.23,8.59,,,,,,,,,,,,7.27
2025-09-25,6,Ferreira do Zêzere,11.42,58.9,1.76,0.1,E,0.3,4.363,83.77,96.43,11.49,8.64,1.24,8.64,,,,,,,,,,,,7.27
2025-09-25,7,Ferreira do Zêzere,11.23,59.6,1.9,0.1,E,39.18,4.483,84.19,96.31,11.38,8.55,1.21,8.55,,,,,,,,,,,,7.27
2025-09-25,8,Ferreira do Zêzere,13.7,52.11,1.8,0.1,NE,482.96,5.657,74.32,95.11,9.62,7.58,0.98,7.58,,,,,,,,,,,,7.27
2025-09-25,9,Ferreira do Zêzere,18.36,38.83,1.93,0.1,NE,1306.25,5.792,56.34,94.97,9.51,7.97,1.07,7.97,,,,,,,,,,,,7.27
2025-09-25,10,Ferreira do Zêzere,21.77,30.6,2.36,0.2,NE,1984.18,5.659,44.41,95.11,9.9,8.63,1.24,8.63,,,,,,,,,,,,7.37
2025-09-25,11,Ferreira do Zêzere,24.16,25.96,2.23,0.1,NE,2399.12,4.874,38.04,95.91,10.96,9.71,1.52,9.71,,,,,,,,,,,,7.37
2025-09-25,12,Ferreira do Zêzere,25.87,23.5,1.92,0.1,NW,2634.39,5.679,34.68,95.09,9.65,8.88,1.3,8.88,70.34,6.83,-254.74,70.34,34.82,0.7,7.89,0.37,0.0,0.37,12.0,7.46
2025-09-25,13,Ferreira do Zêzere,26.94,21.75,2.27,0.15,E,2573.05,4.668,31.45,96.12,11.3,10.26,1.68,10.26,,,,,,,,,,,,7.6
2025-09-25,14,Ferreira do Zêzere,27.47,20.81,2.22,21.7,SW,2622.17,4.289,37.8,96.51,11.88,10.44,1.73,10.44,,,,,,,,,,,,29.29
2025-09-25,15,Ferreira do Zêzere,27.74,20.04,2.87,0.25,SW,2329.2,4.105,35.3,96.7,12.59,11.0,1.9,11.0,,,,,,,,,,,,29.44
2025-09-25,16,Ferreira do Zêzere,27.45,20.25,3.15,19.9,W,1826.69,3.828,36.63,96.98,13.27,11.4,2.02,11.4,,,,,,,,,,,,49.33
2025-09-25,17,Ferreira do Zêzere,29.6,18.0,3.9,0.01,NW,1143.2,3.603,29.44,97.22,14.22,12.34,2.32,12.34,,,,,,,,,,,,43.34
2025-09-25,18,Ferreira do Zêzere,27.1,22.0,3.8,0.01,NW,305.6,3.469,36.64,97.36,14.41,12.1,2.25,12.1,,,,,,,,,,,,43.34
2025-09-25,19,Ferreira do Zêzere,23.9,26.0,1.5,0.67,NW,16.6,3.371,52.7,97.46,13.01,10.75,1.82,10.75,,,,,,,,,,,,44.0
2025-09-25,20,Ferreira do Zêzere,20.2,33.0,1.8,2.23,N,0.2,3.387,65.71,97.44,13.18,10.37,1.71,10.37,,,,,,,,,,,,46.13
2025-09-25,21,Ferreira do Zêzere,16.7,43.0,0.3,4.75,NE,1.2,3.431,93.18,97.4,12.15,9.2,1.38,9.2,,,,,,,,,,,,50.87
2025-09-25,22,Ferreira do Zêzere,14.5,50.0,0.7,5.78,N,1.6,3.517,102.28,97.31,12.25,8.97,1.32,8.97,,,,,,,,,,,,56.64
2025-09-25,23,Ferreira do Zêzere,13.9,52.0,1.2,3.58,NW,2.7,3.549,102.64,97.27,12.5,9.05,1.34,9.05,,,,,,,,,,,,60.21
2025-09-26,0,Ferreira do Zêzere,12.8,56.0,0.5,5.31,N,1.0,3.628,118.43,97.19,11.94,8.41,1.18,8.41,,,,,,,,,,,,65.51
2025-09-26,1,Ferreira do Zêzere,12.3,58.0,1.2,4.74,N,2.7,3.708,116.65,97.11,12.23,8.52,1.21,8.52,,,,,,,,,,,,70.24
2025-09-26,2,Ferreira do Zêzere,10.9,62.0,1.3,5.32,N,1.7,3.797,124.7,97.02,12.14,8.33,1.16,8.33,,,,,,,,,,,,75.46
2025-09-26,3,Ferreira do Zêzere,10.1,66.0,0.7,5.76,NE,1.6,3.787,136.7,97.03,11.8,8.02,1.08,8.02,,,,,,,,,,,,81.12
2025-09-26,4,Ferreira do Zêzere,8.3,74.0,0.8,3.32,NE,1.0,3.914,151.83,96.89,11.65,7.75,1.02,7.75,,,,,,,,,,,,84.43
2025-09-26,5,Ferreira do Zêzere,8.0,76.0,0.6,1.88,N,0.1,3.895,157.61,96.91,11.56,7.67,1.0,7.67,,,,,,,,,,,,86.16
2025-09-26,6,Ferreira do Zêzere,7.0,81.0,0.5,1.77,NE,0.1,3.886,169.37,96.92,11.52,7.56,0.98,7.56,,,,,,,,,,,,87.83
2025-09-26,7,Ferreira do Zêzere,6.5,85.0,0.9,1.11,N,47.6,4.07,174.95,96.73,11.46,7.47,0.96,7.47,,,,,,,,,,,,88.84
2025-09-26,8,Ferreira do Zêzere,10.5,68.0,0.5,0.81,NE,516.4,4.957,141.06,95.82,9.93,6.85,0.82,6.85,,,,,,,,,,,,89.55
2025-09-26,9,Ferreira do Zêzere,15.7,50.0,0.6,1.06,NE,1196.2,5.655,104.14,95.11,9.06,6.78,0.8,6.78,,,,,,,,,,,,90.51
2025-09-26,10,Ferreira do Zêzere,21.5,32.0,3.5,0.72,NW,1861.8,4.712,59.13,96.07,11.95,9.49,1.46,9.49,,,,,,,,,,,,91.03
2025-09-26,11,Ferreira do Zêzere,24.7,25.0,1.8,0.49,N,1995.1,4.665,51.61,96.12,11.04,9.29,1.41,9.29,,,,,,,,,,,,91.42
2025-09-26,12,Ferreira do Zêzere,27.0,23.0,1.7,1.02,NW,2670.0,4.909,44.93,95.87,10.62,9.21,1.38,9.21,64.14,6.34,-319.84,64.14,43.94,0.55,7.37,0.29,0.0,0.29,12.0,92.34
2025-09-26,13,Ferreira do Zêzere,28.7,21.0,1.9,0.1,W,2770.8,4.63,39.06,96.16,11.15,9.79,1.54,9.79,,,,,,,,,,,,92.29
2025-09-26,14,Ferreira do Zêzere,29.8,20.0,2.3,0.2,W,2566.1,4.42,34.6,96.37,11.71,10.33,1.7,10.33,,,,,,,,,,,,70.79
2025-09-26,15,Ferreira do Zêzere,29.7,24.0,4.5,0.53,NW,2258.4,4.305,32.17,96.49,13.3,11.32,1.99,11.32,,,,,,,,,,,,71.07
2025-09-26,16,Ferreira do Zêzere,28.3,27.0,3.8,0.62,NW,1766.0,4.073,37.54,96.73,13.26,11.09,1.92,11.09,,,,,,,,,,,,51.79
2025-09-26,17,Ferreira do Zêzere,26.6,28.0,4.1,1.1,NW,1052.9,3.972,41.42,96.83,13.65,11.18,1.95,11.18,,,,,,,,,,,,52.88
2025-09-26,18,Ferreira do Zêzere,24.3,30.0,4.0,1.18,NW,325.3,3.752,48.39,97.06,14.0,11.16,1.94,11.16,,,,,,,,,,,,54.05
2025-09-26,19,Ferreira do Zêzere,21.5,31.0,2.3,0.78,NW,15.4,3.647,61.04,97.17,13.04,10.27,1.68,10.27,,,,,,,,,,,,54.16
2025-09-26,20,Ferreira do Zêzere,18.5,39.0,1.4,1.68,NW,0.1,3.743,78.86,97.07,12.29,9.35,1.42,9.35,,,,,,,,,,,,53.61
2025-09-26,21,Ferreira do Zêzere,15.1,51.0,1.7,1.74,NW,0.2,3.828,97.23,96.98,12.34,8.9,1.3,8.9,,,,,,,,,,,,50.6
2025-09-26,22,Ferreira do Zêzere,12.6,62.0,1.7,0.86,N,1.0,4.083,115.4,96.72,11.91,8.3,1.15,8.3,,,,,,,,,,,,45.68
2025-09-26,23,Ferreira do Zêzere,11.2,67.0,0.9,1.48,E,0.2,4.216,130.16,96.58,11.23,7.74,1.02,7.74,,,,,,,,,,,,43.58
2025-09-27,0,Ferreira do Zêzere,9.8,73.0,0.9,1.25,NE,1.17,4.398,147.51,96.4,10.95,6.88,0.83,6.88,,,,,,,,,,,,39.52
2025-09-27,1,Ferreira do Zêzere,8.9,77.0,0.9,0.1,NE,13.5,4.646,154.99,96.14,10.58,6.59,0.77,6.59,,,,,,,,,,,,34.88
2025-09-27,2,Ferreira do Zêzere,8.3,81.0,0.7,0.1,NE,25.0,4.779,163.27,96.0,10.28,6.37,0.72,6.37,,,,,,,,,,,,29.66
2025-09-27,3,Ferreira do Zêzere,9.2,84.0,0.2,0.47,N,27.83,4.922,170.6,95.86,9.83,6.1,0.67,6.1,,,,,,,,,,,,24.37
2025-09-27,4,Ferreira do Zêzere,8.8,90.0,0.8,0.1,N,0.8,4.944,176.58,95.84,10.1,6.19,0.68,6.19,,,,,,,,,,,,21.15
2025-09-27,5,Ferreira do Zêzere,7.3,93.0,0.5,0.1,NE,5.5,5.748,185.76,95.02,8.9,5.44,0.54,5.44,,,,,,,,,,,,19.37
2025-09-27,6,Ferreira do Zêzere,6.2,94.0,1.2,0.01,NW,103.0,5.746,184.06,95.02,9.22,5.62,0.58,5.62,,,,,,,,,,,,17.61
2025-09-27,7,Ferreira do Zêzere,5.9,95.0,1.3,0.01,SE,912.7,5.998,185.27,94.77,8.95,5.46,0.55,5.46,,,,,,,,,,,,16.51
2025-09-27,8,Ferreira do Zêzere,7.6,95.0,0.4,0.1,S,424.0,6.448,186.29,94.32,8.04,4.91,0.46,4.91,,,,,,,,,,,,15.8
2025-09-27,9,Ferreira do Zêzere,11.7,84.0,1.2,0.1,S,1093.7,6.569,148.12,94.19,8.23,5.22,0.51,5.22,,,,,,,,,,,,14.84
2025-09-27,10,Ferreira do Zêzere,16.4,66.0,2.8,0.01,S,1462.5,6.661,98.6,94.1,8.81,6.03,0.65,6.03,,,,,,,,,,,,14.13
2025-09-27,11,Ferreira do Zêzere,19.6,60.0,2.7,0.01,S,1193.0,6.672,83.38,94.09,8.75,6.24,0.69,6.24,,,,,,,,,,,,13.65
2025-09-27,12,Ferreira do Zêzere,21.7,50.0,3.9,0.01,S,1542.7,6.615,63.94,94.15,9.37,6.99,0.85,6.99,54.11,4.65,-322.3,54.11,60.83,0.31,5.65,0.14,0.0,0.14,12.0,12.64
2025-09-27,13,Ferreira do Zêzere,22.9,48.0,4.0,0.2,S,1140.1,6.643,59.23,94.12,9.38,7.11,0.88,7.11,,,,,,,,,,,,12.74
2025-09-27,14,Ferreira do Zêzere,23.7,54.0,4.1,0.5,S,850.7,6.765,62.17,94.0,9.27,6.92,0.84,6.92,,,,,,,,,,,,13.04
2025-09-27,15,Ferreira do Zêzere,21.2,77.0,2.5,0.1,S,584.9,7.836,103.89,92.94,7.38,5.0,0.47,5.0,,,,,,,,,,,,12.61
2025-09-27,16,Ferreira do Zêzere,20.7,79.0,4.0,0.5,S,252.8,27.36,102.89,75.89,0.99,0.37,0.0,0.37,,,,,,,,,,,,12.49
2025-09-27,17,Ferreira do Zêzere,19.1,96.0,3.4,0.7,S,340.1,37.65,166.01,68.35,0.7,0.24,0.0,0.24,,,,,,,,,,,,12.09
2025-09-27,18,Ferreira do Zêzere,19.2,96.0,3.9,0.64,S,564.0,38.9,163.55,67.49,0.7,0.24,0.0,0.24,,,,,,,,,,,,11.55
2025-09-27,19,Ferreira do Zêzere,19.5,92.0,4.2,0.55,S,297.6,37.77,141.95,68.27,0.73,0.26,0.0,0.26,,,,,,,,,,,,11.32
2025-09-27,20,Ferreira do Zêzere,19.5,91.0,5.4,0.1,S,186.6,44.16,130.62,64.0,0.66,0.24,0.0,0.24,,,,,,,,,,,,9.74
2025-09-27,21,Ferreira do Zêzere,19.4,92.0,6.2,0.52,S,481.5,47.56,129.29,61.85,0.62,0.22,0.0,0.22,,,,,,,,,,,,8.52
2025-09-27,22,Ferreira do Zêzere,19.2,95.0,5.1,0.8,S,282.2,50.29,145.44,60.17,0.53,0.19,0.0,0.19,,,,,,,,,,,,8.46
2025-09-27,23,Ferreira do Zêzere,18.8,97.0,5.8,0.4,S,229.1,51.36,150.51,59.52,0.53,0.19,0.0,0.19,,,,,,,,,,,,7.38
2025-09-28,0,Ferreira do Zêzere,18.7,97.0,5.9,0.5,S,251.8,52.5,156.17,58.84,0.51,0.16,0.0,0.16,,,,,,,,,,,,6.63
2025-09-28,1,Ferreira do Zêzere,18.6,97.0,5.0,0.4,S,280.4,53.46,159.09,58.28,0.47,0.15,0.0,0.15,,,,,,,,,,,,6.93
2025-09-28,2,Ferreira do Zêzere,18.5,97.0,4.4,0.1,S,214.9,55.07,159.86,57.34,0.42,0.13,0.0,0.13,,,,,,,,,,,,6.93
2025-09-28,3,Ferreira do Zêzere,18.4,98.0,3.5,0.2,SW,250.2,55.51,164.95,57.09,0.4,0.12,0.0,0.12,,,,,,,,,,,,6.66
2025-09-28,4,Ferreira do Zêzere,18.3,98.0,3.0,0.5,SW,219.4,56.61,168.11,56.46,0.37,0.11,0.0,0.11,,,,,,,,,,,,7.06
2025-09-28,5,Ferreira do Zêzere,18.1,98.0,2.7,0.4,SW,232.0,57.23,170.34,56.11,0.35,0.11,0.0,0.11,,,,,,,,,,,,7.36
2025-09-28,6,Ferreira do Zêzere,17.8,98.0,2.6,0.3,SW,250.9,58.04,172.25,55.65,0.34,0.1,0.0,0.1,,,,,,,,,,,,7.65
2025-09-28,7,Ferreira do Zêzere,17.5,98.0,3.4,1.1,W,131.0,58.34,176.96,55.48,0.35,0.11,0.0,0.11,,,,,,,,,,,,8.74
2025-09-28,8,Ferreira do Zêzere,17.3,97.0,3.6,0.1,NW,315.6,58.99,171.01,55.12,0.34,0.1,0.0,0.1,,,,,,,,,,,,8.74
2025-09-28,9,Ferreira do Zêzere,17.4,96.0,4.4,0.3,NW,458.3,59.45,164.96,54.86,0.34,0.11,0.0,0.11,,,,,,,,,,,,8.94
2025-09-28,10,Ferreira do Zêzere,18.2,93.0,5.4,0.23,NW,658.2,56.97,147.46,56.25,0.41,0.13,0.0,0.13,,,,,,,,,,,,9.16
2025-09-28,11,Ferreira do Zêzere,21.0,84.0,5.9,0.1,NW,2186.8,45.63,108.08,63.06,0.65,0.22,0.0,0.22,,,,,,,,,,,,9.25
2025-09-28,12,Ferreira do Zêzere,23.1,74.0,5.7,0.1,NW,2556.1,38.86,82.44,67.52,0.77,0.27,0.0,0.27,45.3,2.96,-322.1,45.3,78.3,0.11,3.92,0.04,0.0,0.04,12.0,9.34
2025-09-28,13,Ferreira do Zêzere,23.9,70.0,5.2,0.16,NW,1604.1,32.77,75.68,71.82,0.86,0.31,0.0,0.31,,,,,,,,,,,,9.3
2025-09-28,14,Ferreira do Zêzere,25.0,65.0,5.0,0.1,NW,1512.2,25.99,66.6,76.96,1.12,0.42,0.01,0.42,,,,,,,,,,,,8.9
2025-09-28,15,Ferreira do Zêzere,25.0,65.0,5.1,0.1,NW,1236.7,21.45,66.35,80.63,1.57,0.59,0.01,0.59,,,,,,,,,,,,8.9
2025-09-28,16,Ferreira do Zêzere,25.1,63.0,5.4,0.1,NW,1391.1,19.55,62.64,82.23,1.92,0.72,0.02,0.72,,,,,,,,,,,,8.5
2025-09-28,17,Ferreira do Zêzere,24.7,63.0,3.7,9.9,NW,641.0,18.95,75.84,82.74,1.88,0.7,0.01,0.7,,,,,,,,,,,,17.7
2025-09-28,18,Ferreira do Zêzere,23.5,68.0,2.6,0.23,NW,140.3,18.5,90.47,83.13,1.87,0.67,0.01,0.67,,,,,,,,,,,,17.29
2025-09-28,19,Ferreira do Zêzere,23.1,68.0,3.3,14.6,NW,23.9,18.58,93.08,83.06,1.92,0.68,0.01,0.68,,,,,,,,,,,,31.34
2025-09-28,20,Ferreira do Zêzere,21.9,71.0,2.8,10.0,N,0.3,18.75,105.65,82.91,1.84,0.64,0.01,0.64,,,,,,,,,,,,41.24
2025-09-28,21,Ferreira do Zêzere,20.1,77.0,1.7,1.3,N,4.9,18.86,130.01,82.82,1.72,0.57,0.01,0.57,,,,,,,,,,,,42.02
2025-09-28,22,Ferreira do Zêzere,18.6,82.0,1.5,0.33,N,2.4,19.18,148.04,82.54,1.64,0.53,0.01,0.53,,,,,,,,,,,,41.55
2025-09-28,23,Ferreira do Zêzere,17.7,85.0,3.3,0.13,N,1.8,19.31,148.9,82.43,1.78,0.56,0.01,0.56,,,,,,,,,,,,41.28
2025-09-29,0,Ferreira do Zêzere,17.1,87.0,2.6,0.4,---,0.4,19.38,154.57,82.37,1.7,0.55,0.01,0.55,,,,,,,,,,,,41.18
2025-09-29,1,Ferreira do Zêzere,16.2,91.0,1.6,3.62,N,0.5,19.15,176.6,82.57,1.66,0.53,0.01,0.53,,,,,,,,,,,,44.4
2025-09-29,2,Ferreira do Zêzere,15.8,92.0,0.5,0.1,NW,0.8,18.96,188.29,82.73,1.6,0.51,0.01,0.51,,,,,,,,,,,,44.4
2025-09-29,3,Ferreira do Zêzere,15.2,94.0,1.1,1.01,N,0.3,19.13,192.9,82.59,1.62,0.51,0.01,0.51,,,,,,,,,,,,45.21
2025-09-29,4,Ferreira do Zêzere,14.4,96.0,0.4,0.57,SW,7.0,18.74,205.55,82.92,1.63,0.51,0.01,0.51,,,,,,,,,,,,45.28
2025-09-29,5,Ferreira do Zêzere,14.1,97.0,0.4,0.1,SE,575.7,18.54,209.61,83.09,1.67,0.52,0.01,0.52,,,,,,,,,,,,44.98
2025-09-29,6,Ferreira do Zêzere,13.2,97.0,0.5,2.35,E,874.0,18.39,210.09,83.22,1.7,0.53,0.01,0.53,,,,,,,,,,,,47.03
2025-09-29,7,Ferreira do Zêzere,13.7,97.0,2.5,1.94,N,592.8,18.2,204.93,83.39,1.93,0.6,0.01,0.6,,,,,,,,,,,,47.87
2025-09-29,8,Ferreira do Zêzere,15.6,89.0,1.5,0.59,N,478.1,17.02,171.48,84.41,2.1,0.67,0.01,0.67,,,,,,,,,,,,48.36
2025-09-29,9,Ferreira do Zêzere,18.9,73.0,1.6,0.79,N,1147.2,15.08,121.92,86.13,2.67,0.93,0.02,0.93,,,,,,,,,,,,48.85
2025-09-29,10,Ferreira do Zêzere,22.2,61.0,1.8,3.03,NW,1756.4,13.96,92.16,87.15,3.12,1.62,0.06,1.62,,,,,,,,,,,,51.65
2025-09-29,11,Ferreira do Zêzere,25.3,49.0,2.0,2.45,E,1896.0,12.8,68.44,88.21,3.67,2.4,0.13,2.4,,,,,,,,,,,,54.0
2025-09-29,12,Ferreira do Zêzere,26.5,44.0,2.2,0.57,SE,2550.4,12.18,59.7,88.78,4.02,2.84,0.17,2.84,53.66,3.49,-352.53,53.66,61.64,0.27,4.46,0.11,0.0,0.11,12.0,54.47
2025-09-29,13,Ferreira do Zêzere,28.2,38.0,1.4,0.15,SW,2652.3,10.93,53.74,89.96,4.57,3.5,0.25,3.5,,,,,,,,,,,,54.46
2025-09-29,14,Ferreira do Zêzere,29.8,36.0,2.0,0.1,SW,2541.9,10.02,45.67,90.82,5.33,4.27,0.35,4.27,,,,,,,,,,,,54.46
2025-09-29,15,Ferreira do Zêzere,29.9,34.0,3.0,0.3,NW,2111.2,9.52,41.13,91.3,6.0,4.88,0.45,4.88,,,,,,,,,,,,54.66
2025-09-29,16,Ferreira do Zêzere,30.0,34.0,3.6,0.01,NW,1684.1,9.12,39.45,91.69,6.54,5.33,0.53,5.33,,,,,,,,,,,,54.57
2025-09-29,17,Ferreira do Zêzere,29.1,37.0,5.6,0.01,NW,962.9,8.85,39.12,91.95,7.5,5.97,0.64,5.97,,,,,,,,,,,,44.68
2025-09-29,18,Ferreira do Zêzere,25.8,47.0,4.7,0.01,NW,214.0,8.71,55.97,92.08,7.31,5.41,0.54,5.41,,,,,,,,,,,,44.46
2025-09-29,19,Ferreira do Zêzere,22.7,54.0,3.7,0.2,NW,12.7,8.91,72.01,91.89,6.76,4.73,0.43,4.73,,,,,,,,,,,,30.06
2025-09-29,20,Ferreira do Zêzere,20.6,62.0,1.9,0.23,NW,0.1,9.17,91.36,91.64,5.96,3.93,0.31,3.93,,,,,,,,,,,,20.29
2025-09-29,21,Ferreira do Zêzere,18.8,69.0,0.8,0.1,NE,0.5,9.4,113.01,91.42,5.46,3.39,0.24,3.39,,,,,,,,,,,,19.09
2025-09-29,22,Ferreira do Zêzere,17.7,73.0,1.2,0.4,N,0.1,9.62,119.14,91.2,5.41,3.26,0.22,3.26,,,,,,,,,,,,19.16
2025-09-29,23,Ferreira do Zêzere,17.0,76.0,0.5,0.1,NW,0.1,9.78,132.83,91.05,5.11,2.98,0.19,2.98,,,,,,,,,,,,19.13
2025-09-30,0,Ferreira do Zêzere,16.4,77.0,1.2,0.25,N,0.3,10.02,122.49,90.82,5.12,3.13,0.21,3.13,,,,,,,,,,,,18.98
2025-09-30,1,Ferreira do Zêzere,15.5,82.0,1.7,0.48,N,0.35,10.2,127.9,90.65,5.12,3.07,0.2,3.07,,,,,,,,,,,,15.84
2025-09-30,2,Ferreira do Zêzere,15.0,84.0,1.0,0.1,NE,2.0,10.26,137.39,90.59,4.91,2.87,0.18,2.87,,,,,,,,,,,,15.84
2025-09-30,3,Ferreira do Zêzere,14.5,86.0,1.1,0.1,NE,7.3,10.31,140.8,90.54,4.9,2.84,0.17,2.84,,,,,,,,,,,,14.93
2025-09-30,4,Ferreira do Zêzere,13.9,89.0,0.6,0.55,SW,21.7,10.44,152.4,90.42,4.69,2.64,0.15,2.64,,,,,,,,,,,,14.91
2025-09-30,5,Ferreira do Zêzere,12.7,94.0,0.5,0.6,NE,0.4,10.48,168.73,90.38,4.64,2.54,0.14,2.54,,,,,,,,,,,,15.41
2025-09-30,6,Ferreira do Zêzere,12.1,96.0,0.6,1.63,E,3.2,10.51,173.25,90.35,4.65,2.52,0.14,2.52,,,,,,,,,,,,14.69
2025-09-30,7,Ferreira do Zêzere,11.8,97.0,0.6,0.1,S,38.9,10.58,172.15,90.29,4.6,2.49,0.14,2.49,,,,,,,,,,,,12.85
2025-09-30,8,Ferreira do Zêzere,14.1,91.0,0.4,0.1,E,451.2,10.7,153.52,90.17,4.48,2.48,0.14,2.48,,,,,,,,,,,,12.36
2025-09-30,9,Ferreira do Zêzere,20.2,65.0,2.5,1.5,E,1111.4,10.19,83.24,90.66,5.34,3.6,0.26,3.6,,,,,,,,,,,,13.07
2025-09-30,10,Ferreira do Zêzere,24.4,49.0,2.2,0.1,E,1749.1,9.77,56.04,91.06,5.57,4.22,0.35,4.22,,,,,,,,,,,,10.14
2025-09-30,11,Ferreira do Zêzere,26.1,45.0,3.0,0.97,SE,1901.7,9.56,45.67,91.26,5.97,4.71,0.42,4.71,,,,,,,,,,,,8.66
2025-09-30,12,Ferreira do Zêzere,27.6,41.0,3.0,0.42,SE,2547.1,9.45,40.1,91.37,6.06,4.94,0.46,4.94,64.99,4.23,-350.56,64.99,42.65,0.61,5.21,0.27,0.0,0.27,12.0,8.51
2025-09-30,13,Ferreira do Zêzere,28.9,38.0,1.7,1.35,S,2650.0,8.81,40.31,91.99,6.2,5.16,0.5,5.16,,,,,,,,,,,,9.71
2025-09-30,14,Ferreira do Zêzere,30.3,34.0,2.2,1.1,NE,2577.3,8.05,34.68,92.73,7.06,6.01,0.65,6.01,,,,,,,,,,,,10.71
2025-09-30,15,Ferreira do Zêzere,29.7,33.0,2.1,1.45,NE,1901.9,8.07,36.23,92.71,7.0,5.95,0.64,5.95,,,,,,,,,,,,11.86
2025-09-30,16,Ferreira do Zêzere,30.2,31.0,2.5,0.3,NW,1608.1,7.753,33.4,93.02,7.46,6.4,0.73,6.4,,,,,,,,,,,,12.15
2025-09-30,17,Ferreira do Zêzere,30.0,31.0,2.5,0.5,N,1035.2,7.58,34.0,93.19,7.64,6.53,0.75,6.53,,,,,,,,,,,,12.64
2025-09-30,18,Ferreira do Zêzere,27.4,42.0,3.4,0.6,NW,152.2,7.377,43.79,93.39,8.23,6.55,0.76,6.55,,,,,,,,,,,,13.23
2025-09-30,19,Ferreira do Zêzere,24.9,50.0,2.1,0.4,N,10.2,7.565,59.06,93.21,7.51,5.69,0.59,5.69,,,,,,,,,,,,13.43
2025-09-30,20,Ferreira do Zêzere,22.6,57.0,1.3,0.2,N,0.1,7.812,74.58,92.96,6.97,5.05,0.48,5.05,,,,,,,,,,,,13.4
2025-09-30,21,Ferreira do Zêzere,19.8,68.0,0.6,0.1,---,138.49,8.05,99.57,92.73,6.51,4.41,0.38,4.41,,,,,,,,,,,,13.4
2025-09-30,22,Ferreira do Zêzere,19.0,71.0,1.4,0.01,N,0.1,8.27,99.19,92.51,6.58,4.38,0.37,4.38,,,,,,,,,,,,13.01
2025-09-30,23,Ferreira do Zêzere,18.4,73.0,1.2,0.9,N,0.1,8.41,105.89,92.38,6.39,4.19,0.34,4.19,,,,,,,,,,,,13.81
2025-10-01,0,Ferreira do Zêzere,17.4,77.0,0.8,0.9,E,170.6,8.51,118.94,92.28,6.17,3.92,0.31,3.92,,,,,,,,,,,,14.46
2025-10-01,1,Ferreira do Zêzere,15.4,87.0,1.0,0.3,E,0.1,8.64,141.9,92.15,6.12,3.73,0.28,3.73,,,,,,,,,,,,14.28
2025-10-01,2,Ferreira do Zêzere,13.9,92.0,0.5,0.8,E,0.2,8.76,161.73,92.04,5.87,3.48,0.25,3.48,,,,,,,,,,,,14.98
2025-10-01,3,Ferreira do Zêzere,12.9,95.0,0.3,2.22,SE,18.9,8.85,176.13,91.95,5.74,3.34,0.23,3.34,,,,,,,,,,,,17.1
2025-10-01,4,Ferreira do Zêzere,12.4,96.0,0.5,1.75,NE,751.3,8.93,180.19,91.87,5.74,3.31,0.23,3.31,,,,,,,,,,,,18.3
2025-10-01,5,Ferreira do Zêzere,12.2,97.0,0.3,1.27,NE,654.0,9.03,185.26,91.77,5.6,3.21,0.21,3.21,,,,,,,,,,,,18.97
2025-10-01,6,Ferreira do Zêzere,11.8,97.0,0.4,0.35,SE,490.0,9.12,183.15,91.69,5.56,3.18,0.21,3.18,,,,,,,,,,,,17.69
2025-10-01,7,Ferreira do Zêzere,11.5,98.0,0.3,0.1,E,457.4,9.3,186.71,91.51,5.4,3.06,0.2,3.06,,,,,,,,,,,,17.69
2025-10-01,8,Ferreira do Zêzere,13.4,97.0,0.3,0.45,SE,603.1,9.61,183.5,91.21,5.18,2.91,0.18,2.91,,,,,,,,,,,,18.04
2025-10-01,9,Ferreira do Zêzere,17.8,77.0,0.6,0.42,NE,1114.6,9.35,123.06,91.46,5.45,3.39,0.24,3.39,,,,,,,,,,,,16.96
2025-10-01,10,Ferreira do Zêzere,22.8,58.0,0.7,0.46,W,1729.1,8.92,82.55,91.88,5.81,4.05,0.32,4.05,,,,,,,,,,,,17.32
2025-10-01,11,Ferreira do Zêzere,27.1,44.0,1.2,0.3,W,1878.1,8.69,54.77,92.1,6.14,4.7,0.42,4.7,,,,,,,,,,,,16.65
2025-10-01,12,Ferreira do Zêzere,29.4,37.0,1.4,0.4,NW,2430.8,8.56,43.58,92.23,6.32,5.07,0.48,5.07,64.45,4.38,-354.7,64.45,43.47,0.55,5.36,0.25,0.0,0.25,12.0,16.63
2025-10-01,13,Ferreira do Zêzere,30.5,31.0,2.3,0.83,S,2651.8,8.23,34.8,92.55,6.92,5.72,0.6,5.72,,,,,,,,,,,,16.11
2025-10-01,14,Ferreira do Zêzere,31.1,29.0,2.0,0.35,N,2426.8,8.01,33.12,92.77,7.02,5.89,0.63,5.89,,,,,,,,,,,,15.36
2025-10-01,15,Ferreira do Zêzere,31.4,28.0,2.1,0.28,W,2159.3,7.729,31.42,93.04,7.34,6.18,0.68,6.18,,,,,,,,,,,,14.19
2025-10-01,16,Ferreira do Zêzere,31.5,27.0,1.5,0.28,NW,1415.5,7.545,32.36,93.22,7.3,6.18,0.68,6.18,,,,,,,,,,,,14.17
2025-10-01,17,Ferreira do Zêzere,29.9,35.0,4.4,0.27,NW,983.5,7.406,33.23,93.36,8.62,6.93,0.84,6.93,,,,,,,,,,,,13.94
2025-10-01,18,Ferreira do Zêzere,27.3,43.0,3.3,0.18,NW,191.7,7.234,45.13,93.53,8.35,6.42,0.73,6.42,,,,,,,,,,,,13.52
2025-10-01,19,Ferreira do Zêzere,24.2,51.0,1.8,0.17,NW,13.4,7.329,62.77,93.44,7.64,5.61,0.58,5.61,,,,,,,,,,,,13.29
2025-10-01,20,Ferreira do Zêzere,21.9,58.0,2.2,0.25,N,0.6,7.493,73.22,93.28,7.62,5.37,0.53,5.37,,,,,,,,,,,,13.34
2025-10-01,21,Ferreira do Zêzere,20.4,62.0,1.9,0.13,N,0.1,7.637,82.39,93.13,7.36,5.07,0.48,5.07,,,,,,,,,,,,13.37
2025-10-01,22,Ferreira do Zêzere,19.4,65.0,1.4,0.1,N,0.5,7.757,90.97,93.02,7.06,4.78,0.43,4.78,,,,,,,,,,,,13.46
2025-10-01,23,Ferreira do Zêzere,17.7,72.0,0.6,0.1,NW,0.3,7.864,109.13,92.91,6.68,4.37,0.37,4.37,,,,,,,,,,,,12.66
2025-10-02,0,Ferreira do Zêzere,16.9,76.0,1.6,0.93,NW,0.1,7.949,108.43,92.83,6.94,4.56,0.4,4.56,,,,,,,,,,,,12.69
2025-10-02,1,Ferreira do Zêzere,16.3,78.0,1.5,1.45,NW,1.2,7.98,115.4,92.8,6.88,4.47,0.39,4.47,,,,,,,,,,,,13.84
2025-10-02,2,Ferreira do Zêzere,16.2,77.0,1.3,0.1,NE,1.2,8.07,113.92,92.71,6.73,4.38,0.37,4.38,,,,,,,,,,,,13.14
2025-10-02,3,Ferreira do Zêzere,14.9,82.0,1.1,0.67,NE,0.21,8.16,123.5,92.62,6.58,4.21,0.35,4.21,,,,,,,,,,,,11.59
2025-10-02,4,Ferreira do Zêzere,14.5,83.0,1.4,0.69,N,0.16,8.26,121.75,92.52,6.58,4.21,0.35,4.21,,,,,,,,,,,,10.53
2025-10-02,5,Ferreira do Zêzere,14.1,83.0,0.4,0.77,NE,0.8,8.35,127.71,92.43,6.18,3.94,0.31,3.94,,,,,,,,,,,,10.03
2025-10-02,6,Ferreira do Zêzere,12.4,91.0,0.4,0.76,N,0.4,8.39,147.24,92.4,6.15,3.8,0.29,3.8,,,,,,,,,,,,10.44
2025-10-02,7,Ferreira do Zêzere,11.7,93.0,0.6,0.1,E,29.9,8.6,151.32,92.19,6.04,3.7,0.28,3.7,,,,,,,,,,,,10.44
2025-10-02,8,Ferreira do Zêzere,14.5,85.0,0.8,0.68,NE,445.2,9.01,129.68,91.79,5.76,3.61,0.26,3.61,,,,,,,,,,,,10.67
2025-10-02,9,Ferreira do Zêzere,18.9,71.0,0.7,0.44,E,1110.7,8.78,99.04,92.02,5.92,3.97,0.31,3.97,,,,,,,,,,,,10.69
2025-10-02,10,Ferreira do Zêzere,22.8,57.0,0.7,0.1,SW,1689.0,8.43,73.23,92.36,6.21,4.51,0.39,4.51,,,,,,,,,,,,10.33
2025-10-02,11,Ferreira do Zêzere,26.2,46.0,1.0,0.62,SE,1894.1,8.08,54.51,92.7,6.62,5.12,0.49,5.12,,,,,,,,,,,,10.65
2025-10-02,12,Ferreira do Zêzere,29.4,34.0,1.4,0.62,SW,2511.0,8.08,38.41,92.7,6.75,5.59,0.57,5.59,67.44,4.69,-354.94,67.44,38.97,0.62,5.68,0.28,0.0,0.28,12.0,10.87
2025-10-02,13,Ferreira do Zêzere,31.0,32.0,4.3,0.68,NW,2623.9,7.524,28.25,93.25,8.43,7.04,0.86,7.04,,,,,,,,,,,,10.72
2025-10-02,14,Ferreira do Zêzere,30.2,38.0,4.8,0.1,NW,2516.0,7.367,31.65,93.4,8.84,7.16,0.89,7.16,,,,,,,,,,,,10.47
2025-10-02,15,Ferreira do Zêzere,29.1,41.0,4.0,0.1,NW,2113.4,7.308,36.38,93.46,8.56,6.83,0.82,6.83,,,,,,,,,,,,10.29
2025-10-02,16,Ferreira do Zêzere,29.6,39.0,4.0,0.1,NW,1605.5,7.218,34.25,93.55,8.67,6.98,0.85,6.98,,,,,,,,,,,,10.11
2025-10-02,17,Ferreira do Zêzere,28.2,46.0,3.8,0.1,NW,949.6,7.162,41.16,93.6,8.65,6.74,0.8,6.74,,,,,,,,,,,,9.94
2025-10-02,18,Ferreira do Zêzere,25.9,52.0,3.5,0.2,NW,155.7,7.183,50.61,93.58,8.49,6.39,0.73,6.39,,,,,,,,,,,,9.96
2025-10-02,19,Ferreira do Zêzere,23.2,64.0,2.6,0.3,N,7.2,7.417,70.07,93.35,7.86,5.6,0.57,5.6,,,,,,,,,,,,10.09
2025-10-02,20,Ferreira do Zêzere,20.8,70.0,3.2,0.3,NW,110.39,7.598,80.39,93.17,7.9,5.44,0.55,5.44,,,,,,,,,,,,10.14
2025-10-02,21,Ferreira do Zêzere,18.7,79.0,3.0,0.13,NW,227.04,7.831,99.09,92.94,7.57,5.02,0.47,5.02,,,,,,,,,,,,10.14
2025-10-02,22,Ferreira do Zêzere,17.3,85.0,3.1,0.1,N,0.1,8.04,113.62,92.74,7.39,4.78,0.43,4.78,,,,,,,,,,,,10.14
2025-10-02,23,Ferreira do Zêzere,16.3,90.0,2.0,0.2,NW,0.1,8.25,132.26,92.53,6.8,4.29,0.36,4.29,,,,,,,,,,,,10.24
2025-10-03,0,Ferreira do Zêzere,15.6,92.0,2.1,0.15,N,1.1,8.38,140.98,92.41,6.71,3.92,0.3,3.92,,,,,,,,,,,,9.46
2025-10-03,1,Ferreira do Zêzere,15.5,90.0,1.8,0.3,N,0.3,8.43,131.63,92.36,6.56,3.87,0.3,3.87,,,,,,,,,,,,8.31
2025-10-03,2,Ferreira do Zêzere,15.0,93.0,3.4,0.2,N,0.3,8.45,137.35,92.34,7.09,4.17,0.34,4.17,,,,,,,,,,,,8.41
2025-10-03,3,Ferreira do Zêzere,14.9,94.0,3.7,0.3,NW,1.2,8.59,138.71,92.2,7.07,4.14,0.34,4.14,,,,,,,,,,,,8.04
2025-10-03,4,Ferreira do Zêzere,14.8,93.0,3.0,0.4,NW,1.1,9.05,135.27,91.75,6.4,3.73,0.28,3.73,,,,,,,,,,,,7.75
2025-10-03,5,Ferreira do Zêzere,14.7,93.0,2.5,0.2,N,0.1,9.73,133.4,91.1,5.69,3.26,0.22,3.26,,,,,,,,,,,,7.18
2025-10-03,6,Ferreira do Zêzere,14.3,94.0,4.5,0.1,N,1.0,10.38,129.28,90.48,5.76,3.32,0.23,3.32,,,,,,,,,,,,6.52
2025-10-03,7,Ferreira do Zêzere,14.0,95.0,5.0,0.2,N,17.4,10.99,133.15,89.9,5.44,3.08,0.2,3.08,,,,,,,,,,,,6.62
2025-10-03,8,Ferreira do Zêzere,14.1,94.0,3.2,0.2,N,148.3,11.55,128.84,89.37,4.6,2.5,0.14,2.5,,,,,,,,,,,,6.14
2025-10-03,9,Ferreira do Zêzere,15.1,89.0,3.6,0.17,NW,456.5,10.88,111.24,90.0,5.14,2.97,0.19,2.97,,,,,,,,,,,,5.87
2025-10-03,10,Ferreira do Zêzere,17.3,79.0,2.4,0.4,N,1476.7,10.39,93.86,90.47,5.17,3.12,0.2,3.12,,,,,,,,,,,,6.17
2025-10-03,11,Ferreira do Zêzere,20.4,67.0,3.9,0.1,N,1975.4,10.11,66.67,90.73,5.8,3.83,0.29,3.83,,,,,,,,,,,,5.65
2025-10-03,12,Ferreira do Zêzere,23.2,57.0,4.8,0.23,N,2544.3,9.92,50.0,90.92,6.22,4.4,0.37,4.4,61.54,3.73,-352.56,61.54,48.05,0.57,4.7,0.24,0.0,0.24,12.0,5.26
2025-10-03,13,Ferreira do Zêzere,25.3,47.0,4.3,0.1,NW,2616.3,9.16,39.32,91.65,6.73,5.07,0.48,5.07,,,,,,,,,,,,4.68
2025-10-03,14,Ferreira do Zêzere,26.7,41.0,3.3,0.15,NW,2475.2,8.52,35.65,92.27,6.99,5.43,0.54,5.43,,,,,,,,,,,,4.73
2025-10-03,15,Ferreira do Zêzere,27.2,40.0,4.7,1.1,NW,1782.7,8.34,34.29,92.44,7.69,5.96,0.64,5.96,,,,,,,,,,,,5.73
2025-10-03,16,Ferreira do Zêzere,26.6,45.0,3.7,0.2,NW,1416.0,8.24,39.71,92.54,7.41,5.61,0.58,5.61,,,,,,,,,,,,5.83
2025-10-03,17,Ferreira do Zêzere,25.1,52.0,3.8,0.01,NW,746.2,8.39,46.31,92.4,7.3,5.33,0.53,5.33,,,,,,,,,,,,5.74
2025-10-03,18,Ferreira do Zêzere,23.1,56.0,4.4,0.1,NW,227.6,8.28,51.33,92.5,7.64,5.43,0.54,5.43,,,,,,,,,,,,5.64
2025-10-03,19,Ferreira do Zêzere,20.0,71.0,4.7,0.1,NW,13.8,8.82,68.9,91.98,7.2,4.76,0.43,4.76,,,,,,,,,,,,5.44
2025-10-03,20,Ferreira do Zêzere,17.5,85.0,4.9,0.1,NW,17.94,9.72,92.21,91.11,6.43,3.97,0.31,3.97,,,,,,,,,,,,5.24
2025-10-03,21,Ferreira do Zêzere,16.4,87.0,3.6,0.1,NW,2.5,10.51,100.46,90.35,5.41,3.22,0.22,3.22,,,,,,,,,,,,5.21
2025-10-03,22,Ferreira do Zêzere,15.7,89.0,3.1,0.01,NW,0.1,11.28,106.18,89.63,4.75,2.71,0.16,2.71,,,,,,,,,,,,5.12
2025-10-03,23,Ferreira do Zêzere,16.0,88.0,3.1,0.1,NW,3.06,12.0,102.82,88.95,4.31,2.39,0.13,2.39,,,,,,,,,,,,5.02
2025-10-04,0,Ferreira do Zêzere,17.0,87.0,4.4,0.1,NW,9.02,12.81,97.65,88.2,4.13,2.08,0.1,2.08,,,,,,,,,,,,4.97
2025-10-04,1,Ferreira do Zêzere,17.2,87.0,4.1,0.1,NW,20.1,13.7,96.49,87.38,3.62,1.66,0.07,1.66,,,,,,,,,,,,4.77
2025-10-04,2,Ferreira do Zêzere,17.3,87.0,3.9,0.2,NW,7.47,14.6,96.79,86.57,3.19,1.24,0.04,1.24,,,,,,,,,,,,4.77
2025-10-04,3,Ferreira do Zêzere,17.3,87.0,4.3,0.4,NW,23.0,15.43,96.71,85.82,2.93,0.96,0.03,0.96,,,,,,,,,,,,4.87
2025-10-04,4,Ferreira do Zêzere,17.1,89.0,6.0,0.19,N,13.58,15.94,96.91,85.37,3.0,0.98,0.03,0.98,,,,,,,,,,,,4.66
2025-10-04,5,Ferreira do Zêzere,17.0,88.0,5.1,0.15,N,2.82,16.38,95.74,84.98,2.72,0.89,0.02,0.89,,,,,,,,,,,,4.61
2025-10-04,6,Ferreira do Zêzere,17.0,87.0,4.6,0.13,NW,2.78,16.83,94.7,84.58,2.51,0.82,0.02,0.82,,,,,,,,,,,,4.64
2025-10-04,7,Ferreira do Zêzere,16.9,88.0,5.0,0.13,NW,12.5,17.51,95.71,83.98,2.36,0.77,0.02,0.77,,,,,,,,,,,,4.57
2025-10-04,8,Ferreira do Zêzere,17.4,86.0,4.7,0.1,N,200.0,16.75,90.56,84.65,2.55,0.84,0.02,0.84,,,,,,,,,,,,4.47
2025-10-04,9,Ferreira do Zêzere,18.2,83.0,4.9,0.1,N,748.4,14.56,82.97,86.6,3.37,1.51,0.06,1.51,,,,,,,,,,,,4.4
2025-10-04,10,Ferreira do Zêzere,19.7,76.0,5.2,0.13,N,1636.4,13.48,68.22,87.58,3.94,2.12,0.1,2.12,,,,,,,,,,,,4.13
2025-10-04,11,Ferreira do Zêzere,21.2,70.0,5.1,0.13,N,1983.1,12.7,59.76,88.3,4.34,2.55,0.14,2.55,,,,,,,,,,,,4.16
2025-10-04,12,Ferreira do Zêzere,22.8,64.0,5.1,0.2,NW,2500.8,11.89,51.8,89.05,4.84,3.07,0.2,3.07,59.71,2.99,-349.51,59.71,51.05,0.52,3.96,0.2,0.0,0.2,12.0,4.13
2025-10-04,13,Ferreira do Zêzere,24.3,60.0,6.0,0.1,NW,2617.9,10.65,45.09,90.22,5.99,4.04,0.32,4.04,,,,,,,,,,,,4.13
2025-10-04,14,Ferreira do Zêzere,24.8,60.0,6.6,0.23,NW,2471.9,10.15,43.79,90.7,6.6,4.5,0.39,4.5,,,,,,,,,,,,4.21
2025-10-04,15,Ferreira do Zêzere,24.6,61.0,6.5,0.28,N,2109.0,9.94,41.55,90.9,6.76,4.66,0.41,4.66,,,,,,,,,,,,3.39
2025-10-04,16,Ferreira do Zêzere,24.8,61.0,5.8,0.42,NW,1600.0,9.85,43.11,90.98,6.61,4.53,0.39,4.53,,,,,,,,,,,,3.61
2025-10-04,17,Ferreira do Zêzere,24.2,63.0,6.6,0.1,NW,982.0,9.82,44.74,91.01,6.91,4.68,0.42,4.68,,,,,,,,,,,,3.7
2025-10-04,18,Ferreira do Zêzere,22.2,71.0,5.7,0.27,NW,122.1,10.05,56.49,90.79,6.4,4.11,0.33,4.11,,,,,,,,,,,,3.87
2025-10-04,19,Ferreira do Zêzere,20.7,78.0,5.1,0.1,NW,4.8,10.8,67.6,90.08,5.61,3.4,0.24,3.4,,,,,,,,,,,,3.87
2025-10-04,20,Ferreira do Zêzere,19.7,84.0,5.5,0.2,NW,0.1,11.64,78.13,89.29,5.11,2.92,0.18,2.92,,,,,,,,,,,,3.97
2025-10-04,21,Ferreira do Zêzere,19.1,86.0,4.4,0.25,N,11.26,12.47,85.97,88.51,4.32,2.3,0.12,2.3,,,,,,,,,,,,4.12
2025-10-04,22,Ferreira do Zêzere,18.9,88.0,2.1,0.21,NW,1.6,13.26,97.69,87.79,3.47,1.55,0.06,1.55,,,,,,,,,,,,4.32
2025-10-04,23,Ferreira do Zêzere,18.9,91.0,3.7,0.1,N,1.3,14.08,100.94,87.04,3.38,1.42,0.05,1.42,,,,,,,,,,,,4.32
2025-10-05,0,Ferreira do Zêzere,19.1,92.0,3.3,0.1,NW,1.1,14.86,102.69,86.33,3.0,0.97,0.03,0.97,,,,,,,,,,,,4.32
2025-10-05,1,Ferreira do Zêzere,18.7,92.0,3.6,0.1,NW,1.2,15.61,102.51,85.66,2.77,0.9,0.02,0.9,,,,,,,,,,,,4.32
2025-10-05,2,Ferreira do Zêzere,17.7,90.0,3.6,0.1,NW,1.1,16.06,97.4,85.26,2.62,0.85,0.02,0.85,,,,,,,,,,,,4.22
2025-10-05,3,Ferreira do Zêzere,17.3,89.0,3.9,0.2,NW,0.1,16.45,92.98,84.91,2.53,0.83,0.02,0.83,,,,,,,,,,,,4.02
2025-10-05,4,Ferreira do Zêzere,17.1,88.0,2.8,0.1,NW,0.1,16.86,92.47,84.55,2.28,0.75,0.02,0.75,,,,,,,,,,,,3.93
2025-10-05,5,Ferreira do Zêzere,16.9,88.0,2.8,0.1,NW,0.24,17.28,92.14,84.19,2.17,0.72,0.02,0.72,,,,,,,,,,,,3.88
2025-10-05,6,Ferreira do Zêzere,16.4,91.0,3.5,0.1,NW,0.2,17.77,97.18,83.76,2.13,0.69,0.01,0.69,,,,,,,,,,,,3.85
2025-10-05,7,Ferreira do Zêzere,15.9,92.0,3.3,0.1,NW,17.1,18.52,99.89,83.11,1.93,0.63,0.01,0.63,,,,,,,,,,,,3.82
2025-10-05,8,Ferreira do Zêzere,16.2,90.0,4.0,0.1,NW,145.9,17.81,93.96,83.72,2.17,0.71,0.01,0.71,,,,,,,,,,,,3.82
2025-10-05,9,Ferreira do Zêzere,17.4,85.0,3.9,0.1,NW,767.4,15.18,83.25,86.04,2.97,0.99,0.03,0.99,,,,,,,,,,,,3.82
2025-10-05,10,Ferreira do Zêzere,20.1,73.0,3.5,0.17,NW,1614.7,13.64,64.92,87.44,3.54,1.83,0.08,1.83,,,,,,,,,,,,3.86
2025-10-05,11,Ferreira do Zêzere,22.6,64.0,3.2,0.8,NW,2039.8,12.35,57.01,88.63,4.14,2.46,0.13,2.46,,,,,,,,,,,,4.53
2025-10-05,12,Ferreira do Zêzere,25.2,54.0,2.5,0.5,NW,2525.2,11.35,47.8,89.56,4.57,3.01,0.19,3.01,61.34,2.95,-346.52,61.34,48.37,0.5,3.91,0.2,0.0,0.2,12.0,4.83
2025-10-05,13,Ferreira do Zêzere,27.2,48.0,2.9,0.01,NW,2619.2,9.94,39.41,90.9,5.64,4.04,0.32,4.04,,,,,,,,,,,,4.74
2025-10-05,14,Ferreira do Zêzere,28.0,47.0,3.2,0.1,NW,2471.0,9.06,36.62,91.74,6.46,4.73,0.43,4.73,,,,,,,,,,,,4.61
2025-10-05,15,Ferreira do Zêzere,28.5,46.0,3.2,1.05,NW,2120.0,8.85,37.05,91.95,6.65,4.88,0.45,4.88,,,,,,,,,,,,5.38
2025-10-05,16,Ferreira do Zêzere,28.7,44.0,4.1,0.6,NW,1597.1,8.64,34.45,92.15,7.16,5.31,0.52,5.31,,,,,,,,,,,,5.56
2025-10-05,17,Ferreira do Zêzere,27.3,49.0,4.3,1.8,NW,956.6,8.47,42.21,92.32,7.4,5.27,0.52,5.27,,,,,,,,,,,,7.26
2025-10-05,18,Ferreira do Zêzere,24.6,55.0,3.5,0.25,NW,116.3,8.48,53.39,92.31,7.1,4.83,0.44,4.83,,,,,,,,,,,,7.24
2025-10-05,19,Ferreira do Zêzere,22.2,58.0,2.5,1.2,N,4.3,8.68,65.9,92.11,6.57,4.3,0.36,4.3,,,,,,,,,,,,8.34
2025-10-05,20,Ferreira do Zêzere,20.3,62.0,2.4,1.75,N,0.4,8.96,77.19,91.84,6.29,3.96,0.31,3.96,,,,,,,,,,,,9.89
2025-10-05,21,Ferreira do Zêzere,18.7,68.0,1.5,0.13,N,2.2,9.23,91.49,91.58,5.79,3.47,0.25,3.47,,,,,,,,,,,,9.77
2025-10-05,22,Ferreira do Zêzere,17.1,75.0,1.2,0.1,NW,0.6,9.5,106.13,91.32,5.5,3.13,0.21,3.13,,,,,,,,,,,,9.66
2025-10-05,23,Ferreira do Zêzere,16.1,80.0,1.3,0.95,N,1.0,9.56,118.06,91.26,5.48,3.03,0.19,3.03,,,,,,,,,,,,10.51
2025-10-06,0,Ferreira do Zêzere,15.2,84.0,1.2,1.36,NE,0.3,9.49,125.29,91.33,5.51,3.24,0.22,3.24,,,,,,,,,,,,11.77
2025-10-06,1,Ferreira do Zêzere,13.5,90.0,0.9,2.03,E,0.28,9.24,147.4,91.57,5.61,3.21,0.21,3.21,,,,,,,,,,,,13.7
2025-10-06,2,Ferreira do Zêzere,12.6,93.0,0.4,0.43,E,0.2,9.07,159.78,91.73,5.6,3.16,0.21,3.16,,,,,,,,,,,,14.03
2025-10-06,3,Ferreira do Zêzere,11.9,95.0,0.6,0.25,NE,2.5,8.98,164.74,91.82,5.73,3.22,0.22,3.22,,,,,,,,,,,,14.08
2025-10-06,4,Ferreira do Zêzere,11.3,96.0,0.5,0.1,SE,24.9,8.86,168.31,91.94,5.79,3.26,0.22,3.26,,,,,,,,,,,,14.08
2025-10-06,5,Ferreira do Zêzere,10.8,96.0,0.6,0.7,SE,635.9,8.72,169.49,92.07,5.94,3.35,0.23,3.35,,,,,,,,,,,,14.68
2025-10-06,6,Ferreira do Zêzere,10.7,97.0,0.7,0.38,SE,938.2,8.61,172.83,92.18,6.06,3.42,0.24,3.42,,,,,,,,,,,,14.96
2025-10-06,7,Ferreira do Zêzere,10.6,97.0,0.7,0.1,SE,903.0,8.56,172.86,92.23,6.1,3.44,0.24,3.44,,,,,,,,,,,,14.96
2025-10-06,8,Ferreira do Zêzere,12.6,91.0,0.5,0.23,S,421.7,8.72,156.06,92.07,5.91,3.38,0.24,3.38,,,,,,,,,,,,15.09
2025-10-06,9,Ferreira do Zêzere,18.0,68.0,0.8,0.37,SW,1069.3,8.48,101.72,92.31,6.2,3.96,0.31,3.96,,,,,,,,,,,,15.36
2025-10-06,10,Ferreira do Zêzere,24.3,41.0,2.1,1.25,E,1488.6,8.07,54.18,92.71,7.0,5.2,0.5,5.2,,,,,,,,,,,,16.44
2025-10-06,11,Ferreira do Zêzere,27.7,33.0,3.4,1.87,SE,2021.8,7.825,38.72,92.95,7.73,6.07,0.66,6.07,,,,,,,,,,,,17.51
2025-10-06,12,Ferreira do Zêzere,28.9,31.0,3.8,0.25,SE,2478.1,7.654,34.41,93.12,8.08,6.43,0.73,6.43,69.76,3.94,-351.27,69.76,35.63,0.75,4.92,0.32,0.0,0.32,12.0,17.26
2025-10-06,13,Ferreira do Zêzere,30.3,30.0,3.8,0.68,SE,2576.2,7.478,31.36,93.29,8.28,6.68,0.78,6.68,,,,,,,,,,,,17.93
2025-10-06,14,Ferreira do Zêzere,31.1,30.0,2.7,1.08,SE,2421.2,7.118,32.11,93.65,8.23,6.68,0.78,6.68,,,,,,,,,,,,18.91
2025-10-06,15,Ferreira do Zêzere,32.1,30.0,1.5,1.12,S,2045.7,6.939,33.24,93.83,7.94,6.51,0.75,6.51,,,,,,,,,,,,18.98
2025-10-06,16,Ferreira do Zêzere,32.2,30.0,1.5,0.6,N,1422.0,6.685,33.04,94.08,8.22,6.74,0.8,6.74,,,,,,,,,,,,18.98
2025-10-06,17,Ferreira do Zêzere,32.1,31.0,2.6,0.1,W,862.2,6.62,30.57,94.14,8.77,7.12,0.88,7.12,,,,,,,,,,,,17.28
2025-10-06,18,Ferreira do Zêzere,28.4,39.0,3.1,0.57,N,147.0,6.404,41.34,94.36,9.27,7.07,0.87,7.07,,,,,,,,,,,,17.6
2025-10-06,19,Ferreira do Zêzere,24.1,49.0,3.0,0.4,N,2.9,6.552,57.92,94.21,9.03,6.47,0.74,6.47,,,,,,,,,,,,16.8
2025-10-06,20,Ferreira do Zêzere,22.2,53.0,2.3,0.28,N,0.4,6.733,67.21,94.03,8.51,5.95,0.64,5.95,,,,,,,,,,,,15.33
2025-10-06,21,Ferreira do Zêzere,21.0,56.0,2.2,1.87,NW,0.6,6.889,74.39,93.87,8.28,5.68,0.59,5.68,,,,,,,,,,,,17.07
2025-10-06,22,Ferreira do Zêzere,19.8,61.0,1.7,0.2,N,0.8,7.057,84.83,93.71,7.89,5.28,0.52,5.28,,,,,,,,,,,,17.17
2025-10-06,23,Ferreira do Zêzere,18.4,68.0,1.2,0.7,N,1.2,7.151,99.48,93.61,7.6,4.92,0.46,4.92,,,,,,,,,,,,16.92
2025-10-07,0,Ferreira do Zêzere,17.4,73.0,1.0,2.05,NE,1.1,7.264,120.75,93.5,7.4,4.44,0.38,4.44,,,,,,,,,,,,17.61
2025-10-07,1,Ferreira do Zêzere,16.8,76.0,0.8,1.54,N,0.5,7.532,128.9,93.24,7.06,4.16,0.34,4.16,,,,,,,,,,,,17.12
2025-10-07,2,Ferreira do Zêzere,15.9,79.0,0.8,0.19,SE,0.9,7.74,136.5,93.03,6.86,3.97,0.31,3.97,,,,,,,,,,,,16.88
2025-10-07,3,Ferreira do Zêzere,14.9,84.0,0.3,0.5,N,0.1,7.997,155.24,92.78,6.46,3.62,0.27,3.62,,,,,,,,,,,,17.13
2025-10-07,4,Ferreira do Zêzere,14.5,85.0,0.3,0.1,E,0.1,8.18,158.21,92.6,6.3,3.5,0.25,3.5,,,,,,,,,,,,17.13
2025-10-07,5,Ferreira do Zêzere,13.8,88.0,0.7,0.61,SE,0.9,8.35,162.5,92.43,6.28,3.44,0.24,3.44,,,,,,,,,,,,17.04
2025-10-07,6,Ferreira do Zêzere,13.4,90.0,0.4,0.1,SE,0.63,8.55,170.78,92.24,6.02,3.24,0.22,3.24,,,,,,,,,,,,16.76
2025-10-07,7,Ferreira do Zêzere,12.7,93.0,1.0,0.17,N,16.2,8.82,176.61,91.98,5.98,3.17,0.21,3.17,,,,,,,,,,,,16.83
2025-10-07,8,Ferreira do Zêzere,14.8,86.0,0.9,0.1,NW,359.1,9.25,153.68,91.56,5.6,3.03,0.19,3.03,,,,,,,,,,,,16.7
2025-10-07,9,Ferreira do Zêzere,18.4,72.0,0.7,0.3,NE,1001.4,8.97,118.52,91.83,5.77,3.39,0.24,3.39,,,,,,,,,,,,16.63
2025-10-07,10,Ferreira do Zêzere,21.5,61.0,1.1,0.1,W,1393.0,8.77,90.01,92.03,6.05,3.85,0.3,3.85,,,,,,,,,,,,15.48
2025-10-07,11,Ferreira do Zêzere,23.8,57.0,1.3,0.23,SW,1962.2,8.71,76.65,92.08,6.16,4.08,0.33,4.08,,,,,,,,,,,,13.84
2025-10-07,12,Ferreira do Zêzere,25.5,56.0,1.7,0.01,W,2361.2,8.6,68.85,92.19,6.38,4.31,0.36,4.31,52.72,3.13,-354.09,52.72,63.4,0.24,4.09,0.1,0.0,0.1,12.0,13.6
2025-10-07,13,Ferreira do Zêzere,27.2,50.0,2.4,0.01,W,2487.1,8.21,55.59,92.57,6.97,4.93,0.46,4.93,,,,,,,,,,,,12.93
2025-10-07,14,Ferreira do Zêzere,27.8,49.0,3.0,0.01,W,2275.6,8.08,50.77,92.7,7.32,5.23,0.51,5.23,,,,,,,,,,,,11.86
2025-10-07,15,Ferreira do Zêzere,27.0,54.0,5.0,0.01,NW,2027.4,7.89,50.92,92.89,8.31,5.78,0.61,5.78,,,,,,,,,,,,10.75
2025-10-07,16,Ferreira do Zêzere,24.8,60.0,5.4,0.1,NW,1444.3,7.947,59.92,92.83,8.41,5.62,0.58,5.62,,,,,,,,,,,,10.25
2025-10-07,17,Ferreira do Zêzere,22.7,64.0,5.1,0.17,NW,818.5,8.08,69.77,92.7,8.13,5.28,0.52,5.28,,,,,,,,,,,,10.32
2025-10-07,18,Ferreira do Zêzere,20.9,69.0,3.7,0.35,NW,119.0,8.25,83.84,92.53,7.4,4.65,0.41,4.65,,,,,,,,,,,,10.1
2025-10-07,19,Ferreira do Zêzere,19.2,74.0,3.3,0.1,NW,2.3,8.78,95.98,92.02,6.75,4.09,0.33,4.09,,,,,,,,,,,,9.8
2025-10-07,20,Ferreira do Zêzere,18.2,77.0,3.2,0.2,NW,114.22,9.23,103.47,91.58,6.31,3.73,0.28,3.73,,,,,,,,,,,,9.72
2025-10-07,21,Ferreira do Zêzere,17.4,83.0,2.8,0.6,NW,0.2,9.8,115.2,91.03,5.72,3.24,0.22,3.24,,,,,,,,,,,,8.45
2025-10-07,22,Ferreira do Zêzere,16.3,87.0,1.9,0.1,NW,0.4,10.46,130.01,90.4,5.0,2.67,0.15,2.67,,,,,,,,,,,,8.35
2025-10-07,23,Ferreira do Zêzere,16.0,90.0,2.3,0.1,NW,0.5,11.1,134.68,89.8,4.67,2.41,0.13,2.41,,,,,,,,,,,,7.75
2025-10-08,0,Ferreira do Zêzere,16.0,90.0,2.8,0.3,NW,0.1,11.46,127.05,89.46,4.57,2.19,0.11,2.19,,,,,,,,,,,,6.0
2025-10-08,1,Ferreira do Zêzere,15.8,91.0,2.7,0.13,NW,0.7,11.73,119.56,89.2,4.38,2.06,0.1,2.06,,,,,,,,,,,,4.59
2025-10-08,2,Ferreira do Zêzere,15.6,90.0,2.8,0.1,NW,0.9,12.1,116.07,88.86,4.19,1.91,0.09,1.91,,,,,,,,,,,,4.5
2025-10-08,3,Ferreira do Zêzere,15.7,90.0,3.1,0.1,NW,0.2,12.48,111.38,88.5,4.04,1.82,0.08,1.82,,,,,,,,,,,,4.1
2025-10-08,4,Ferreira do Zêzere,15.3,91.0,1.8,0.1,NW,0.2,12.9,117.6,88.12,3.58,1.41,0.05,1.41,,,,,,,,,,,,4.1
2025-10-08,5,Ferreira do Zêzere,14.4,93.0,0.9,0.1,N,0.6,13.37,119.6,87.68,3.22,0.99,0.03,0.99,,,,,,,,,,,,3.59
2025-10-08,6,Ferreira do Zêzere,13.1,96.0,0.8,0.15,N,781.0,13.75,128.1,87.34,3.05,0.93,0.02,0.93,,,,,,,,,,,,3.64
2025-10-08,7,Ferreira do Zêzere,13.7,97.0,1.6,0.1,NW,551.7,14.17,128.1,86.95,3.0,0.92,0.02,0.92,,,,,,,,,,,,3.57
2025-10-08,8,Ferreira do Zêzere,13.9,97.0,1.2,0.1,N,687.0,14.25,128.58,86.88,2.91,0.89,0.02,0.89,,,,,,,,,,,,3.57
2025-10-08,9,Ferreira do Zêzere,16.3,89.0,3.4,0.1,NW,966.6,13.04,99.78,87.99,3.81,1.69,0.07,1.69,,,,,,,,,,,,3.37
2025-10-08,10,Ferreira do Zêzere,19.5,65.0,5.6,0.2,NW,1430.5,12.3,58.95,88.67,4.7,2.73,0.16,2.73,,,,,,,,,,,,3.47
2025-10-08,11,Ferreira do Zêzere,20.7,57.0,5.1,1.1,NW,1638.6,11.79,55.74,89.15,4.91,2.98,0.19,2.98,,,,,,,,,,,,4.34
2025-10-08,12,Ferreira do Zêzere,21.2,58.0,4.9,8.12,NW,1706.3,11.19,71.26,89.71,5.26,3.14,0.21,3.14,49.3,2.36,-356.87,49.3,70.01,0.19,3.31,0.07,0.0,0.07,12.0,12.45
2025-10-08,13,Ferreira do Zêzere,21.0,60.0,3.8,10.0,NW,1429.6,10.79,82.52,90.09,5.26,3.08,0.2,3.08,,,,,,,,,,,,22.44
2025-10-08,14,Ferreira do Zêzere,21.9,58.0,4.6,4.11,NW,1780.0,10.27,76.34,90.58,5.87,3.57,0.26,3.57,,,,,,,,,,,,26.54
2025-10-08,15,Ferreira do Zêzere,22.7,57.0,5.1,4.92,NW,2034.8,9.75,72.5,91.08,6.47,4.02,0.32,4.02,,,,,,,,,,,,31.45
2025-10-08,16,Ferreira do Zêzere,21.3,62.0,4.9,2.02,NW,895.1,9.69,83.02,91.14,6.46,3.88,0.3,3.88,,,,,,,,,,,,33.37
2025-10-08,17,Ferreira do Zêzere,20.6,64.0,5.4,0.58,NW,430.2,9.69,86.15,91.14,6.62,3.93,0.31,3.93,,,,,,,,,,,,33.78
2025-10-08,18,Ferreira do Zêzere,19.7,71.0,4.3,5.88,NW,87.3,10.08,103.58,90.76,5.94,3.32,0.23,3.32,,,,,,,,,,,,39.31
2025-10-08,19,Ferreira do Zêzere,18.4,75.0,4.8,2.13,NW,4.7,10.76,113.13,90.12,5.55,2.97,0.19,2.97,,,,,,,,,,,,41.34
2025-10-08,20,Ferreira do Zêzere,16.34,84.86,3.13,1.5,W,93.52,11.43,150.0,89.48,4.66,2.26,0.12,2.26,,,,,,,,,,,,42.64
2025-10-08,21,Ferreira do Zêzere,16.02,86.9,3.44,1.72,W,1.3,12.06,156.29,88.9,4.35,2.03,0.1,2.03,,,,,,,,,,,,43.76
2025-10-08,22,Ferreira do Zêzere,15.85,88.4,3.07,0.66,W,0.2,12.79,163.64,88.22,3.88,1.66,0.07,1.66,,,,,,,,,,,,44.32
2025-10-08,23,Ferreira do Zêzere,17.2,85.0,4.1,0.79,NW,207.38,13.51,144.88,87.56,3.71,1.53,0.06,1.53,,,,,,,,,,,,45.01
2025-10-09,0,Ferreira do Zêzere,17.3,86.0,4.4,1.0,NW,175.17,14.28,148.94,86.85,3.41,1.24,0.04,1.24,,,,,,,,,,,,45.71
2025-10-09,1,Ferreira do Zêzere,17.5,86.0,3.9,0.17,N,0.1,14.95,150.39,86.25,3.05,0.94,0.02,0.94,,,,,,,,,,,,45.75
2025-10-09,2,Ferreira do Zêzere,17.6,87.0,2.9,0.8,NW,0.59,15.51,158.15,85.75,2.71,0.83,0.02,0.83,,,,,,,,,,,,46.45
2025-10-09,3,Ferreira do Zêzere,17.4,87.0,3.9,0.49,NW,0.3,15.97,154.38,85.34,2.69,0.82,0.02,0.82,,,,,,,,,,,,46.84
2025-10-09,4,Ferreira do Zêzere,17.1,88.0,2.9,0.2,NW,1.71,16.35,163.0,85.0,2.44,0.75,0.02,0.75,,,,,,,,,,,,46.94
2025-10-09,5,Ferreira do Zêzere,17.0,89.0,2.3,0.1,NW,0.93,16.73,169.92,84.67,2.26,0.69,0.01,0.69,,,,,,,,,,,,46.94
2025-10-09,6,Ferreira do Zêzere,16.7,90.0,3.7,0.69,NW,273.38,17.09,168.76,84.35,2.32,0.71,0.01,0.71,,,,,,,,,,,,47.48
2025-10-09,7,Ferreira do Zêzere,16.4,91.0,3.0,0.1,N,5.6,17.45,176.36,84.04,2.15,0.66,0.01,0.66,,,,,,,,,,,,47.48
2025-10-09,8,Ferreira do Zêzere,16.5,89.0,2.6,0.1,N,92.7,17.59,169.52,83.92,2.07,0.64,0.01,0.64,,,,,,,,,,,,47.48
2025-10-09,9,Ferreira do Zêzere,17.4,84.0,2.1,0.99,NW,410.1,16.67,153.18,84.72,2.25,0.69,0.01,0.69,,,,,,,,,,,,48.37
2025-10-09,10,Ferreira do Zêzere,19.3,75.0,1.3,0.13,NE,1205.0,14.3,131.11,86.84,2.91,0.91,0.02,0.91,,,,,,,,,,,,48.3
2025-10-09,11,Ferreira do Zêzere,22.0,64.0,1.4,0.8,N,1982.2,12.98,102.36,88.04,3.47,1.59,0.06,1.59,,,,,,,,,,,,48.0
2025-10-09,12,Ferreira do Zêzere,24.4,55.0,2.3,1.62,S,2314.5,11.58,77.28,89.34,4.38,2.54,0.14,2.54,46.23,2.19,-377.67,46.23,76.32,0.11,3.14,0.04,0.0,0.04,12.0,41.5
2025-10-09,13,Ferreira do Zêzere,26.0,50.0,1.0,0.92,S,2411.0,10.34,73.45,90.52,4.85,3.04,0.2,3.04,,,,,,,,,,,,32.42
2025-10-09,14,Ferreira do Zêzere,28.0,46.0,2.9,2.03,NW,2261.4,9.6,54.78,91.22,5.91,3.99,0.32,3.99,,,,,,,,,,,,30.34
2025-10-09,15,Ferreira do Zêzere,28.2,45.0,3.1,2.88,NW,1913.2,9.27,52.57,91.54,6.24,4.27,0.36,4.27,,,,,,,,,,,,28.3
2025-10-09,16,Ferreira do Zêzere,27.9,47.0,4.3,0.62,NW,1403.0,8.99,51.48,91.81,6.89,4.68,0.42,4.68,,,,,,,,,,,,26.9
2025-10-09,17,Ferreira do Zêzere,25.3,58.0,3.8,1.9,NW,753.2,8.95,70.52,91.85,6.76,4.25,0.35,4.25,,,,,,,,,,,,28.22
2025-10-09,18,Ferreira do Zêzere,23.2,65.0,3.6,0.4,NW,129.7,9.15,84.63,91.66,6.51,3.87,0.3,3.87,,,,,,,,,,,,22.74
2025-10-09,19,Ferreira do Zêzere,21.3,70.0,3.0,1.02,NW,2.3,9.52,99.66,91.3,6.0,3.39,0.24,3.39,,,,,,,,,,,,21.63
2025-10-09,20,Ferreira do Zêzere,19.9,73.0,2.1,1.07,NW,0.6,9.84,113.18,90.99,5.49,2.96,0.19,2.96,,,,,,,,,,,,21.2
2025-10-09,21,Ferreira do Zêzere,18.7,77.0,1.8,1.56,N,138.55,10.12,126.06,90.73,5.21,2.68,0.16,2.68,,,,,,,,,,,,21.04
2025-10-09,22,Ferreira do Zêzere,18.0,79.0,1.6,0.61,NW,0.2,10.39,133.5,90.47,4.97,2.48,0.14,2.48,,,,,,,,,,,,20.99
2025-10-09,23,Ferreira do Zêzere,17.4,82.0,0.8,0.3,N,0.4,10.39,148.24,90.47,4.77,2.34,0.12,2.34,,,,,,,,,,,,20.5
2025-10-10,0,Ferreira do Zêzere,16.6,85.0,1.0,0.36,---,151.41,10.25,145.58,90.6,4.91,2.54,0.14,2.54,,,,,,,,,,,,19.86
2025-10-10,1,Ferreira do Zêzere,15.5,88.0,0.7,0.13,SE,215.44,10.09,157.79,90.75,4.95,2.52,0.14,2.52,,,,,,,,,,,,19.82
2025-10-10,2,Ferreira do Zêzere,14.0,93.0,1.1,0.23,E,0.1,9.85,171.96,90.98,5.22,2.64,0.15,2.64,,,,,,,,,,,,19.25
2025-10-10,3,Ferreira do Zêzere,13.8,94.0,1.2,0.1,NE,0.7,9.67,174.8,91.16,5.37,2.75,0.16,2.75,,,,,,,,,,,,18.86
2025-10-10,4,Ferreira do Zêzere,14.2,89.0,0.7,1.24,NE,7.4,9.58,162.44,91.24,5.3,2.74,0.16,2.74,,,,,,,,,,,,19.9
2025-10-10,5,Ferreira do Zêzere,12.6,93.0,0.9,1.66,NE,0.6,9.56,176.6,91.26,5.37,2.75,0.16,2.75,,,,,,,,,,,,21.46
2025-10-10,6,Ferreira do Zêzere,12.1,95.0,0.6,0.1,NE,1.3,9.6,184.5,91.22,5.26,2.67,0.16,2.67,,,,,,,,,,,,20.87
2025-10-10,7,Ferreira do Zêzere,11.7,94.0,0.5,1.4,E,14.7,9.67,183.43,91.16,5.19,2.62,0.15,2.62,,,,,,,,,,,,22.17
2025-10-10,8,Ferreira do Zêzere,13.4,89.0,0.7,0.28,N,320.9,9.94,165.71,90.9,5.05,2.55,0.14,2.55,,,,,,,,,,,,22.35
2025-10-10,9,Ferreira do Zêzere,19.6,61.0,1.2,1.1,E,937.7,9.61,95.44,91.21,5.42,3.29,0.22,3.29,,,,,,,,,,,,22.46
2025-10-10,11,Ferreira do Zêzere,25.7,41.0,3.0,1.2,E,2021.7,8.88,52.45,91.92,6.55,4.68,0.42,4.68,,,,,,,,,,,,22.73
2025-10-10,12,Ferreira do Zêzere,27.0,39.0,2.6,0.68,E,2318.1,8.43,48.84,92.36,6.83,4.99,0.47,4.99,59.33,2.99,-384.78,59.33,51.68,0.45,3.95,0.17,0.0,0.17,12.0,21.79
2025-10-10,13,Ferreira do Zêzere,28.0,36.0,3.1,0.01,SE,2423.6,7.868,43.03,92.91,7.57,5.64,0.58,5.64,,,,,,,,,,,,20.88
2025-10-10,14,Ferreira do Zêzere,28.9,34.0,1.8,0.13,SE,2270.1,7.452,43.02,93.32,7.51,5.69,0.59,5.69,,,,,,,,,,,,18.98
2025-10-10,15,Ferreira do Zêzere,29.5,33.0,2.9,0.01,SE,1929.2,7.268,37.3,93.5,8.14,6.22,0.69,6.22,,,,,,,,,,,,16.11
2025-10-10,17,Ferreira do Zêzere,29.3,33.0,2.2,7.33,E,740.1,6.905,40.69,93.86,8.26,6.28,0.7,6.28,,,,,,,,,,,,20.92
2025-10-10,18,Ferreira do Zêzere,28.0,36.0,1.1,3.23,NE,86.4,6.691,50.41,94.07,8.05,5.98,0.65,5.98,,,,,,,,,,,,23.75
2025-10-10,19,Ferreira do Zêzere,25.1,43.0,1.3,2.25,NE,0.9,6.818,62.4,93.95,7.99,5.64,0.58,5.64,,,,,,,,,,,,24.98
2025-10-10,20,Ferreira do Zêzere,21.8,54.0,0.8,10.7,W,0.1,6.959,87.39,93.81,7.64,5.01,0.47,5.01,,,,,,,,,,,,34.61
2025-10-10,21,Ferreira do Zêzere,19.4,63.0,0.4,0.1,SE,0.41,7.075,109.55,93.69,7.37,4.58,0.4,4.58,,,,,,,,,,,,33.15
2025-10-10,22,Ferreira do Zêzere,17.1,72.0,0.4,0.2,S,0.7,7.125,129.7,93.64,7.32,4.32,0.36,4.32,,,,,,,,,,,,32.74
2025-10-10,23,Ferreira do Zêzere,15.7,77.0,0.4,0.01,SW,1.2,7.181,142.15,93.58,7.27,4.18,0.34,4.18,,,,,,,,,,,,32.45
2025-10-11,0,Ferreira do Zêzere,16.2,74.0,2.9,0.01,E,0.3,7.297,115.33,93.47,8.11,4.92,0.46,4.92,,,,,,,,,,,,32.1
2025-10-11,1,Ferreira do Zêzere,22.2,47.0,2.1,0.4,E,0.1,7.406,69.94,93.36,7.67,5.33,0.53,5.33,,,,,,,,,,,,32.37
2025-10-11,2,Ferreira do Zêzere,19.8,55.0,1.3,0.01,N,0.41,7.524,88.24,93.25,7.25,4.79,0.44,4.79,,,,,,,,,,,,32.15
2025-10-11,3,Ferreira do Zêzere,19.4,58.0,0.9,0.01,NW,0.1,7.672,95.51,93.1,6.96,4.53,0.39,4.53,,,,,,,,,,,,32.06
2025-10-11,4,Ferreira do Zêzere,17.0,67.0,1.2,0.01,N,0.2,7.825,111.09,92.95,6.92,4.29,0.36,4.29,,,,,,,,,,,,30.83
2025-10-11,5,Ferreira do Zêzere,16.8,68.0,1.3,0.1,NE,0.1,7.971,111.88,92.81,6.82,4.2,0.34,4.2,,,,,,,,,,,,29.27
2025-10-11,6,Ferreira do Zêzere,19.1,61.0,1.8,0.01,NE,1.2,8.18,93.52,92.6,6.79,4.36,0.37,4.36,,,,,,,,,,,,29.18
2025-10-11,7,Ferreira do Zêzere,19.3,62.0,1.3,0.01,NE,9.7,8.43,96.78,92.36,6.4,4.08,0.33,4.08,,,,,,,,,,,,27.79
2025-10-11,8,Ferreira do Zêzere,20.2,60.0,2.0,0.01,E,362.2,8.78,87.94,92.02,6.32,4.08,0.33,4.08,,,,,,,,,,,,27.52
2025-10-11,9,Ferreira do Zêzere,22.0,53.0,4.3,0.1,E,1011.8,8.47,67.51,92.32,7.4,5.03,0.47,5.03,,,,,,,,,,,,26.52
2025-10-11,10,Ferreira do Zêzere,23.8,46.0,4.6,0.01,E,1269.8,8.11,56.45,92.67,7.9,5.58,0.57,5.58,,,,,,,,,,,,26.53
2025-10-11,11,Ferreira do Zêzere,25.5,39.0,5.8,0.01,E,2088.4,7.908,45.11,92.87,8.63,6.32,0.71,6.32,,,,,,,,,,,,25.34
2025-10-11,12,Ferreira do Zêzere,26.7,36.0,4.3,0.01,SE,2371.2,7.641,43.21,93.13,8.3,6.22,0.69,6.22,64.08,3.49,-393.47,64.08,44.03,0.63,4.46,0.26,0.0,0.26,12.0,24.67
2025-10-11,13,Ferreira do Zêzere,27.9,34.0,5.0,0.1,E,2469.0,7.301,38.16,93.47,9.01,6.84,0.82,6.84,,,,,,,,,,,,24.76
2025-10-11,14,Ferreira do Zêzere,28.7,32.0,3.6,0.01,E,2316.3,7.018,37.91,93.75,8.73,6.73,0.8,6.73,,,,,,,,,,,,24.64
2025-10-11,15,Ferreira do Zêzere,29.1,30.0,3.2,0.1,E,1968.8,6.735,36.83,94.03,8.9,6.92,0.84,6.92,,,,,,,,,,,,24.73
2025-10-11,16,Ferreira do Zêzere,29.3,29.0,3.8,0.5,E,1444.6,6.528,34.76,94.24,9.44,7.34,0.93,7.34,,,,,,,,,,,,25.23
2025-10-11,17,Ferreira do Zêzere,28.9,30.0,3.3,0.01,E,759.8,6.378,35.84,94.39,9.39,7.28,0.91,7.28,,,,,,,,,,,,17.91
2025-10-11,18,Ferreira do Zêzere,27.6,32.0,1.7,0.01,E,69.7,6.152,42.77,94.61,8.94,6.85,0.82,6.85,,,,,,,,,,,,14.69
2025-10-11,19,Ferreira do Zêzere,23.8,41.0,1.1,0.2,NE,0.6,6.224,58.52,94.54,8.59,6.21,0.69,6.21,,,,,,,,,,,,12.64
2025-10-11,20,Ferreira do Zêzere,20.3,51.0,0.9,0.3,N,140.51,6.354,41.52,94.41,8.35,6.27,0.7,6.27,,,,,,,,,,,,2.24
2025-10-11,21,Ferreira do Zêzere,18.8,57.0,1.4,0.01,N,216.82,6.459,43.98,94.3,8.44,6.22,0.69,6.22,,,,,,,,,,,,2.15
2025-10-11,22,Ferreira do Zêzere,17.7,60.0,0.4,0.01,NW,0.1,6.576,47.5,94.19,7.9,5.84,0.62,5.84,,,,,,,,,,,,1.96
2025-10-11,23,Ferreira do Zêzere,15.1,71.0,0.3,0.01,E,0.4,6.709,56.4,94.05,7.72,5.49,0.55,5.49,,,,,,,,,,,,1.96
2025-10-12,0,Ferreira do Zêzere,13.9,77.0,0.9,0.01,SE,1.3,6.831,63.03,93.93,7.82,5.4,0.54,5.4,,,,,,,,,,,,1.96
2025-10-12,1,Ferreira do Zêzere,13.1,80.0,0.3,12.47,SE,1.1,6.961,139.95,93.8,7.45,4.37,0.37,4.37,,,,,,,,,,,,14.03
2025-10-12,2,Ferreira do Zêzere,12.5,83.0,0.4,0.67,E,0.47,7.057,146.48,93.71,7.39,4.28,0.36,4.28,,,,,,,,,,,,14.69
2025-10-12,3,Ferreira do Zêzere,12.1,85.0,0.3,1.15,SW,0.7,7.17,154.12,93.6,7.24,4.14,0.34,4.14,,,,,,,,,,,,15.83
2025-10-12,4,Ferreira do Zêzere,11.6,87.0,0.4,0.25,SE,0.1,7.297,158.35,93.47,7.15,4.06,0.32,4.06,,,,,,,,,,,,16.07
2025-10-12,5,Ferreira do Zêzere,11.2,90.0,0.2,0.01,NE,0.2,7.423,167.79,93.35,6.96,3.9,0.3,3.9,,,,,,,,,,,,15.98
2025-10-12,6,Ferreira do Zêzere,10.8,91.0,0.8,0.1,SE,0.1,7.606,166.03,93.16,6.99,3.9,0.3,3.9,,,,,,,,,,,,16.07
2025-10-12,7,Ferreira do Zêzere,10.7,92.0,1.1,0.2,W,13.1,7.829,167.71,92.95,6.88,3.82,0.29,3.82,,,,,,,,,,,,16.26
2025-10-12,8,Ferreira do Zêzere,13.3,84.0,0.5,1.1,SE,359.0,8.22,150.06,92.56,6.33,3.58,0.26,3.58,,,,,,,,,,,,17.35
2025-10-12,9,Ferreira do Zêzere,20.7,60.0,4.0,0.23,E,964.3,8.08,76.77,92.7,7.69,5.03,0.48,5.03,,,,,,,,,,,,17.48
2025-10-12,10,Ferreira do Zêzere,23.7,50.0,5.3,1.4,E,1410.1,7.82,57.36,92.95,8.52,5.9,0.63,5.9,,,,,,,,,,,,18.87
2025-10-12,11,Ferreira do Zêzere,24.7,47.0,4.1,2.0,E,1709.9,7.703,55.9,93.07,8.15,5.75,0.6,5.75,,,,,,,,,,,,20.86
2025-10-12,12,Ferreira do Zêzere,25.9,43.0,3.5,2.4,NE,2336.6,7.711,52.06,93.06,7.89,5.71,0.59,5.71,59.67,3.38,-401.15,59.67,51.12,0.48,4.35,0.19,0.0,0.19,12.0,23.25
2025-10-12,13,Ferreira do Zêzere,26.7,40.0,2.3,0.1,NE,1739.6,7.36,51.45,93.41,7.8,5.75,0.6,5.75,,,,,,,,,,,,23.25
2025-10-12,14,Ferreira do Zêzere,28.3,36.0,3.3,0.01,E,2268.9,7.007,42.24,93.76,8.61,6.5,0.75,6.5,,,,,,,,,,,,23.25
2025-10-12,15,Ferreira do Zêzere,29.0,34.0,2.5,0.1,E,2060.3,6.715,41.47,94.05,8.61,6.59,0.77,6.59,,,,,,,,,,,,23.25
2025-10-12,16,Ferreira do Zêzere,28.6,34.0,2.0,0.01,E,903.9,6.552,43.8,94.21,8.59,6.55,0.76,6.55,,,,,,,,,,,,22.76
2025-10-12,17,Ferreira do Zêzere,28.7,33.0,2.7,0.01,NE,793.7,6.585,40.95,94.18,8.86,6.77,0.8,6.77,,,,,,,,,,,,22.76
2025-10-12,18,Ferreira do Zêzere,26.7,39.0,1.3,0.01,N,96.3,6.419,54.55,94.34,8.45,6.23,0.69,6.23,,,,,,,,,,,,22.76
2025-10-12,19,Ferreira do Zêzere,24.1,46.0,2.1,0.01,N,2.1,6.602,63.24,94.16,8.57,6.03,0.65,6.03,,,,,,,,,,,,22.57
2025-10-12,20,Ferreira do Zêzere,22.3,53.0,2.8,0.45,N,0.1,6.818,71.64,93.95,8.62,5.83,0.62,5.83,,,,,,,,,,,,22.72
2025-10-12,21,Ferreira do Zêzere,21.5,54.0,2.1,3.8,N,0.5,6.963,78.65,93.8,8.16,5.46,0.55,5.46,,,,,,,,,,,,26.51
2025-10-12,22,Ferreira do Zêzere,18.9,62.0,0.3,0.1,NW,0.3,7.122,108.74,93.64,7.29,4.64,0.41,4.64,,,,,,,,,,,,26.6
2025-10-12,23,Ferreira do Zêzere,17.3,67.0,1.9,0.5,NW,0.6,7.316,106.92,93.45,7.69,4.77,0.43,4.77,,,,,,,,,,,,27.09
2025-10-13,0,Ferreira do Zêzere,17.4,66.0,1.5,0.2,N,1.0,7.441,107.03,93.33,7.41,4.7,0.42,4.7,,,,,,,,,,,,27.28
2025-10-13,1,Ferreira do Zêzere,16.1,72.0,0.5,1.0,N,0.2,7.606,119.87,93.16,6.89,4.27,0.35,4.27,,,,,,,,,,,,15.81
2025-10-13,2,Ferreira do Zêzere,14.0,82.0,1.2,0.01,NE,0.5,7.737,135.29,93.04,7.01,4.17,0.34,4.17,,,,,,,,,,,,15.15
2025-10-13,3,Ferreira do Zêzere,16.11,69.13,1.89,0.01,W,0.1,7.919,103.72,92.86,7.07,4.44,0.38,4.44,,,,,,,,,,,,14.01
2025-10-13,4,Ferreira do Zêzere,16.09,69.21,1.46,0.01,---,0.6,8.09,105.86,92.69,6.76,4.23,0.35,4.23,,,,,,,,,,,,13.77
2025-10-13,5,Ferreira do Zêzere,11.8,92.0,0.7,0.1,SE,14.1,8.21,163.24,92.57,6.4,3.64,0.27,3.64,,,,,,,,,,,,13.86
2025-10-13,6,Ferreira do Zêzere,11.6,93.0,0.7,0.25,E,556.5,8.31,166.51,92.47,6.31,3.57,0.26,3.57,,,,,,,,,,,,14.01
2025-10-13,8,Ferreira do Zêzere,12.9,91.0,0.5,0.01,S,544.1,8.79,158.31,92.01,5.85,3.3,0.23,3.3,,,,,,,,,,,,12.72
2025-10-13,9,Ferreira do Zêzere,17.9,68.0,0.4,0.01,SE,937.3,8.56,106.76,92.23,6.01,3.78,0.29,3.78,,,,,,,,,,,,12.5
2025-10-13,10,Ferreira do Zêzere,22.2,55.0,0.7,1.17,NE,1207.2,8.17,77.76,92.61,6.44,4.42,0.38,4.42,,,,,,,,,,,,12.27
2025-10-13,11,Ferreira do Zêzere,26.7,44.0,2.0,9.4,NE,2018.2,8.08,54.28,92.7,6.96,5.14,0.49,5.14,,,,,,,,,,,,19.67
2025-10-13,12,Ferreira do Zêzere,28.0,39.0,1.5,0.39,SE,2193.2,7.63,48.79,93.14,7.22,5.51,0.56,5.51,60.92,3.71,-404.96,60.92,49.06,0.47,4.68,0.2,0.0,0.2,12.0,17.66
2025-10-13,13,Ferreira do Zêzere,28.7,36.0,1.7,0.3,N,1693.5,7.423,44.47,93.35,7.5,5.82,0.61,5.82,,,,,,,,,,,,17.86
2025-10-13,14,Ferreira do Zêzere,30.1,31.0,2.1,1.65,W,2416.6,6.97,37.53,93.79,8.15,6.48,0.74,6.48,,,,,,,,,,,,19.5
2025-10-13,15,Ferreira do Zêzere,30.8,28.0,2.5,0.4,NW,2014.5,6.715,33.5,94.05,8.61,6.94,0.84,6.94,,,,,,,,,,,,19.8
2025-10-13,16,Ferreira do Zêzere,29.8,30.0,2.2,0.73,NW,1288.6,6.513,37.56,94.25,8.72,6.91,0.83,6.91,,,,,,,,,,,,20.52
2025-10-13,17,Ferreira do Zêzere,28.8,35.0,3.8,0.1,NW,742.0,6.424,38.78,94.34,9.57,7.33,0.92,7.33,,,,,,,,,,,,20.61
2025-10-13,18,Ferreira do Zêzere,26.5,40.0,3.3,0.8,NW,69.1,6.359,48.38,94.4,9.42,6.97,0.84,6.97,,,,,,,,,,,,21.4
2025-10-13,19,Ferreira do Zêzere,23.9,45.0,1.9,0.01,N,0.2,6.496,63.05,94.27,8.61,6.17,0.68,6.17,,,,,,,,,,,,21.4
2025-10-13,20,Ferreira do Zêzere,21.7,53.0,1.0,0.3,N,0.2,6.665,80.92,94.1,8.04,5.52,0.56,5.52,,,,,,,,,,,,21.25
2025-10-13,21,Ferreira do Zêzere,20.2,59.0,1.9,0.4,NW,1.0,6.839,84.51,93.92,8.21,5.48,0.55,5.48,,,,,,,,,,,,17.85
2025-10-13,22,Ferreira do Zêzere,18.1,67.0,1.8,1.3,NW,0.1,6.983,101.04,93.78,8.01,5.12,0.49,5.12,,,,,,,,,,,,19.05
2025-10-13,23,Ferreira do Zêzere,16.7,73.0,1.1,2.86,N,0.5,7.094,119.57,93.67,7.62,4.72,0.42,4.72,,,,,,,,,,,,21.41
2025-10-14,0,Ferreira do Zêzere,16.1,76.0,0.9,1.5,N,0.2,7.188,130.08,93.58,7.44,4.55,0.4,4.55,,,,,,,,,,,,22.71
2025-10-14,1,Ferreira do Zêzere,15.3,79.0,1.4,0.73,NW,0.6,7.229,133.79,93.54,7.59,4.58,0.4,4.58,,,,,,,,,,,,22.44
2025-10-14,2,Ferreira do Zêzere,13.7,84.0,0.6,0.4,---,1.6,7.356,154.4,93.41,7.16,4.21,0.35,4.21,,,,,,,,,,,,22.83
2025-10-14,3,Ferreira do Zêzere,12.9,86.0,0.6,0.1,N,2.4,7.454,160.48,93.31,7.07,4.11,0.33,4.11,,,,,,,,,,,,22.92
2025-10-14,4,Ferreira do Zêzere,12.6,87.0,1.3,0.15,N,3.4,7.517,158.55,93.25,7.26,4.21,0.35,4.21,,,,,,,,,,,,23.06
2025-10-14,5,Ferreira do Zêzere,12.6,87.0,0.7,1.1,E,3.2,7.541,163.37,93.23,7.02,4.06,0.32,4.06,,,,,,,,,,,,24.06
2025-10-14,6,Ferreira do Zêzere,11.3,91.0,0.6,0.1,E,464.9,7.737,176.4,93.04,6.8,3.86,0.3,3.86,,,,,,,,,,,,23.91
2025-10-14,7,Ferreira do Zêzere,10.6,94.0,0.9,1.22,NE,8.59,7.892,185.37,92.88,6.75,3.79,0.29,3.79,,,,,,,,,,,,25.13
2025-10-14,8,Ferreira do Zêzere,12.9,86.0,0.4,0.53,N,389.1,8.25,164.4,92.53,6.27,3.59,0.26,3.59,,,,,,,,,,,,25.65
2025-10-14,9,Ferreira do Zêzere,17.2,69.0,0.5,1.27,E,917.9,8.21,121.48,92.57,6.34,3.93,0.31,3.93,,,,,,,,,,,,26.91
2025-10-14,10,Ferreira do Zêzere,21.1,57.0,0.7,1.1,N,1198.3,7.866,92.29,92.91,6.71,4.5,0.39,4.5,,,,,,,,,,,,26.84
2025-10-14,11,Ferreira do Zêzere,24.7,47.0,1.2,3.16,SW,1961.9,7.63,66.45,93.14,7.11,5.11,0.49,5.11,,,,,,,,,,,,20.6
2025-10-14,12,Ferreira do Zêzere,27.5,41.0,1.5,3.12,W,2235.4,7.401,53.5,93.37,7.45,5.6,0.57,5.6,58.57,3.72,-412.05,58.57,52.97,0.4,4.69,0.17,0.0,0.17,12.0,23.33
2025-10-14,13,Ferreira do Zêzere,30.0,33.0,2.4,3.41,W,2345.8,6.931,39.51,93.83,8.32,6.54,0.75,6.54,,,,,,,,,,,,26.44
2025-10-14,14,Ferreira do Zêzere,30.7,28.0,1.4,4.6,NW,2196.7,6.598,38.57,94.17,8.28,6.66,0.78,6.66,,,,,,,,,,,,29.39
2025-10-14,15,Ferreira do Zêzere,31.4,25.0,1.7,0.81,SW,1982.5,6.341,34.43,94.42,8.71,7.1,0.87,7.1,,,,,,,,,,,,29.8
2025-10-14,16,Ferreira do Zêzere,31.2,24.0,1.5,0.1,W,1348.5,6.159,34.96,94.61,8.84,7.21,0.9,7.21,,,,,,,,,,,,29.17
2025-10-14,17,Ferreira do Zêzere,30.2,27.0,2.2,0.14,NW,677.1,5.985,36.58,94.78,9.38,7.47,0.96,7.47,,,,,,,,,,,,29.21
2025-10-14,18,Ferreira do Zêzere,26.5,46.0,2.5,0.9,NW,102.5,6.015,57.14,94.75,9.49,6.85,0.82,6.85,,,,,,,,,,,,29.31
2025-10-14,19,Ferreira do Zêzere,23.3,54.0,1.3,0.2,N,0.3,6.259,78.97,94.5,8.64,5.95,0.64,5.95,,,,,,,,,,,,29.5
2025-10-14,20,Ferreira do Zêzere,20.7,61.0,0.9,0.22,N,0.1,6.537,97.47,94.23,8.14,5.38,0.53,5.38,,,,,,,,,,,,29.42
2025-10-14,21,Ferreira do Zêzere,18.9,68.0,0.8,0.25,NW,0.3,6.75,113.31,94.01,7.87,5.01,0.47,5.01,,,,,,,,,,,,29.27
2025-10-14,22,Ferreira do Zêzere,18.1,71.0,1.1,0.01,NW,0.2,6.977,117.24,93.79,7.74,4.86,0.45,4.86,,,,,,,,,,,,27.98
2025-10-15,11,Ferreira do Zêzere,24.4,46.0,1.0,0.92,SW,1903.2,7.223,62.81,93.54,7.44,5.49,0.55,5.49,,,,,,,,,,,,14.68
2025-10-15,12,Ferreira do Zêzere,28.4,36.0,1.8,0.81,S,2209.9,6.942,41.77,93.82,8.06,6.35,0.72,6.35,64.74,4.11,-412.5,64.74,43.03,0.57,5.09,0.25,0.0,0.25,12.0,12.37
2025-10-15,13,Ferreira do Zêzere,30.9,28.0,2.1,1.27,SW,2282.5,6.65,30.58,94.11,8.52,7.04,0.86,7.04,,,,,,,,,,,,10.23
2025-10-15,14,Ferreira do Zêzere,31.7,25.0,1.8,1.12,SW,2145.4,6.391,25.83,94.37,8.7,7.37,0.93,7.37,,,,,,,,,,,,6.75
2025-10-15,15,Ferreira do Zêzere,31.6,25.0,1.5,0.49,W,1754.5,6.185,26.3,94.58,8.81,7.46,0.95,7.46,,,,,,,,,,,,6.43
2025-10-15,16,Ferreira do Zêzere,31.0,28.0,4.0,1.6,NW,1270.8,5.959,25.61,94.81,10.31,8.4,1.18,8.4,,,,,,,,,,,,7.93
2025-10-15,17,Ferreira do Zêzere,27.5,37.0,3.8,1.12,NW,355.6,5.95,36.98,94.82,10.22,7.87,1.05,7.87,,,,,,,,,,,,8.91
2025-10-15,18,Ferreira do Zêzere,25.0,39.0,2.3,0.4,N,70.8,6.035,45.7,94.73,9.37,7.11,0.88,7.11,,,,,,,,,,,,8.41
2025-10-15,19,Ferreira do Zêzere,23.0,39.0,1.7,0.01,N,0.52,6.198,51.32,94.57,8.89,6.67,0.78,6.67,,,,,,,,,,,,8.22
2025-10-15,20,Ferreira do Zêzere,22.0,46.0,1.8,0.29,N,1.84,6.296,57.8,94.47,8.81,6.43,0.73,6.43,,,,,,,,,,,,8.29
2025-10-15,21,Ferreira do Zêzere,20.9,54.0,2.2,0.66,N,268.94,6.311,65.63,94.45,8.97,6.32,0.71,6.32,,,,,,,,,,,,8.7
2025-10-15,22,Ferreira do Zêzere,19.9,60.0,2.3,0.78,NW,2.06,6.306,74.25,94.46,9.02,6.18,0.68,6.18,,,,,,,,,,,,9.47
2025-10-15,23,Ferreira do Zêzere,18.9,66.0,2.3,1.49,NW,283.24,6.33,85.45,94.43,8.99,5.98,0.65,5.98,,,,,,,,,,,,10.96
2025-10-16,0,Ferreira do Zêzere,18.3,69.0,1.2,2.82,NW,2.2,6.45,102.52,94.31,8.37,5.51,0.56,5.51,,,,,,,,,,,,13.78
2025-10-16,1,Ferreira do Zêzere,17.8,72.0,1.71,2.23,---,0.1,6.526,107.53,94.24,8.5,5.51,0.56,5.51,,,,,,,,,,,,16.01
2025-10-16,2,Ferreira do Zêzere,17.8,71.0,1.0,3.97,NE,0.1,6.6,113.87,94.16,8.11,5.26,0.51,5.26,,,,,,,,,,,,19.98
2025-10-16,3,Ferreira do Zêzere,17.8,70.0,1.1,2.38,N,0.1,6.624,112.93,94.14,8.13,5.28,0.52,5.28,,,,,,,,,,,,22.36
2025-10-16,4,Ferreira do Zêzere,17.3,70.0,1.9,0.58,NW,0.4,6.72,109.35,94.04,8.35,5.41,0.54,5.41,,,,,,,,,,,,22.94
2025-10-16,5,Ferreira do Zêzere,17.6,70.0,1.7,1.58,NE,0.1,6.805,110.48,93.96,8.17,5.3,0.52,5.3,,,,,,,,,,,,24.52
2025-10-16,6,Ferreira do Zêzere,17.6,70.0,1.1,3.07,NW,0.4,6.913,115.74,93.85,7.81,5.05,0.48,5.05,,,,,,,,,,,,27.59
2025-10-16,7,Ferreira do Zêzere,16.5,75.0,0.2,4.88,W,4.5,7.02,139.26,93.74,7.35,4.64,0.41,4.64,,,,,,,,,,,,32.47
2025-10-16,8,Ferreira do Zêzere,16.3,77.0,0.7,5.0,SE,229.9,7.207,138.1,93.56,7.35,4.6,0.4,4.6,,,,,,,,,,,,37.47
2025-10-16,9,Ferreira do Zêzere,19.2,66.0,0.9,6.13,NW,566.0,7.349,110.64,93.42,7.28,4.79,0.44,4.79,,,,,,,,,,,,43.6
2025-10-16,10,Ferreira do Zêzere,21.6,58.0,0.9,2.72,NW,1123.4,7.319,93.15,93.45,7.31,5.02,0.47,5.02,,,,,,,,,,,,46.32
2025-10-16,11,Ferreira do Zêzere,25.5,45.0,0.9,1.0,S,1899.0,6.992,67.93,93.77,7.65,5.67,0.59,5.67,,,,,,,,,,,,46.4
2025-10-16,12,Ferreira do Zêzere,28.6,35.0,1.0,0.97,W,2181.5,6.907,50.83,93.86,7.78,6.12,0.67,6.12,60.35,4.23,-432.06,60.35,50.0,0.44,5.2,0.19,0.0,0.19,12.0,46.56
2025-10-16,13,Ferreira do Zêzere,30.8,28.0,1.9,0.63,SW,2310.5,6.483,37.39,94.28,8.63,7.04,0.86,7.04,,,,,,,,,,,,45.92
2025-10-16,14,Ferreira do Zêzere,31.6,27.0,1.7,0.4,SW,2145.0,6.267,35.66,94.5,8.8,7.24,0.9,7.24,,,,,,,,,,,,45.2
2025-10-16,15,Ferreira do Zêzere,31.7,26.0,2.0,1.6,W,1774.2,6.117,34.05,94.65,9.12,7.51,0.96,7.51,,,,,,,,,,,,46.31
2025-10-16,16,Ferreira do Zêzere,29.6,34.0,5.6,1.5,NW,1115.8,6.052,35.5,94.71,11.04,8.51,1.2,8.51,,,,,,,,,,,,46.21
2025-10-16,17,Ferreira do Zêzere,26.7,39.0,4.2,1.81,NW,575.1,6.1,47.84,94.66,10.22,7.65,1.0,7.65,,,,,,,,,,,,46.9
2025-10-16,18,Ferreira do Zêzere,24.6,41.0,3.0,0.3,N,76.8,6.104,57.79,94.66,9.61,7.08,0.87,7.08,,,,,,,,,,,,46.8
2025-10-16,19,Ferreira do Zêzere,22.2,46.0,0.9,0.1,NW,0.2,6.267,78.2,94.5,8.45,6.07,0.66,6.07,,,,,,,,,,,,46.89
2025-10-16,20,Ferreira do Zêzere,20.2,55.0,2.3,0.3,NW,9.15,6.398,85.3,94.37,8.91,6.11,0.67,6.11,,,,,,,,,,,,46.9
2025-10-16,21,Ferreira do Zêzere,19.0,62.0,1.5,0.01,N,4.59,6.539,101.3,94.22,8.39,5.59,0.57,5.59,,,,,,,,,,,,46.25
2025-10-16,22,Ferreira do Zêzere,18.3,67.0,1.7,0.1,N,0.6,6.733,109.01,94.03,8.25,5.39,0.54,5.39,,,,,,,,,,,,45.57
2025-10-16,23,Ferreira do Zêzere,17.6,71.0,1.9,0.33,N,0.2,6.92,115.93,93.84,8.12,5.22,0.51,5.22,,,,,,,,,,,,44.41
2025-10-17,0,Ferreira do Zêzere,17.1,71.0,1.2,0.36,N,0.14,7.094,121.87,93.67,7.66,4.82,0.44,4.82,,,,,,,,,,,,41.95
2025-10-17,1,Ferreira do Zêzere,15.2,80.0,0.7,0.1,NE,0.1,7.229,147.85,93.54,7.33,4.43,0.38,4.43,,,,,,,,,,,,39.82
2025-10-17,2,Ferreira do Zêzere,13.7,85.0,1.0,1.08,SE,0.2,7.397,159.21,93.37,7.27,4.3,0.36,4.3,,,,,,,,,,,,36.93
2025-10-17,3,Ferreira do Zêzere,12.8,88.0,1.2,1.78,---,0.3,7.513,167.29,93.26,7.23,4.22,0.35,4.22,,,,,,,,,,,,36.33
2025-10-17,4,Ferreira do Zêzere,12.4,90.0,0.4,0.1,NW,1.4,7.574,179.5,93.2,6.88,3.97,0.31,3.97,,,,,,,,,,,,35.85
2025-10-17,5,Ferreira do Zêzere,11.9,93.0,0.9,1.62,NE,4.9,7.657,185.66,93.11,6.98,3.99,0.32,3.99,,,,,,,,,,,,35.89
2025-10-17,6,Ferreira do Zêzere,11.5,93.0,0.5,0.1,SW,30.6,7.703,187.23,93.07,6.79,3.88,0.3,3.88,,,,,,,,,,,,32.92
2025-10-17,7,Ferreira do Zêzere,11.2,94.0,0.3,1.3,E,86.4,7.766,190.2,93.01,6.67,3.79,0.29,3.79,,,,,,,,,,,,29.34
2025-10-17,8,Ferreira do Zêzere,12.0,93.0,1.1,2.79,SE,328.4,8.2,180.38,92.58,6.54,3.73,0.28,3.73,,,,,,,,,,,,27.13
2025-10-17,9,Ferreira do Zêzere,15.9,77.0,0.6,0.96,W,818.4,8.03,134.18,92.75,6.53,3.98,0.31,3.98,,,,,,,,,,,,21.96
2025-10-17,10,Ferreira do Zêzere,19.9,63.0,1.0,0.1,S,1127.9,7.838,96.98,92.94,6.84,4.52,0.39,4.52,,,,,,,,,,,,19.34
2025-10-17,11,Ferreira do Zêzere,23.8,49.0,2.7,0.97,SE,1869.4,7.519,63.35,93.25,7.79,5.57,0.57,5.57,,,,,,,,,,,,19.31
2025-10-17,12,Ferreira do Zêzere,26.6,41.0,2.3,1.02,S,2157.1,7.38,51.47,93.39,7.78,5.86,0.62,5.86,59.56,3.92,-436.34,59.56,51.3,0.45,4.89,0.19,0.0,0.19,12.0,19.36
2025-10-17,13,Ferreira do Zêzere,28.4,38.0,2.1,0.01,SE,2260.5,7.057,45.62,93.71,8.05,6.21,0.69,6.21,,,,,,,,,,,,18.74
2025-10-17,14,Ferreira do Zêzere,29.3,36.0,2.1,3.4,SE,2110.0,6.883,42.93,93.88,8.25,6.44,0.73,6.44,,,,,,,,,,,,21.74
2025-10-17,15,Ferreira do Zêzere,29.9,33.0,2.3,3.0,S,1754.3,6.715,39.41,94.05,8.53,6.74,0.8,6.74,,,,,,,,,,,,23.14
2025-10-17,17,Ferreira do Zêzere,29.8,31.0,0.9,0.1,W,591.3,6.409,42.97,94.35,8.29,6.62,0.77,6.62,,,,,,,,,,,,19.93
2025-10-17,18,Ferreira do Zêzere,26.6,41.0,3.1,0.17,NW,78.0,6.356,49.23,94.41,9.33,6.95,0.84,6.95,,,,,,,,,,,,19.8
2025-10-17,19,Ferreira do Zêzere,23.3,51.0,2.2,0.01,NW,0.2,6.589,68.41,94.17,8.63,6.09,0.67,6.09,,,,,,,,,,,,19.71
2025-10-17,20,Ferreira do Zêzere,21.5,55.0,0.9,0.15,N,0.14,6.765,84.05,94.0,7.89,5.44,0.54,5.44,,,,,,,,,,,,19.56
2025-10-17,21,Ferreira do Zêzere,19.5,62.0,1.4,0.68,N,0.6,7.048,94.5,93.72,7.78,5.16,0.5,5.16,,,,,,,,,,,,20.23
2025-10-17,22,Ferreira do Zêzere,18.8,65.0,1.0,0.3,NW,1.1,7.179,103.12,93.59,7.49,4.89,0.45,4.89,,,,,,,,,,,,20.43
2025-10-17,23,Ferreira do Zêzere,16.2,76.0,1.1,0.8,E,0.27,7.292,126.47,93.47,7.41,4.59,0.4,4.59,,,,,,,,,,,,20.9
2025-10-18,0,Ferreira do Zêzere,14.8,82.0,0.7,0.36,NE,0.5,7.395,143.28,93.37,7.16,4.32,0.36,4.32,,,,,,,,,,,,20.9
2025-10-18,1,Ferreira do Zêzere,14.4,84.0,0.7,0.37,N,0.24,7.43,148.69,93.34,7.13,4.26,0.35,4.26,,,,,,,,,,,,21.17
2025-10-18,2,Ferreira do Zêzere,14.0,87.0,0.6,0.33,W,0.3,7.515,156.8,93.25,7.01,4.14,0.34,4.14,,,,,,,,,,,,20.42
2025-10-18,3,Ferreira do Zêzere,13.1,90.0,0.9,0.1,E,0.2,7.637,162.01,93.13,7.0,4.09,0.33,4.09,,,,,,,,,,,,18.74
2025-10-18,4,Ferreira do Zêzere,12.3,91.0,0.3,0.7,SW,4.4,7.72,170.86,93.05,6.71,3.89,0.3,3.89,,,,,,,,,,,,19.34
2025-10-18,5,Ferreira do Zêzere,11.8,94.0,0.5,0.99,N,461.7,7.788,177.33,92.99,6.72,3.86,0.3,3.86,,,,,,,,,,,,18.71
2025-10-18,6,Ferreira do Zêzere,11.7,94.0,0.7,0.62,NW,142.6,7.888,176.98,92.89,6.69,3.84,0.29,3.84,,,,,,,,,,,,19.23
2025-10-18,7,Ferreira do Zêzere,11.3,94.0,0.4,0.27,N,455.5,8.01,177.61,92.77,6.48,3.7,0.28,3.7,,,,,,,,,,,,18.2
2025-10-18,8,Ferreira do Zêzere,12.3,93.0,0.8,0.24,W,341.5,8.24,167.76,92.54,6.41,3.68,0.27,3.68,,,,,,,,,,,,15.65
2025-10-18,9,Ferreira do Zêzere,16.5,77.0,0.6,0.35,NW,816.9,8.11,125.01,92.67,6.46,3.98,0.31,3.98,,,,,,,,,,,,15.04
2025-10-18,10,Ferreira do Zêzere,22.5,56.0,1.7,0.75,S,1126.2,7.809,74.73,92.96,7.11,4.93,0.46,4.93,,,,,,,,,,,,15.69
2025-10-18,11,Ferreira do Zêzere,26.4,43.0,3.1,0.5,S,1892.6,7.626,49.02,93.14,7.83,5.86,0.62,5.86,,,,,,,,,,,,15.22
2025-10-18,12,Ferreira do Zêzere,27.5,40.0,2.1,0.66,SE,2078.3,7.467,47.19,93.3,7.61,5.82,0.61,5.82,61.77,3.93,-437.93,61.77,47.67,0.5,4.89,0.22,0.0,0.22,12.0,14.86
2025-10-18,13,Ferreira do Zêzere,28.4,38.0,2.3,0.25,S,1916.6,7.059,43.37,93.71,8.13,6.29,0.7,6.29,,,,,,,,,,,,15.1
2025-10-18,14,Ferreira do Zêzere,29.5,36.0,2.8,0.7,S,1941.0,6.944,37.39,93.82,8.47,6.66,0.78,6.66,,,,,,,,,,,,12.4
2025-10-18,15,Ferreira do Zêzere,30.0,34.0,1.6,0.38,S,1532.7,6.852,36.84,93.91,8.08,6.47,0.74,6.47,,,,,,,,,,,,9.78
2025-10-18,17,Ferreira do Zêzere,28.6,37.0,1.4,1.07,W,405.1,6.526,42.86,94.24,8.36,6.53,0.75,6.53,,,,,,,,,,,,10.75
2025-10-18,18,Ferreira do Zêzere,25.3,46.0,2.8,0.65,NW,62.0,6.561,51.97,94.2,8.93,6.55,0.76,6.55,,,,,,,,,,,,11.23
2025-10-18,19,Ferreira do Zêzere,22.7,54.0,1.8,0.7,NW,82.63,6.741,68.65,94.02,8.28,5.82,0.61,5.82,,,,,,,,,,,,11.92
2025-10-18,20,Ferreira do Zêzere,21.8,58.0,2.2,0.45,NW,0.1,6.905,73.31,93.86,8.26,5.69,0.59,5.69,,,,,,,,,,,,12.22
2025-10-18,21,Ferreira do Zêzere,21.1,62.0,3.0,0.56,NW,0.2,7.075,76.07,93.69,8.4,5.68,0.59,5.68,,,,,,,,,,,,12.1
2025-10-18,22,Ferreira do Zêzere,20.5,66.0,1.8,0.2,N,1.4,7.299,86.95,93.47,7.67,5.09,0.49,5.09,,,,,,,,,,,,12.0
2025-10-18,23,Ferreira do Zêzere,19.7,70.0,0.7,0.17,SW,0.1,7.609,100.35,93.16,6.95,4.52,0.39,4.52,,,,,,,,,,,,11.37
2025-10-19,0,Ferreira do Zêzere,18.9,73.0,0.8,0.38,E,0.4,7.901,110.51,92.87,6.71,4.01,0.32,4.01,,,,,,,,,,,,11.39
2025-10-19,1,Ferreira do Zêzere,18.1,77.0,0.4,0.67,SE,0.62,8.21,124.04,92.57,6.3,3.66,0.27,3.66,,,,,,,,,,,,11.69
2025-10-19,2,Ferreira do Zêzere,17.7,79.0,0.4,0.37,NE,0.2,8.42,128.74,92.37,6.12,3.5,0.25,3.5,,,,,,,,,,,,11.73
2025-10-19,3,Ferreira do Zêzere,16.6,84.0,0.7,0.6,SE,0.25,8.75,139.25,92.04,5.94,3.29,0.22,3.29,,,,,,,,,,,,12.23
2025-10-19,4,Ferreira do Zêzere,16.7,85.0,1.0,0.32,E,1.6,8.98,138.29,91.82,5.85,3.21,0.21,3.21,,,,,,,,,,,,11.85
2025-10-19,5,Ferreira do Zêzere,16.8,85.0,0.3,0.45,W,0.61,9.45,143.55,91.37,5.29,2.84,0.17,2.84,,,,,,,,,,,,11.31
2025-10-19,6,Ferreira do Zêzere,17.9,82.0,1.8,1.38,SE,0.3,9.67,124.42,91.16,5.54,3.06,0.2,3.06,,,,,,,,,,,,12.07
2025-10-19,7,Ferreira do Zêzere,19.3,82.0,2.6,0.44,S,2.2,9.96,117.93,90.88,5.54,3.08,0.2,3.08,,,,,,,,,,,,12.24
2025-10-19,8,Ferreira do Zêzere,19.8,80.0,2.8,1.34,S,102.8,10.31,113.03,90.54,5.34,2.97,0.19,2.97,,,,,,,,,,,,13.34
2025-10-19,9,Ferreira do Zêzere,20.6,77.0,3.9,0.3,S,415.5,10.48,100.52,90.38,5.51,3.16,0.21,3.16,,,,,,,,,,,,13.29
2025-10-19,10,Ferreira do Zêzere,21.8,73.0,3.2,0.47,S,828.3,10.43,92.75,90.43,5.36,3.13,0.21,3.13,,,,,,,,,,,,13.01
2025-10-19,11,Ferreira do Zêzere,23.4,66.0,2.5,1.34,SW,1123.9,10.26,82.07,90.59,5.29,3.24,0.22,3.24,,,,,,,,,,,,13.85
2025-10-19,12,Ferreira do Zêzere,24.6,58.0,4.3,0.1,S,1687.7,9.87,63.33,90.96,6.11,4.01,0.32,4.01,54.02,2.98,-439.18,54.02,61.0,0.32,3.94,0.12,0.0,0.12,12.0,13.29
2025-10-19,13,Ferreira do Zêzere,25.7,51.0,3.9,3.68,S,1415.6,9.17,57.16,91.64,6.59,4.52,0.39,4.52,,,,,,,,,,,,16.72
2025-10-19,14,Ferreira do Zêzere,25.3,49.0,2.8,0.8,SW,685.5,9.06,59.76,91.74,6.33,4.35,0.37,4.35,,,,,,,,,,,,16.82
2025-10-19,15,Ferreira do Zêzere,24.8,52.0,2.9,0.1,SW,522.4,9.0,63.21,91.8,6.42,4.34,0.37,4.34,,,,,,,,,,,,16.54
2025-10-19,16,Ferreira do Zêzere,24.3,59.0,2.7,0.12,SW,330.1,9.16,72.31,91.65,6.21,4.04,0.32,4.04,,,,,,,,,,,,16.66
2025-10-19,17,Ferreira do Zêzere,22.4,75.0,1.6,0.6,SW,259.1,19.25,106.1,82.48,1.64,0.55,0.01,0.55,,,,,,,,,,,,16.19
2025-10-19,18,Ferreira do Zêzere,20.5,92.0,1.0,0.94,S,416.0,24.28,162.49,78.32,1.02,0.32,0.0,0.32,,,,,,,,,,,,16.48
2025-10-19,20,Ferreira do Zêzere,19.8,96.0,2.0,0.2,S,313.2,42.24,175.87,65.25,0.59,0.18,0.0,0.18,,,,,,,,,,,,15.53
2025-10-19,21,Ferreira do Zêzere,19.7,98.0,1.8,0.7,SW,272.5,46.29,187.95,62.64,0.52,0.16,0.0,0.16,,,,,,,,,,,,15.67
2025-10-19,22,Ferreira do Zêzere,19.7,98.0,0.9,0.1,SW,307.9,46.97,189.53,62.21,0.49,0.15,0.0,0.15,,,,,,,,,,,,15.57
2025-10-19,23,Ferreira do Zêzere,19.6,98.0,1.2,0.35,S,320.1,49.19,189.24,60.84,0.46,0.14,0.0,0.14,,,,,,,,,,,,15.75
2025-10-20,0,Ferreira do Zêzere,19.5,98.0,1.4,2.1,NW,231.8,51.65,205.89,59.35,0.42,0.13,0.0,0.13,,,,,,,,,,,,17.47
2025-10-20,1,Ferreira do Zêzere,18.6,97.0,1.5,0.26,NW,405.1,52.0,199.64,59.14,0.42,0.13,0.0,0.13,,,,,,,,,,,,17.06
2025-10-20,2,Ferreira do Zêzere,18.1,96.0,0.5,0.38,W,440.9,52.44,198.87,58.88,0.39,0.12,0.0,0.12,,,,,,,,,,,,17.07
2025-10-20,3,Ferreira do Zêzere,17.8,96.0,0.7,0.17,SW,402.9,50.78,197.39,59.87,0.42,0.13,0.0,0.13,,,,,,,,,,,,16.64
2025-10-20,4,Ferreira do Zêzere,17.4,97.0,0.7,0.1,SW,362.2,49.67,202.03,60.55,0.44,0.13,0.0,0.13,,,,,,,,,,,,16.42
2025-10-20,5,Ferreira do Zêzere,16.8,97.0,0.5,0.1,W,348.8,48.23,202.64,61.43,0.46,0.14,0.0,0.14,,,,,,,,,,,,16.07
2025-10-20,6,Ferreira do Zêzere,15.4,98.0,0.9,0.16,N,348.7,48.91,204.52,61.01,0.46,0.14,0.0,0.14,,,,,,,,,,,,14.85
2025-10-20,8,Ferreira do Zêzere,15.1,99.0,0.3,0.1,W,491.5,46.98,206.83,62.21,0.47,0.14,0.0,0.14,,,,,,,,,,,,13.17
2025-10-20,9,Ferreira do Zêzere,16.8,98.0,0.8,0.1,SW,908.5,43.38,200.33,64.51,0.54,0.16,0.0,0.16,,,,,,,,,,,,12.97
2025-10-20,10,Ferreira do Zêzere,19.3,83.0,0.9,0.2,SW,1183.4,37.92,141.54,68.17,0.62,0.19,0.0,0.19,,,,,,,,,,,,12.7
2025-10-20,11,Ferreira do Zêzere,20.2,74.0,1.5,0.1,W,763.2,33.8,112.59,71.07,0.7,0.22,0.0,0.22,,,,,,,,,,,,11.46
2025-10-20,12,Ferreira do Zêzere,20.9,68.0,2.5,0.1,NW,936.3,30.6,95.13,73.42,0.8,0.26,0.0,0.26,40.83,1.94,-440.09,40.83,88.35,0.05,2.88,0.02,0.0,0.01,12.0,11.46
2025-10-20,13,Ferreira do Zêzere,21.5,65.0,1.1,0.15,NW,1199.6,25.91,91.17,77.02,0.92,0.31,0.0,0.31,,,,,,,,,,,,7.93
2025-10-20,14,Ferreira do Zêzere,22.6,60.0,3.7,0.1,NW,1443.0,22.86,69.68,79.47,1.3,0.44,0.01,0.44,,,,,,,,,,,,7.23
2025-10-20,15,Ferreira do Zêzere,23.7,54.0,2.3,0.3,W,1668.2,19.43,66.2,82.33,1.67,0.59,0.01,0.59,,,,,,,,,,,,7.43
2025-10-20,17,Ferreira do Zêzere,22.9,57.0,3.3,0.45,NW,339.3,17.31,67.06,84.16,2.22,0.77,0.02,0.77,,,,,,,,,,,,7.16
2025-10-20,18,Ferreira do Zêzere,21.7,66.0,3.4,0.2,NW,62.2,17.35,77.49,84.12,2.22,0.74,0.02,0.74,,,,,,,,,,,,6.42
2025-10-20,19,Ferreira do Zêzere,20.8,73.0,1.4,0.1,W,0.2,17.67,98.5,83.85,1.93,0.62,0.01,0.62,,,,,,,,,,,,6.52
2025-10-20,20,Ferreira do Zêzere,20.3,77.0,1.8,0.17,SW,0.6,18.0,104.05,83.56,1.9,0.59,0.01,0.59,,,,,,,,,,,,6.49
2025-10-20,21,Ferreira do Zêzere,20.1,82.0,1.5,0.22,S,0.58,18.43,114.17,83.19,1.78,0.55,0.01,0.55,,,,,,,,,,,,6.01
2025-10-20,22,Ferreira do Zêzere,19.8,86.0,2.6,0.39,S,1.3,20.94,120.62,81.06,1.45,0.45,0.01,0.45,,,,,,,,,,,,6.3
2025-10-20,23,Ferreira do Zêzere,19.4,90.0,2.3,0.51,S,0.2,29.04,135.58,74.6,0.84,0.26,0.0,0.26,,,,,,,,,,,,6.46
2025-10-21,0,Ferreira do Zêzere,19.5,90.0,1.9,0.99,SW,73.2,41.91,159.56,65.47,0.59,0.18,0.0,0.18,,,,,,,,,,,,5.35
2025-10-21,1,Ferreira do Zêzere,19.2,94.0,2.0,1.14,S,805.4,45.81,181.09,62.95,0.53,0.16,0.0,0.16,,,,,,,,,,,,6.23
2025-10-21,2,Ferreira do Zêzere,19.0,97.0,2.6,1.1,S,694.0,47.78,199.58,61.71,0.52,0.16,0.0,0.16,,,,,,,,,,,,6.95
2025-10-21,3,Ferreira do Zêzere,19.3,97.0,1.8,0.8,SW,498.1,49.67,203.35,60.55,0.46,0.14,0.0,0.14,,,,,,,,,,,,7.58
2025-10-21,5,Ferreira do Zêzere,19.4,98.0,1.4,0.2,SW,482.5,52.05,210.55,59.11,0.41,0.13,0.0,0.13,,,,,,,,,,,,7.58
2025-10-21,6,Ferreira do Zêzere,19.5,99.0,1.1,0.2,S,430.1,53.32,217.56,58.36,0.39,0.12,0.0,0.12,,,,,,,,,,,,7.62
2025-10-21,7,Ferreira do Zêzere,19.7,99.0,0.7,0.1,W,442.1,52.9,218.43,58.61,0.39,0.12,0.0,0.12,,,,,,,,,,,,7.72
2025-10-21,8,Ferreira do Zêzere,19.8,99.0,0.3,0.1,NW,460.3,54.11,219.21,57.9,0.36,0.11,0.0,0.11,,,,,,,,,,,,7.72
2025-10-21,9,Ferreira do Zêzere,20.1,99.0,0.7,0.23,NW,737.4,53.19,218.77,58.44,0.38,0.12,0.0,0.12,,,,,,,,,,,,7.85
2025-10-21,10,Ferreira do Zêzere,20.8,96.0,0.9,0.19,SW,496.8,52.5,200.32,58.84,0.4,0.12,0.0,0.12,,,,,,,,,,,,7.84
2025-10-21,11,Ferreira do Zêzere,21.8,93.0,0.9,0.1,W,531.0,46.65,183.71,62.42,0.49,0.15,0.0,0.15,,,,,,,,,,,,7.84
2025-10-21,12,Ferreira do Zêzere,21.7,94.0,0.8,0.4,W,786.6,53.76,190.31,58.1,0.37,0.11,0.0,0.11,16.62,1.0,-439.06,16.62,163.28,0.0,1.93,0.0,0.0,0.01,12.0,8.14
2025-10-21,13,Ferreira do Zêzere,22.6,89.0,1.4,1.95,W,1094.5,44.25,164.53,63.94,0.54,0.17,0.0,0.17,,,,,,,,,,,,9.94
2025-10-21,14,Ferreira do Zêzere,23.0,81.0,2.7,1.0,W,426.2,39.71,127.4,66.94,0.65,0.2,0.0,0.2,,,,,,,,,,,,10.84
2025-10-21,15,Ferreira do Zêzere,22.9,83.0,2.2,0.86,W,577.9,36.93,137.47,68.85,0.67,0.21,0.0,0.21,,,,,,,,,,,,11.4
2025-10-21,16,Ferreira do Zêzere,23.7,76.0,3.7,0.36,W,990.3,33.15,108.07,71.54,0.79,0.24,0.0,0.24,,,,,,,,,,,,11.76
2025-10-21,17,Ferreira do Zêzere,22.8,78.0,3.0,0.24,NW,584.1,30.48,118.82,73.51,0.83,0.25,0.0,0.25,,,,,,,,,,,,11.55
2025-10-21,18,Ferreira do Zêzere,21.2,83.0,1.6,2.1,W,71.5,29.46,148.05,74.28,0.8,0.25,0.0,0.25,,,,,,,,,,,,13.45
2025-10-21,19,Ferreira do Zêzere,19.8,89.0,0.9,0.94,SW,0.8,29.14,179.53,74.52,0.78,0.24,0.0,0.24,,,,,,,,,,,,14.29
2025-10-21,20,Ferreira do Zêzere,18.5,95.0,0.8,0.52,S,2.5,28.9,209.72,74.7,0.78,0.24,0.0,0.24,,,,,,,,,,,,14.64
2025-10-21,21,Ferreira do Zêzere,17.8,97.0,0.8,0.32,W,190.9,28.55,221.0,74.97,0.8,0.24,0.0,0.24,,,,,,,,,,,,14.74
2025-10-21,22,Ferreira do Zêzere,18.1,97.0,1.0,0.32,S,180.6,28.5,219.95,75.01,0.81,0.25,0.0,0.25,,,,,,,,,,,,14.67
2025-10-21,23,Ferreira do Zêzere,18.3,97.0,0.7,0.27,S,668.6,28.67,220.76,74.88,0.79,0.24,0.0,0.24,,,,,,,,,,,,14.43
2025-10-22,0,Ferreira do Zêzere,17.9,98.0,0.8,0.26,SE,684.3,30.04,204.47,73.84,0.75,0.23,0.0,0.23,,,,,,,,,,,,13.7
2025-10-22,2,Ferreira do Zêzere,17.7,98.0,0.6,0.28,S,571.8,37.67,200.46,68.34,0.61,0.19,0.0,0.19,,,,,,,,,,,,11.74
2025-10-22,3,Ferreira do Zêzere,17.6,99.0,0.7,0.28,S,492.6,37.84,203.69,68.22,0.61,0.19,0.0,0.19,,,,,,,,,,,,11.22
2025-10-22,4,Ferreira do Zêzere,18.1,99.0,0.7,0.16,S,417.4,38.0,204.07,68.11,0.61,0.19,0.0,0.19,,,,,,,,,,,,11.38
2025-10-22,5,Ferreira do Zêzere,18.6,99.0,1.1,0.13,S,371.7,38.4,203.25,67.84,0.62,0.19,0.0,0.19,,,,,,,,,,,,11.31
2025-10-22,6,Ferreira do Zêzere,18.7,99.0,1.1,0.6,S,324.3,38.61,204.37,67.69,0.61,0.19,0.0,0.19,,,,,,,,,,,,11.71
2025-10-22,7,Ferreira do Zêzere,18.7,99.0,1.1,0.29,SW,326.7,39.18,204.89,67.3,0.61,0.19,0.0,0.19,,,,,,,,,,,,11.9
2025-10-22,8,Ferreira do Zêzere,19.0,99.0,1.1,0.31,S,374.3,39.35,205.39,67.19,0.6,0.19,0.0,0.19,,,,,,,,,,,,12.11
2025-10-22,9,Ferreira do Zêzere,19.5,99.0,1.2,0.39,SW,555.2,38.72,205.57,67.62,0.62,0.19,0.0,0.19,,,,,,,,,,,,12.27
2025-10-22,10,Ferreira do Zêzere,20.4,99.0,0.9,0.1,NE,706.6,37.01,205.51,68.8,0.63,0.19,0.0,0.19,,,,,,,,,,,,12.18
2025-10-22,11,Ferreira do Zêzere,21.8,91.0,2.2,0.26,W,896.5,30.83,156.95,73.25,0.79,0.24,0.0,0.24,,,,,,,,,,,,12.34
2025-10-22,12,Ferreira do Zêzere,24.7,68.0,2.7,0.1,W,1407.0,25.75,85.88,77.15,1.01,0.32,0.0,0.32,38.34,1.25,-439.6,38.34,94.34,0.03,2.18,0.01,0.0,0.01,12.0,12.04
2025-10-22,13,Ferreira do Zêzere,24.6,67.0,2.9,0.1,W,909.5,22.96,81.74,79.39,1.24,0.4,0.01,0.4,,,,,,,,,,,,10.19
2025-10-22,17,Ferreira do Zêzere,23.0,77.0,2.9,0.23,W,159.9,24.83,98.86,77.88,1.08,0.33,0.0,0.33,,,,,,,,,,,,7.96
2025-10-22,18,Ferreira do Zêzere,22.5,81.0,1.5,0.1,W,42.9,24.37,109.24,78.25,1.04,0.32,0.0,0.32,,,,,,,,,,,,5.96
2025-10-22,19,Ferreira do Zêzere,21.8,86.0,1.1,0.3,SW,5.0,24.08,122.13,78.48,1.04,0.32,0.0,0.32,,,,,,,,,,,,5.32
2025-10-22,20,Ferreira do Zêzere,21.6,87.0,1.2,0.22,SW,4.1,25.25,122.59,77.54,0.96,0.3,0.0,0.3,,,,,,,,,,,,5.02
2025-10-22,21,Ferreira do Zêzere,21.5,88.0,1.1,0.1,W,0.2,26.39,124.62,76.64,0.9,0.28,0.0,0.28,,,,,,,,,,,,4.8
2025-10-22,22,Ferreira do Zêzere,21.0,90.0,1.0,0.1,SW,0.5,26.22,130.03,76.78,0.9,0.28,0.0,0.28,,,,,,,,,,,,4.58
2025-10-22,23,Ferreira do Zêzere,21.2,88.0,1.3,0.1,W,0.74,25.81,120.87,77.1,0.94,0.29,0.0,0.29,,,,,,,,,,,,4.41
2025-10-23,0,Ferreira do Zêzere,21.5,86.0,1.7,0.1,W,2.2,25.27,96.33,77.53,0.99,0.3,0.0,0.3,,,,,,,,,,,,4.25
2025-10-23,1,Ferreira do Zêzere,21.4,84.0,1.3,0.1,SW,5.5,24.76,95.06,77.94,1.0,0.31,0.0,0.31,,,,,,,,,,,,4.35
2025-10-23,2,Ferreira do Zêzere,21.2,83.0,2.3,0.22,W,2.63,24.68,88.87,78.0,1.06,0.32,0.0,0.32,,,,,,,,,,,,4.29
2025-10-23,3,Ferreira do Zêzere,20.8,89.0,2.0,0.31,W,422.2,26.34,103.6,76.68,0.94,0.29,0.0,0.29,,,,,,,,,,,,4.32
2025-10-23,4,Ferreira do Zêzere,20.2,91.0,1.7,0.51,W,101.4,26.59,113.77,76.49,0.91,0.28,0.0,0.28,,,,,,,,,,,,4.67
2025-10-23,5,Ferreira do Zêzere,20.0,91.0,1.7,0.19,W,10.07,29.78,114.52,74.04,0.79,0.24,0.0,0.24,,,,,,,,,,,,4.73
2025-10-23,6,Ferreira do Zêzere,20.3,90.0,1.8,0.46,NW,4.5,43.53,109.89,64.41,0.56,0.17,0.0,0.17,,,,,,,,,,,,4.59
2025-10-23,7,Ferreira do Zêzere,19.7,93.0,2.4,0.1,NW,480.0,40.23,115.48,66.59,0.63,0.19,0.0,0.19,,,,,,,,,,,,4.4
2025-10-23,8,Ferreira do Zêzere,18.9,94.0,2.9,0.26,NW,603.5,36.33,117.78,69.27,0.71,0.22,0.0,0.22,,,,,,,,,,,,4.35
2025-10-23,9,Ferreira do Zêzere,19.3,89.0,3.3,0.16,N,336.7,33.96,99.86,70.96,0.76,0.23,0.0,0.23,,,,,,,,,,,,4.12
2025-10-23,11,Ferreira do Zêzere,21.8,67.0,3.3,0.1,N,1877.1,22.46,61.06,79.8,1.32,0.43,0.01,0.43,,,,,,,,,,,,3.86
2025-10-23,12,Ferreira do Zêzere,23.0,59.0,2.9,0.1,NW,2125.1,17.95,53.31,83.6,2.02,0.69,0.01,0.69,53.8,1.59,-436.02,53.8,61.39,0.29,2.52,0.1,0.0,0.1,12.0,3.86
2025-10-23,13,Ferreira do Zêzere,24.5,55.0,2.9,0.1,NW,2104.7,15.74,47.87,85.54,2.63,0.93,0.02,0.93,,,,,,,,,,,,3.86
2025-10-23,14,Ferreira do Zêzere,24.7,56.0,3.5,2.9,NW,807.0,15.25,55.55,85.98,2.88,1.0,0.03,1.0,,,,,,,,,,,,6.76
2025-10-23,15,Ferreira do Zêzere,23.9,56.0,2.4,0.1,N,450.7,14.91,60.62,86.29,2.85,0.98,0.03,0.98,,,,,,,,,,,,6.86
2025-10-23,16,Ferreira do Zêzere,24.1,54.0,2.3,0.88,NW,670.0,14.84,60.59,86.35,2.86,0.99,0.03,0.99,,,,,,,,,,,,7.74
2025-10-23,17,Ferreira do Zêzere,21.4,68.0,2.1,0.1,NW,299.7,15.08,81.66,86.13,2.74,0.87,0.02,0.87,,,,,,,,,,,,7.61
2025-10-23,18,Ferreira do Zêzere,19.9,70.0,1.5,0.25,N,15.6,15.22,90.82,86.01,2.61,0.81,0.02,0.81,,,,,,,,,,,,7.76
2025-10-23,19,Ferreira do Zêzere,19.2,71.0,1.7,0.2,NW,0.3,15.36,92.33,85.88,2.6,0.8,0.02,0.8,,,,,,,,,,,,7.66
2025-10-23,20,Ferreira do Zêzere,18.5,76.0,0.8,0.1,N,4.8,15.78,106.44,85.51,2.35,0.72,0.02,0.72,,,,,,,,,,,,7.54
2025-10-23,21,Ferreira do Zêzere,18.3,79.0,0.3,0.1,W,0.89,16.13,116.99,85.2,2.2,0.67,0.01,0.67,,,,,,,,,,,,7.54
2025-10-23,23,Ferreira do Zêzere,17.4,88.0,1.9,0.1,N,687.7,25.41,126.27,77.42,0.99,0.3,0.0,0.3,,,,,,,,,,,,7.44
2025-10-24,0,Ferreira do Zêzere,16.7,95.0,0.6,0.1,N,677.8,28.69,176.43,74.86,0.78,0.24,0.0,0.24,,,,,,,,,,,,7.44
2025-10-24,1,Ferreira do Zêzere,16.8,95.0,0.4,1.04,SW,691.1,29.02,181.92,74.61,0.77,0.23,0.0,0.23,,,,,,,,,,,,8.38
2025-10-24,2,Ferreira do Zêzere,16.9,96.0,0.4,0.58,NW,819.8,29.45,187.11,74.29,0.75,0.23,0.0,0.23,,,,,,,,,,,,8.74
2025-10-24,3,Ferreira do Zêzere,17.2,96.0,0.3,0.52,SW,629.2,42.26,188.41,65.24,0.54,0.17,0.0,0.17,,,,,,,,,,,,8.95
2025-10-24,4,Ferreira do Zêzere,17.3,97.0,0.2,0.2,NW,518.5,45.74,191.57,62.99,0.49,0.15,0.0,0.15,,,,,,,,,,,,8.64
2025-10-24,5,Ferreira do Zêzere,17.5,98.0,0.4,0.8,E,347.1,47.38,197.03,61.96,0.47,0.14,0.0,0.14,,,,,,,,,,,,9.25
2025-10-24,6,Ferreira do Zêzere,17.7,98.0,0.6,0.2,E,424.0,48.81,195.31,61.07,0.45,0.14,0.0,0.14,,,,,,,,,,,,8.99
2025-10-24,8,Ferreira do Zêzere,18.6,99.0,0.6,0.4,S,438.1,49.62,200.03,60.58,0.44,0.13,0.0,0.13,,,,,,,,,,,,9.03
2025-10-24,9,Ferreira do Zêzere,19.5,99.0,1.1,0.24,SE,651.4,47.36,199.51,61.97,0.48,0.15,0.0,0.15,,,,,,,,,,,,9.11
2025-10-24,10,Ferreira do Zêzere,20.7,98.0,1.7,0.23,SW,480.8,42.73,193.0,64.93,0.57,0.18,0.0,0.18,,,,,,,,,,,,9.34
2025-10-24,11,Ferreira do Zêzere,21.7,92.0,2.4,0.32,SW,1041.3,42.51,157.39,65.08,0.6,0.18,0.0,0.18,,,,,,,,,,,,9.56
2025-10-24,12,Ferreira do Zêzere,22.5,79.0,2.2,0.54,SW,759.5,38.63,114.34,67.68,0.65,0.2,0.0,0.2,35.26,1.0,-435.89,35.26,102.21,0.01,1.93,0.0,0.0,0.01,12.0,10.0
2025-10-24,13,Ferreira do Zêzere,23.2,74.0,2.7,0.2,SW,625.0,34.64,99.42,70.47,0.73,0.22,0.0,0.22,,,,,,,,,,,,10.1
2025-10-24,14,Ferreira do Zêzere,23.9,73.0,2.4,0.56,SW,965.9,29.69,92.96,74.11,0.83,0.25,0.0,0.25,,,,,,,,,,,,7.76
2025-10-24,15,Ferreira do Zêzere,24.9,67.0,2.5,0.3,SW,1066.6,25.54,80.84,77.31,1.01,0.32,0.0,0.32,,,,,,,,,,,,7.96
2025-10-24,16,Ferreira do Zêzere,25.0,63.0,2.0,0.2,SW,899.6,23.65,76.3,78.83,1.12,0.37,0.0,0.37,,,,,,,,,,,,7.28
2025-10-24,17,Ferreira do Zêzere,23.6,67.0,1.5,0.1,W,339.2,22.43,88.0,79.82,1.2,0.38,0.0,0.38,,,,,,,,,,,,7.28
2025-10-24,18,Ferreira do Zêzere,22.2,72.0,2.0,0.1,SW,65.1,22.13,95.99,80.07,1.27,0.39,0.01,0.39,,,,,,,,,,,,7.13
2025-10-24,19,Ferreira do Zêzere,21.2,76.0,1.1,0.3,SW,1.9,22.02,111.71,80.16,1.22,0.37,0.0,0.37,,,,,,,,,,,,7.23
2025-10-24,20,Ferreira do Zêzere,20.9,78.0,1.3,0.2,W,0.2,22.04,115.24,80.14,1.23,0.38,0.0,0.38,,,,,,,,,,,,7.33
2025-10-24,21,Ferreira do Zêzere,20.4,78.0,1.5,0.23,SW,0.1,22.37,115.38,79.87,1.21,0.37,0.0,0.37,,,,,,,,,,,,7.46
2025-10-24,23,Ferreira do Zêzere,19.4,83.0,1.2,0.17,S,0.3,22.21,131.31,80.0,1.21,0.37,0.0,0.37,,,,,,,,,,,,7.53
2025-10-25,0,Ferreira do Zêzere,19.5,84.0,1.2,0.15,SW,212.5,22.31,155.26,79.92,1.2,0.37,0.0,0.37,,,,,,,,,,,,7.58
2025-10-25,1,Ferreira do Zêzere,19.5,87.0,1.3,0.14,S,0.1,22.69,162.68,79.61,1.17,0.36,0.0,0.36,,,,,,,,,,,,6.68
2025-10-25,2,Ferreira do Zêzere,19.4,89.0,0.9,0.27,S,0.5,23.04,172.82,79.32,1.11,0.34,0.0,0.34,,,,,,,,,,,,6.37
2025-10-25,3,Ferreira do Zêzere,19.4,89.0,0.8,0.2,S,0.2,25.24,172.92,77.55,0.95,0.29,0.0,0.29,,,,,,,,,,,,6.05
2025-10-25,4,Ferreira do Zêzere,19.1,89.0,1.3,0.21,S,3.2,26.06,169.37,76.9,0.92,0.28,0.0,0.28,,,,,,,,,,,,6.06
2025-10-25,5,Ferreira do Zêzere,19.0,89.0,1.4,0.34,S,6.7,28.21,167.6,75.23,0.83,0.26,0.0,0.26,,,,,,,,,,,,5.6
2025-10-25,6,Ferreira do Zêzere,18.9,91.0,1.5,0.15,S,6.0,29.14,175.04,74.52,0.81,0.25,0.0,0.25,,,,,,,,,,,,5.55
2025-10-25,7,Ferreira do Zêzere,18.7,91.0,1.8,0.33,S,3.0,29.05,174.62,74.59,0.82,0.25,0.0,0.25,,,,,,,,,,,,5.88
2025-10-25,8,Ferreira do Zêzere,18.9,90.0,2.3,13.49,S,60.3,28.75,182.17,74.82,0.85,0.26,0.0,0.26,,,,,,,,,,,,18.97
2025-10-25,9,Ferreira do Zêzere,19.4,90.0,4.6,4.0,NW,231.5,44.41,172.51,63.84,0.63,0.19,0.0,0.19,,,,,,,,,,,,22.73
2025-10-25,11,Ferreira do Zêzere,17.5,96.0,0.3,0.1,S,920.5,41.19,228.62,65.95,0.56,0.17,0.0,0.17,,,,,,,,,,,,22.28
2025-10-25,12,Ferreira do Zêzere,19.2,92.0,1.0,0.41,N,901.3,35.47,201.18,69.88,0.66,0.2,0.0,0.2,11.27,1.0,-442.9,11.27,186.73,0.0,1.93,0.0,0.0,0.01,12.0,22.15
2025-10-25,14,Ferreira do Zêzere,22.0,69.0,1.9,0.6,E,1202.3,26.1,114.95,76.87,0.95,0.29,0.0,0.29,,,,,,,,,,,,21.99
2025-10-25,15,Ferreira do Zêzere,22.4,70.0,1.6,0.64,NE,862.7,22.99,117.95,79.36,1.16,0.36,0.0,0.36,,,,,,,,,,,,22.33
2025-10-25,16,Ferreira do Zêzere,21.8,73.0,2.6,0.9,N,445.0,21.83,119.48,80.32,1.34,0.41,0.01,0.41,,,,,,,,,,,,23.03
2025-10-25,17,Ferreira do Zêzere,20.9,79.0,4.5,0.45,NW,169.8,21.66,127.41,80.46,1.5,0.46,0.01,0.46,,,,,,,,,,,,23.38
2025-10-25,18,Ferreira do Zêzere,19.0,85.0,4.1,0.1,N,36.9,22.08,153.89,80.11,1.41,0.43,0.01,0.43,,,,,,,,,,,,23.38
2025-10-25,20,Ferreira do Zêzere,17.0,88.0,2.7,0.25,NW,1.5,22.59,177.18,79.69,1.26,0.39,0.01,0.39,,,,,,,,,,,,23.13
2025-10-25,21,Ferreira do Zêzere,16.9,86.0,2.1,0.1,N,1.4,22.46,173.09,79.8,1.24,0.38,0.0,0.38,,,,,,,,,,,,23.0
2025-10-25,22,Ferreira do Zêzere,16.8,86.0,1.5,0.4,N,0.3,22.23,177.58,79.99,1.22,0.38,0.0,0.38,,,,,,,,,,,,23.4
2025-10-26,0,Ferreira do Zêzere,16.3,88.0,1.1,0.5,NW,1.7,21.91,170.12,80.25,1.23,0.38,0.0,0.38,,,,,,,,,,,,23.58
2025-10-26,1,Ferreira do Zêzere,16.0,89.0,1.4,0.1,N,3.1,21.72,171.96,80.41,1.27,0.39,0.01,0.39,,,,,,,,,,,,23.54
2025-10-26,2,Ferreira do Zêzere,15.4,91.0,1.5,0.15,N,7.7,21.67,179.58,80.45,1.29,0.39,0.01,0.39,,,,,,,,,,,,23.42
2025-10-26,3,Ferreira do Zêzere,14.9,92.0,1.9,0.1,NW,1.1,21.63,182.24,80.48,1.32,0.4,0.01,0.4,,,,,,,,,,,,23.32
2025-10-26,4,Ferreira do Zêzere,14.5,94.0,1.7,0.1,N,2.0,21.7,192.05,80.43,1.3,0.4,0.01,0.4,,,,,,,,,,,,23.21
2025-10-26,5,Ferreira do Zêzere,14.3,95.0,1.5,0.1,NW,0.7,21.93,197.32,80.24,1.26,0.39,0.01,0.39,,,,,,,,,,,,22.97
2025-10-26,6,Ferreira do Zêzere,14.2,95.0,1.5,0.49,N,0.3,22.08,197.68,80.11,1.24,0.38,0.0,0.38,,,,,,,,,,,,23.31
2025-10-26,7,Ferreira do Zêzere,13.8,96.0,1.1,0.1,NE,4.8,22.33,203.78,79.91,1.19,0.36,0.0,0.36,,,,,,,,,,,,23.08
2025-10-26,9,Ferreira do Zêzere,15.7,87.0,1.5,0.1,N,820.4,18.96,129.58,82.73,1.68,0.52,0.01,0.52,,,,,,,,,,,,5.69
2025-10-26,10,Ferreira do Zêzere,18.1,76.0,1.3,0.77,NW,1122.5,17.19,108.27,84.26,2.04,0.62,0.01,0.62,,,,,,,,,,,,6.46
2025-10-26,12,Ferreira do Zêzere,22.1,54.0,2.1,1.42,E,1931.1,13.68,70.01,87.4,3.28,1.48,0.05,1.48,42.46,1.62,-441.36,42.46,84.59,0.06,2.56,0.02,0.0,0.02,12.0,7.37
2025-10-26,13,Ferreira do Zêzere,23.2,49.0,3.3,0.1,E,2122.2,12.51,59.32,88.48,4.07,2.27,0.12,2.27,,,,,,,,,,,,7.47
2025-10-26,14,Ferreira do Zêzere,23.9,46.0,2.4,0.57,E,2089.0,11.68,58.0,89.25,4.34,2.56,0.14,2.56,,,,,,,,,,,,7.44
2025-10-26,15,Ferreira do Zêzere,23.7,45.0,2.0,1.81,E,747.4,11.07,60.83,89.82,4.62,2.78,0.17,2.78,,,,,,,,,,,,8.61
2025-10-26,16,Ferreira do Zêzere,24.0,43.0,2.6,1.74,SE,763.4,10.78,57.48,90.1,4.96,3.08,0.2,3.08,,,,,,,,,,,,9.45
2025-10-26,17,Ferreira do Zêzere,23.8,43.0,1.8,3.39,E,496.7,10.56,63.48,90.31,4.9,3.02,0.19,3.02,,,,,,,,,,,,12.39
2025-10-26,18,Ferreira do Zêzere,21.4,53.0,2.2,2.87,NW,29.4,10.34,79.23,90.52,5.16,2.95,0.19,2.95,,,,,,,,,,,,15.16
2025-10-26,19,Ferreira do Zêzere,18.8,71.0,2.2,0.64,N,174.97,10.66,110.52,90.21,4.94,2.45,0.13,2.45,,,,,,,,,,,,15.8
2025-10-26,20,Ferreira do Zêzere,16.6,80.0,0.7,1.16,NW,3.28,10.77,145.63,90.11,4.51,2.15,0.11,2.15,,,,,,,,,,,,16.71
2025-10-26,21,Ferreira do Zêzere,14.6,87.0,0.7,0.86,N,0.2,10.83,168.06,90.05,4.47,2.12,0.1,2.12,,,,,,,,,,,,17.47
2025-10-26,22,Ferreira do Zêzere,13.1,89.0,1.0,0.84,NW,0.6,10.95,174.33,89.94,4.47,2.12,0.1,2.12,,,,,,,,,,,,17.91
2025-10-27,0,Ferreira do Zêzere,10.9,95.0,0.5,0.1,NE,72.9,11.05,187.19,89.84,4.3,1.99,0.09,1.99,,,,,,,,,,,,17.51
2025-10-27,1,Ferreira do Zêzere,10.5,96.0,0.7,3.02,NW,396.9,11.06,193.5,89.83,4.34,2.02,0.09,2.02,,,,,,,,,,,,20.43
2025-10-27,2,Ferreira do Zêzere,10.0,95.0,0.6,0.1,E,176.6,11.11,190.85,89.79,4.29,1.98,0.09,1.98,,,,,,,,,,,,20.38
2025-10-27,3,Ferreira do Zêzere,9.3,97.0,0.7,0.1,NE,954.4,11.18,197.44,89.72,4.27,1.97,0.09,1.97,,,,,,,,,,,,20.38
2025-10-27,4,Ferreira do Zêzere,8.6,98.0,0.7,1.27,SE,575.3,11.22,202.42,89.68,4.24,1.95,0.09,1.95,,,,,,,,,,,,21.55
2025-10-27,5,Ferreira do Zêzere,8.4,98.0,0.8,0.1,W,349.0,11.3,202.29,89.61,4.22,1.93,0.09,1.93,,,,,,,,,,,,21.55
2025-10-27,6,Ferreira do Zêzere,8.2,98.0,0.5,0.2,S,355.7,11.44,202.63,89.48,4.08,1.82,0.08,1.82,,,,,,,,,,,,21.26
2025-10-27,7,Ferreira do Zêzere,7.9,98.0,0.5,0.44,SE,346.6,11.57,203.07,89.35,4.01,1.77,0.07,1.77,,,,,,,,,,,,21.6
2025-10-27,9,Ferreira do Zêzere,12.4,88.0,0.8,4.04,SW,825.0,11.53,170.53,89.39,4.09,1.83,0.08,1.83,,,,,,,,,,,,25.54
2025-10-27,10,Ferreira do Zêzere,18.6,59.0,2.3,2.6,E,1074.1,11.12,93.77,89.78,4.66,2.54,0.14,2.54,,,,,,,,,,,,27.37
2025-10-27,12,Ferreira do Zêzere,23.4,43.0,4.1,1.3,SE,2115.0,10.01,59.06,90.83,5.94,3.89,0.3,3.89,53.54,2.2,-450.15,53.54,61.87,0.3,3.15,0.11,0.0,0.11,12.0,27.25
2025-10-27,13,Ferreira do Zêzere,24.1,42.0,3.1,1.48,E,2140.8,9.51,59.44,91.31,6.04,4.02,0.32,4.02,,,,,,,,,,,,28.63
2025-10-27,14,Ferreira do Zêzere,24.7,42.0,2.8,1.11,SE,1871.0,9.06,58.86,91.74,6.33,4.25,0.35,4.25,,,,,,,,,,,,29.17
2025-10-27,15,Ferreira do Zêzere,25.2,41.0,2.6,1.43,SE,994.5,8.83,57.37,91.97,6.47,4.39,0.37,4.39,,,,,,,,,,,,28.79
2025-10-27,16,Ferreira do Zêzere,25.0,42.0,2.6,0.1,E,748.9,8.63,58.41,92.16,6.65,4.49,0.39,4.49,,,,,,,,,,,,27.15
2025-10-27,17,Ferreira do Zêzere,24.8,42.0,2.1,0.1,E,462.5,8.48,60.11,92.31,6.62,4.47,0.38,4.47,,,,,,,,,,,,23.86
2025-10-27,18,Ferreira do Zêzere,23.0,48.0,1.1,0.97,NE,27.9,8.39,74.59,92.4,6.37,4.1,0.33,4.1,,,,,,,,,,,,21.96
2025-10-27,19,Ferreira do Zêzere,19.9,58.0,0.6,1.04,NW,1.9,8.53,98.31,92.26,6.09,3.62,0.27,3.62,,,,,,,,,,,,22.36
2025-10-27,20,Ferreira do Zêzere,19.7,59.0,1.8,1.7,E,0.2,8.64,91.78,92.15,6.38,3.79,0.29,3.79,,,,,,,,,,,,22.9
2025-10-27,21,Ferreira do Zêzere,21.3,47.0,0.9,0.2,NE,0.5,8.69,79.75,92.1,6.05,3.83,0.29,3.83,,,,,,,,,,,,22.24
2025-10-27,22,Ferreira do Zêzere,18.9,57.0,1.0,7.2,NW,202.97,8.76,98.45,92.04,6.02,3.55,0.26,3.55,,,,,,,,,,,,28.6
2025-10-28,0,Ferreira do Zêzere,16.5,62.0,0.8,0.1,SW,0.17,8.74,122.3,92.05,5.98,3.15,0.21,3.15,,,,,,,,,,,,28.6
2025-10-28,1,Ferreira do Zêzere,16.6,61.0,0.6,0.6,S,1.04,8.82,121.93,91.98,5.86,3.09,0.2,3.09,,,,,,,,,,,,26.18
2025-10-28,2,Ferreira do Zêzere,16.9,60.0,0.6,1.0,SW,5.5,8.75,119.91,92.04,5.91,3.15,0.21,3.15,,,,,,,,,,,,27.08
2025-10-28,3,Ferreira do Zêzere,16.0,65.0,0.8,0.75,N,2.6,8.81,128.06,91.99,5.92,3.11,0.2,3.11,,,,,,,,,,,,27.73
2025-10-28,4,Ferreira do Zêzere,17.0,60.0,0.6,0.75,E,0.5,8.85,119.65,91.95,5.83,3.1,0.2,3.1,,,,,,,,,,,,27.21
2025-10-28,6,Ferreira do Zêzere,15.5,72.0,0.7,0.1,SE,0.35,8.93,142.35,91.87,5.8,3.03,0.19,3.03,,,,,,,,,,,,27.01
2025-10-28,7,Ferreira do Zêzere,16.8,65.0,0.9,0.1,NE,0.4,9.03,124.5,91.77,5.78,3.01,0.19,3.01,,,,,,,,,,,,26.67
2025-10-28,9,Ferreira do Zêzere,19.0,62.0,4.1,0.1,SE,206.3,9.38,95.12,91.43,6.47,3.55,0.26,3.55,,,,,,,,,,,,22.73
2025-10-28,10,Ferreira do Zêzere,18.6,64.0,4.5,0.46,SE,251.7,9.73,96.82,91.1,6.29,3.39,0.24,3.39,,,,,,,,,,,,20.59
2025-10-28,12,Ferreira do Zêzere,19.0,72.0,4.1,0.53,E,690.7,15.51,109.2,85.75,2.87,0.88,0.02,0.88,35.92,1.26,-455.61,35.92,100.47,0.02,2.19,0.01,0.0,0.01,12.0,19.82
2025-10-28,13,Ferreira do Zêzere,19.8,71.0,3.2,1.23,SE,716.4,14.6,108.76,86.57,3.08,0.94,0.02,0.94,,,,,,,,,,,,19.57
2025-10-28,14,Ferreira do Zêzere,19.4,75.0,1.7,0.1,E,542.5,14.49,125.39,86.66,2.9,0.89,0.02,0.89,,,,,,,,,,,,18.56
2025-10-28,15,Ferreira do Zêzere,19.5,76.0,3.1,4.08,E,181.5,14.61,120.7,86.56,3.06,0.94,0.02,0.94,,,,,,,,,,,,21.21
2025-10-28,16,Ferreira do Zêzere,18.5,88.0,2.92,21.6,---,187.3,31.97,166.28,72.4,0.79,0.24,0.0,0.24,,,,,,,,,,,,42.71
2025-10-28,17,Ferreira do Zêzere,17.2,99.0,2.16,3.9,---,430.1,41.3,233.4,65.88,0.61,0.19,0.0,0.19,,,,,,,,,,,,46.51
2025-10-28,18,Ferreira do Zêzere,16.9,99.0,2.28,8.9,---,307.5,47.52,234.85,61.87,0.51,0.16,0.0,0.16,,,,,,,,,,,,54.44
2025-10-28,19,Ferreira do Zêzere,16.3,99.0,2.14,7.4,---,164.7,49.72,236.06,60.52,0.47,0.14,0.0,0.14,,,,,,,,,,,,60.8
2025-10-28,21,Ferreira do Zêzere,16.0,99.0,2.15,0.1,---,268.5,51.05,235.89,59.71,0.45,0.14,0.0,0.14,,,,,,,,,,,,59.0
2025-10-28,22,Ferreira do Zêzere,15.9,99.0,2.44,0.56,---,355.2,51.14,234.65,59.66,0.45,0.14,0.0,0.14,,,,,,,,,,,,52.36
2025-10-28,23,Ferreira do Zêzere,16.1,98.0,2.39,2.0,---,328.2,54.74,227.76,57.53,0.39,0.12,0.0,0.12,,,,,,,,,,,,54.36
2025-10-29,0,Ferreira do Zêzere,16.2,98.0,2.33,6.4,---,215.6,54.98,234.63,57.39,0.38,0.12,0.0,0.12,,,,,,,,,,,,60.66
2025-10-29,1,Ferreira do Zêzere,16.0,98.0,2.42,0.35,---,320.1,53.94,234.59,58.0,0.4,0.12,0.0,0.12,,,,,,,,,,,,60.41
2025-10-29,2,Ferreira do Zêzere,16.1,98.0,2.44,0.38,---,368.1,54.72,234.5,57.54,0.39,0.12,0.0,0.12,,,,,,,,,,,,59.79
2025-10-29,3,Ferreira do Zêzere,16.2,98.0,1.74,0.12,---,365.3,54.71,235.69,57.55,0.38,0.12,0.0,0.12,,,,,,,,,,,,59.16
2025-10-29,4,Ferreira do Zêzere,16.2,99.0,1.9,0.12,---,369.9,54.09,242.46,57.91,0.39,0.12,0.0,0.12,,,,,,,,,,,,58.53
2025-10-29,6,Ferreira do Zêzere,14.5,99.0,1.98,0.1,---,354.5,54.21,242.84,57.84,0.39,0.12,0.0,0.12,,,,,,,,,,,,58.53
2025-10-29,7,Ferreira do Zêzere,13.9,99.0,1.85,0.1,---,342.4,54.68,243.12,57.57,0.38,0.12,0.0,0.12,,,,,,,,,,,,58.53
2025-10-29,8,Ferreira do Zêzere,14.1,99.0,2.04,0.1,---,476.7,53.79,242.9,58.08,0.4,0.12,0.0,0.12,,,,,,,,,,,,58.63
2025-10-29,9,Ferreira do Zêzere,16.3,99.0,1.91,3.1,---,825.8,45.72,242.42,63.0,0.53,0.16,0.0,0.16,,,,,,,,,,,,61.63
2025-10-29,10,Ferreira do Zêzere,18.2,92.0,1.52,3.32,---,1082.3,39.19,199.71,67.3,0.62,0.19,0.0,0.19,,,,,,,,,,,,64.49
2025-10-29,11,Ferreira do Zêzere,20.5,79.0,1.34,0.4,---,1720.0,33.63,147.59,71.19,0.7,0.21,0.0,0.21,,,,,,,,,,,,64.89
2025-10-29,12,Ferreira do Zêzere,21.1,74.0,1.87,3.64,---,1530.8,25.93,128.81,77.01,0.96,0.29,0.0,0.29,26.95,1.0,-484.44,26.95,126.18,0.0,1.93,0.0,0.0,0.01,12.0,68.0
2025-10-29,13,Ferreira do Zêzere,22.2,70.0,1.7,2.0,---,1524.4,23.5,118.07,78.95,1.12,0.35,0.0,0.35,,,,,,,,,,,,68.77
2025-10-29,14,Ferreira do Zêzere,18.9,94.0,2.29,6.9,---,1212.0,31.71,205.57,72.6,0.77,0.24,0.0,0.24,,,,,,,,,,,,75.57
2025-10-29,15,Ferreira do Zêzere,20.8,82.0,2.45,1.3,---,1020.2,46.51,147.27,62.5,0.53,0.16,0.0,0.16,,,,,,,,,,,,72.79
2025-10-29,16,Ferreira do Zêzere,21.2,75.0,2.24,0.17,---,572.6,36.61,128.11,69.08,0.68,0.21,0.0,0.21,,,,,,,,,,,,51.36
2025-10-29,17,Ferreira do Zêzere,20.4,75.0,2.79,0.6,---,286.1,32.33,126.93,72.14,0.77,0.24,0.0,0.24,,,,,,,,,,,,48.06
2025-10-29,18,Ferreira do Zêzere,19.1,80.0,1.94,0.1,---,27.7,30.79,147.9,73.28,0.78,0.24,0.0,0.24,,,,,,,,,,,,39.26
2025-10-29,19,Ferreira do Zêzere,17.4,89.0,1.74,0.2,---,0.1,30.45,182.41,73.53,0.78,0.24,0.0,0.24,,,,,,,,,,,,32.06
2025-10-29,20,Ferreira do Zêzere,16.3,94.0,1.56,0.1,---,0.8,30.63,208.21,73.4,0.77,0.23,0.0,0.23,,,,,,,,,,,,32.16
2025-10-29,21,Ferreira do Zêzere,15.3,96.0,1.64,0.1,---,73.5,30.67,219.67,73.37,0.77,0.24,0.0,0.24,,,,,,,,,,,,32.16
2025-10-29,22,Ferreira do Zêzere,14.5,98.0,1.62,0.1,---,662.6,30.95,231.78,73.16,0.76,0.23,0.0,0.23,,,,,,,,,,,,31.7
2025-10-29,23,Ferreira do Zêzere,13.6,98.0,1.2,0.1,---,445.7,30.84,232.23,73.24,0.75,0.23,0.0,0.23,,,,,,,,,,,,29.8
2025-10-30,0,Ferreira do Zêzere,12.9,99.0,0.98,0.1,---,382.8,30.26,237.26,73.68,0.75,0.23,0.0,0.23,,,,,,,,,,,,23.5
2025-10-30,1,Ferreira do Zêzere,12.4,99.0,1.17,0.1,---,336.9,30.12,236.99,73.78,0.76,0.23,0.0,0.23,,,,,,,,,,,,23.25
2025-10-30,2,Ferreira do Zêzere,11.2,99.0,1.12,0.1,---,318.4,29.7,237.1,74.1,0.77,0.24,0.0,0.24,,,,,,,,,,,,22.97
2025-10-30,3,Ferreira do Zêzere,10.9,99.0,0.68,0.1,---,286.2,29.97,237.65,73.89,0.75,0.23,0.0,0.23,,,,,,,,,,,,22.95
2025-10-30,4,Ferreira do Zêzere,11.8,100.0,0.97,0.1,---,228.8,30.25,242.42,73.68,0.75,0.23,0.0,0.23,,,,,,,,,,,,22.93
2025-10-30,5,Ferreira do Zêzere,11.9,100.0,1.46,0.1,---,205.9,30.59,242.49,73.43,0.76,0.23,0.0,0.23,,,,,,,,,,,,23.03
2025-10-30,6,Ferreira do Zêzere,11.8,100.0,1.27,0.1,---,210.8,30.79,242.49,73.28,0.75,0.23,0.0,0.23,,,,,,,,,,,,23.03
2025-10-30,7,Ferreira do Zêzere,12.1,100.0,1.47,0.1,---,206.8,30.97,242.49,73.15,0.75,0.23,0.0,0.23,,,,,,,,,,,,23.03
2025-10-30,8,Ferreira do Zêzere,12.5,100.0,1.37,0.1,---,251.9,30.9,242.49,73.2,0.75,0.23,0.0,0.23,,,,,,,,,,,,23.03
2025-10-30,9,Ferreira do Zêzere,13.4,100.0,1.88,0.1,---,617.1,30.37,240.16,73.59,0.79,0.24,0.0,0.24,,,,,,,,,,,,20.03
2025-10-30,10,Ferreira do Zêzere,15.3,98.0,2.56,0.1,---,864.6,28.51,222.52,75.0,0.87,0.27,0.0,0.27,,,,,,,,,,,,16.81
2025-10-30,11,Ferreira do Zêzere,17.5,88.0,3.18,0.17,---,835.4,26.64,164.86,76.45,0.98,0.3,0.0,0.3,,,,,,,,,,,,16.58
2025-10-30,12,Ferreira do Zêzere,18.4,82.0,3.18,0.1,---,823.7,23.94,139.2,78.59,1.16,0.36,0.0,0.36,23.58,1.0,-485.99,23.58,137.26,0.0,1.93,0.0,0.0,0.01,12.0,13.04
2025-10-30,13,Ferreira do Zêzere,19.0,78.0,3.42,0.1,---,710.1,21.93,124.01,80.24,1.38,0.42,0.01,0.42,,,,,,,,,,,,11.14
2025-10-30,14,Ferreira do Zêzere,19.9,73.0,3.32,0.97,---,533.5,20.9,99.88,81.09,1.51,0.46,0.01,0.46,,,,,,,,,,,,5.21
2025-10-30,15,Ferreira do Zêzere,20.7,66.0,3.42,0.3,---,684.1,19.93,83.72,81.91,1.67,0.52,0.01,0.52,,,,,,,,,,,,4.21
2025-10-30,16,Ferreira do Zêzere,20.4,65.0,2.81,0.15,---,337.8,19.12,85.37,82.6,1.77,0.55,0.01,0.55,,,,,,,,,,,,4.19
2025-10-30,18,Ferreira do Zêzere,17.3,86.0,2.68,0.1,---,324.9,19.93,127.7,81.91,1.61,0.49,0.01,0.49,,,,,,,,,,,,3.59
2025-10-30,19,Ferreira do Zêzere,17.1,86.0,2.84,0.35,---,0.1,20.39,128.53,81.52,1.55,0.48,0.01,0.48,,,,,,,,,,,,3.74
2025-10-30,20,Ferreira do Zêzere,17.3,84.0,3.01,0.1,---,0.48,20.59,122.32,81.35,1.54,0.47,0.01,0.47,,,,,,,,,,,,3.74
2025-10-30,21,Ferreira do Zêzere,17.5,83.0,3.3,0.1,---,0.4,20.75,118.43,81.22,1.53,0.47,0.01,0.47,,,,,,,,,,,,3.74
2025-10-30,22,Ferreira do Zêzere,17.0,84.0,3.07,0.54,---,0.8,20.82,125.47,81.16,1.51,0.46,0.01,0.46,,,,,,,,,,,,4.18
2025-10-31,0,Ferreira do Zêzere,16.9,86.0,2.27,0.1,---,153.7,22.42,134.25,79.83,1.25,0.38,0.01,0.38,,,,,,,,,,,,4.08
2025-10-31,1,Ferreira do Zêzere,16.4,92.0,3.23,0.1,---,443.1,44.05,151.17,64.07,0.6,0.18,0.0,0.18,,,,,,,,,,,,4.08
2025-10-31,2,Ferreira do Zêzere,16.8,90.0,3.83,0.38,---,284.3,42.93,143.21,64.8,0.63,0.19,0.0,0.19,,,,,,,,,,,,4.36
2025-10-31,3,Ferreira do Zêzere,16.8,94.0,4.04,0.7,---,386.5,49.26,163.44,60.8,0.53,0.16,0.0,0.16,,,,,,,,,,,,4.96
2025-10-31,4,Ferreira do Zêzere,16.6,96.0,3.75,0.25,---,340.8,49.3,175.66,60.77,0.52,0.16,0.0,0.16,,,,,,,,,,,,5.11
2025-10-31,5,Ferreira do Zêzere,16.9,95.0,4.25,0.1,---,174.4,48.34,168.95,61.36,0.55,0.17,0.0,0.17,,,,,,,,,,,,5.11
2025-10-31,6,Ferreira do Zêzere,17.2,93.0,3.85,0.6,---,6.2,46.45,162.29,62.54,0.57,0.18,0.0,0.18,,,,,,,,,,,,5.61
2025-10-31,7,Ferreira do Zêzere,17.5,92.0,3.55,0.1,---,54.3,52.64,158.14,58.76,0.45,0.14,0.0,0.14,,,,,,,,,,,,5.61
2025-10-31,8,Ferreira do Zêzere,17.5,96.0,4.19,1.2,---,277.4,53.36,182.72,58.34,0.45,0.14,0.0,0.14,,,,,,,,,,,,6.71
2025-10-31,9,Ferreira do Zêzere,17.7,95.0,4.29,0.2,---,490.5,53.96,176.72,57.99,0.44,0.14,0.0,0.14,,,,,,,,,,,,6.81
2025-10-31,10,Ferreira do Zêzere,18.3,93.0,5.41,0.1,---,572.6,53.41,162.13,58.31,0.48,0.15,0.0,0.15,,,,,,,,,,,,6.81
2025-10-31,11,Ferreira do Zêzere,18.5,91.0,5.3,0.7,---,281.0,55.42,153.85,57.14,0.44,0.13,0.0,0.13,,,,,,,,,,,,7.34
2025-10-31,12,Ferreira do Zêzere,19.1,88.0,5.69,0.4,---,632.5,56.09,139.46,56.75,0.43,0.13,0.0,0.13,23.07,1.0,-484.8,23.07,139.04,0.0,1.93,0.0,0.0,0.01,12.0,7.64
2025-10-31,13,Ferreira do Zêzere,19.6,86.0,6.67,2.21,---,604.4,54.98,132.29,57.39,0.48,0.15,0.0,0.15,,,,,,,,,,,,9.75
2025-10-31,14,Ferreira do Zêzere,19.4,90.0,5.31,0.8,---,469.8,56.49,152.99,56.53,0.42,0.13,0.0,0.13,,,,,,,,,,,,9.58
2025-10-31,15,Ferreira do Zêzere,18.9,96.0,5.31,6.0,---,379.5,58.14,198.72,55.59,0.38,0.12,0.0,0.12,,,,,,,,,,,,15.28
2025-10-31,16,Ferreira do Zêzere,18.3,98.0,4.1,14.5,---,273.2,57.91,227.36,55.72,0.37,0.11,0.0,0.11,,,,,,,,,,,,29.63
2025-10-31,17,Ferreira do Zêzere,17.9,99.0,2.92,0.9,---,229.0,57.12,237.85,56.17,0.36,0.11,0.0,0.11,,,,,,,,,,,,30.53
2025-10-31,18,Ferreira do Zêzere,18.4,99.0,2.68,0.87,---,313.3,57.15,238.18,56.15,0.35,0.11,0.0,0.11,,,,,,,,,,,,31.3
2025-10-31,19,Ferreira do Zêzere,18.4,98.0,2.2,1.54,---,263.1,57.76,231.22,55.81,0.33,0.1,0.0,0.1,,,,,,,,,,,,32.49
2025-10-31,20,Ferreira do Zêzere,18.7,98.0,2.75,1.1,---,144.4,58.26,230.4,55.53,0.34,0.1,0.0,0.1,,,,,,,,,,,,33.49
2025-10-31,21,Ferreira do Zêzere,18.9,97.0,3.54,3.38,---,277.0,58.46,221.6,55.41,0.35,0.11,0.0,0.11,,,,,,,,,,,,36.77
2025-10-31,22,Ferreira do Zêzere,19.0,97.0,4.32,3.6,---,142.0,59.25,220.68,54.98,0.35,0.11,0.0,0.11,,,,,,,,,,,,39.83
2025-10-31,23,Ferreira do Zêzere,19.2,96.0,4.64,0.4,---,105.8,60.53,211.61,54.27,0.33,0.1,0.0,0.1,,,,,,,,,,,,40.23
2025-11-01,0,Ferreira do Zêzere,19.2,95.0,4.72,0.7,---,15.9,60.01,203.93,54.56,0.34,0.1,0.0,0.1,,,,,,,,,,,,40.83
2025-11-01,1,Ferreira do Zêzere,19.1,96.0,3.54,4.85,---,153.9,58.91,214.63,55.16,0.34,0.1,0.0,0.1,,,,,,,,,,,,45.58
2025-11-01,2,Ferreira do Zêzere,17.9,95.0,2.68,9.8,---,135.6,62.67,211.7,53.11,0.27,0.08,0.0,0.08,,,,,,,,,,,,55.0
2025-11-01,3,Ferreira do Zêzere,16.3,99.0,2.52,4.6,---,87.5,61.92,241.86,53.51,0.27,0.08,0.0,0.08,,,,,,,,,,,,58.9
2025-11-01,4,Ferreira do Zêzere,16.3,99.0,2.56,0.7,---,58.2,62.23,241.83,53.35,0.27,0.08,0.0,0.08,,,,,,,,,,,,59.35
2025-11-01,5,Ferreira do Zêzere,16.4,99.0,2.19,9.1,---,19.5,64.15,242.13,52.32,0.24,0.07,0.0,0.07,,,,,,,,,,,,68.35
2025-11-01,6,Ferreira do Zêzere,16.4,99.0,1.76,4.7,---,7.0,64.06,242.55,52.37,0.24,0.07,0.0,0.07,,,,,,,,,,,,72.45
2025-11-01,7,Ferreira do Zêzere,16.2,99.0,1.58,4.7,---,8.1,64.69,242.79,52.04,0.22,0.07,0.0,0.07,,,,,,,,,,,,77.05
2025-11-01,8,Ferreira do Zêzere,16.0,99.0,1.73,4.2,---,29.7,65.21,242.69,51.76,0.22,0.07,0.0,0.07,,,,,,,,,,,,80.05
2025-11-01,9,Ferreira do Zêzere,16.1,99.0,1.22,3.8,---,103.7,65.52,243.23,51.6,0.21,0.06,0.0,0.06,,,,,,,,,,,,83.65
2025-11-01,10,Ferreira do Zêzere,16.3,99.0,1.29,2.2,---,362.9,65.36,243.1,51.68,0.21,0.07,0.0,0.07,,,,,,,,,,,,85.75
2025-11-01,11,Ferreira do Zêzere,16.9,99.0,1.16,1.0,---,742.7,64.72,243.11,52.02,0.22,0.07,0.0,0.07,,,,,,,,,,,,86.05
2025-11-01,12,Ferreira do Zêzere,18.0,93.0,1.24,0.13,---,1049.2,55.91,206.79,56.86,0.35,0.11,0.0,0.11,7.26,1.0,-520.86,7.26,206.79,0.0,1.93,0.0,0.0,0.01,12.0,85.78
2025-11-01,13,Ferreira do Zêzere,18.9,87.0,1.74,0.1,---,1041.4,49.6,174.78,60.59,0.46,0.14,0.0,0.14,,,,,,,,,,,,83.67
2025-11-01,14,Ferreira do Zêzere,19.4,82.0,1.58,0.32,---,782.2,44.55,157.34,63.75,0.54,0.17,0.0,0.17,,,,,,,,,,,,83.19
2025-11-01,15,Ferreira do Zêzere,20.1,78.0,1.84,0.45,---,747.3,40.59,141.87,66.35,0.61,0.19,0.0,0.19,,,,,,,,,,,,77.64
2025-11-01,16,Ferreira do Zêzere,19.9,77.0,1.94,0.1,---,346.5,38.2,139.13,67.97,0.65,0.2,0.0,0.2,,,,,,,,,,,,63.24
2025-11-01,17,Ferreira do Zêzere,18.9,82.0,1.34,0.35,---,79.0,36.48,160.69,69.17,0.65,0.2,0.0,0.2,,,,,,,,,,,,62.69
2025-11-01,18,Ferreira do Zêzere,18.3,84.0,1.61,0.1,---,12.0,34.94,166.36,70.25,0.68,0.21,0.0,0.21,,,,,,,,,,,,61.92
2025-11-01,19,Ferreira do Zêzere,17.8,84.0,1.49,0.1,---,4.7,33.22,168.53,71.49,0.71,0.22,0.0,0.22,,,,,,,,,,,,60.48
2025-11-01,20,Ferreira do Zêzere,17.2,86.0,1.24,0.1,---,3.3,31.95,178.78,72.42,0.72,0.22,0.0,0.22,,,,,,,,,,,,59.48
2025-11-01,21,Ferreira do Zêzere,16.5,88.0,1.61,0.1,---,2.4,30.79,184.8,73.28,0.76,0.23,0.0,0.23,,,,,,,,,,,,56.2
2025-11-01,22,Ferreira do Zêzere,15.9,89.0,1.52,0.12,---,1.7,30.0,190.52,73.87,0.78,0.24,0.0,0.24,,,,,,,,,,,,52.72
2025-11-01,23,Ferreira do Zêzere,15.5,90.0,1.01,0.15,---,1.5,29.03,198.96,74.61,0.79,0.24,0.0,0.24,,,,,,,,,,,,52.47
2025-11-02,0,Ferreira do Zêzere,15.1,91.0,1.69,0.1,---,0.9,27.79,194.48,75.56,0.86,0.26,0.0,0.26,,,,,,,,,,,,51.87
2025-11-02,1,Ferreira do Zêzere,14.5,93.0,1.88,0.1,---,0.3,27.72,202.6,75.61,0.87,0.27,0.0,0.27,,,,,,,,,,,,47.12
2025-11-02,2,Ferreira do Zêzere,13.6,95.0,1.07,0.1,---,1.4,28.18,214.4,75.26,0.82,0.25,0.0,0.25,,,,,,,,,,,,37.42
2025-11-02,3,Ferreira do Zêzere,12.7,96.0,1.76,0.1,---,3.2,28.08,215.97,75.33,0.85,0.26,0.0,0.26,,,,,,,,,,,,32.92
2025-11-02,4,Ferreira do Zêzere,10.9,97.0,1.52,0.1,---,391.5,28.05,222.57,75.36,0.84,0.26,0.0,0.26,,,,,,,,,,,,32.32
2025-11-02,5,Ferreira do Zêzere,9.8,98.0,1.01,0.1,---,653.8,28.0,223.76,75.39,0.82,0.25,0.0,0.25,,,,,,,,,,,,23.32
2025-11-02,6,Ferreira do Zêzere,9.5,99.0,1.56,0.2,---,507.8,28.18,223.55,75.26,0.84,0.26,0.0,0.26,,,,,,,,,,,,18.82
2025-11-02,7,Ferreira do Zêzere,9.1,99.0,1.52,0.1,---,467.1,28.32,216.77,75.15,0.83,0.26,0.0,0.26,,,,,,,,,,,,14.22
2025-11-02,8,Ferreira do Zêzere,9.1,99.0,1.05,0.1,---,532.9,27.44,206.66,75.83,0.85,0.26,0.0,0.26,,,,,,,,,,,,10.12
2025-11-02,9,Ferreira do Zêzere,11.6,97.0,1.29,0.1,---,634.1,23.87,180.27,78.65,1.06,0.33,0.0,0.33,,,,,,,,,,,,6.42
2025-11-02,10,Ferreira do Zêzere,14.2,89.0,1.94,0.2,---,952.2,20.24,135.46,81.65,1.51,0.46,0.01,0.46,,,,,,,,,,,,4.42
2025-11-02,11,Ferreira do Zêzere,16.9,76.0,1.84,0.01,---,1702.2,17.26,97.72,84.2,2.07,0.64,0.01,0.64,,,,,,,,,,,,3.43
2025-11-02,12,Ferreira do Zêzere,18.6,65.0,2.56,0.01,---,1502.6,16.08,77.17,85.24,2.48,0.76,0.02,0.76,34.19,1.0,-518.59,34.19,105.04,0.01,1.93,0.0,0.0,0.01,12.0,3.31
2025-11-02,13,Ferreira do Zêzere,19.2,58.0,2.44,0.1,---,1649.9,15.01,69.72,86.2,2.82,0.88,0.02,0.88,,,,,,,,,,,,3.31
2025-11-02,14,Ferreira do Zêzere,20.0,54.0,2.22,0.2,---,1714.6,13.83,64.8,87.26,3.24,1.19,0.04,1.19,,,,,,,,,,,,3.19
2025-11-02,15,Ferreira do Zêzere,20.2,53.0,2.75,0.35,---,493.9,13.24,61.51,87.8,3.59,1.57,0.06,1.57,,,,,,,,,,,,3.09
2025-11-02,16,Ferreira do Zêzere,19.6,54.0,2.69,1.3,---,625.2,12.83,69.35,88.18,3.78,1.7,0.07,1.7,,,,,,,,,,,,4.29
2025-11-02,17,Ferreira do Zêzere,18.8,57.0,2.04,1.3,---,324.7,12.79,79.86,88.22,3.68,1.56,0.06,1.56,,,,,,,,,,,,5.24
2025-11-02,18,Ferreira do Zêzere,16.6,66.0,2.09,0.37,---,29.6,12.97,95.65,88.05,3.6,1.43,0.05,1.43,,,,,,,,,,,,5.51
2025-11-02,19,Ferreira do Zêzere,13.9,80.0,1.42,0.4,---,0.1,13.36,127.47,87.69,3.31,1.11,0.03,1.11,,,,,,,,,,,,5.81
2025-11-02,20,Ferreira do Zêzere,11.7,93.0,0.86,0.3,---,0.2,13.73,165.67,87.36,3.06,0.94,0.02,0.94,,,,,,,,,,,,6.01
2025-11-02,21,Ferreira do Zêzere,11.0,95.0,1.22,0.23,---,5.6,14.11,171.88,87.01,2.97,0.91,0.02,0.91,,,,,,,,,,,,6.14
2025-11-02,22,Ferreira do Zêzere,10.5,96.0,1.43,0.17,---,485.3,14.49,175.36,86.66,2.86,0.88,0.02,0.88,,,,,,,,,,,,6.19
2025-11-02,23,Ferreira do Zêzere,10.4,95.0,1.33,0.25,---,401.7,14.91,172.93,86.29,2.7,0.83,0.02,0.83,,,,,,,,,,,,6.29
2025-11-03,0,Ferreira do Zêzere,9.5,96.0,1.64,0.1,---,533.3,15.32,160.19,85.92,2.6,0.8,0.02,0.8,,,,,,,,,,,,6.29
2025-11-03,1,Ferreira do Zêzere,9.1,97.0,1.66,0.25,---,626.5,15.83,164.61,85.46,2.44,0.75,0.02,0.75,,,,,,,,,,,,6.44
2025-11-03,2,Ferreira do Zêzere,8.3,98.0,1.18,0.15,---,430.6,16.19,169.04,85.14,2.28,0.7,0.01,0.7,,,,,,,,,,,,6.49
2025-11-03,3,Ferreira do Zêzere,7.8,98.0,1.56,0.1,---,390.8,16.4,168.75,84.96,2.27,0.69,0.01,0.69,,,,,,,,,,,,6.49
2025-11-03,4,Ferreira do Zêzere,7.6,98.0,1.6,0.1,---,392.5,16.59,168.76,84.79,2.22,0.68,0.01,0.68,,,,,,,,,,,,6.49
2025-11-03,5,Ferreira do Zêzere,6.5,98.0,1.38,0.1,---,396.5,16.79,169.24,84.61,2.14,0.66,0.01,0.66,,,,,,,,,,,,6.49
2025-11-03,6,Ferreira do Zêzere,5.9,99.0,1.66,0.1,---,305.7,17.13,171.48,84.32,2.09,0.64,0.01,0.64,,,,,,,,,,,,6.39
2025-11-03,7,Ferreira do Zêzere,6.0,99.0,1.9,0.1,---,387.2,17.36,171.36,84.12,2.06,0.63,0.01,0.63,,,,,,,,,,,,6.39
2025-11-03,8,Ferreira do Zêzere,6.0,99.0,1.87,0.1,---,497.7,17.39,171.37,84.09,2.05,0.63,0.01,0.63,,,,,,,,,,,,6.39
2025-11-03,9,Ferreira do Zêzere,8.6,97.0,2.57,0.1,---,789.9,15.67,163.29,85.61,2.61,0.8,0.02,0.8,,,,,,,,,,,,6.39
2025-11-03,10,Ferreira do Zêzere,12.5,84.0,2.92,0.1,---,1007.1,14.12,122.33,87.0,3.23,0.99,0.03,0.99,,,,,,,,,,,,6.29
2025-11-03,11,Ferreira do Zêzere,15.3,78.0,3.01,0.1,---,1456.0,12.94,106.38,88.08,3.79,1.59,0.06,1.59,,,,,,,,,,,,6.38
2025-11-03,12,Ferreira do Zêzere,19.3,55.0,3.74,1.6,---,2092.0,12.04,71.97,88.91,4.43,2.19,0.11,2.19,45.69,1.22,-518.28,45.69,77.48,0.11,2.15,0.03,0.0,0.03,12.0,7.97
2025-11-03,13,Ferreira do Zêzere,20.7,49.0,3.29,0.4,---,2101.5,11.44,65.36,89.48,4.69,2.5,0.14,2.5,,,,,,,,,,,,8.27
2025-11-03,14,Ferreira do Zêzere,21.2,50.0,2.49,0.1,---,1837.0,11.09,67.27,89.8,4.73,2.53,0.14,2.53,,,,,,,,,,,,8.17
2025-11-03,15,Ferreira do Zêzere,21.2,51.0,2.39,3.33,---,795.6,10.76,72.5,90.12,4.92,2.65,0.15,2.65,,,,,,,,,,,,11.15
2025-11-03,16,Ferreira do Zêzere,21.2,53.0,2.06,1.38,---,644.6,10.71,75.8,90.16,4.87,2.59,0.15,2.59,,,,,,,,,,,,11.23
2025-11-03,17,Ferreira do Zêzere,20.4,59.0,1.72,0.1,---,263.6,10.66,84.14,90.21,4.82,2.45,0.13,2.45,,,,,,,,,,,,10.03
2025-11-03,18,Ferreira do Zêzere,17.6,75.0,1.68,0.67,---,21.4,10.97,114.14,89.92,4.61,2.22,0.11,2.22,,,,,,,,,,,,10.33
2025-11-03,19,Ferreira do Zêzere,15.3,86.0,1.6,0.72,---,0.5,11.26,143.73,89.64,4.42,2.08,0.1,2.08,,,,,,,,,,,,10.65
2025-11-03,20,Ferreira do Zêzere,14.4,92.0,1.94,3.5,---,0.6,11.39,169.08,89.52,4.41,2.08,0.1,2.08,,,,,,,,,,,,13.85
2025-11-03,21,Ferreira do Zêzere,13.1,95.0,2.37,0.1,---,1.8,11.66,180.93,89.27,4.35,2.03,0.1,2.03,,,,,,,,,,,,13.72
2025-11-03,22,Ferreira do Zêzere,13.2,95.0,2.47,0.92,---,0.7,12.05,182.03,88.9,4.15,1.88,0.08,1.88,,,,,,,,,,,,14.47
2025-11-03,23,Ferreira do Zêzere,12.3,96.0,2.24,0.4,---,25.5,12.21,188.03,88.76,4.01,1.77,0.07,1.77,,,,,,,,,,,,14.62
2025-11-04,0,Ferreira do Zêzere,11.5,98.0,2.69,0.47,---,604.5,12.25,211.06,88.72,4.08,1.83,0.08,1.83,,,,,,,,,,,,14.99
2025-11-04,1,Ferreira do Zêzere,11.4,99.0,2.99,1.16,---,519.7,12.33,218.11,88.64,4.1,1.84,0.08,1.84,,,,,,,,,,,,15.9
2025-11-04,2,Ferreira do Zêzere,12.0,99.0,2.82,0.58,---,526.0,12.39,218.73,88.59,4.04,1.79,0.08,1.79,,,,,,,,,,,,16.33
2025-11-04,3,Ferreira do Zêzere,11.8,99.0,3.18,0.1,---,520.6,12.44,218.57,88.54,4.08,1.83,0.08,1.83,,,,,,,,,,,,16.33
2025-11-04,4,Ferreira do Zêzere,11.7,98.0,3.61,1.78,---,578.9,12.47,214.29,88.51,4.16,1.88,0.08,1.88,,,,,,,,,,,,18.01
2025-11-04,6,Ferreira do Zêzere,13.1,87.0,3.61,0.1,---,1.9,12.64,162.48,88.36,4.06,1.81,0.08,1.81,,,,,,,,,,,,17.91
2025-11-04,7,Ferreira do Zêzere,15.6,74.0,3.88,0.1,---,0.5,12.89,123.05,88.13,3.98,1.75,0.07,1.75,,,,,,,,,,,,17.91
2025-11-04,9,Ferreira do Zêzere,17.4,71.0,3.88,0.2,---,327.2,13.14,112.66,87.9,3.85,1.64,0.07,1.64,,,,,,,,,,,,17.91
2025-11-04,10,Ferreira do Zêzere,17.8,72.0,4.79,0.1,---,418.7,13.16,109.91,87.88,4.02,1.78,0.08,1.78,,,,,,,,,,,,17.91
2025-11-04,11,Ferreira do Zêzere,18.2,73.0,4.6,0.28,---,361.8,13.28,111.34,87.77,3.92,1.7,0.07,1.7,,,,,,,,,,,,18.09
2025-11-04,12,Ferreira do Zêzere,18.7,73.0,4.13,0.1,---,424.7,13.32,110.73,87.73,3.81,1.61,0.06,1.61,34.32,1.0,-521.89,34.32,104.7,0.01,1.93,0.0,0.0,0.01,12.0,16.59
2025-11-04,13,Ferreira do Zêzere,20.0,67.0,4.28,0.1,---,894.1,13.12,96.34,87.91,3.94,1.72,0.07,1.72,,,,,,,,,,,,16.29
2025-11-04,14,Ferreira do Zêzere,21.3,62.0,5.45,0.2,---,1129.1,12.7,82.19,88.3,4.42,2.14,0.1,2.14,,,,,,,,,,,,16.39
2025-11-04,15,Ferreira do Zêzere,21.8,60.0,4.0,0.2,---,736.6,12.61,80.93,88.38,4.16,1.98,0.09,1.98,,,,,,,,,,,,13.26
2025-11-04,16,Ferreira do Zêzere,21.8,61.0,3.82,0.1,---,357.0,12.6,81.71,88.39,4.13,1.95,0.09,1.95,,,,,,,,,,,,11.98
2025-11-04,17,Ferreira do Zêzere,21.2,64.0,4.23,0.1,---,138.4,12.71,85.75,88.29,4.15,1.91,0.09,1.91,,,,,,,,,,,,11.98
2025-11-04,18,Ferreira do Zêzere,20.8,66.0,3.81,0.42,---,9.6,12.8,90.77,88.21,4.02,1.78,0.08,1.78,,,,,,,,,,,,11.73
2025-11-04,19,Ferreira do Zêzere,21.1,64.0,3.93,0.45,---,244.83,12.78,86.54,88.23,4.05,1.83,0.08,1.83,,,,,,,,,,,,11.46
2025-11-04,20,Ferreira do Zêzere,21.6,62.0,4.56,0.3,---,0.1,12.77,76.75,88.24,4.19,1.97,0.09,1.97,,,,,,,,,,,,8.26
2025-11-04,21,Ferreira do Zêzere,21.3,63.0,5.01,0.55,---,0.1,12.78,78.11,88.23,4.28,2.02,0.09,2.02,,,,,,,,,,,,8.71
2025-11-04,22,Ferreira do Zêzere,21.0,65.0,5.17,0.95,---,0.1,12.84,80.91,88.17,4.28,1.99,0.09,1.99,,,,,,,,,,,,8.74
2025-11-04,23,Ferreira do Zêzere,20.8,64.0,6.36,0.13,---,0.6,12.84,76.84,88.17,4.54,2.19,0.11,2.19,,,,,,,,,,,,8.47
2025-11-05,0,Ferreira do Zêzere,20.8,64.0,5.1,0.1,---,637.59,12.87,87.2,88.14,4.25,1.97,0.09,1.97,,,,,,,,,,,,8.1
2025-11-05,1,Ferreira do Zêzere,20.5,65.0,4.92,0.21,---,0.2,12.86,88.76,88.15,4.21,1.93,0.09,1.93,,,,,,,,,,,,7.15
2025-11-05,2,Ferreira do Zêzere,19.9,66.0,3.55,0.1,---,0.1,12.77,95.86,88.24,3.98,1.75,0.07,1.75,,,,,,,,,,,,6.67
2025-11-05,3,Ferreira do Zêzere,19.9,64.0,4.73,0.9,---,0.2,12.64,90.19,88.36,4.3,1.99,0.09,1.99,,,,,,,,,,,,7.47
2025-11-05,4,Ferreira do Zêzere,19.8,63.0,4.52,5.6,---,1.3,12.79,93.49,88.22,4.17,1.91,0.09,1.91,,,,,,,,,,,,11.29
2025-11-05,5,Ferreira do Zêzere,20.0,65.0,5.89,9.0,---,0.2,12.85,94.93,88.16,4.43,2.09,0.1,2.09,,,,,,,,,,,,20.29
2025-11-05,6,Ferreira do Zêzere,19.2,79.0,4.9,8.1,---,59.5,35.81,129.9,69.64,0.79,0.24,0.0,0.24,,,,,,,,,,,,28.29
2025-11-05,7,Ferreira do Zêzere,17.4,94.0,4.27,0.6,---,326.6,41.39,199.47,65.82,0.67,0.21,0.0,0.21,,,,,,,,,,,,28.79
2025-11-05,8,Ferreira do Zêzere,17.3,96.0,5.07,7.5,---,351.5,46.77,213.4,62.34,0.6,0.19,0.0,0.19,,,,,,,,,,,,36.29
2025-11-05,9,Ferreira do Zêzere,17.6,95.0,4.09,7.4,---,274.7,51.85,207.93,59.23,0.48,0.15,0.0,0.15,,,,,,,,,,,,43.49
2025-11-05,10,Ferreira do Zêzere,17.9,97.0,4.17,1.5,---,192.4,51.52,222.42,59.43,0.49,0.15,0.0,0.15,,,,,,,,,,,,44.89
2025-11-05,11,Ferreira do Zêzere,17.4,95.0,3.81,0.49,---,446.3,45.66,208.96,63.04,0.59,0.18,0.0,0.18,,,,,,,,,,,,45.1
2025-11-05,12,Ferreira do Zêzere,18.6,88.0,4.34,0.2,---,734.7,41.95,166.09,65.45,0.67,0.2,0.0,0.2,17.11,1.0,-537.74,17.11,161.31,0.0,1.93,0.0,0.0,0.01,12.0,45.2
2025-11-05,13,Ferreira do Zêzere,20.0,75.0,5.06,1.13,---,1277.9,35.78,118.07,69.66,0.8,0.24,0.0,0.24,,,,,,,,,,,,46.23
2025-11-05,14,Ferreira do Zêzere,16.8,81.0,5.52,0.7,---,1150.1,39.36,141.35,67.18,0.75,0.23,0.0,0.23,,,,,,,,,,,,46.73
2025-11-05,15,Ferreira do Zêzere,18.9,69.0,6.28,1.05,---,502.0,33.07,105.78,71.6,0.91,0.28,0.0,0.28,,,,,,,,,,,,47.58
2025-11-05,16,Ferreira do Zêzere,17.9,62.0,5.23,0.33,---,386.6,29.16,101.82,74.51,0.97,0.3,0.0,0.3,,,,,,,,,,,,47.81
2025-11-05,17,Ferreira do Zêzere,16.0,67.0,4.46,2.52,---,215.4,27.18,118.02,76.03,1.02,0.31,0.0,0.31,,,,,,,,,,,,50.23
2025-11-05,18,Ferreira do Zêzere,13.9,83.0,3.57,0.3,---,373.3,32.17,162.96,72.26,0.81,0.25,0.0,0.25,,,,,,,,,,,,50.11
2025-11-05,19,Ferreira do Zêzere,13.2,92.0,3.09,2.5,---,397.4,48.37,200.6,61.34,0.52,0.16,0.0,0.16,,,,,,,,,,,,52.16
2025-11-05,20,Ferreira do Zêzere,12.8,96.0,3.15,2.4,---,269.1,48.12,222.39,61.5,0.52,0.16,0.0,0.16,,,,,,,,,,,,54.26
2025-11-05,21,Ferreira do Zêzere,11.9,97.0,3.02,0.64,---,458.6,50.33,229.53,60.14,0.48,0.15,0.0,0.15,,,,,,,,,,,,54.35
2025-11-05,22,Ferreira do Zêzere,11.6,97.0,2.79,1.05,---,506.3,49.92,230.16,60.39,0.48,0.15,0.0,0.15,,,,,,,,,,,,54.45
2025-11-05,23,Ferreira do Zêzere,11.1,98.0,2.53,1.1,---,439.4,50.06,236.94,60.31,0.47,0.15,0.0,0.15,,,,,,,,,,,,55.42
2025-11-06,0,Ferreira do Zêzere,11.3,98.0,2.29,1.1,---,351.8,51.68,237.18,59.33,0.44,0.13,0.0,0.13,,,,,,,,,,,,56.42
2025-11-06,1,Ferreira do Zêzere,11.0,98.0,2.3,0.1,---,346.0,52.12,237.3,59.07,0.43,0.13,0.0,0.13,,,,,,,,,,,,56.31
2025-11-06,2,Ferreira do Zêzere,10.5,98.0,2.57,0.47,---,302.4,52.53,237.17,58.83,0.43,0.13,0.0,0.13,,,,,,,,,,,,56.68
2025-11-06,3,Ferreira do Zêzere,10.2,99.0,2.22,0.1,---,287.9,52.91,243.71,58.6,0.42,0.13,0.0,0.13,,,,,,,,,,,,55.88
2025-11-06,4,Ferreira do Zêzere,10.3,99.0,2.44,0.33,---,230.1,53.34,243.53,58.35,0.41,0.13,0.0,0.13,,,,,,,,,,,,50.61
2025-11-06,5,Ferreira do Zêzere,9.4,99.0,2.2,0.1,---,216.0,53.62,243.91,58.18,0.4,0.12,0.0,0.12,,,,,,,,,,,,41.71
2025-11-06,6,Ferreira do Zêzere,9.5,99.0,1.95,0.41,---,190.1,54.05,242.3,57.93,0.39,0.12,0.0,0.12,,,,,,,,,,,,34.02
2025-11-06,7,Ferreira do Zêzere,9.2,99.0,1.67,0.86,---,178.6,54.2,242.67,57.85,0.38,0.12,0.0,0.12,,,,,,,,,,,,34.28
2025-11-06,8,Ferreira do Zêzere,9.8,100.0,2.05,0.9,---,252.2,54.86,245.73,57.46,0.38,0.12,0.0,0.12,,,,,,,,,,,,27.68
2025-11-06,9,Ferreira do Zêzere,11.2,100.0,1.59,0.2,---,613.7,53.66,241.25,58.16,0.39,0.12,0.0,0.12,,,,,,,,,,,,20.48
2025-11-06,10,Ferreira do Zêzere,12.7,98.0,2.37,0.1,---,828.9,44.66,227.04,63.68,0.56,0.17,0.0,0.17,,,,,,,,,,,,19.08
2025-11-06,11,Ferreira do Zêzere,15.0,88.0,2.48,0.57,---,1395.9,37.9,175.79,68.18,0.67,0.21,0.0,0.21,,,,,,,,,,,,19.16
2025-11-06,12,Ferreira do Zêzere,17.0,78.0,2.76,0.2,---,1745.7,34.09,139.52,70.86,0.74,0.23,0.0,0.23,22.51,1.0,-542.42,22.51,140.98,0.0,1.93,0.0,0.0,0.01,12.0,19.16
2025-11-06,13,Ferreira do Zêzere,19.1,68.0,2.56,0.74,---,2458.8,28.05,114.08,75.36,0.89,0.27,0.0,0.27,,,,,,,,,,,,18.77
2025-11-06,14,Ferreira do Zêzere,16.7,80.0,2.27,0.7,---,769.8,26.37,147.9,76.66,0.95,0.29,0.0,0.29,,,,,,,,,,,,18.77
2025-11-06,15,Ferreira do Zêzere,16.5,78.0,2.06,0.27,---,837.1,24.69,144.29,77.99,1.04,0.32,0.0,0.32,,,,,,,,,,,,17.99
2025-11-06,16,Ferreira do Zêzere,17.5,68.0,2.35,0.26,---,407.9,23.28,119.67,79.13,1.17,0.36,0.0,0.36,,,,,,,,,,,,17.92
2025-11-06,18,Ferreira do Zêzere,14.1,88.0,1.26,0.1,---,15.5,22.81,181.29,79.51,1.15,0.35,0.0,0.35,,,,,,,,,,,,15.2
2025-11-06,19,Ferreira do Zêzere,13.1,94.0,0.92,0.6,---,0.4,22.37,204.56,79.87,1.18,0.36,0.0,0.36,,,,,,,,,,,,13.3
2025-11-06,20,Ferreira do Zêzere,13.3,92.0,1.17,0.15,---,2.8,22.21,191.26,80.0,1.21,0.37,0.0,0.37,,,,,,,,,,,,11.05
2025-11-06,21,Ferreira do Zêzere,12.8,95.0,1.37,0.1,---,31.6,22.61,201.82,79.68,1.18,0.36,0.0,0.36,,,,,,,,,,,,10.51
2025-11-06,22,Ferreira do Zêzere,11.8,97.0,1.29,0.16,---,410.8,23.0,209.39,79.36,1.14,0.35,0.0,0.35,,,,,,,,,,,,9.62
2025-11-06,23,Ferreira do Zêzere,11.8,98.0,1.65,0.25,---,231.8,23.25,210.84,79.15,1.14,0.35,0.0,0.35,,,,,,,,,,,,8.77
2025-11-07,0,Ferreira do Zêzere,11.9,98.0,1.5,0.1,---,217.5,23.45,220.15,78.99,1.11,0.34,0.0,0.34,,,,,,,,,,,,7.77
2025-11-07,1,Ferreira do Zêzere,11.8,98.0,1.95,0.17,---,190.5,23.69,219.68,78.8,1.11,0.34,0.0,0.34,,,,,,,,,,,,7.84
2025-11-07,2,Ferreira do Zêzere,12.4,99.0,1.91,0.3,---,196.5,23.73,224.7,78.76,1.11,0.34,0.0,0.34,,,,,,,,,,,,7.67
2025-11-07,3,Ferreira do Zêzere,12.7,98.0,2.24,0.17,---,216.4,23.8,218.63,78.71,1.12,0.34,0.0,0.34,,,,,,,,,,,,7.74
2025-11-07,4,Ferreira do Zêzere,13.1,98.0,2.51,0.45,---,189.0,40.54,218.39,66.38,0.63,0.19,0.0,0.19,,,,,,,,,,,,7.86
2025-11-07,5,Ferreira do Zêzere,13.7,98.0,2.4,0.2,---,111.8,46.39,218.51,62.58,0.53,0.16,0.0,0.16,,,,,,,,,,,,7.96
2025-11-07,6,Ferreira do Zêzere,13.7,98.0,1.96,0.44,---,108.5,48.11,219.22,61.5,0.49,0.15,0.0,0.15,,,,,,,,,,,,7.99
2025-11-07,7,Ferreira do Zêzere,13.9,98.0,2.29,0.32,---,108.8,49.82,217.25,60.45,0.47,0.14,0.0,0.14,,,,,,,,,,,,7.45
2025-11-07,8,Ferreira do Zêzere,14.0,98.0,2.49,0.1,---,169.3,51.35,214.6,59.53,0.45,0.14,0.0,0.14,,,,,,,,,,,,6.65
2025-11-07,9,Ferreira do Zêzere,14.4,99.0,3.07,0.1,---,268.4,51.72,220.04,59.31,0.46,0.14,0.0,0.14,,,,,,,,,,,,6.55
2025-11-07,10,Ferreira do Zêzere,15.1,99.0,3.65,0.2,---,277.1,52.18,219.82,59.03,0.46,0.14,0.0,0.14,,,,,,,,,,,,6.65
2025-11-07,11,Ferreira do Zêzere,16.2,99.0,3.92,0.72,---,699.1,52.34,219.81,58.94,0.47,0.14,0.0,0.14,,,,,,,,,,,,6.8
2025-11-07,12,Ferreira do Zêzere,17.8,96.0,4.3,0.1,---,497.1,54.75,195.71,57.53,0.43,0.13,0.0,0.13,12.11,1.0,-541.68,12.11,182.85,0.0,1.93,0.0,0.0,0.01,12.0,6.7
2025-11-07,13,Ferreira do Zêzere,18.5,96.0,3.69,0.8,---,568.8,54.86,196.39,57.46,0.41,0.13,0.0,0.13,,,,,,,,,,,,6.76
2025-11-07,14,Ferreira do Zêzere,18.8,97.0,3.08,0.9,---,771.1,54.89,204.87,57.44,0.4,0.12,0.0,0.12,,,,,,,,,,,,6.96
2025-11-07,15,Ferreira do Zêzere,18.9,90.0,2.8,1.77,---,659.0,48.73,169.49,61.12,0.5,0.15,0.0,0.15,,,,,,,,,,,,8.46
2025-11-07,16,Ferreira do Zêzere,19.0,87.0,2.84,0.1,---,392.7,44.62,156.51,63.71,0.58,0.18,0.0,0.18,,,,,,,,,,,,8.3
2025-11-07,17,Ferreira do Zêzere,18.5,85.0,3.13,1.28,---,251.5,42.16,150.88,65.31,0.63,0.19,0.0,0.19,,,,,,,,,,,,9.58
2025-11-07,18,Ferreira do Zêzere,17.5,89.0,2.46,0.25,---,26.4,40.9,171.55,66.14,0.62,0.19,0.0,0.19,,,,,,,,,,,,9.73
2025-11-07,19,Ferreira do Zêzere,15.9,87.0,2.08,0.1,---,4.6,40.33,168.58,66.52,0.62,0.19,0.0,0.19,,,,,,,,,,,,9.23
2025-11-07,20,Ferreira do Zêzere,13.8,95.0,1.79,0.1,---,73.6,40.28,206.15,66.56,0.61,0.19,0.0,0.19,,,,,,,,,,,,9.18
2025-11-07,21,Ferreira do Zêzere,13.2,98.0,1.95,0.44,---,568.0,40.31,222.77,66.54,0.62,0.19,0.0,0.19,,,,,,,,,,,,9.52
2025-11-07,22,Ferreira do Zêzere,12.2,98.0,1.71,0.1,---,286.2,40.52,223.46,66.4,0.61,0.19,0.0,0.19,,,,,,,,,,,,9.46
2025-11-07,23,Ferreira do Zêzere,11.3,99.0,1.78,0.97,---,208.0,40.96,230.54,66.1,0.6,0.18,0.0,0.18,,,,,,,,,,,,10.18
2025-11-08,0,Ferreira do Zêzere,10.6,99.0,1.75,0.29,---,245.1,41.49,223.14,65.75,0.59,0.18,0.0,0.18,,,,,,,,,,,,10.37
2025-11-08,1,Ferreira do Zêzere,11.0,99.0,1.71,0.1,---,211.4,42.34,222.93,65.19,0.58,0.18,0.0,0.18,,,,,,,,,,,,10.3
2025-11-08,2,Ferreira do Zêzere,11.2,99.0,1.81,0.1,---,187.5,42.67,222.31,64.97,0.58,0.18,0.0,0.18,,,,,,,,,,,,10.1
2025-11-08,3,Ferreira do Zêzere,10.9,100.0,1.67,0.1,---,156.0,43.15,227.7,64.66,0.57,0.17,0.0,0.17,,,,,,,,,,,,10.03
2025-11-08,4,Ferreira do Zêzere,10.6,100.0,1.41,0.13,---,139.2,43.42,226.84,64.48,0.55,0.17,0.0,0.17,,,,,,,,,,,,9.71
2025-11-08,5,Ferreira do Zêzere,10.3,100.0,1.7,0.1,---,122.9,43.87,226.56,64.19,0.56,0.17,0.0,0.17,,,,,,,,,,,,9.61
2025-11-08,6,Ferreira do Zêzere,10.0,100.0,1.81,0.1,---,119.7,44.05,225.58,64.07,0.56,0.17,0.0,0.17,,,,,,,,,,,,9.27
2025-11-08,7,Ferreira do Zêzere,9.9,100.0,1.35,0.1,---,130.0,44.78,224.91,63.6,0.53,0.16,0.0,0.16,,,,,,,,,,,,9.05
2025-11-08,8,Ferreira do Zêzere,9.9,100.0,1.3,0.1,---,192.7,44.07,224.91,64.06,0.54,0.17,0.0,0.17,,,,,,,,,,,,9.05
2025-11-08,9,Ferreira do Zêzere,10.5,100.0,1.24,0.1,---,425.0,40.22,224.91,66.6,0.6,0.18,0.0,0.18,,,,,,,,,,,,9.05
2025-11-08,10,Ferreira do Zêzere,11.5,100.0,1.27,0.1,---,767.4,34.5,224.6,70.57,0.68,0.21,0.0,0.21,,,,,,,,,,,,8.95
2025-11-08,11,Ferreira do Zêzere,13.5,100.0,1.88,0.17,---,1182.7,27.37,222.78,75.88,0.89,0.27,0.0,0.27,,,,,,,,,,,,8.4
2025-11-08,12,Ferreira do Zêzere,16.8,82.0,2.07,0.01,---,1780.2,21.85,143.82,80.3,1.3,0.4,0.01,0.4,20.06,1.0,-541.8,20.06,149.83,0.0,1.93,0.0,0.0,0.01,12.0,8.31
2025-11-08,13,Ferreira do Zêzere,18.7,58.0,2.51,0.1,---,1801.0,19.03,93.29,82.67,1.76,0.55,0.01,0.55,,,,,,,,,,,,7.61
2025-11-08,14,Ferreira do Zêzere,19.2,53.0,2.69,2.67,---,1451.6,17.31,87.7,84.16,2.15,0.69,0.01,0.69,,,,,,,,,,,,9.38
2025-11-08,15,Ferreira do Zêzere,18.9,53.0,2.43,1.82,---,446.5,16.36,89.75,84.99,2.38,0.76,0.02,0.76,,,,,,,,,,,,9.43
2025-11-08,16,Ferreira do Zêzere,18.3,57.0,2.12,0.01,---,360.1,16.06,97.41,85.26,2.43,0.76,0.02,0.76,,,,,,,,,,,,9.34
2025-11-08,17,Ferreira do Zêzere,17.6,58.0,1.91,0.1,---,194.3,15.9,100.18,85.4,2.45,0.76,0.02,0.76,,,,,,,,,,,,8.16
2025-11-08,18,Ferreira do Zêzere,14.9,74.0,1.59,0.8,---,18.8,16.12,134.45,85.21,2.35,0.72,0.02,0.72,,,,,,,,,,,,8.71
2025-11-08,19,Ferreira do Zêzere,12.0,90.0,1.36,0.1,---,2.1,16.48,181.6,84.89,2.22,0.68,0.01,0.68,,,,,,,,,,,,8.71
2025-11-08,20,Ferreira do Zêzere,10.7,94.0,0.95,0.01,---,104.8,16.91,198.75,84.51,2.07,0.63,0.01,0.63,,,,,,,,,,,,8.62
2025-11-08,21,Ferreira do Zêzere,9.6,96.0,1.34,0.1,---,673.2,17.27,204.7,84.19,2.02,0.62,0.01,0.62,,,,,,,,,,,,8.28
2025-11-08,22,Ferreira do Zêzere,9.1,97.0,1.22,0.5,---,444.1,17.66,210.58,83.85,1.92,0.59,0.01,0.59,,,,,,,,,,,,8.68
2025-11-08,23,Ferreira do Zêzere,8.8,98.0,1.54,0.1,---,314.3,18.08,211.42,83.49,1.86,0.57,0.01,0.57,,,,,,,,,,,,7.81
2025-11-09,0,Ferreira do Zêzere,7.6,98.0,1.36,0.2,---,265.7,18.61,205.72,83.03,1.74,0.53,0.01,0.53,,,,,,,,,,,,7.72
2025-11-09,1,Ferreira do Zêzere,7.2,99.0,1.34,0.1,---,237.2,18.94,209.83,82.75,1.67,0.51,0.01,0.51,,,,,,,,,,,,7.72
2025-11-09,2,Ferreira do Zêzere,6.7,99.0,1.18,0.1,---,241.9,19.23,210.02,82.5,1.61,0.49,0.01,0.49,,,,,,,,,,,,7.72
2025-11-09,3,Ferreira do Zêzere,6.4,99.0,1.13,0.1,---,222.6,19.53,210.1,82.25,1.56,0.48,0.01,0.48,,,,,,,,,,,,7.72
2025-11-09,4,Ferreira do Zêzere,5.9,99.0,1.16,0.1,---,208.9,19.73,210.01,82.08,1.53,0.47,0.01,0.47,,,,,,,,,,,,7.69
2025-11-09,5,Ferreira do Zêzere,5.5,99.0,1.06,0.1,---,212.8,19.92,210.14,81.92,1.49,0.46,0.01,0.46,,,,,,,,,,,,7.69
2025-11-09,6,Ferreira do Zêzere,5.4,99.0,1.21,0.1,---,215.3,20.16,210.05,81.71,1.46,0.45,0.01,0.45,,,,,,,,,,,,7.69
2025-11-09,7,Ferreira do Zêzere,5.0,99.0,1.41,0.1,---,215.8,20.32,209.97,81.58,1.46,0.45,0.01,0.45,,,,,,,,,,,,7.69
2025-11-09,8,Ferreira do Zêzere,5.0,100.0,1.41,0.1,---,260.6,20.7,213.84,81.26,1.4,0.43,0.01,0.43,,,,,,,,,,,,7.69
2025-11-09,9,Ferreira do Zêzere,7.3,100.0,1.56,0.1,---,596.2,19.61,213.84,82.18,1.58,0.48,0.01,0.48,,,,,,,,,,,,7.69
2025-11-09,10,Ferreira do Zêzere,9.8,96.0,1.2,0.43,---,925.5,17.96,198.55,83.59,1.85,0.57,0.01,0.57,,,,,,,,,,,,8.02
2025-11-09,11,Ferreira do Zêzere,12.2,84.0,1.61,0.01,---,1234.9,16.47,155.93,84.9,2.25,0.69,0.01,0.69,,,,,,,,,,,,7.86
2025-11-09,12,Ferreira do Zêzere,14.5,74.0,1.81,0.18,---,1556.9,15.45,129.29,85.8,2.58,0.79,0.02,0.79,24.93,1.0,-542.22,24.93,132.72,0.0,1.93,0.0,0.0,0.01,12.0,8.03
2025-11-09,13,Ferreira do Zêzere,16.4,68.0,1.56,0.2,---,1680.7,14.48,116.35,86.67,2.88,0.88,0.02,0.88,,,,,,,,,,,,8.13
2025-11-09,14,Ferreira do Zêzere,18.0,55.0,1.72,0.1,---,1610.9,13.21,88.51,87.83,3.43,1.32,0.04,1.32,,,,,,,,,,,,5.56
2025-11-09,15,Ferreira do Zêzere,18.4,53.0,1.63,0.2,---,302.2,12.87,80.37,88.14,3.57,1.49,0.06,1.49,,,,,,,,,,,,3.94
2025-11-09,16,Ferreira do Zêzere,18.2,54.0,1.44,0.1,---,250.0,12.55,83.1,88.44,3.69,1.58,0.06,1.58,,,,,,,,,,,,4.03
2025-11-09,17,Ferreira do Zêzere,17.4,58.0,1.06,0.01,---,155.5,12.43,90.82,88.55,3.67,1.5,0.06,1.5,,,,,,,,,,,,3.94
2025-11-09,18,Ferreira do Zêzere,14.0,78.0,1.38,0.1,---,12.2,12.84,118.17,88.17,3.54,1.36,0.05,1.36,,,,,,,,,,,,3.24
2025-11-09,19,Ferreira do Zêzere,12.3,88.0,1.34,0.3,---,0.7,13.03,142.81,88.0,3.44,1.27,0.04,1.27,,,,,,,,,,,,3.44
2025-11-09,20,Ferreira do Zêzere,11.1,94.0,1.1,0.22,---,2.7,13.2,163.22,87.84,3.32,1.13,0.03,1.13,,,,,,,,,,,,3.65
2025-11-09,21,Ferreira do Zêzere,10.0,96.0,1.26,0.75,---,504.8,13.63,176.03,87.45,3.17,0.97,0.03,0.97,,,,,,,,,,,,4.3
2025-11-09,22,Ferreira do Zêzere,9.1,98.0,1.45,0.93,---,451.2,14.11,186.94,87.01,3.0,0.92,0.02,0.92,,,,,,,,,,,,4.73
2025-11-09,23,Ferreira do Zêzere,9.1,98.0,1.4,1.67,---,378.1,14.68,198.05,86.49,2.79,0.85,0.02,0.85,,,,,,,,,,,,6.3
2025-11-10,0,Ferreira do Zêzere,9.5,98.0,1.94,0.3,---,365.4,15.12,223.32,86.1,2.71,0.83,0.02,0.83,,,,,,,,,,,,6.4
2025-11-10,1,Ferreira do Zêzere,10.3,98.0,1.59,0.1,---,508.7,15.56,223.51,85.7,2.52,0.77,0.02,0.77,,,,,,,,,,,,6.4
2025-11-10,2,Ferreira do Zêzere,10.8,97.0,1.61,0.3,---,50.2,15.89,218.84,85.41,2.42,0.74,0.02,0.74,,,,,,,,,,,,6.6
2025-11-10,3,Ferreira do Zêzere,11.2,96.0,1.37,0.24,---,5.6,16.42,214.87,84.94,2.24,0.69,0.01,0.69,,,,,,,,,,,,6.74
2025-11-10,4,Ferreira do Zêzere,11.6,97.0,1.98,0.5,---,291.7,21.55,218.81,80.55,1.33,0.41,0.01,0.41,,,,,,,,,,,,7.14
2025-11-10,5,Ferreira do Zêzere,11.8,98.0,1.28,0.9,---,236.0,36.56,226.9,69.11,0.65,0.2,0.0,0.2,,,,,,,,,,,,7.94
2025-11-10,6,Ferreira do Zêzere,12.1,99.0,1.38,0.1,---,317.0,42.05,231.97,65.38,0.57,0.18,0.0,0.18,,,,,,,,,,,,7.94
2025-11-10,7,Ferreira do Zêzere,12.4,99.0,1.26,0.66,---,284.8,40.77,233.12,66.23,0.59,0.18,0.0,0.18,,,,,,,,,,,,8.5
2025-11-10,8,Ferreira do Zêzere,12.5,99.0,1.19,0.56,---,295.3,40.33,234.0,66.52,0.59,0.18,0.0,0.18,,,,,,,,,,,,8.96
2025-11-10,9,Ferreira do Zêzere,13.0,99.0,1.56,0.1,---,483.4,39.64,233.53,66.99,0.61,0.19,0.0,0.19,,,,,,,,,,,,8.96
2025-11-10,10,Ferreira do Zêzere,13.8,99.0,1.23,0.1,---,660.5,38.02,233.09,68.1,0.63,0.19,0.0,0.19,,,,,,,,,,,,8.63
2025-11-10,11,Ferreira do Zêzere,14.4,99.0,1.53,0.1,---,720.8,37.23,232.81,68.64,0.65,0.2,0.0,0.2,,,,,,,,,,,,8.72
2025-11-10,12,Ferreira do Zêzere,15.1,97.0,1.5,0.1,---,776.5,40.7,220.61,66.28,0.6,0.18,0.0,0.18,8.32,1.0,-542.78,8.32,201.28,0.0,1.93,0.0,0.0,0.01,12.0,8.64
2025-11-10,13,Ferreira do Zêzere,15.7,94.0,1.69,1.24,---,547.5,36.08,205.01,69.45,0.67,0.21,0.0,0.21,,,,,,,,,,,,9.68
2025-11-10,14,Ferreira do Zêzere,16.4,91.0,1.56,0.22,---,593.8,34.28,190.92,70.73,0.69,0.21,0.0,0.21,,,,,,,,,,,,9.8
2025-11-10,15,Ferreira do Zêzere,16.8,89.0,1.04,0.55,---,465.5,32.59,186.22,71.95,0.7,0.22,0.0,0.22,,,,,,,,,,,,10.15
2025-11-10,16,Ferreira do Zêzere,17.2,86.0,1.26,2.08,---,503.3,30.93,174.77,73.18,0.75,0.23,0.0,0.23,,,,,,,,,,,,12.13
2025-11-10,17,Ferreira do Zêzere,17.0,87.0,1.12,0.4,---,192.7,29.79,180.19,74.03,0.77,0.24,0.0,0.24,,,,,,,,,,,,12.52
2025-11-10,18,Ferreira do Zêzere,15.9,93.0,1.07,0.1,---,17.5,29.57,206.57,74.2,0.78,0.24,0.0,0.24,,,,,,,,,,,,12.52
2025-11-10,19,Ferreira do Zêzere,15.0,97.0,1.06,0.1,---,4.0,29.54,227.11,74.22,0.78,0.24,0.0,0.24,,,,,,,,,,,,12.32
2025-11-10,20,Ferreira do Zêzere,15.0,98.0,1.13,0.1,---,4.2,29.45,232.35,74.29,0.78,0.24,0.0,0.24,,,,,,,,,,,,12.2
2025-11-10,21,Ferreira do Zêzere,15.2,98.0,1.88,1.6,---,193.7,29.36,231.73,74.35,0.81,0.25,0.0,0.25,,,,,,,,,,,,13.05
2025-11-10,22,Ferreira do Zêzere,15.1,99.0,1.36,0.7,---,394.1,30.48,238.7,73.51,0.76,0.23,0.0,0.23,,,,,,,,,,,,12.82
2025-11-11,0,Ferreira do Zêzere,13.0,99.0,1.54,0.1,---,341.4,30.75,221.44,73.31,0.76,0.23,0.0,0.23,,,,,,,,,,,,10.95
2025-11-11,1,Ferreira do Zêzere,12.5,99.0,1.62,0.27,---,305.6,30.67,221.88,73.37,0.77,0.24,0.0,0.24,,,,,,,,,,,,11.12
2025-11-11,2,Ferreira do Zêzere,12.5,100.0,1.83,0.1,---,282.4,30.54,227.06,73.47,0.78,0.24,0.0,0.24,,,,,,,,,,,,10.92
2025-11-11,3,Ferreira do Zêzere,13.6,100.0,2.22,0.1,---,280.3,30.52,226.71,73.48,0.79,0.24,0.0,0.24,,,,,,,,,,,,10.78
2025-11-11,4,Ferreira do Zêzere,14.2,99.0,1.84,0.1,---,269.4,30.55,219.48,73.46,0.78,0.24,0.0,0.24,,,,,,,,,,,,10.38
2025-11-11,5,Ferreira do Zêzere,14.3,98.0,2.1,0.1,---,361.8,30.61,211.05,73.41,0.79,0.24,0.0,0.24,,,,,,,,,,,,9.58
2025-11-11,6,Ferreira do Zêzere,13.8,97.0,2.08,0.17,---,48.3,30.4,206.0,73.57,0.79,0.24,0.0,0.24,,,,,,,,,,,,9.65
2025-11-11,7,Ferreira do Zêzere,13.6,96.0,2.39,0.1,---,9.7,29.92,198.63,73.93,0.82,0.25,0.0,0.25,,,,,,,,,,,,9.09
2025-11-11,8,Ferreira do Zêzere,13.5,96.0,2.5,0.1,---,39.0,29.53,197.04,74.23,0.83,0.26,0.0,0.26,,,,,,,,,,,,8.63
2025-11-11,9,Ferreira do Zêzere,13.7,95.0,3.64,0.1,---,145.9,29.85,189.18,73.98,0.87,0.27,0.0,0.27,,,,,,,,,,,,8.63
2025-11-11,10,Ferreira do Zêzere,14.9,91.0,3.87,0.1,---,599.7,29.03,168.11,74.61,0.91,0.28,0.0,0.28,,,,,,,,,,,,8.63
2025-11-11,11,Ferreira do Zêzere,16.4,86.0,3.68,0.59,---,607.0,26.99,148.44,76.18,0.99,0.3,0.0,0.3,,,,,,,,,,,,9.12
2025-11-11,12,Ferreira do Zêzere,17.7,82.0,4.8,0.1,---,666.2,24.85,129.28,77.86,1.19,0.36,0.0,0.36,23.07,1.0,-543.07,23.07,139.01,0.0,1.93,0.0,0.0,0.01,12.0,9.12
2025-11-11,13,Ferreira do Zêzere,18.7,77.0,4.86,0.1,---,930.9,23.36,112.37,79.06,1.32,0.41,0.01,0.41,,,,,,,,,,,,7.98
2025-11-11,14,Ferreira do Zêzere,19.8,73.0,5.66,0.4,---,916.4,21.68,99.44,80.44,1.59,0.49,0.01,0.49,,,,,,,,,,,,8.16
2025-11-11,15,Ferreira do Zêzere,20.1,69.0,5.13,0.37,---,364.9,21.12,93.42,80.91,1.62,0.5,0.01,0.5,,,,,,,,,,,,7.98
2025-11-11,16,Ferreira do Zêzere,19.9,70.0,4.18,0.8,---,175.6,20.82,96.24,81.16,1.59,0.49,0.01,0.49,,,,,,,,,,,,6.7
2025-11-11,17,Ferreira do Zêzere,19.7,73.0,3.83,0.33,---,134.6,20.7,102.84,81.26,1.58,0.49,0.01,0.49,,,,,,,,,,,,6.63
2025-11-11,18,Ferreira do Zêzere,19.2,74.0,3.88,0.1,---,12.1,20.65,105.75,81.3,1.6,0.49,0.01,0.49,,,,,,,,,,,,6.63
2025-11-11,19,Ferreira do Zêzere,18.4,75.0,4.03,0.31,---,3.3,20.59,109.64,81.35,1.62,0.5,0.01,0.5,,,,,,,,,,,,6.84
2025-11-11,20,Ferreira do Zêzere,17.4,79.0,3.9,0.1,---,2.6,20.58,120.85,81.36,1.61,0.49,0.01,0.49,,,,,,,,,,,,6.84
2025-11-11,21,Ferreira do Zêzere,17.3,80.0,3.29,0.1,---,2.6,20.76,120.73,81.21,1.53,0.47,0.01,0.47,,,,,,,,,,,,5.34
2025-11-11,22,Ferreira do Zêzere,17.2,80.0,3.26,0.3,---,2.7,21.18,119.39,80.86,1.47,0.45,0.01,0.45,,,,,,,,,,,,4.94
2025-11-11,23,Ferreira do Zêzere,16.4,85.0,3.61,0.87,---,2.9,21.6,135.95,80.51,1.44,0.44,0.01,0.44,,,,,,,,,,,,5.81
2025-11-12,0,Ferreira do Zêzere,15.3,84.0,3.86,0.97,---,3.0,20.43,126.98,81.49,1.63,0.5,0.01,0.5,,,,,,,,,,,,6.68
2025-11-12,1,Ferreira do Zêzere,14.3,72.0,4.1,0.1,---,1.9,19.54,105.04,82.24,1.8,0.55,0.01,0.55,,,,,,,,,,,,6.51
2025-11-12,2,Ferreira do Zêzere,14.7,71.0,4.95,0.1,---,0.9,19.39,100.23,82.37,1.91,0.59,0.01,0.59,,,,,,,,,,,,6.51
2025-11-12,3,Ferreira do Zêzere,14.9,75.0,4.52,0.9,---,1.8,19.75,109.55,82.06,1.8,0.55,0.01,0.55,,,,,,,,,,,,7.31
2025-11-12,4,Ferreira do Zêzere,15.4,78.0,4.07,2.3,---,3.0,19.98,120.78,81.86,1.72,0.53,0.01,0.53,,,,,,,,,,,,9.51
2025-11-12,5,Ferreira do Zêzere,15.8,82.0,4.39,0.6,---,4.1,20.3,128.73,81.59,1.69,0.52,0.01,0.52,,,,,,,,,,,,10.01
2025-11-12,6,Ferreira do Zêzere,15.8,85.0,4.84,0.1,---,3.9,20.53,135.24,81.4,1.69,0.52,0.01,0.52,,,,,,,,,,,,9.94
2025-11-12,7,Ferreira do Zêzere,16.2,84.0,5.23,0.1,---,3.4,20.75,130.3,81.22,1.69,0.52,0.01,0.52,,,,,,,,,,,,9.94
2025-11-12,8,Ferreira do Zêzere,16.7,83.0,4.84,0.25,---,76.1,20.82,127.93,81.16,1.65,0.5,0.01,0.5,,,,,,,,,,,,10.09
2025-11-12,9,Ferreira do Zêzere,17.9,79.0,6.04,0.5,---,576.0,20.35,112.33,81.55,1.83,0.56,0.01,0.56,,,,,,,,,,,,10.49
2025-11-12,10,Ferreira do Zêzere,19.2,75.0,6.96,0.48,---,964.8,19.85,98.88,81.98,2.02,0.62,0.01,0.62,,,,,,,,,,,,10.87
2025-11-12,11,Ferreira do Zêzere,20.4,72.0,6.48,5.84,---,1269.7,19.55,96.09,82.23,2.03,0.62,0.01,0.62,,,,,,,,,,,,16.12
2025-11-12,12,Ferreira do Zêzere,20.2,70.0,4.46,0.2,---,340.9,27.83,99.7,75.52,0.99,0.3,0.0,0.3,34.45,1.0,-545.86,34.45,104.36,0.01,1.93,0.0,0.0,0.01,12.0,16.22
2025-11-12,13,Ferreira do Zêzere,16.5,93.0,2.56,4.9,---,397.4,47.49,187.23,61.89,0.52,0.16,0.0,0.16,,,,,,,,,,,,21.02
2025-11-12,14,Ferreira do Zêzere,15.3,96.0,2.86,0.5,---,585.2,49.84,203.97,60.44,0.49,0.15,0.0,0.15,,,,,,,,,,,,21.12
2025-11-12,15,Ferreira do Zêzere,15.2,94.0,3.49,0.4,---,674.2,51.16,191.28,59.64,0.48,0.15,0.0,0.15,,,,,,,,,,,,21.15
2025-11-12,16,Ferreira do Zêzere,15.1,94.0,3.91,1.9,---,443.1,53.59,191.11,58.2,0.44,0.14,0.0,0.14,,,,,,,,,,,,22.25
2025-11-12,18,Ferreira do Zêzere,14.9,95.0,3.36,0.9,---,256.4,54.05,198.66,57.93,0.42,0.13,0.0,0.13,,,,,,,,,,,,22.72
2025-11-12,19,Ferreira do Zêzere,15.2,94.0,3.36,0.9,---,206.8,54.38,193.19,57.74,0.42,0.13,0.0,0.13,,,,,,,,,,,,23.31
2025-11-12,20,Ferreira do Zêzere,15.3,93.0,3.95,1.94,---,116.5,54.44,187.17,57.71,0.43,0.13,0.0,0.13,,,,,,,,,,,,25.15
2025-11-12,21,Ferreira do Zêzere,15.4,93.0,3.11,0.1,---,155.3,54.9,189.61,57.44,0.4,0.12,0.0,0.12,,,,,,,,,,,,25.15
2025-11-12,22,Ferreira do Zêzere,15.8,91.0,3.43,0.31,---,5.6,54.47,178.29,57.69,0.41,0.13,0.0,0.13,,,,,,,,,,,,25.16
2025-11-12,23,Ferreira do Zêzere,15.8,93.0,3.73,0.4,---,305.0,55.8,186.79,56.92,0.4,0.12,0.0,0.12,,,,,,,,,,,,24.69
2025-11-13,0,Ferreira do Zêzere,16.2,91.0,3.83,0.97,---,69.2,54.16,187.6,57.87,0.43,0.13,0.0,0.13,,,,,,,,,,,,24.69
2025-11-13,1,Ferreira do Zêzere,16.8,89.0,4.27,0.2,---,4.3,50.25,175.13,60.19,0.51,0.16,0.0,0.16,,,,,,,,,,,,24.79
2025-11-13,2,Ferreira do Zêzere,17.3,89.0,4.54,0.55,---,4.6,47.11,172.97,62.13,0.58,0.18,0.0,0.18,,,,,,,,,,,,25.24
2025-11-13,3,Ferreira do Zêzere,17.7,91.0,4.26,1.3,---,181.0,55.11,182.99,57.32,0.42,0.13,0.0,0.13,,,,,,,,,,,,25.64
2025-11-13,4,Ferreira do Zêzere,18.2,91.0,5.11,0.3,---,341.9,55.07,179.02,57.34,0.44,0.13,0.0,0.13,,,,,,,,,,,,23.64
2025-11-13,5,Ferreira do Zêzere,18.2,91.0,5.74,1.6,---,281.0,55.59,177.04,57.04,0.44,0.14,0.0,0.14,,,,,,,,,,,,24.64
2025-11-13,6,Ferreira do Zêzere,18.2,88.0,6.06,1.0,---,76.9,57.62,160.94,55.89,0.41,0.13,0.0,0.13,,,,,,,,,,,,25.54
2025-11-13,7,Ferreira do Zêzere,16.3,93.0,5.43,6.5,---,365.2,58.58,193.46,55.35,0.38,0.12,0.0,0.12,,,,,,,,,,,,31.94
2025-11-13,8,Ferreira do Zêzere,15.1,97.0,3.46,4.8,---,386.3,58.86,226.23,55.19,0.34,0.1,0.0,0.1,5.37,1.0,-557.77,5.37,217.13,0.0,1.93,0.0,0.0,0.01,8.0,36.49
2025-11-15,18,Ferreira do Zêzere,15.2,91.0,2.59,0.7,---,396.4,54.71,137.98,57.55,0.39,0.13,0.0,0.13,14.47,1.19,-555.33,14.47,172.28,0.0,2.13,0.0,0.0,0.01,18.0,0.7
2025-11-15,19,Ferreira do Zêzere,13.6,96.0,1.96,0.28,---,486.9,53.72,161.34,58.13,0.4,0.13,0.0,0.13,,,,,,,,,,,,0.98
2025-11-15,20,Ferreira do Zêzere,12.9,98.0,2.34,0.1,---,447.3,53.56,170.41,58.22,0.41,0.13,0.0,0.13,,,,,,,,,,,,1.08
2025-11-15,21,Ferreira do Zêzere,12.9,98.0,1.91,1.66,---,307.0,55.01,188.89,57.38,0.38,0.11,0.0,0.11,,,,,,,,,,,,2.74
2025-11-15,22,Ferreira do Zêzere,13.3,99.0,2.5,0.1,---,252.2,57.55,194.23,55.93,0.34,0.11,0.0,0.11,,,,,,,,,,,,2.84
2025-11-15,23,Ferreira do Zêzere,13.2,99.0,2.47,0.63,---,177.0,58.15,199.76,55.59,0.33,0.1,0.0,0.1,,,,,,,,,,,,3.47
2025-11-16,0,Ferreira do Zêzere,13.0,99.0,2.2,0.1,---,147.1,58.77,176.37,55.24,0.32,0.1,0.0,0.1,,,,,,,,,,,,3.57
2025-11-16,1,Ferreira do Zêzere,13.3,99.0,2.16,0.17,---,134.3,59.01,178.31,55.11,0.31,0.1,0.0,0.1,,,,,,,,,,,,3.74
2025-11-16,2,Ferreira do Zêzere,13.6,99.0,2.85,0.13,---,109.1,59.17,179.33,55.02,0.32,0.1,0.0,0.1,,,,,,,,,,,,3.87
2025-11-16,3,Ferreira do Zêzere,13.6,99.0,2.45,0.14,---,96.8,59.45,181.05,54.86,0.31,0.1,0.0,0.1,,,,,,,,,,,,4.01
2025-11-16,4,Ferreira do Zêzere,13.6,99.0,2.84,0.24,---,82.2,59.77,183.29,54.69,0.31,0.1,0.0,0.1,,,,,,,,,,,,4.25
2025-11-16,5,Ferreira do Zêzere,13.5,100.0,2.82,0.1,---,65.2,60.29,189.76,54.4,0.3,0.09,0.0,0.09,,,,,,,,,,,,4.35
2025-11-16,6,Ferreira do Zêzere,13.3,100.0,3.07,0.1,---,54.8,60.58,190.75,54.24,0.3,0.09,0.0,0.09,,,,,,,,,,,,4.45
2025-11-16,7,Ferreira do Zêzere,13.2,100.0,3.39,1.24,---,44.6,60.85,201.13,54.09,0.3,0.09,0.0,0.09,,,,,,,,,,,,5.69
2025-11-16,8,Ferreira do Zêzere,13.3,100.0,3.51,0.33,---,104.5,61.27,203.41,53.87,0.3,0.09,0.0,0.09,,,,,,,,,,,,6.02
2025-11-16,9,Ferreira do Zêzere,13.6,100.0,3.11,0.1,---,316.1,61.71,204.06,53.63,0.29,0.09,0.0,0.09,,,,,,,,,,,,6.12
2025-11-16,10,Ferreira do Zêzere,14.3,100.0,3.79,0.27,---,785.8,57.93,205.77,55.71,0.36,0.11,0.0,0.11,,,,,,,,,,,,6.39
2025-11-16,11,Ferreira do Zêzere,15.9,91.0,4.27,0.44,---,1254.1,52.75,156.73,58.7,0.47,0.14,0.0,0.14,,,,,,,,,,,,6.83
2025-11-16,12,Ferreira do Zêzere,17.3,81.0,4.69,0.37,---,1384.2,46.13,121.89,62.74,0.6,0.19,0.0,0.19,25.73,1.0,-554.81,25.73,130.09,0.0,1.93,0.0,0.0,0.01,12.0,7.2
2025-11-16,13,Ferreira do Zêzere,18.0,76.0,4.94,0.5,---,1201.1,42.11,109.67,65.34,0.69,0.21,0.0,0.21,,,,,,,,,,,,7.7
2025-11-16,15,Ferreira do Zêzere,18.1,69.0,4.27,1.26,---,697.8,38.65,101.95,67.66,0.72,0.22,0.0,0.22,,,,,,,,,,,,8.96
2025-11-16,16,Ferreira do Zêzere,18.1,69.0,4.21,2.17,---,368.4,35.23,104.99,70.05,0.77,0.24,0.0,0.24,,,,,,,,,,,,11.13
2025-11-16,17,Ferreira do Zêzere,15.7,83.0,2.98,0.8,---,368.4,53.57,146.91,58.21,0.42,0.13,0.0,0.13,,,,,,,,,,,,11.93
2025-11-16,18,Ferreira do Zêzere,13.9,93.0,3.11,1.0,---,339.8,56.27,186.35,56.65,0.38,0.12,0.0,0.12,,,,,,,,,,,,12.23
2025-11-16,19,Ferreira do Zêzere,13.5,95.0,2.43,1.6,---,314.9,56.91,200.71,56.29,0.35,0.11,0.0,0.11,,,,,,,,,,,,13.55
2025-11-16,20,Ferreira do Zêzere,13.3,97.0,2.41,0.7,---,411.2,58.52,212.51,55.38,0.33,0.1,0.0,0.1,,,,,,,,,,,,14.15
2025-11-16,21,Ferreira do Zêzere,13.4,98.0,2.05,1.1,---,431.3,58.29,217.84,55.51,0.32,0.1,0.0,0.1,,,,,,,,,,,,13.59
2025-11-16,22,Ferreira do Zêzere,13.0,98.0,2.13,1.06,---,352.9,58.0,219.47,55.67,0.33,0.1,0.0,0.1,,,,,,,,,,,,14.55
2025-11-17,0,Ferreira do Zêzere,12.9,97.0,2.13,1.61,---,210.3,58.61,222.21,55.33,0.32,0.1,0.0,0.1,,,,,,,,,,,,15.43
2025-11-17,1,Ferreira do Zêzere,12.9,97.0,2.12,1.9,---,247.9,58.59,223.77,55.34,0.32,0.1,0.0,0.1,,,,,,,,,,,,17.16
2025-11-17,2,Ferreira do Zêzere,12.9,97.0,1.51,0.6,---,254.1,59.17,225.56,55.02,0.3,0.09,0.0,0.09,,,,,,,,,,,,17.63
2025-11-17,3,Ferreira do Zêzere,12.7,98.0,1.21,0.1,---,217.2,58.81,231.65,55.22,0.3,0.09,0.0,0.09,,,,,,,,,,,,17.59
2025-11-17,4,Ferreira do Zêzere,12.6,97.0,1.25,0.74,---,192.4,59.25,226.78,54.98,0.3,0.09,0.0,0.09,,,,,,,,,,,,18.09
2025-11-17,5,Ferreira do Zêzere,12.5,98.0,1.56,0.7,---,275.6,60.22,231.92,54.44,0.29,0.09,0.0,0.09,,,,,,,,,,,,18.69
2025-11-17,6,Ferreira do Zêzere,12.3,99.0,1.24,0.13,---,268.3,60.6,238.06,54.23,0.28,0.08,0.0,0.08,,,,,,,,,,,,18.72
2025-11-17,7,Ferreira do Zêzere,12.2,99.0,1.33,0.15,---,246.6,60.64,237.14,54.21,0.28,0.08,0.0,0.08,,,,,,,,,,,,17.63
2025-11-17,8,Ferreira do Zêzere,12.2,99.0,1.03,0.14,---,239.2,60.58,237.3,54.24,0.27,0.08,0.0,0.08,,,,,,,,,,,,17.44
2025-11-17,9,Ferreira do Zêzere,12.6,99.0,0.75,0.29,---,428.8,58.22,237.72,55.55,0.3,0.09,0.0,0.09,,,,,,,,,,,,17.63
2025-11-17,10,Ferreira do Zêzere,13.4,99.0,0.63,0.2,---,718.4,51.46,237.68,59.46,0.41,0.13,0.0,0.13,,,,,,,,,,,,17.56
2025-11-17,11,Ferreira do Zêzere,14.4,93.0,1.59,0.51,---,550.9,47.15,204.05,62.1,0.5,0.15,0.0,0.15,,,,,,,,,,,,17.63
2025-11-17,12,Ferreira do Zêzere,15.6,86.0,1.67,0.98,---,1048.6,43.43,174.48,64.48,0.56,0.17,0.0,0.17,15.04,1.0,-559.06,15.04,169.85,0.0,1.93,0.0,0.0,0.01,12.0,18.24
2025-11-17,13,Ferreira do Zêzere,16.2,80.0,2.05,0.33,---,938.1,39.46,152.65,67.11,0.63,0.19,0.0,0.19,,,,,,,,,,,,18.07
2025-11-17,14,Ferreira do Zêzere,17.4,72.0,2.62,0.6,---,1069.7,32.78,128.03,71.81,0.76,0.23,0.0,0.23,,,,,,,,,,,,18.67
2025-11-17,15,Ferreira do Zêzere,17.6,67.0,2.03,0.2,---,357.7,28.6,121.42,74.93,0.85,0.26,0.0,0.26,,,,,,,,,,,,17.61
2025-11-17,16,Ferreira do Zêzere,17.7,67.0,2.35,0.1,---,231.8,25.17,118.35,77.61,1.03,0.31,0.0,0.31,,,,,,,,,,,,15.54
2025-11-17,17,Ferreira do Zêzere,17.7,69.0,2.3,0.2,---,182.0,25.26,121.73,77.54,1.02,0.31,0.0,0.31,,,,,,,,,,,,14.94
2025-11-17,18,Ferreira do Zêzere,15.3,85.0,1.6,0.1,---,15.7,25.83,169.51,77.09,0.95,0.29,0.0,0.29,,,,,,,,,,,,14.04
2025-11-17,19,Ferreira do Zêzere,13.5,93.0,1.53,0.1,---,5.0,26.45,200.77,76.6,0.91,0.28,0.0,0.28,,,,,,,,,,,,12.54
2025-11-17,21,Ferreira do Zêzere,12.3,94.0,1.75,0.3,---,20.5,27.05,203.49,76.13,0.9,0.27,0.0,0.27,,,,,,,,,,,,11.04
2025-11-17,22,Ferreira do Zêzere,10.8,97.0,1.78,0.1,---,369.7,27.65,216.87,75.66,0.87,0.27,0.0,0.27,,,,,,,,,,,,10.08
2025-11-17,23,Ferreira do Zêzere,10.5,98.0,1.62,0.1,---,204.1,28.11,222.45,75.31,0.85,0.26,0.0,0.26,,,,,,,,,,,,10.18
2025-11-18,0,Ferreira do Zêzere,9.7,98.0,1.46,0.1,---,71.7,28.02,198.26,75.38,0.84,0.26,0.0,0.26,,,,,,,,,,,,8.67
2025-11-18,1,Ferreira do Zêzere,9.8,99.0,1.63,0.1,---,18.8,28.14,193.19,75.29,0.85,0.26,0.0,0.26,,,,,,,,,,,,6.87
2025-11-18,2,Ferreira do Zêzere,10.1,99.0,1.76,0.1,---,26.9,27.94,189.85,75.44,0.86,0.26,0.0,0.26,,,,,,,,,,,,6.37
2025-11-18,3,Ferreira do Zêzere,9.0,99.0,1.55,0.1,---,22.3,27.71,190.15,75.62,0.86,0.26,0.0,0.26,,,,,,,,,,,,6.37
2025-11-18,4,Ferreira do Zêzere,8.8,99.0,1.81,0.1,---,25.6,27.43,185.36,75.83,0.88,0.27,0.0,0.27,,,,,,,,,,,,5.73
2025-11-18,5,Ferreira do Zêzere,7.8,99.0,1.84,0.1,---,32.7,27.08,180.44,76.11,0.9,0.28,0.0,0.28,,,,,,,,,,,,5.13
2025-11-18,6,Ferreira do Zêzere,7.0,99.0,2.19,0.12,---,54.8,26.52,180.3,76.54,0.94,0.29,0.0,0.29,,,,,,,,,,,,5.12
2025-11-18,7,Ferreira do Zêzere,6.2,99.0,2.54,0.1,---,80.3,26.17,179.8,76.82,0.98,0.3,0.0,0.3,,,,,,,,,,,,5.07
2025-11-18,8,Ferreira do Zêzere,5.8,99.0,1.47,0.1,---,140.3,25.65,179.98,77.23,0.95,0.29,0.0,0.29,,,,,,,,,,,,5.03
2025-11-18,9,Ferreira do Zêzere,8.8,98.0,1.68,0.1,---,611.3,22.81,174.04,79.51,1.18,0.36,0.0,0.36,,,,,,,,,,,,4.84
2025-11-18,10,Ferreira do Zêzere,12.3,87.0,1.68,7.4,---,851.2,19.33,165.98,82.42,1.63,0.5,0.01,0.5,,,,,,,,,,,,12.04
2025-11-18,11,Ferreira do Zêzere,14.9,76.0,2.24,0.27,---,1517.6,16.88,130.98,84.54,2.21,0.68,0.01,0.68,,,,,,,,,,,,11.8
2025-11-18,12,Ferreira do Zêzere,17.8,62.0,2.23,0.6,---,1783.8,15.08,100.78,86.13,2.76,0.85,0.02,0.85,32.86,1.0,-560.13,32.86,108.67,0.01,1.93,0.0,0.0,0.01,12.0,11.42
2025-11-18,13,Ferreira do Zêzere,19.1,53.0,1.75,0.1,---,1866.6,13.76,88.79,87.33,3.19,1.11,0.03,1.11,,,,,,,,,,,,11.19
2025-11-18,14,Ferreira do Zêzere,19.9,51.0,2.42,0.2,---,1236.9,12.9,80.99,88.12,3.7,1.67,0.07,1.67,,,,,,,,,,,,10.79
2025-11-18,15,Ferreira do Zêzere,19.8,51.0,2.83,0.77,---,234.2,12.42,80.22,88.56,4.02,1.94,0.09,1.94,,,,,,,,,,,,11.36
2025-11-18,16,Ferreira do Zêzere,19.0,56.0,2.75,0.49,---,165.7,12.11,88.3,88.85,4.17,1.98,0.09,1.98,,,,,,,,,,,,11.75
2025-11-18,17,Ferreira do Zêzere,17.7,59.0,2.4,0.25,---,92.0,11.99,96.96,88.96,4.17,1.9,0.08,1.9,,,,,,,,,,,,11.8
2025-11-18,18,Ferreira do Zêzere,14.6,72.0,1.63,0.1,---,11.4,12.28,127.94,88.69,3.86,1.65,0.07,1.65,,,,,,,,,,,,11.8
2025-11-18,19,Ferreira do Zêzere,11.3,90.0,1.48,0.51,---,2.2,12.62,177.92,88.38,3.66,1.48,0.05,1.48,,,,,,,,,,,,12.21
2025-11-18,20,Ferreira do Zêzere,10.0,94.0,1.71,0.3,---,177.8,13.06,192.91,87.97,3.49,1.32,0.04,1.32,,,,,,,,,,,,12.51
2025-11-18,21,Ferreira do Zêzere,9.1,97.0,1.33,0.61,---,590.6,13.62,207.05,87.46,3.18,0.98,0.03,0.98,,,,,,,,,,,,12.82
2025-11-18,22,Ferreira do Zêzere,9.3,96.0,1.51,0.64,---,458.5,14.29,203.57,86.85,2.94,0.9,0.02,0.9,,,,,,,,,,,,13.36
2025-11-18,23,Ferreira do Zêzere,8.4,97.0,1.8,0.47,---,392.5,15.09,208.32,86.12,2.7,0.83,0.02,0.83,,,,,,,,,,,,13.73
2025-11-19,0,Ferreira do Zêzere,8.3,99.0,1.61,0.1,---,277.0,15.65,221.6,85.62,2.49,0.76,0.02,0.76,,,,,,,,,,,,13.73
2025-11-19,1,Ferreira do Zêzere,8.4,99.0,1.52,0.8,---,239.5,16.5,222.92,84.87,2.23,0.68,0.01,0.68,,,,,,,,,,,,14.43
2025-11-19,2,Ferreira do Zêzere,8.0,99.0,0.78,0.1,---,218.8,17.0,223.63,84.43,2.03,0.62,0.01,0.62,,,,,,,,,,,,14.43
2025-11-19,3,Ferreira do Zêzere,7.5,99.0,1.99,0.1,---,204.5,17.67,222.76,83.85,1.99,0.61,0.01,0.61,,,,,,,,,,,,14.43
2025-11-19,4,Ferreira do Zêzere,6.8,99.0,1.91,0.1,---,185.9,18.4,222.94,83.21,1.83,0.56,0.01,0.56,,,,,,,,,,,,14.43
2025-11-19,5,Ferreira do Zêzere,6.3,99.0,2.27,0.1,---,176.3,19.13,222.81,82.59,1.72,0.53,0.01,0.53,,,,,,,,,,,,14.43
2025-11-19,6,Ferreira do Zêzere,6.0,100.0,1.96,0.1,---,173.9,20.04,227.69,81.81,1.54,0.47,0.01,0.47,,,,,,,,,,,,14.41
2025-11-19,7,Ferreira do Zêzere,6.1,100.0,1.3,0.1,---,160.8,21.0,227.69,81.01,1.35,0.42,0.01,0.42,,,,,,,,,,,,14.41
2025-11-19,8,Ferreira do Zêzere,5.6,100.0,1.37,0.1,---,184.9,22.14,227.69,80.06,1.23,0.38,0.0,0.38,,,,,,,,,,,,14.41
2025-11-19,9,Ferreira do Zêzere,6.4,100.0,2.16,0.1,---,358.9,22.51,227.69,79.76,1.24,0.38,0.0,0.38,,,,,,,,,,,,14.41
2025-11-19,10,Ferreira do Zêzere,8.8,99.0,2.3,0.1,---,927.1,20.76,199.7,81.21,1.46,0.45,0.01,0.45,,,,,,,,,,,,7.11
2025-11-19,12,Ferreira do Zêzere,13.9,76.0,2.62,0.3,---,1477.6,15.91,122.13,85.39,2.54,0.78,0.02,0.78,29.3,1.0,-559.94,29.3,118.94,0.0,1.93,0.0,0.0,0.01,12.0,6.54
2025-11-19,13,Ferreira do Zêzere,15.6,67.0,2.5,0.1,---,1847.6,14.18,104.88,86.95,3.14,0.96,0.03,0.96,,,,,,,,,,,,6.54
2025-11-19,14,Ferreira do Zêzere,16.3,63.0,3.3,0.1,---,956.2,13.88,94.7,87.22,3.4,1.22,0.04,1.22,,,,,,,,,,,,6.44
2025-11-19,15,Ferreira do Zêzere,15.8,65.0,2.8,0.2,---,531.4,13.41,98.46,87.65,3.52,1.35,0.05,1.35,,,,,,,,,,,,5.87
2025-11-19,16,Ferreira do Zêzere,15.5,70.0,2.52,0.1,---,345.1,13.45,105.46,87.61,3.46,1.28,0.04,1.28,,,,,,,,,,,,5.48
2025-11-19,17,Ferreira do Zêzere,14.5,75.0,3.57,0.01,---,103.6,13.6,110.26,87.47,3.57,1.4,0.05,1.4,,,,,,,,,,,,5.24
2025-11-19,18,Ferreira do Zêzere,12.9,81.0,1.99,0.1,---,8.9,14.1,130.58,87.02,3.09,0.95,0.02,0.95,,,,,,,,,,,,5.24
2025-11-19,19,Ferreira do Zêzere,11.4,87.0,2.13,0.3,---,2.0,14.77,144.43,86.41,2.86,0.88,0.02,0.88,,,,,,,,,,,,5.03
2025-11-19,21,Ferreira do Zêzere,9.8,85.0,2.33,0.2,---,1.3,15.76,136.45,85.53,2.55,0.78,0.02,0.78,,,,,,,,,,,,4.32
2025-11-19,22,Ferreira do Zêzere,9.2,86.0,2.0,0.2,---,1.6,16.19,136.91,85.14,2.38,0.73,0.02,0.73,,,,,,,,,,,,3.88
2025-11-20,0,Ferreira do Zêzere,6.1,97.0,1.91,0.1,---,532.2,17.13,141.99,84.32,2.11,0.65,0.01,0.65,,,,,,,,,,,,3.41
2025-11-20,1,Ferreira do Zêzere,5.6,98.0,1.84,0.2,---,349.4,17.56,134.97,83.94,2.0,0.61,0.01,0.61,,,,,,,,,,,,2.81
2025-11-20,3,Ferreira do Zêzere,5.8,99.0,1.91,0.1,---,217.5,17.89,135.49,83.65,1.94,0.59,0.01,0.59,,,,,,,,,,,,2.71
2025-11-20,4,Ferreira do Zêzere,5.1,99.0,1.89,0.1,---,226.1,17.9,135.57,83.65,1.93,0.59,0.01,0.59,,,,,,,,,,,,2.71
2025-11-20,5,Ferreira do Zêzere,4.5,99.0,1.96,0.1,---,31.9,17.95,135.6,83.6,1.93,0.59,0.01,0.59,,,,,,,,,,,,2.71
2025-11-20,6,Ferreira do Zêzere,4.4,99.0,2.15,0.1,---,215.3,18.07,135.55,83.5,1.92,0.59,0.01,0.59,,,,,,,,,,,,2.71
2025-11-20,7,Ferreira do Zêzere,4.4,99.0,2.18,0.1,---,220.0,18.28,135.54,83.32,1.88,0.58,0.01,0.58,,,,,,,,,,,,2.71
2025-11-20,8,Ferreira do Zêzere,3.6,100.0,2.44,0.1,---,249.1,18.47,137.97,83.15,1.86,0.57,0.01,0.57,,,,,,,,,,,,2.71
2025-11-20,9,Ferreira do Zêzere,5.5,100.0,2.1,0.1,---,565.9,16.99,137.97,84.44,2.17,0.67,0.01,0.67,,,,,,,,,,,,2.71
2025-11-20,10,Ferreira do Zêzere,8.7,87.0,2.54,0.23,---,829.1,15.13,110.34,86.09,2.79,0.85,0.02,0.85,,,,,,,,,,,,2.84
2025-11-20,11,Ferreira do Zêzere,11.5,75.0,3.79,0.87,---,1505.9,13.77,95.37,87.32,3.53,1.36,0.05,1.36,,,,,,,,,,,,3.71
2025-11-20,12,Ferreira do Zêzere,13.8,64.0,3.65,0.32,---,1786.0,12.68,80.18,88.32,4.05,1.8,0.08,1.8,40.26,1.0,-558.63,40.26,89.7,0.04,1.93,0.01,0.0,0.01,12.0,3.73
2025-11-20,13,Ferreira do Zêzere,14.9,58.0,3.07,0.17,---,1872.8,11.79,74.86,89.15,4.43,2.09,0.1,2.09,,,,,,,,,,,,3.8
2025-11-20,14,Ferreira do Zêzere,15.5,52.0,3.91,0.01,---,1235.4,11.18,66.69,89.72,5.02,2.53,0.14,2.53,,,,,,,,,,,,3.71
2025-11-20,15,Ferreira do Zêzere,15.3,51.0,3.68,0.1,---,198.5,10.94,66.35,89.95,5.12,2.61,0.15,2.61,,,,,,,,,,,,3.61
2025-11-20,16,Ferreira do Zêzere,14.6,54.0,3.68,2.1,---,161.1,10.73,79.01,90.14,5.27,2.68,0.16,2.68,,,,,,,,,,,,5.61
2025-11-20,17,Ferreira do Zêzere,13.2,62.0,3.33,0.1,---,95.1,10.62,90.59,90.25,5.25,2.67,0.15,2.67,,,,,,,,,,,,5.7
2025-11-20,18,Ferreira do Zêzere,11.2,68.0,3.22,0.7,---,10.3,10.93,104.06,89.96,5.01,2.5,0.14,2.5,,,,,,,,,,,,6.3
2025-11-20,19,Ferreira do Zêzere,9.2,76.0,3.18,0.83,---,1.5,11.17,120.86,89.73,4.84,2.38,0.13,2.38,,,,,,,,,,,,6.83
2025-11-20,20,Ferreira do Zêzere,8.9,76.0,2.98,0.01,---,0.7,11.4,122.13,89.51,4.65,2.24,0.11,2.24,,,,,,,,,,,,6.84
2025-11-20,21,Ferreira do Zêzere,9.1,73.0,2.91,0.77,---,0.9,11.54,119.92,89.38,4.54,2.17,0.11,2.17,,,,,,,,,,,,7.41
2025-11-20,22,Ferreira do Zêzere,8.4,75.0,2.69,0.36,---,0.5,11.7,125.47,89.23,4.4,2.06,0.1,2.06,,,,,,,,,,,,7.57
2025-11-20,23,Ferreira do Zêzere,6.5,83.0,2.53,0.01,---,2.9,11.63,142.5,89.3,4.4,2.07,0.1,2.07,,,,,,,,,,,,7.58
2025-11-21,0,Ferreira do Zêzere,4.0,95.0,2.22,0.96,---,468.4,11.63,177.62,89.3,4.33,2.02,0.09,2.02,,,,,,,,,,,,8.44
2025-11-21,1,Ferreira do Zêzere,3.6,97.0,2.11,1.14,---,519.9,11.78,188.22,89.16,4.22,1.94,0.09,1.94,,,,,,,,,,,,9.38
2025-11-21,2,Ferreira do Zêzere,3.2,97.0,2.25,0.15,---,358.8,11.92,188.8,89.03,4.18,1.9,0.08,1.9,,,,,,,,,,,,9.53
2025-11-21,3,Ferreira do Zêzere,3.4,95.0,2.36,0.1,---,397.4,12.06,182.19,88.9,4.12,1.86,0.08,1.86,,,,,,,,,,,,9.53
2025-11-21,4,Ferreira do Zêzere,4.0,89.0,2.24,1.38,---,124.2,12.2,169.8,88.76,4.02,1.78,0.08,1.78,,,,,,,,,,,,10.81
2025-11-21,5,Ferreira do Zêzere,4.4,87.0,2.52,0.5,---,1.4,12.3,164.8,88.67,4.02,1.78,0.08,1.78,,,,,,,,,,,,11.21
2025-11-21,6,Ferreira do Zêzere,2.9,91.0,2.41,1.42,---,93.4,12.52,179.72,88.47,3.89,1.67,0.07,1.67,,,,,,,,,,,,12.53
2025-11-21,7,Ferreira do Zêzere,1.7,97.0,2.24,1.0,---,642.6,12.72,200.74,88.28,3.75,1.56,0.06,1.56,,,,,,,,,,,,13.43
2025-11-21,8,Ferreira do Zêzere,1.3,98.0,1.99,0.1,---,498.9,13.21,204.5,87.83,3.47,1.3,0.04,1.3,,,,,,,,,,,,13.43
2025-11-21,9,Ferreira do Zêzere,4.2,92.0,2.31,0.1,---,497.6,12.94,183.31,88.08,3.66,1.48,0.05,1.48,,,,,,,,,,,,13.43
2025-11-21,10,Ferreira do Zêzere,7.9,76.0,2.83,0.1,---,814.9,11.97,140.31,88.98,4.27,1.97,0.09,1.97,,,,,,,,,,,,13.3
2025-11-21,11,Ferreira do Zêzere,11.1,65.0,3.39,0.2,---,1520.4,11.18,114.21,89.72,4.89,2.41,0.13,2.41,,,,,,,,,,,,12.63
2025-11-21,12,Ferreira do Zêzere,13.7,48.0,4.23,0.73,---,1809.7,10.48,88.03,90.38,5.6,2.91,0.18,2.91,40.85,1.02,-561.09,40.85,88.31,0.05,1.95,0.02,0.0,0.01,12.0,13.04
2025-11-21,13,Ferreira do Zêzere,15.1,38.0,3.79,0.39,---,1898.8,9.76,77.93,91.07,6.05,3.37,0.23,3.37,,,,,,,,,,,,13.26
2025-11-21,14,Ferreira do Zêzere,15.6,36.0,4.17,0.1,---,1293.6,9.28,74.26,91.53,6.58,3.77,0.29,3.77,,,,,,,,,,,,13.35
2025-11-21,15,Ferreira do Zêzere,15.2,36.0,3.45,0.69,---,204.9,8.91,77.74,91.89,6.68,3.81,0.29,3.81,,,,,,,,,,,,13.94
2025-11-21,16,Ferreira do Zêzere,14.9,37.0,3.48,1.01,---,157.9,8.63,78.33,92.16,6.95,3.96,0.31,3.96,,,,,,,,,,,,12.85
2025-11-21,17,Ferreira do Zêzere,13.7,43.0,3.27,0.6,---,89.1,8.35,87.08,92.43,7.15,3.95,0.31,3.95,,,,,,,,,,,,13.35
2025-11-21,18,Ferreira do Zêzere,11.5,53.0,2.25,1.18,---,8.1,8.47,105.92,92.32,6.68,3.59,0.26,3.59,,,,,,,,,,,,13.83
2025-11-21,19,Ferreira do Zêzere,9.2,64.0,2.51,0.94,---,2.0,8.72,122.69,92.07,6.54,3.5,0.25,3.5,,,,,,,,,,,,13.94
2025-11-21,20,Ferreira do Zêzere,7.3,76.0,2.28,1.9,---,1.6,8.99,147.13,91.81,6.23,3.3,0.23,3.3,,,,,,,,,,,,15.83
2025-11-21,21,Ferreira do Zêzere,5.1,89.0,1.79,0.35,---,1.7,9.23,179.27,91.58,5.88,3.08,0.2,3.08,,,,,,,,,,,,15.41
2025-11-21,22,Ferreira do Zêzere,4.3,93.0,1.89,0.22,---,2.0,9.59,190.59,91.23,5.62,2.91,0.18,2.91,,,,,,,,,,,,15.27
2025-11-22,0,Ferreira do Zêzere,2.8,96.0,1.5,0.12,---,588.7,10.04,212.44,90.8,5.19,2.62,0.15,2.62,,,,,,,,,,,,14.42
2025-11-22,1,Ferreira do Zêzere,2.2,97.0,1.7,0.23,---,572.1,10.31,214.11,90.54,5.05,2.53,0.14,2.53,,,,,,,,,,,,13.51
2025-11-22,2,Ferreira do Zêzere,3.3,94.0,1.72,0.13,---,652.5,10.44,203.52,90.42,4.97,2.47,0.13,2.47,,,,,,,,,,,,13.49
2025-11-22,3,Ferreira do Zêzere,1.4,96.0,1.73,0.22,---,567.4,10.65,211.28,90.22,4.83,2.37,0.13,2.37,,,,,,,,,,,,13.61
2025-11-22,4,Ferreira do Zêzere,0.9,98.0,1.84,0.1,---,470.4,10.9,215.38,89.98,4.69,2.28,0.12,2.28,,,,,,,,,,,,12.33
2025-11-22,5,Ferreira do Zêzere,0.5,98.0,1.84,0.3,---,176.6,11.09,215.02,89.8,4.57,2.19,0.11,2.19,,,,,,,,,,,,12.13
2025-11-22,6,Ferreira do Zêzere,2.81,98.0,1.79,0.2,---,3.4,11.05,211.34,89.84,4.59,2.2,0.11,2.2,,,,,,,,,,,,10.91
2025-11-22,7,Ferreira do Zêzere,2.34,99.0,1.74,0.1,---,2.4,11.1,212.39,89.8,4.54,2.17,0.11,2.17,,,,,,,,,,,,10.01
2025-11-22,8,Ferreira do Zêzere,2.28,99.0,1.86,0.1,---,238.8,11.28,212.33,89.63,4.46,2.11,0.1,2.11,,,,,,,,,,,,10.01
2025-11-22,9,Ferreira do Zêzere,2.0,98.0,1.75,0.1,---,609.0,11.44,208.9,89.48,4.34,2.02,0.09,2.02,,,,,,,,,,,,10.01
2025-11-22,10,Ferreira do Zêzere,5.6,86.0,1.52,0.1,---,796.5,11.18,172.96,89.72,4.45,2.1,0.1,2.1,,,,,,,,,,,,10.01
2025-11-22,12,Ferreira do Zêzere,10.9,64.0,1.23,0.1,---,1612.3,10.1,125.32,90.74,5.07,2.54,0.14,2.54,29.96,1.0,-562.49,29.96,116.98,0.0,1.93,0.0,0.0,0.01,12.0,9.18
2025-11-22,13,Ferreira do Zêzere,13.4,49.0,1.37,0.27,---,1710.9,9.6,101.31,91.22,5.47,2.81,0.17,2.81,,,,,,,,,,,,9.06
2025-11-22,14,Ferreira do Zêzere,14.5,40.0,1.73,0.1,---,1312.5,9.05,88.73,91.75,6.01,3.3,0.22,3.3,,,,,,,,,,,,9.06
2025-11-22,15,Ferreira do Zêzere,14.7,39.0,2.26,0.1,---,334.1,8.9,84.31,91.9,6.3,3.51,0.25,3.51,,,,,,,,,,,,8.47
2025-11-22,16,Ferreira do Zêzere,14.7,43.0,2.1,0.2,---,261.0,8.68,86.59,92.11,6.44,3.55,0.26,3.55,,,,,,,,,,,,7.66
2025-11-22,17,Ferreira do Zêzere,14.1,47.0,1.75,0.3,---,143.2,8.5,92.39,92.29,6.48,3.51,0.25,3.51,,,,,,,,,,,,7.36
2025-11-22,18,Ferreira do Zêzere,10.8,64.0,1.17,0.2,---,9.6,8.58,118.11,92.21,6.23,3.3,0.23,3.3,,,,,,,,,,,,6.38
2025-11-22,19,Ferreira do Zêzere,8.4,77.0,1.44,0.01,---,2.2,8.77,134.76,92.03,6.15,3.26,0.22,3.26,,,,,,,,,,,,5.45
2025-11-22,21,Ferreira do Zêzere,6.8,90.0,1.45,0.4,---,2.6,9.11,146.13,91.7,5.87,3.08,0.2,3.08,,,,,,,,,,,,3.6
2025-11-22,22,Ferreira do Zêzere,6.1,93.0,1.53,0.3,---,2.5,9.25,154.11,91.56,5.79,3.02,0.19,3.02,,,,,,,,,,,,3.68
2025-11-22,23,Ferreira do Zêzere,5.4,95.0,1.56,0.64,---,3.8,9.41,166.27,91.41,5.67,2.94,0.18,2.94,,,,,,,,,,,,4.32
2025-11-23,0,Ferreira do Zêzere,4.8,96.0,1.74,0.46,---,321.3,9.57,181.97,91.25,5.6,2.9,0.18,2.9,,,,,,,,,,,,4.66
2025-11-23,1,Ferreira do Zêzere,4.0,97.0,1.55,0.69,---,653.7,9.78,189.32,91.05,5.39,2.76,0.16,2.76,,,,,,,,,,,,5.12
2025-11-23,2,Ferreira do Zêzere,5.3,94.0,1.53,1.0,---,356.5,9.98,185.2,90.86,5.24,2.65,0.15,2.65,,,,,,,,,,,,5.99
2025-11-23,3,Ferreira do Zêzere,5.8,91.0,1.35,0.53,---,1.4,10.08,178.7,90.76,5.12,2.57,0.15,2.57,,,,,,,,,,,,6.3
2025-11-23,4,Ferreira do Zêzere,5.2,92.0,1.39,1.49,---,1.7,10.55,187.98,90.32,4.81,2.36,0.12,2.36,,,,,,,,,,,,7.69
2025-11-23,6,Ferreira do Zêzere,4.9,97.0,1.31,0.1,---,3.6,11.8,202.09,89.14,4.05,1.8,0.08,1.8,,,,,,,,,,,,7.29
2025-11-23,7,Ferreira do Zêzere,5.6,96.0,1.17,0.2,---,4.1,12.22,199.21,88.75,3.8,1.6,0.06,1.6,,,,,,,,,,,,7.39
2025-11-23,9,Ferreira do Zêzere,6.0,96.0,1.17,0.33,---,281.8,13.02,199.57,88.01,3.42,1.24,0.04,1.24,,,,,,,,,,,,7.52
2025-11-23,10,Ferreira do Zêzere,7.7,90.0,1.23,0.24,---,412.9,13.14,180.4,87.9,3.37,1.19,0.04,1.19,,,,,,,,,,,,7.66
2025-11-23,12,Ferreira do Zêzere,11.9,77.0,2.23,0.74,---,1524.4,12.61,139.8,88.38,3.8,1.6,0.06,1.6,24.24,1.0,-563.34,24.24,135.01,0.0,1.93,0.0,0.0,0.01,12.0,8.3
2025-11-23,13,Ferreira do Zêzere,14.0,73.0,2.29,0.42,---,1105.7,12.3,127.59,88.67,3.98,1.74,0.07,1.74,,,,,,,,,,,,8.45
2025-11-23,15,Ferreira do Zêzere,15.1,73.0,2.45,0.43,---,502.3,12.57,124.5,88.42,3.87,1.65,0.07,1.65,,,,,,,,,,,,8.68
2025-11-23,16,Ferreira do Zêzere,15.5,75.0,2.78,0.1,---,256.3,12.76,125.34,88.25,3.83,1.63,0.06,1.63,,,,,,,,,,,,8.58
2025-11-23,18,Ferreira do Zêzere,14.4,81.0,2.24,0.1,---,5.5,13.35,142.35,87.7,3.45,1.28,0.04,1.28,,,,,,,,,,,,8.18
2025-11-23,19,Ferreira do Zêzere,13.9,82.0,2.56,0.4,---,3.7,13.93,145.22,87.17,3.25,1.0,0.03,1.0,,,,,,,,,,,,8.57
2025-11-23,21,Ferreira do Zêzere,12.6,94.0,2.33,0.42,---,492.5,29.6,187.58,74.17,0.83,0.25,0.0,0.25,,,,,,,,,,,,8.59
2025-11-23,22,Ferreira do Zêzere,12.3,97.0,2.49,0.1,---,426.9,42.06,200.88,65.37,0.61,0.19,0.0,0.19,,,,,,,,,,,,8.39
2025-11-24,0,Ferreira do Zêzere,12.4,98.0,3.09,0.17,---,317.1,41.02,216.96,66.06,0.64,0.2,0.0,0.2,,,,,,,,,,,,7.46
2025-11-24,1,Ferreira do Zêzere,12.5,99.0,3.11,0.3,---,281.9,47.03,222.14,62.18,0.54,0.17,0.0,0.17,,,,,,,,,,,,7.07
2025-11-24,3,Ferreira do Zêzere,12.7,99.0,3.63,0.38,---,242.0,46.04,217.91,62.8,0.57,0.18,0.0,0.18,,,,,,,,,,,,5.92
2025-11-24,4,Ferreira do Zêzere,12.7,98.0,3.69,0.87,---,260.2,51.69,208.9,59.33,0.47,0.14,0.0,0.14,,,,,,,,,,,,5.3
2025-11-24,6,Ferreira do Zêzere,12.5,99.0,4.17,0.1,---,275.1,51.98,215.16,59.15,0.48,0.15,0.0,0.15,,,,,,,,,,,,5.3
2025-11-24,7,Ferreira do Zêzere,12.7,99.0,3.75,0.18,---,267.2,53.16,215.24,58.45,0.45,0.14,0.0,0.14,,,,,,,,,,,,5.28
2025-11-24,9,Ferreira do Zêzere,13.6,99.0,3.7,0.39,---,380.9,53.34,215.29,58.35,0.44,0.14,0.0,0.14,,,,,,,,,,,,5.34
2025-11-24,10,Ferreira do Zêzere,14.3,99.0,4.55,0.3,---,558.9,50.95,214.9,59.77,0.51,0.16,0.0,0.16,,,,,,,,,,,,5.4
2025-11-24,12,Ferreira do Zêzere,15.9,98.0,5.21,0.2,---,638.7,56.33,203.78,56.62,0.42,0.13,0.0,0.13,12.11,1.0,-562.1,12.11,182.84,0.0,1.93,0.0,0.0,0.01,12.0,4.86
2025-11-24,13,Ferreira do Zêzere,16.4,98.0,5.31,0.3,---,735.9,56.02,202.83,56.79,0.43,0.13,0.0,0.13,,,,,,,,,,,,4.74
2025-11-24,14,Ferreira do Zêzere,16.8,98.0,5.57,0.1,---,758.2,56.95,202.81,56.26,0.41,0.13,0.0,0.13,,,,,,,,,,,,4.84
2025-11-24,15,Ferreira do Zêzere,17.4,96.0,5.18,0.6,---,679.8,57.22,188.83,56.11,0.4,0.12,0.0,0.12,,,,,,,,,,,,5.01
2025-11-24,16,Ferreira do Zêzere,17.0,97.0,3.89,4.5,---,418.5,57.0,210.42,56.24,0.38,0.12,0.0,0.12,,,,,,,,,,,,9.41
2025-11-24,17,Ferreira do Zêzere,16.3,96.0,3.41,0.8,---,482.4,56.52,206.54,56.51,0.38,0.12,0.0,0.12,,,,,,,,,,,,10.21
2025-11-24,18,Ferreira do Zêzere,15.6,96.0,3.4,0.1,---,427.2,57.28,207.28,56.08,0.36,0.11,0.0,0.11,,,,,,,,,,,,10.21
2025-11-24,19,Ferreira do Zêzere,15.7,97.0,4.59,0.3,---,458.9,57.51,211.63,55.95,0.38,0.12,0.0,0.12,,,,,,,,,,,,10.11
2025-11-24,21,Ferreira do Zêzere,14.2,90.0,4.39,0.14,---,200.7,55.39,174.7,57.16,0.42,0.13,0.0,0.13,,,,,,,,,,,,9.83
2025-11-24,22,Ferreira do Zêzere,13.0,89.0,3.7,0.1,---,2.8,51.19,175.26,59.63,0.48,0.15,0.0,0.15,,,,,,,,,,,,9.83
2025-11-24,23,Ferreira do Zêzere,12.1,87.0,3.77,0.1,---,4.2,47.08,169.77,62.15,0.56,0.17,0.0,0.17,,,,,,,,,,,,9.93
2025-11-25,0,Ferreira do Zêzere,11.2,81.0,3.37,0.1,---,4.1,44.29,139.74,63.92,0.6,0.18,0.0,0.18,,,,,,,,,,,,9.86
2025-11-25,1,Ferreira do Zêzere,9.9,84.0,3.7,0.56,---,4.8,42.86,148.61,64.85,0.63,0.19,0.0,0.19,,,,,,,,,,,,10.12
2025-11-25,3,Ferreira do Zêzere,9.5,83.0,2.56,0.1,---,4.8,40.09,150.49,66.69,0.64,0.2,0.0,0.2,,,,,,,,,,,,9.84
2025-11-25,4,Ferreira do Zêzere,7.5,92.0,2.45,0.1,---,6.7,38.93,175.35,67.47,0.65,0.2,0.0,0.2,,,,,,,,,,,,9.07
2025-11-25,6,Ferreira do Zêzere,6.7,94.0,2.31,0.1,---,5.6,36.78,182.95,68.96,0.68,0.21,0.0,0.21,,,,,,,,,,,,9.07
2025-11-25,7,Ferreira do Zêzere,6.5,93.0,2.33,0.1,---,4.0,36.41,179.53,69.22,0.69,0.21,0.0,0.21,,,,,,,,,,,,8.99
2025-11-25,9,Ferreira do Zêzere,7.8,90.0,2.32,0.1,---,434.0,33.34,168.15,71.4,0.74,0.23,0.0,0.23,,,,,,,,,,,,8.7
2025-11-25,10,Ferreira do Zêzere,10.3,83.0,3.19,0.1,---,783.4,27.85,142.93,75.51,0.93,0.28,0.0,0.28,,,,,,,,,,,,8.5
2025-11-25,11,Ferreira do Zêzere,12.2,72.0,3.72,0.3,---,1476.6,23.05,117.66,79.32,1.28,0.39,0.01,0.39,,,,,,,,,,,,8.8
2025-11-25,12,Ferreira do Zêzere,14.2,57.0,4.1,0.1,---,1745.1,19.59,92.97,82.2,1.79,0.55,0.01,0.55,34.39,1.0,-562.71,34.39,104.52,0.01,1.93,0.0,0.0,0.01,12.0,8.7
2025-11-25,13,Ferreira do Zêzere,15.2,53.0,4.16,0.01,---,1824.0,17.48,85.87,84.01,2.27,0.7,0.01,0.7,,,,,,,,,,,,8.41
2025-11-25,14,Ferreira do Zêzere,15.4,52.0,4.78,0.01,---,1347.4,16.31,82.66,85.04,2.7,0.83,0.02,0.83,,,,,,,,,,,,8.32
2025-11-25,15,Ferreira do Zêzere,15.4,52.0,3.89,0.01,---,202.9,15.71,83.94,85.57,2.77,0.86,0.02,0.86,,,,,,,,,,,,7.73
2025-11-25,16,Ferreira do Zêzere,15.0,55.0,3.85,1.2,---,172.4,15.42,77.7,85.83,2.87,0.88,0.02,0.88,,,,,,,,,,,,4.43
2025-11-25,17,Ferreira do Zêzere,14.0,59.0,3.48,0.01,---,90.7,15.43,80.08,85.82,2.81,0.86,0.02,0.86,,,,,,,,,,,,3.64
2025-11-25,18,Ferreira do Zêzere,12.3,68.0,3.14,0.16,---,8.0,15.85,93.4,85.45,2.63,0.8,0.02,0.8,,,,,,,,,,,,3.7
2025-11-25,19,Ferreira do Zêzere,10.9,76.0,2.82,0.42,---,2.2,16.29,107.52,85.06,2.45,0.75,0.02,0.75,,,,,,,,,,,,3.82
2025-11-25,20,Ferreira do Zêzere,9.9,82.0,3.09,0.01,---,2.4,16.82,117.56,84.59,2.33,0.71,0.01,0.71,,,,,,,,,,,,3.83
2025-11-25,21,Ferreira do Zêzere,9.4,87.0,2.42,0.62,---,2.4,17.23,133.98,84.23,2.14,0.66,0.01,0.66,,,,,,,,,,,,4.31
2025-11-25,22,Ferreira do Zêzere,8.3,93.0,1.95,0.34,---,2.2,17.72,153.1,83.8,1.98,0.61,0.01,0.61,,,,,,,,,,,,4.55
2025-11-25,23,Ferreira do Zêzere,8.7,92.0,1.96,0.01,---,2.2,18.35,149.25,83.26,1.84,0.56,0.01,0.56,,,,,,,,,,,,4.46
2025-11-26,0,Ferreira do Zêzere,8.5,92.0,1.67,0.1,---,2.3,18.67,147.32,82.98,1.75,0.54,0.01,0.54,,,,,,,,,,,,4.46
2025-11-26,1,Ferreira do Zêzere,6.6,95.0,1.77,0.17,---,196.6,19.04,151.91,82.66,1.69,0.52,0.01,0.52,,,,,,,,,,,,4.07
2025-11-26,2,Ferreira do Zêzere,6.8,96.0,1.55,0.43,---,336.0,19.21,159.56,82.52,1.64,0.5,0.01,0.5,,,,,,,,,,,,4.5
2025-11-26,3,Ferreira do Zêzere,6.6,94.0,1.71,0.49,---,5.3,19.4,157.72,82.36,1.62,0.5,0.01,0.5,,,,,,,,,,,,4.89
2025-11-26,4,Ferreira do Zêzere,6.1,94.0,1.81,0.1,---,5.4,19.51,157.81,82.26,1.61,0.49,0.01,0.49,,,,,,,,,,,,4.89
2025-11-26,5,Ferreira do Zêzere,4.5,97.0,1.92,0.15,---,513.1,19.45,168.07,82.31,1.63,0.5,0.01,0.5,,,,,,,,,,,,5.04
2025-11-26,6,Ferreira do Zêzere,3.8,98.0,1.91,0.1,---,494.4,19.85,171.21,81.98,1.56,0.48,0.01,0.48,,,,,,,,,,,,5.04
2025-11-26,7,Ferreira do Zêzere,3.3,98.0,1.69,0.1,---,360.6,20.05,171.5,81.81,1.52,0.46,0.01,0.46,,,,,,,,,,,,5.04
2025-11-26,8,Ferreira do Zêzere,3.0,99.0,1.62,0.1,---,299.4,19.86,175.42,81.97,1.54,0.47,0.01,0.47,,,,,,,,,,,,5.14
2025-11-26,9,Ferreira do Zêzere,5.3,98.0,1.53,0.1,---,481.7,18.36,172.13,83.25,1.8,0.55,0.01,0.55,,,,,,,,,,,,5.14
2025-11-26,10,Ferreira do Zêzere,9.2,83.0,1.77,0.12,---,746.3,16.44,132.74,84.92,2.28,0.7,0.01,0.7,,,,,,,,,,,,5.16
2025-11-26,11,Ferreira do Zêzere,12.3,71.0,1.87,0.2,---,1384.6,14.71,108.05,86.47,2.84,0.87,0.02,0.87,,,,,,,,,,,,5.06
2025-11-26,12,Ferreira do Zêzere,13.8,65.0,2.12,0.3,---,1565.1,13.29,97.74,87.76,3.46,1.29,0.04,1.29,36.35,1.0,-562.01,36.35,99.38,0.02,1.93,0.01,0.0,0.01,12.0,5.26
2025-11-26,13,Ferreira do Zêzere,15.8,55.0,2.45,2.65,---,1731.2,12.53,89.65,88.46,3.89,1.68,0.07,1.68,,,,,,,,,,,,7.9
2025-11-26,14,Ferreira do Zêzere,16.4,47.0,2.34,0.15,---,1335.1,11.92,81.61,89.03,4.19,2.02,0.09,2.02,,,,,,,,,,,,8.04
2025-11-26,15,Ferreira do Zêzere,16.3,49.0,2.23,2.65,---,214.9,11.43,88.1,89.48,4.46,2.19,0.11,2.19,,,,,,,,,,,,10.68
2025-11-26,16,Ferreira do Zêzere,16.1,49.0,1.92,1.23,---,159.0,11.03,90.03,89.86,4.63,2.31,0.12,2.31,,,,,,,,,,,,10.71
2025-11-26,17,Ferreira do Zêzere,14.9,57.0,2.12,0.9,---,82.1,10.79,101.56,90.09,4.83,2.38,0.13,2.38,,,,,,,,,,,,11.6
2025-11-26,18,Ferreira do Zêzere,12.0,71.0,1.44,0.74,---,8.8,11.15,131.8,89.75,4.45,2.1,0.1,2.1,,,,,,,,,,,,12.18
2025-11-26,19,Ferreira do Zêzere,9.2,88.0,1.93,1.15,---,2.3,11.58,170.78,89.34,4.3,1.99,0.09,1.99,,,,,,,,,,,,12.91
2025-11-26,21,Ferreira do Zêzere,7.1,95.0,1.51,0.83,---,130.4,12.44,196.88,88.54,3.75,1.56,0.06,1.56,,,,,,,,,,,,13.11
2025-11-26,22,Ferreira do Zêzere,6.1,97.0,1.82,0.75,---,691.9,12.7,204.96,88.3,3.68,1.5,0.06,1.5,,,,,,,,,,,,13.52
2025-11-26,23,Ferreira do Zêzere,5.3,98.0,1.48,0.01,---,422.9,13.01,209.55,88.02,3.47,1.3,0.04,1.3,,,,,,,,,,,,13.52
2025-11-27,0,Ferreira do Zêzere,4.8,98.0,2.0,3.53,---,325.2,13.22,225.65,87.82,3.47,1.3,0.04,1.3,,,,,,,,,,,,16.95
2025-11-27,1,Ferreira do Zêzere,4.8,99.0,2.02,3.61,---,301.3,13.41,233.67,87.65,3.39,1.21,0.04,1.21,,,,,,,,,,,,20.39
2025-11-27,2,Ferreira do Zêzere,4.4,99.0,2.05,0.15,---,295.7,13.52,233.47,87.55,3.34,1.16,0.04,1.16,,,,,,,,,,,,20.11
2025-11-27,3,Ferreira do Zêzere,3.6,99.0,1.94,0.1,---,293.7,13.78,233.31,87.31,3.21,0.99,0.03,0.99,,,,,,,,,,,,19.72
2025-11-27,4,Ferreira do Zêzere,3.2,99.0,1.85,1.22,---,297.8,13.76,234.44,87.33,3.21,0.98,0.03,0.98,,,,,,,,,,,,20.84
2025-11-27,6,Ferreira do Zêzere,2.0,99.0,2.23,0.9,---,311.6,13.85,234.96,87.25,3.23,0.99,0.03,0.99,,,,,,,,,,,,21.49
2025-11-27,7,Ferreira do Zêzere,2.0,100.0,2.5,0.1,---,305.7,13.87,239.39,87.23,3.27,1.03,0.03,1.03,,,,,,,,,,,,21.49
2025-11-27,8,Ferreira do Zêzere,2.1,100.0,2.4,0.1,---,327.1,13.95,239.39,87.15,3.22,0.99,0.03,0.99,,,,,,,,,,,,21.49
2025-11-27,9,Ferreira do Zêzere,4.5,100.0,1.81,0.1,---,598.3,13.65,239.39,87.43,3.25,1.0,0.03,1.0,,,,,,,,,,,,21.49
2025-11-27,10,Ferreira do Zêzere,7.8,89.0,1.47,1.08,---,718.2,12.91,196.77,88.11,3.52,1.35,0.05,1.35,,,,,,,,,,,,22.45
2025-11-27,11,Ferreira do Zêzere,10.6,75.0,1.2,0.01,---,1371.5,11.97,159.36,88.98,3.93,1.71,0.07,1.71,,,,,,,,,,,,22.26
2025-11-27,12,Ferreira do Zêzere,13.2,66.0,1.66,0.86,---,1624.1,11.12,133.89,89.78,4.51,2.15,0.11,2.15,26.19,1.0,-568.37,26.19,128.6,0.0,1.93,0.0,0.0,0.01,12.0,22.82
2025-11-27,13,Ferreira do Zêzere,15.4,54.0,1.87,0.1,---,1713.8,10.66,108.99,90.21,4.86,2.4,0.13,2.4,,,,,,,,,,,,20.27
2025-11-27,14,Ferreira do Zêzere,17.1,49.0,2.18,1.43,---,1313.8,10.3,97.03,90.55,5.18,2.73,0.16,2.73,,,,,,,,,,,,21.55
2025-11-27,15,Ferreira do Zêzere,17.3,51.0,2.33,1.47,---,257.4,10.01,97.42,90.83,5.43,2.89,0.18,2.89,,,,,,,,,,,,20.37
2025-11-27,16,Ferreira do Zêzere,16.6,53.0,2.39,2.08,---,172.6,9.75,101.8,91.08,5.64,2.98,0.19,2.98,,,,,,,,,,,,21.22
2025-11-27,17,Ferreira do Zêzere,15.1,57.0,2.3,2.6,---,87.4,9.64,112.15,91.18,5.7,2.97,0.19,2.97,,,,,,,,,,,,22.92
2025-11-27,18,Ferreira do Zêzere,12.4,70.0,2.03,2.31,---,9.4,10.01,140.96,90.83,5.35,2.73,0.16,2.73,,,,,,,,,,,,24.49
2025-11-27,19,Ferreira do Zêzere,9.9,83.0,1.73,1.13,---,2.6,10.57,175.96,90.3,4.88,2.41,0.13,2.41,,,,,,,,,,,,24.47
2025-11-27,20,Ferreira do Zêzere,8.2,92.0,1.81,0.8,---,2.1,11.06,206.17,89.83,4.59,2.2,0.11,2.2,,,,,,,,,,,,25.27
2025-11-27,21,Ferreira do Zêzere,7.8,96.0,2.06,0.27,---,407.6,11.48,221.65,89.44,4.39,2.06,0.1,2.06,,,,,,,,,,,,24.71
2025-11-27,22,Ferreira do Zêzere,8.1,95.0,2.1,1.34,---,396.1,11.91,217.23,89.03,4.15,1.88,0.08,1.88,,,,,,,,,,,,25.3
2025-11-28,0,Ferreira do Zêzere,7.3,98.0,2.44,0.1,---,394.1,12.74,229.69,88.26,3.78,1.58,0.06,1.58,,,,,,,,,,,,21.86
2025-11-28,1,Ferreira do Zêzere,6.9,96.0,1.94,0.1,---,437.4,13.2,218.49,87.84,3.47,1.3,0.04,1.3,,,,,,,,,,,,18.35
2025-11-28,2,Ferreira do Zêzere,5.3,98.0,2.36,2.43,---,406.6,13.57,229.57,87.5,3.37,1.19,0.04,1.19,,,,,,,,,,,,20.63
2025-11-28,3,Ferreira do Zêzere,4.9,99.0,1.93,0.1,---,358.0,13.96,234.71,87.15,3.14,0.96,0.03,0.96,,,,,,,,,,,,20.63
2025-11-28,4,Ferreira do Zêzere,4.6,99.0,2.06,0.1,---,341.7,14.46,233.68,86.69,2.96,0.91,0.02,0.91,,,,,,,,,,,,19.51
2025-11-28,5,Ferreira do Zêzere,3.5,99.0,2.02,0.1,---,339.0,14.88,233.98,86.31,2.8,0.86,0.02,0.86,,,,,,,,,,,,19.61
2025-11-28,6,Ferreira do Zêzere,3.9,99.0,2.02,0.1,---,332.4,15.47,233.14,85.78,2.6,0.8,0.02,0.8,,,,,,,,,,,,18.81
2025-11-28,7,Ferreira do Zêzere,4.0,99.0,1.96,0.1,---,326.1,16.07,233.16,85.25,2.41,0.74,0.02,0.74,,,,,,,,,,,,18.81
2025-11-28,8,Ferreira do Zêzere,3.9,99.0,1.9,0.1,---,338.9,16.77,233.21,84.63,2.21,0.68,0.01,0.68,,,,,,,,,,,,18.81
2025-11-28,9,Ferreira do Zêzere,6.1,100.0,1.74,0.1,---,616.6,16.4,237.73,84.96,2.29,0.7,0.01,0.7,,,,,,,,,,,,18.81
2025-11-28,10,Ferreira do Zêzere,9.4,93.0,1.89,0.1,---,736.7,14.8,203.7,86.39,2.81,0.86,0.02,0.86,,,,,,,,,,,,17.83
2025-11-28,11,Ferreira do Zêzere,12.4,78.0,1.66,0.1,---,1364.6,13.38,155.89,87.68,3.34,1.15,0.03,1.15,,,,,,,,,,,,17.92
2025-11-28,12,Ferreira do Zêzere,14.5,70.0,2.05,0.46,---,1654.5,12.33,132.2,88.64,3.91,1.69,0.07,1.69,25.22,1.0,-572.32,25.22,131.75,0.0,1.93,0.0,0.0,0.01,12.0,17.52
2025-11-28,13,Ferreira do Zêzere,15.8,63.0,2.28,0.3,---,1730.9,11.47,116.32,89.45,4.44,2.1,0.1,2.1,,,,,,,,,,,,17.72
2025-11-28,14,Ferreira do Zêzere,16.4,62.0,2.56,0.15,---,1331.9,11.04,111.02,89.85,4.77,2.34,0.12,2.34,,,,,,,,,,,,16.44
2025-11-28,15,Ferreira do Zêzere,16.4,62.0,2.35,0.01,---,323.4,10.82,111.17,90.06,4.87,2.4,0.13,2.4,,,,,,,,,,,,14.98
2025-11-28,16,Ferreira do Zêzere,15.5,65.0,2.47,23.1,---,204.4,10.62,124.17,90.25,5.03,2.52,0.14,2.52,,,,,,,,,,,,36.0
2025-11-28,18,Ferreira do Zêzere,11.9,79.0,1.82,0.1,---,8.3,11.09,163.94,89.8,4.57,2.19,0.11,2.19,,,,,,,,,,,,31.19
2025-11-28,19,Ferreira do Zêzere,8.9,92.0,1.77,0.01,---,3.2,11.73,208.1,89.2,4.18,1.9,0.08,1.9,,,,,,,,,,,,30.07
2025-11-28,20,Ferreira do Zêzere,7.7,96.0,1.96,0.01,---,493.8,12.34,224.83,88.63,3.89,1.67,0.07,1.67,,,,,,,,,,,,29.28
2025-11-28,21,Ferreira do Zêzere,7.9,97.0,1.68,0.01,---,537.7,13.17,229.78,87.87,3.44,1.26,0.04,1.26,,,,,,,,,,,,29.02
2025-11-28,22,Ferreira do Zêzere,6.7,98.0,1.4,0.01,---,419.0,14.02,234.75,87.09,3.03,0.93,0.02,0.93,,,,,,,,,,,,27.69
2025-11-28,23,Ferreira do Zêzere,6.8,99.0,1.85,0.01,---,349.4,14.81,238.98,86.38,2.8,0.86,0.02,0.86,,,,,,,,,,,,27.7
2025-11-29,0,Ferreira do Zêzere,6.7,99.0,1.73,0.01,---,347.5,15.51,244.81,85.75,2.55,0.78,0.02,0.78,,,,,,,,,,,,27.61
2025-11-29,1,Ferreira do Zêzere,5.6,99.0,1.84,0.1,---,359.8,16.2,244.94,85.14,2.36,0.72,0.02,0.72,,,,,,,,,,,,27.61
2025-11-29,3,Ferreira do Zêzere,4.0,99.0,1.52,0.1,---,379.5,17.83,245.44,83.71,1.91,0.59,0.01,0.59,,,,,,,,,,,,25.18
2025-11-29,4,Ferreira do Zêzere,3.9,99.0,1.69,0.1,---,383.7,18.68,245.34,82.97,1.75,0.54,0.01,0.54,,,,,,,,,,,,25.18
2025-11-29,5,Ferreira do Zêzere,5.2,100.0,1.18,1.5,---,371.4,19.19,250.0,82.54,1.62,0.5,0.01,0.5,,,,,,,,,,,,26.58
2025-11-29,6,Ferreira do Zêzere,6.4,100.0,1.18,0.7,---,297.7,19.71,250.0,82.09,1.53,0.47,0.01,0.47,,,,,,,,,,,,27.18
2025-11-29,7,Ferreira do Zêzere,7.1,100.0,1.42,0.44,---,327.5,20.17,250.0,81.7,1.48,0.45,0.01,0.45,,,,,,,,,,,,27.52
2025-11-29,8,Ferreira do Zêzere,7.0,100.0,1.27,0.5,---,327.5,20.42,250.0,81.49,1.43,0.44,0.01,0.44,,,,,,,,,,,,27.92
2025-11-29,9,Ferreira do Zêzere,7.7,100.0,1.39,0.28,---,356.4,20.53,250.0,81.4,1.42,0.44,0.01,0.44,,,,,,,,,,,,28.1
2025-11-29,10,Ferreira do Zêzere,8.5,100.0,1.57,0.36,---,541.2,20.19,250.0,81.69,1.49,0.46,0.01,0.46,,,,,,,,,,,,28.36
2025-11-29,11,Ferreira do Zêzere,9.6,100.0,1.32,0.25,---,500.1,19.5,250.0,82.27,1.57,0.48,0.01,0.48,,,,,,,,,,,,28.51
2025-11-29,12,Ferreira do Zêzere,11.0,99.0,1.87,0.5,---,757.2,18.63,243.8,83.02,1.78,0.54,0.01,0.54,1.77,1.0,-581.06,1.77,238.51,0.0,1.93,0.0,0.0,0.01,12.0,28.55
2025-11-29,13,Ferreira do Zêzere,13.1,88.0,2.38,0.79,---,1361.3,16.4,187.14,84.96,2.36,0.72,0.02,0.72,,,,,,,,,,,,29.04
2025-11-29,15,Ferreira do Zêzere,15.1,73.0,2.19,2.32,---,381.0,15.28,142.47,85.95,2.69,0.82,0.02,0.82,,,,,,,,,,,,31.2
2025-11-29,16,Ferreira do Zêzere,14.7,76.0,1.91,1.17,---,400.3,15.47,151.81,85.78,2.59,0.79,0.02,0.79,,,,,,,,,,,,9.27
2025-11-29,17,Ferreira do Zêzere,14.1,84.0,2.42,1.1,---,188.8,32.55,171.23,71.98,0.76,0.23,0.0,0.23,,,,,,,,,,,,10.37
2025-11-29,18,Ferreira do Zêzere,12.8,96.0,2.21,3.1,---,391.8,45.65,224.7,63.05,0.54,0.17,0.0,0.17,,,,,,,,,,,,13.37
2025-11-29,19,Ferreira do Zêzere,12.2,98.0,2.1,4.4,---,483.1,49.92,237.04,60.39,0.47,0.14,0.0,0.14,,,,,,,,,,,,17.76
2025-11-29,20,Ferreira do Zêzere,12.1,99.0,1.59,1.8,---,493.5,50.95,243.79,59.77,0.44,0.13,0.0,0.13,,,,,,,,,,,,19.55
2025-11-29,21,Ferreira do Zêzere,11.9,99.0,1.79,0.85,---,518.3,51.56,243.66,59.4,0.43,0.13,0.0,0.13,,,,,,,,,,,,20.39
2025-11-29,22,Ferreira do Zêzere,11.8,99.0,1.35,0.11,---,484.9,50.88,244.09,59.81,0.43,0.13,0.0,0.13,,,,,,,,,,,,20.49
2025-11-29,23,Ferreira do Zêzere,11.9,99.0,1.51,1.34,---,420.6,50.09,243.91,60.29,0.45,0.14,0.0,0.14,,,,,,,,,,,,21.82
2025-11-30,0,Ferreira do Zêzere,12.0,99.0,2.79,1.2,---,372.6,50.1,232.26,60.28,0.48,0.15,0.0,0.15,,,,,,,,,,,,23.01
2025-11-30,1,Ferreira do Zêzere,12.0,99.0,2.67,0.8,---,363.2,55.61,232.83,57.03,0.38,0.12,0.0,0.12,,,,,,,,,,,,23.71
2025-11-30,2,Ferreira do Zêzere,11.8,98.0,3.1,0.13,---,456.8,54.61,226.18,57.61,0.41,0.12,0.0,0.12,,,,,,,,,,,,23.84
2025-11-30,3,Ferreira do Zêzere,11.1,90.0,3.33,0.1,---,240.8,53.05,186.76,58.52,0.44,0.13,0.0,0.13,,,,,,,,,,,,23.84
2025-11-30,4,Ferreira do Zêzere,10.1,90.0,3.72,0.1,---,5.0,50.9,187.16,59.8,0.49,0.15,0.0,0.15,,,,,,,,,,,,23.84
2025-11-30,5,Ferreira do Zêzere,8.6,94.0,4.88,0.1,---,15.0,49.26,202.81,60.8,0.55,0.17,0.0,0.17,,,,,,,,,,,,22.44
2025-11-30,6,Ferreira do Zêzere,8.7,89.0,4.29,0.1,---,14.0,47.8,183.03,61.7,0.56,0.17,0.0,0.17,,,,,,,,,,,,21.84
2025-11-30,7,Ferreira do Zêzere,8.2,86.0,4.18,0.1,---,4.8,47.11,174.43,62.13,0.57,0.17,0.0,0.17,,,,,,,,,,,,21.5
2025-11-30,8,Ferreira do Zêzere,7.4,88.0,4.15,0.1,---,26.9,46.9,181.93,62.26,0.57,0.18,0.0,0.18,,,,,,,,,,,,21.1
2025-11-30,9,Ferreira do Zêzere,8.0,86.0,3.89,0.1,---,396.3,41.31,175.42,65.87,0.66,0.2,0.0,0.2,,,,,,,,,,,,20.92
2025-11-30,10,Ferreira do Zêzere,9.6,80.0,3.95,0.1,---,744.2,34.82,156.14,70.34,0.77,0.24,0.0,0.24,,,,,,,,,,,,20.66
2025-11-30,11,Ferreira do Zêzere,11.6,73.0,4.74,0.2,---,1393.9,28.41,134.04,75.08,0.98,0.3,0.0,0.3,,,,,,,,,,,,20.61
2025-11-30,12,Ferreira do Zêzere,13.2,65.0,4.68,0.4,---,1668.3,23.22,117.09,79.18,1.33,0.41,0.01,0.41,27.96,1.0,-586.17,27.96,123.0,0.0,1.93,0.0,0.0,0.01,12.0,20.51
2025-11-30,13,Ferreira do Zêzere,14.0,62.0,4.6,0.14,---,1761.1,19.94,110.7,81.9,1.78,0.54,0.01,0.54,,,,,,,,,,,,19.86
2025-11-30,14,Ferreira do Zêzere,14.5,61.0,4.58,0.01,---,1333.0,18.13,108.0,83.45,2.15,0.66,0.01,0.66,,,,,,,,,,,,19.87
2025-11-30,15,Ferreira do Zêzere,14.9,58.0,4.14,0.1,---,352.7,17.23,103.67,84.23,2.34,0.72,0.02,0.72,,,,,,,,,,,,17.65
2025-11-30,16,Ferreira do Zêzere,15.0,56.0,3.69,0.25,---,180.2,16.58,102.19,84.8,2.47,0.76,0.02,0.76,,,,,,,,,,,,16.73
2025-11-30,17,Ferreira do Zêzere,14.1,60.0,3.3,0.5,---,79.1,16.41,110.67,84.95,2.47,0.76,0.02,0.76,,,,,,,,,,,,16.13
2025-11-30,18,Ferreira do Zêzere,11.2,74.0,2.56,0.43,---,8.2,16.62,140.25,84.76,2.32,0.71,0.01,0.71,,,,,,,,,,,,13.46
2025-11-30,19,Ferreira do Zêzere,9.9,80.0,2.26,0.48,---,1.2,16.74,149.73,84.66,2.25,0.69,0.01,0.69,,,,,,,,,,,,9.54
2025-11-30,20,Ferreira do Zêzere,7.7,89.0,2.15,1.33,---,2.4,16.7,174.35,84.69,2.25,0.69,0.01,0.69,,,,,,,,,,,,9.07
2025-11-30,21,Ferreira do Zêzere,6.0,95.0,2.21,0.58,---,3.7,16.64,194.08,84.75,2.28,0.7,0.01,0.7,,,,,,,,,,,,8.8
2025-11-30,22,Ferreira do Zêzere,4.9,97.0,2.3,0.18,---,416.2,16.59,202.21,84.79,2.3,0.7,0.01,0.7,,,,,,,,,,,,8.87
2025-11-30,23,Ferreira do Zêzere,6.2,95.0,2.08,0.2,---,678.6,16.65,190.04,84.74,2.26,0.69,0.01,0.69,,,,,,,,,,,,7.73
2025-12-01,0,Ferreira do Zêzere,5.0,94.0,2.09,0.6,---,312.8,16.83,189.56,84.58,2.21,0.68,0.01,0.68,,,,,,,,,,,,7.13
2025-12-01,1,Ferreira do Zêzere,3.5,95.0,1.74,0.8,---,211.6,16.86,194.57,84.55,2.16,0.66,0.01,0.66,,,,,,,,,,,,7.13
2025-12-01,2,Ferreira do Zêzere,2.9,98.0,1.59,0.54,---,724.3,16.99,206.73,84.44,2.11,0.65,0.01,0.65,,,,,,,,,,,,7.54
2025-12-01,3,Ferreira do Zêzere,3.0,97.0,1.64,0.31,---,751.2,17.0,204.16,84.43,2.12,0.65,0.01,0.65,,,,,,,,,,,,7.75
2025-12-01,4,Ferreira do Zêzere,1.9,98.0,1.64,0.1,---,692.4,17.02,207.86,84.41,2.11,0.65,0.01,0.65,,,,,,,,,,,,7.75
2025-12-01,5,Ferreira do Zêzere,1.4,98.0,1.39,0.55,---,588.1,16.99,210.1,84.44,2.09,0.64,0.01,0.64,,,,,,,,,,,,8.2
2025-12-01,6,Ferreira do Zêzere,1.1,99.0,1.81,0.1,---,495.5,16.96,213.2,84.47,2.15,0.66,0.01,0.66,,,,,,,,,,,,8.2
2025-12-01,7,Ferreira do Zêzere,1.2,99.0,1.86,0.2,---,471.5,16.91,213.56,84.51,2.16,0.66,0.01,0.66,,,,,,,,,,,,8.3
2025-12-01,8,Ferreira do Zêzere,1.0,99.0,1.87,0.8,---,487.7,17.09,216.18,84.35,2.12,0.65,0.01,0.65,,,,,,,,,,,,9.0
2025-12-01,9,Ferreira do Zêzere,3.1,99.0,1.93,0.1,---,607.1,16.72,215.84,84.68,2.22,0.68,0.01,0.68,,,,,,,,,,,,9.0
2025-12-01,10,Ferreira do Zêzere,6.0,93.0,1.86,0.1,---,571.3,16.16,193.0,85.17,2.37,0.73,0.02,0.73,,,,,,,,,,,,9.0
2025-12-01,11,Ferreira do Zêzere,8.4,85.0,1.78,1.22,---,1130.8,15.25,170.3,85.98,2.64,0.81,0.02,0.81,,,,,,,,,,,,10.02
2025-12-01,12,Ferreira do Zêzere,11.0,70.0,1.71,0.95,---,1382.7,14.05,137.06,87.06,3.07,0.94,0.02,0.94,24.37,1.0,-587.88,24.37,134.6,0.0,1.93,0.0,0.0,0.01,12.0,10.57
2025-12-01,13,Ferreira do Zêzere,13.2,64.0,2.44,0.25,---,1622.5,13.25,118.92,87.79,3.53,1.36,0.05,1.36,,,,,,,,,,,,10.68
2025-12-01,14,Ferreira do Zêzere,15.2,56.0,2.42,0.01,---,1240.8,12.92,103.54,88.1,3.69,1.5,0.06,1.5,,,,,,,,,,,,10.68
2025-12-01,15,Ferreira do Zêzere,15.2,53.0,2.55,0.01,---,373.5,12.56,99.63,88.43,3.89,1.67,0.07,1.67,,,,,,,,,,,,10.59
2025-12-01,16,Ferreira do Zêzere,15.0,51.0,2.32,0.01,---,281.3,12.4,98.89,88.58,3.93,1.71,0.07,1.71,,,,,,,,,,,,10.35
2025-12-01,17,Ferreira do Zêzere,13.7,56.0,2.19,0.01,---,111.6,12.18,107.87,88.78,4.02,1.78,0.08,1.78,,,,,,,,,,,,9.86
2025-12-01,18,Ferreira do Zêzere,10.3,75.0,2.02,0.48,---,9.2,12.32,144.16,88.65,3.91,1.69,0.07,1.69,,,,,,,,,,,,9.91
2025-12-01,19,Ferreira do Zêzere,8.8,84.0,2.12,1.43,---,1.7,12.44,167.19,88.54,3.87,1.66,0.07,1.66,,,,,,,,,,,,10.86
2025-12-01,20,Ferreira do Zêzere,7.6,89.0,2.7,0.45,---,1.2,12.78,178.45,88.23,3.81,1.61,0.06,1.61,,,,,,,,,,,,9.98
2025-12-01,21,Ferreira do Zêzere,7.7,91.0,2.41,1.33,---,1.2,12.97,187.26,88.05,3.66,1.48,0.05,1.48,,,,,,,,,,,,10.73
2025-12-01,22,Ferreira do Zêzere,9.0,87.0,2.97,1.24,---,2.7,13.14,172.87,87.9,3.68,1.5,0.06,1.5,,,,,,,,,,,,11.79
2025-12-01,23,Ferreira do Zêzere,9.5,86.0,2.7,1.6,---,2.4,13.39,172.25,87.67,3.51,1.34,0.05,1.34,,,,,,,,,,,,13.19
2025-12-02,0,Ferreira do Zêzere,10.6,82.0,3.24,1.0,---,147.8,38.32,169.76,67.89,0.69,0.21,0.0,0.21,,,,,,,,,,,,13.59
2025-12-02,1,Ferreira do Zêzere,9.6,96.0,2.32,0.2,---,493.8,47.11,227.13,62.13,0.52,0.16,0.0,0.16,,,,,,,,,,,,12.99
2025-12-02,2,Ferreira do Zêzere,9.5,98.0,1.42,0.9,---,522.1,49.54,239.29,60.63,0.46,0.14,0.0,0.14,,,,,,,,,,,,13.35
2025-12-02,3,Ferreira do Zêzere,9.4,98.0,1.48,0.1,---,599.5,50.38,239.23,60.11,0.44,0.14,0.0,0.14,,,,,,,,,,,,13.14
2025-12-02,4,Ferreira do Zêzere,9.1,99.0,1.11,0.17,---,552.4,48.75,244.88,61.11,0.46,0.14,0.0,0.14,,,,,,,,,,,,13.21
2025-12-02,5,Ferreira do Zêzere,8.2,99.0,1.06,0.2,---,512.7,48.12,245.1,61.5,0.47,0.14,0.0,0.14,,,,,,,,,,,,12.86
2025-12-02,6,Ferreira do Zêzere,7.0,99.0,1.22,0.13,---,509.7,49.22,245.16,60.82,0.46,0.14,0.0,0.14,,,,,,,,,,,,12.89
2025-12-02,7,Ferreira do Zêzere,7.2,100.0,1.35,0.1,---,436.1,50.32,250.0,60.15,0.44,0.14,0.0,0.14,,,,,,,,,,,,12.79
2025-12-02,8,Ferreira do Zêzere,7.6,100.0,1.68,0.1,---,387.8,51.31,250.0,59.55,0.43,0.13,0.0,0.13,,,,,,,,,,,,12.09
2025-12-02,9,Ferreira do Zêzere,8.1,100.0,1.69,0.1,---,474.0,47.73,250.0,61.74,0.49,0.15,0.0,0.15,,,,,,,,,,,,12.09
2025-12-02,10,Ferreira do Zêzere,8.2,100.0,1.67,0.39,---,526.9,44.7,250.0,63.65,0.54,0.17,0.0,0.17,,,,,,,,,,,,12.38
2025-12-02,11,Ferreira do Zêzere,8.8,100.0,1.95,0.7,---,556.7,45.57,250.0,63.1,0.54,0.16,0.0,0.16,,,,,,,,,,,,11.86
2025-12-02,12,Ferreira do Zêzere,10.0,100.0,2.5,1.06,---,1438.0,38.42,250.0,67.82,0.66,0.2,0.0,0.2,3.46,1.0,-590.28,3.46,228.2,0.0,1.93,0.0,0.0,0.01,12.0,11.97
2025-12-02,13,Ferreira do Zêzere,13.2,86.0,2.8,0.15,---,1675.4,32.45,177.79,72.05,0.77,0.24,0.0,0.24,,,,,,,,,,,,11.87
2025-12-02,14,Ferreira do Zêzere,14.0,81.0,3.88,0.1,---,908.0,28.23,155.6,75.22,0.94,0.29,0.0,0.29,,,,,,,,,,,,11.96
2025-12-02,15,Ferreira do Zêzere,14.4,71.0,3.14,0.54,---,308.4,24.72,135.51,77.97,1.1,0.34,0.0,0.34,,,,,,,,,,,,12.49
2025-12-02,16,Ferreira do Zêzere,13.9,68.0,2.76,0.4,---,258.6,25.7,133.63,77.19,1.01,0.31,0.0,0.31,,,,,,,,,,,,12.88
2025-12-02,17,Ferreira do Zêzere,10.6,92.0,3.5,0.2,---,608.6,32.18,203.35,72.25,0.81,0.25,0.0,0.25,,,,,,,,,,,,13.07
2025-12-02,18,Ferreira do Zêzere,10.1,96.0,3.39,0.7,---,461.8,48.43,224.4,61.31,0.52,0.16,0.0,0.16,,,,,,,,,,,,13.29
2025-12-02,19,Ferreira do Zêzere,9.6,94.0,2.59,0.3,---,528.7,48.69,216.67,61.15,0.5,0.15,0.0,0.15,,,,,,,,,,,,12.16
2025-12-02,20,Ferreira do Zêzere,9.3,97.0,3.11,0.8,---,531.6,51.74,231.2,59.3,0.46,0.14,0.0,0.14,,,,,,,,,,,,12.51
2025-12-02,21,Ferreira do Zêzere,9.0,97.0,2.47,0.8,---,538.1,51.24,232.47,59.6,0.45,0.14,0.0,0.14,,,,,,,,,,,,11.98
2025-12-02,22,Ferreira do Zêzere,7.6,98.0,2.11,0.5,---,546.5,51.57,239.02,59.4,0.44,0.13,0.0,0.13,,,,,,,,,,,,11.24
2025-12-02,23,Ferreira do Zêzere,7.4,96.0,3.26,0.1,---,443.8,53.53,226.96,58.24,0.43,0.13,0.0,0.13,,,,,,,,,,,,9.74
2025-12-03,0,Ferreira do Zêzere,6.9,98.0,1.73,1.0,---,397.9,53.23,223.01,58.41,0.4,0.12,0.0,0.12,,,,,,,,,,,,9.74
2025-12-03,1,Ferreira do Zêzere,6.0,99.0,1.67,0.1,---,348.4,53.57,227.55,58.21,0.39,0.12,0.0,0.12,,,,,,,,,,,,9.64
2025-12-03,2,Ferreira do Zêzere,5.2,99.0,1.39,0.15,---,311.4,52.91,226.11,58.6,0.4,0.12,0.0,0.12,,,,,,,,,,,,8.89
2025-12-03,3,Ferreira do Zêzere,5.0,99.0,1.32,0.1,---,311.6,49.25,226.2,60.8,0.46,0.14,0.0,0.14,,,,,,,,,,,,8.89
2025-12-03,4,Ferreira do Zêzere,4.0,99.0,1.26,0.12,---,304.2,46.19,226.26,62.71,0.51,0.16,0.0,0.16,,,,,,,,,,,,8.84
2025-12-03,5,Ferreira do Zêzere,3.3,99.0,1.12,0.26,---,285.0,44.01,226.61,64.1,0.54,0.16,0.0,0.16,,,,,,,,,,,,8.9
2025-12-03,6,Ferreira do Zêzere,2.5,100.0,1.25,0.1,---,266.2,43.03,230.3,64.74,0.56,0.17,0.0,0.17,,,,,,,,,,,,8.87
2025-12-03,7,Ferreira do Zêzere,2.1,100.0,1.17,0.2,---,244.9,42.23,230.56,65.26,0.57,0.17,0.0,0.17,,,,,,,,,,,,8.97
2025-12-03,8,Ferreira do Zêzere,1.8,100.0,1.19,0.1,---,254.5,41.76,230.56,65.57,0.57,0.18,0.0,0.18,,,,,,,,,,,,8.97
2025-12-03,9,Ferreira do Zêzere,3.9,100.0,1.42,0.1,---,495.8,38.48,230.56,67.78,0.63,0.19,0.0,0.19,,,,,,,,,,,,8.97
2025-12-03,10,Ferreira do Zêzere,6.7,99.0,0.94,0.1,---,693.6,32.84,225.71,71.77,0.7,0.21,0.0,0.21,,,,,,,,,,,,8.68
2025-12-03,11,Ferreira do Zêzere,9.8,84.0,1.43,0.1,---,1284.5,27.23,170.94,75.99,0.87,0.27,0.0,0.27,,,,,,,,,,,,8.08
2025-12-03,12,Ferreira do Zêzere,11.7,80.0,1.59,0.1,---,1064.5,23.36,154.76,79.06,1.12,0.34,0.0,0.34,14.75,1.0,-590.55,14.75,171.12,0.0,1.93,0.0,0.0,0.01,12.0,7.12
2025-12-03,13,Ferreira do Zêzere,12.7,79.0,2.29,0.1,---,763.2,22.01,146.29,80.17,1.3,0.4,0.01,0.4,,,,,,,,,,,,7.07
2025-12-03,14,Ferreira do Zêzere,13.8,73.0,2.96,0.1,---,833.6,21.29,128.6,80.77,1.43,0.44,0.01,0.44,,,,,,,,,,,,7.07
2025-12-03,15,Ferreira do Zêzere,13.7,71.0,1.86,0.1,---,393.7,21.21,130.14,80.83,1.37,0.42,0.01,0.42,,,,,,,,,,,,6.63
2025-12-03,16,Ferreira do Zêzere,13.3,76.0,2.12,0.2,---,187.7,20.99,138.17,81.02,1.41,0.43,0.01,0.43,,,,,,,,,,,,6.43
2025-12-03,17,Ferreira do Zêzere,12.2,82.0,2.33,0.1,---,121.7,20.98,152.21,81.02,1.43,0.44,0.01,0.44,,,,,,,,,,,,6.33
2025-12-03,18,Ferreira do Zêzere,10.8,93.0,2.44,1.0,---,7.4,21.03,188.98,80.98,1.43,0.44,0.01,0.44,,,,,,,,,,,,6.63
2025-12-03,19,Ferreira do Zêzere,10.4,94.0,2.14,0.27,---,5.0,21.1,194.26,80.92,1.4,0.43,0.01,0.43,,,,,,,,,,,,6.6
2025-12-03,20,Ferreira do Zêzere,9.7,96.0,2.17,0.33,---,13.2,21.36,201.49,80.71,1.37,0.42,0.01,0.42,,,,,,,,,,,,6.13
2025-12-03,21,Ferreira do Zêzere,8.9,98.0,2.05,0.15,---,504.6,21.64,208.29,80.48,1.33,0.41,0.01,0.41,,,,,,,,,,,,5.48
2025-12-03,22,Ferreira do Zêzere,8.3,98.0,2.22,0.16,---,583.1,22.0,206.6,80.18,1.3,0.4,0.01,0.4,,,,,,,,,,,,5.14
2025-12-03,23,Ferreira do Zêzere,8.1,99.0,3.37,0.29,---,416.2,22.74,211.73,79.57,1.29,0.4,0.01,0.4,,,,,,,,,,,,5.33
2025-12-04,0,Ferreira do Zêzere,8.9,99.0,2.75,0.44,---,366.4,25.83,192.37,77.09,1.01,0.31,0.0,0.31,,,,,,,,,,,,4.77
2025-12-04,1,Ferreira do Zêzere,10.1,98.0,3.16,0.73,---,534.1,31.74,191.75,72.57,0.8,0.25,0.0,0.25,,,,,,,,,,,,5.4
2025-12-04,2,Ferreira do Zêzere,10.4,96.0,3.28,0.37,---,352.9,41.96,183.5,65.44,0.63,0.19,0.0,0.19,,,,,,,,,,,,5.62
2025-12-04,3,Ferreira do Zêzere,10.5,97.0,3.83,0.1,---,359.6,47.18,187.38,62.08,0.56,0.17,0.0,0.17,,,,,,,,,,,,5.62
2025-12-04,4,Ferreira do Zêzere,11.0,98.0,3.87,1.24,---,329.4,50.23,198.67,60.21,0.5,0.15,0.0,0.15,,,,,,,,,,,,6.74
2025-12-04,5,Ferreira do Zêzere,11.4,98.0,3.93,0.5,---,233.8,51.34,199.63,59.54,0.48,0.15,0.0,0.15,,,,,,,,,,,,6.98
2025-12-04,6,Ferreira do Zêzere,11.5,99.0,2.96,2.0,---,311.8,51.56,213.92,59.4,0.46,0.14,0.0,0.14,,,,,,,,,,,,8.88
2025-12-04,7,Ferreira do Zêzere,11.4,99.0,2.6,0.1,---,393.1,51.29,213.81,59.57,0.45,0.14,0.0,0.14,,,,,,,,,,,,8.78
2025-12-04,8,Ferreira do Zêzere,10.3,99.0,2.5,0.2,---,441.6,49.34,214.45,60.75,0.49,0.15,0.0,0.15,,,,,,,,,,,,8.88
2025-12-04,9,Ferreira do Zêzere,11.1,99.0,2.14,0.1,---,551.7,45.81,214.51,62.95,0.54,0.16,0.0,0.16,,,,,,,,,,,,8.88
2025-12-04,10,Ferreira do Zêzere,12.6,98.0,2.25,0.1,---,614.5,42.17,208.52,65.3,0.6,0.18,0.0,0.18,,,,,,,,,,,,8.88
2025-12-04,11,Ferreira do Zêzere,14.1,89.0,3.11,0.4,---,905.1,38.67,164.99,67.65,0.68,0.21,0.0,0.21,,,,,,,,,,,,9.18
2025-12-04,12,Ferreira do Zêzere,15.7,79.0,3.63,0.1,---,1093.7,35.26,130.84,70.03,0.75,0.23,0.0,0.23,23.86,1.0,-590.87,23.86,136.32,0.0,1.93,0.0,0.0,0.01,12.0,9.18
2025-12-04,13,Ferreira do Zêzere,16.1,71.0,3.87,0.1,---,1101.4,29.71,113.45,74.09,0.89,0.27,0.0,0.27,,,,,,,,,,,,9.18
2025-12-04,14,Ferreira do Zêzere,16.4,69.0,3.91,0.43,---,921.0,26.14,109.8,76.84,1.05,0.32,0.0,0.32,,,,,,,,,,,,9.51
2025-12-04,15,Ferreira do Zêzere,15.8,67.0,3.62,0.5,---,525.7,23.54,110.13,78.92,1.23,0.38,0.0,0.38,,,,,,,,,,,,9.91
2025-12-04,16,Ferreira do Zêzere,15.4,65.0,2.76,0.35,---,288.8,21.72,112.18,80.41,1.36,0.42,0.01,0.42,,,,,,,,,,,,10.06
2025-12-04,17,Ferreira do Zêzere,14.3,73.0,2.11,0.33,---,121.9,21.74,131.38,80.39,1.32,0.4,0.01,0.4,,,,,,,,,,,,10.29
2025-12-04,18,Ferreira do Zêzere,11.9,84.0,1.72,0.1,---,5.3,22.25,160.86,79.97,1.24,0.38,0.0,0.38,,,,,,,,,,,,9.39
2025-12-04,19,Ferreira do Zêzere,9.4,94.0,1.82,0.6,---,67.3,22.76,196.03,79.55,1.19,0.36,0.0,0.36,,,,,,,,,,,,9.72
2025-12-04,20,Ferreira do Zêzere,8.1,97.0,2.37,0.1,---,541.6,23.33,207.48,79.09,1.17,0.36,0.0,0.36,,,,,,,,,,,,9.49
2025-12-04,21,Ferreira do Zêzere,7.5,98.0,1.97,0.1,---,403.0,23.99,212.6,78.55,1.09,0.33,0.0,0.33,,,,,,,,,,,,9.44
2025-12-04,22,Ferreira do Zêzere,8.2,99.0,1.81,0.13,---,316.1,24.37,217.05,78.25,1.05,0.32,0.0,0.32,,,,,,,,,,,,9.41
2025-12-04,23,Ferreira do Zêzere,9.5,99.0,1.98,0.1,---,297.6,26.62,216.08,76.46,0.93,0.28,0.0,0.28,,,,,,,,,,,,9.22
2025-12-05,0,Ferreira do Zêzere,10.7,99.0,2.04,2.2,---,233.7,47.82,243.73,61.68,0.5,0.15,0.0,0.15,,,,,,,,,,,,10.98
2025-12-05,1,Ferreira do Zêzere,11.0,99.0,1.49,2.4,---,438.8,50.99,244.13,59.75,0.43,0.13,0.0,0.13,,,,,,,,,,,,12.65
2025-12-05,2,Ferreira do Zêzere,11.1,99.0,1.85,0.1,---,447.9,51.12,243.79,59.67,0.44,0.13,0.0,0.13,,,,,,,,,,,,12.38
2025-12-05,3,Ferreira do Zêzere,11.1,99.0,2.35,0.65,---,419.4,51.56,243.4,59.4,0.44,0.14,0.0,0.14,,,,,,,,,,,,12.93
2025-12-05,4,Ferreira do Zêzere,10.9,100.0,2.12,0.1,---,402.2,52.26,250.0,58.99,0.43,0.13,0.0,0.13,,,,,,,,,,,,11.79
2025-12-05,5,Ferreira do Zêzere,11.0,100.0,1.89,0.44,---,17.13,52.58,250.0,58.8,0.42,0.13,0.0,0.13,,,,,,,,,,,,11.73
2025-12-05,6,Ferreira do Zêzere,11.2,100.0,2.32,0.21,---,345.5,52.76,250.0,58.69,0.42,0.13,0.0,0.13,,,,,,,,,,,,9.94
2025-12-05,7,Ferreira do Zêzere,11.5,100.0,2.64,0.41,---,337.0,53.87,250.0,58.04,0.41,0.13,0.0,0.13,,,,,,,,,,,,10.25
2025-12-05,8,Ferreira do Zêzere,11.6,100.0,3.44,0.25,---,14.36,54.93,250.0,57.42,0.41,0.12,0.0,0.12,,,,,,,,,,,,10.3
2025-12-05,9,Ferreira do Zêzere,11.8,100.0,3.04,0.3,---,490.1,55.06,250.0,57.35,0.4,0.12,0.0,0.12,,,,,,,,,,,,10.5
2025-12-05,10,Ferreira do Zêzere,12.6,100.0,3.29,0.8,---,577.6,55.96,250.0,56.83,0.39,0.12,0.0,0.12,,,,,,,,,,,,11.2
2025-12-05,11,Ferreira do Zêzere,13.6,100.0,4.68,0.37,---,519.25,55.26,250.0,57.23,0.43,0.13,0.0,0.13,,,,,,,,,,,,11.17
2025-12-05,12,Ferreira do Zêzere,15.4,100.0,3.6,0.64,---,910.0,55.71,250.0,56.97,0.4,0.12,0.0,0.12,3.47,1.0,-592.17,3.47,228.14,0.0,1.93,0.0,0.0,0.01,12.0,11.71
2025-12-05,13,Ferreira do Zêzere,17.3,94.0,3.5,0.39,---,709.3,48.86,203.54,61.04,0.52,0.16,0.0,0.16,,,,,,,,,,,,12.0
2025-12-05,14,Ferreira do Zêzere,18.5,86.0,3.8,0.75,---,581.12,48.53,160.35,61.24,0.53,0.16,0.0,0.16,,,,,,,,,,,,12.32
2025-12-05,15,Ferreira do Zêzere,18.7,83.0,3.01,0.86,---,526.4,43.65,153.05,64.33,0.6,0.18,0.0,0.18,,,,,,,,,,,,12.68
2025-12-05,16,Ferreira do Zêzere,18.3,84.0,3.27,1.27,---,335.5,41.15,156.12,65.98,0.65,0.2,0.0,0.2,,,,,,,,,,,,13.6
2025-12-05,17,Ferreira do Zêzere,17.5,89.0,4.88,0.3,---,100.34,51.83,171.27,59.24,0.5,0.15,0.0,0.15,,,,,,,,,,,,13.57
2025-12-05,18,Ferreira do Zêzere,16.4,97.0,3.08,0.1,---,414.2,53.71,225.87,58.13,0.42,0.13,0.0,0.13,,,,,,,,,,,,13.57
2025-12-05,19,Ferreira do Zêzere,16.0,98.0,2.9,0.29,---,448.9,53.41,233.85,58.31,0.42,0.13,0.0,0.13,,,,,,,,,,,,13.26
2025-12-05,20,Ferreira do Zêzere,14.32,97.46,3.59,0.15,W,17.01,53.93,229.91,58.0,0.43,0.13,0.0,0.13,,,,,,,,,,,,13.31
2025-12-05,21,Ferreira do Zêzere,15.3,98.0,2.65,0.2,---,24.21,53.78,234.62,58.09,0.41,0.13,0.0,0.13,,,,,,,,,,,,13.41
2025-12-05,22,Ferreira do Zêzere,13.99,98.37,2.73,0.83,SW,9.9,55.74,237.8,56.96,0.38,0.12,0.0,0.12,,,,,,,,,,,,14.11
2025-12-05,23,Ferreira do Zêzere,13.92,98.2,2.87,0.1,SW,13.11,56.41,236.46,56.57,0.37,0.11,0.0,0.11,,,,,,,,,,,,14.11
2025-12-06,0,Ferreira do Zêzere,14.8,98.0,2.79,0.15,---,446.5,55.6,222.23,57.04,0.38,0.12,0.0,0.12,,,,,,,,,,,,12.06
2025-12-06,1,Ferreira do Zêzere,14.6,98.0,2.63,0.15,---,445.9,55.69,218.63,56.98,0.38,0.12,0.0,0.12,,,,,,,,,,,,9.81
2025-12-06,2,Ferreira do Zêzere,13.62,97.84,2.77,0.17,SW,13.4,55.76,218.07,56.94,0.38,0.12,0.0,0.12,,,,,,,,,,,,9.88
2025-12-06,3,Ferreira do Zêzere,13.54,97.9,2.87,0.1,SW,15.62,55.45,217.19,57.12,0.39,0.12,0.0,0.12,,,,,,,,,,,,9.33
2025-12-06,4,Ferreira do Zêzere,13.49,97.88,2.86,0.1,SW,19.27,55.78,217.1,56.93,0.38,0.12,0.0,0.12,,,,,,,,,,,,9.33
2025-12-06,5,Ferreira do Zêzere,13.44,98.05,3.17,0.2,SW,19.11,56.75,217.28,56.38,0.37,0.11,0.0,0.11,,,,,,,,,,,,9.09
2025-12-06,6,Ferreira do Zêzere,13.4,98.05,2.92,0.5,SW,17.79,56.47,218.25,56.54,0.37,0.11,0.0,0.11,,,,,,,,,,,,9.38
2025-12-06,7,Ferreira do Zêzere,13.43,98.05,2.85,0.7,SW,17.0,56.25,218.95,56.66,0.37,0.11,0.0,0.11,,,,,,,,,,,,9.67
2025-12-06,8,Ferreira do Zêzere,13.38,97.92,2.83,0.33,SW,12.05,55.97,218.35,56.82,0.38,0.12,0.0,0.12,,,,,,,,,,,,9.75
2025-12-06,9,Ferreira do Zêzere,13.53,97.95,2.66,0.28,SW,122.25,54.71,218.64,57.55,0.39,0.12,0.0,0.12,,,,,,,,,,,,9.73
2025-12-06,10,Ferreira do Zêzere,14.11,96.33,2.49,0.12,SW,357.13,52.2,207.58,59.02,0.44,0.13,0.0,0.13,,,,,,,,,,,,9.05
2025-12-06,11,Ferreira do Zêzere,15.0,91.78,3.57,0.1,---,637.8,49.71,179.61,60.52,0.51,0.16,0.0,0.16,,,,,,,,,,,,8.78
2025-12-06,12,Ferreira do Zêzere,15.92,85.93,2.94,0.1,SW,814.87,45.43,156.58,63.19,0.57,0.17,0.0,0.17,14.87,1.0,-592.09,14.87,170.6,0.0,1.93,0.0,0.0,0.01,12.0,8.24
2025-12-06,13,Ferreira do Zêzere,16.35,81.05,3.22,0.25,SW,744.76,41.82,139.82,65.53,0.63,0.19,0.0,0.19,,,,,,,,,,,,8.1
2025-12-06,14,Ferreira do Zêzere,16.99,76.53,2.82,0.61,SW,731.31,39.38,129.21,67.17,0.66,0.2,0.0,0.2,,,,,,,,,,,,7.96
2025-12-06,15,Ferreira do Zêzere,16.62,75.35,2.8,0.81,SW,578.94,37.2,127.75,68.66,0.69,0.21,0.0,0.21,,,,,,,,,,,,7.91
2025-12-06,16,Ferreira do Zêzere,16.22,76.17,2.2,0.35,SW,306.34,35.25,131.98,70.03,0.7,0.21,0.0,0.21,,,,,,,,,,,,6.99
2025-12-06,17,Ferreira do Zêzere,15.63,78.8,2.17,0.1,---,84.57,33.97,138.87,70.95,0.72,0.22,0.0,0.22,,,,,,,,,,,,6.79
2025-12-06,18,Ferreira do Zêzere,16.3,87.0,1.69,0.17,---,7.4,33.06,162.75,71.61,0.72,0.22,0.0,0.22,,,,,,,,,,,,6.86
2025-12-06,19,Ferreira do Zêzere,15.0,93.0,1.68,0.2,---,5.8,32.34,187.04,72.13,0.73,0.22,0.0,0.22,,,,,,,,,,,,6.77
2025-12-06,20,Ferreira do Zêzere,14.3,95.0,1.59,0.1,---,5.1,31.46,196.86,72.78,0.75,0.23,0.0,0.23,,,,,,,,,,,,6.72
2025-12-06,21,Ferreira do Zêzere,14.3,93.0,1.7,0.1,---,5.3,30.44,187.33,73.54,0.78,0.24,0.0,0.24,,,,,,,,,,,,6.62
2025-12-06,22,Ferreira do Zêzere,14.4,89.0,2.04,0.2,---,5.1,29.53,168.37,74.23,0.82,0.25,0.0,0.25,,,,,,,,,,,,5.99
2025-12-06,23,Ferreira do Zêzere,14.5,92.0,2.26,0.1,---,5.0,29.08,178.52,74.57,0.84,0.26,0.0,0.26,,,,,,,,,,,,5.99
2025-12-07,0,Ferreira do Zêzere,14.4,94.0,1.71,0.2,---,4.7,29.09,185.24,74.56,0.82,0.25,0.0,0.25,,,,,,,,,,,,6.04
2025-12-07,1,Ferreira do Zêzere,14.2,95.0,1.84,0.4,---,4.9,29.05,190.47,74.59,0.82,0.25,0.0,0.25,,,,,,,,,,,,6.29
2025-12-07,2,Ferreira do Zêzere,14.2,95.0,2.13,0.94,---,4.6,29.06,192.57,74.58,0.83,0.26,0.0,0.26,,,,,,,,,,,,7.06
2025-12-07,3,Ferreira do Zêzere,14.2,96.0,1.94,0.1,---,371.3,32.04,197.96,72.35,0.75,0.23,0.0,0.23,,,,,,,,,,,,7.06
2025-12-07,4,Ferreira do Zêzere,13.7,98.0,1.7,0.15,---,393.8,32.24,209.22,72.21,0.74,0.23,0.0,0.23,,,,,,,,,,,,7.11
2025-12-07,5,Ferreira do Zêzere,13.9,98.0,1.74,0.58,---,370.6,32.48,210.49,72.03,0.73,0.22,0.0,0.22,,,,,,,,,,,,7.49
2025-12-07,6,Ferreira do Zêzere,14.1,98.0,2.09,0.1,---,379.0,32.64,208.4,71.91,0.74,0.23,0.0,0.23,,,,,,,,,,,,7.09
2025-12-07,7,Ferreira do Zêzere,14.1,98.0,1.92,0.1,---,397.0,32.83,206.17,71.77,0.73,0.22,0.0,0.22,,,,,,,,,,,,6.49
2025-12-07,8,Ferreira do Zêzere,14.0,98.0,1.94,0.15,---,376.4,37.06,205.37,68.76,0.66,0.2,0.0,0.2,,,,,,,,,,,,6.31
2025-12-07,9,Ferreira do Zêzere,14.1,99.0,1.92,0.5,---,498.7,37.51,211.97,68.45,0.66,0.2,0.0,0.2,,,,,,,,,,,,6.53
2025-12-07,10,Ferreira do Zêzere,14.8,97.0,2.45,0.1,---,737.2,36.06,199.48,69.46,0.7,0.21,0.0,0.21,,,,,,,,,,,,6.51
2025-12-07,11,Ferreira do Zêzere,15.6,93.0,3.68,0.6,---,509.6,34.79,176.58,70.36,0.76,0.23,0.0,0.23,,,,,,,,,,,,7.01
2025-12-07,12,Ferreira do Zêzere,16.6,88.0,3.34,0.1,---,967.3,32.35,155.07,72.13,0.8,0.24,0.0,0.24,17.94,1.0,-591.43,17.94,158.0,0.0,1.93,0.0,0.0,0.01,12.0,7.01
2025-12-07,13,Ferreira do Zêzere,17.4,82.0,3.39,0.13,---,907.3,28.94,134.16,74.67,0.89,0.27,0.0,0.27,,,,,,,,,,,,6.89
2025-12-07,14,Ferreira do Zêzere,17.7,80.0,4.09,0.15,---,742.1,26.5,124.41,76.56,1.04,0.32,0.0,0.32,,,,,,,,,,,,6.43
2025-12-07,15,Ferreira do Zêzere,17.8,78.0,2.72,0.2,---,515.9,25.06,123.78,77.7,1.05,0.32,0.0,0.32,,,,,,,,,,,,5.82
2025-12-07,16,Ferreira do Zêzere,16.9,81.0,2.26,0.1,---,297.2,24.53,134.31,78.12,1.07,0.33,0.0,0.33,,,,,,,,,,,,5.57
2025-12-07,17,Ferreira do Zêzere,16.1,87.0,2.49,0.1,---,107.3,25.66,151.45,77.22,1.0,0.31,0.0,0.31,,,,,,,,,,,,5.57
2025-12-07,18,Ferreira do Zêzere,15.2,87.0,2.03,0.61,---,5.7,25.69,156.99,77.2,0.98,0.3,0.0,0.3,,,,,,,,,,,,6.01
2025-12-07,19,Ferreira do Zêzere,14.5,92.0,1.67,0.1,---,3.5,25.73,176.67,77.16,0.96,0.29,0.0,0.29,,,,,,,,,,,,5.91
2025-12-07,20,Ferreira do Zêzere,13.9,94.0,1.93,0.1,---,3.6,25.61,184.41,77.26,0.98,0.3,0.0,0.3,,,,,,,,,,,,5.91
2025-12-07,21,Ferreira do Zêzere,12.6,97.0,1.73,1.0,---,8.4,25.98,203.46,76.97,0.95,0.29,0.0,0.29,,,,,,,,,,,,6.81
2025-12-07,22,Ferreira do Zêzere,12.0,98.0,2.21,0.2,---,439.4,26.29,208.0,76.72,0.95,0.29,0.0,0.29,,,,,,,,,,,,6.81
2025-12-07,23,Ferreira do Zêzere,11.4,99.0,1.41,0.84,---,608.6,26.63,217.07,76.46,0.9,0.28,0.0,0.28,,,,,,,,,,,,7.55
2025-12-08,0,Ferreira do Zêzere,11.6,99.0,2.12,0.1,---,595.3,26.93,209.6,76.22,0.92,0.28,0.0,0.28,,,,,,,,,,,,7.45
2025-12-08,1,Ferreira do Zêzere,11.0,99.0,1.87,0.3,---,475.9,27.37,209.44,75.88,0.89,0.27,0.0,0.27,,,,,,,,,,,,7.35
2025-12-08,2,Ferreira do Zêzere,10.3,99.0,2.29,0.74,---,450.0,27.67,208.37,75.65,0.89,0.27,0.0,0.27,,,,,,,,,,,,7.15
2025-12-08,3,Ferreira do Zêzere,9.7,100.0,2.2,0.1,---,397.0,27.72,213.67,75.61,0.89,0.27,0.0,0.27,,,,,,,,,,,,7.15
2025-12-08,4,Ferreira do Zêzere,10.0,100.0,1.93,1.03,---,331.4,27.72,217.62,75.61,0.87,0.27,0.0,0.27,,,,,,,,,,,,8.03
2025-12-08,5,Ferreira do Zêzere,10.3,100.0,2.57,0.1,---,283.8,27.85,215.55,75.51,0.9,0.28,0.0,0.28,,,,,,,,,,,,7.55
2025-12-08,6,Ferreira do Zêzere,11.0,100.0,2.34,0.1,---,272.7,27.73,215.55,75.6,0.89,0.27,0.0,0.27,,,,,,,,,,,,7.55
2025-12-08,7,Ferreira do Zêzere,9.8,100.0,2.38,0.1,---,256.9,27.61,215.55,75.69,0.9,0.28,0.0,0.28,,,,,,,,,,,,7.55
2025-12-08,8,Ferreira do Zêzere,10.4,100.0,3.23,3.25,---,236.4,27.21,226.22,76.0,0.96,0.29,0.0,0.29,,,,,,,,,,,,10.65
2025-12-08,9,Ferreira do Zêzere,11.3,98.0,3.27,0.1,---,264.3,25.94,212.66,77.0,1.03,0.31,0.0,0.31,,,,,,,,,,,,10.25
2025-12-08,10,Ferreira do Zêzere,13.2,89.0,3.48,0.1,---,236.9,25.35,168.14,77.47,1.07,0.33,0.0,0.33,,,,,,,,,,,,10.25
2025-12-08,11,Ferreira do Zêzere,14.3,83.0,4.84,0.1,---,396.0,24.65,141.23,78.02,1.2,0.37,0.0,0.37,,,,,,,,,,,,9.75
2025-12-08,12,Ferreira do Zêzere,15.5,81.0,4.15,0.1,---,679.6,24.26,135.51,78.34,1.2,0.37,0.0,0.37,23.22,1.0,-591.98,23.22,138.5,0.0,1.93,0.0,0.0,0.01,12.0,9.75
2025-12-08,13,Ferreira do Zêzere,16.3,80.0,4.52,0.2,---,579.8,24.05,129.79,78.51,1.24,0.38,0.0,0.38,,,,,,,,,,,,9.82
2025-12-08,14,Ferreira do Zêzere,17.3,78.0,5.26,0.1,---,651.5,23.07,119.9,79.3,1.38,0.42,0.01,0.42,,,,,,,,,,,,9.77
2025-12-08,15,Ferreira do Zêzere,17.8,76.0,4.01,0.1,---,361.7,22.92,118.59,79.42,1.31,0.4,0.01,0.4,,,,,,,,,,,,9.67
2025-12-08,16,Ferreira do Zêzere,17.6,75.0,3.85,0.2,---,221.3,22.77,117.9,79.54,1.32,0.4,0.01,0.4,,,,,,,,,,,,9.77
2025-12-08,17,Ferreira do Zêzere,17.3,77.0,4.76,0.1,---,127.58,22.59,119.41,79.69,1.4,0.43,0.01,0.43,,,,,,,,,,,,9.77
2025-12-08,18,Ferreira do Zêzere,16.7,77.0,4.07,0.1,---,5.7,22.73,122.73,79.58,1.34,0.41,0.01,0.41,,,,,,,,,,,,9.26
2025-12-08,19,Ferreira do Zêzere,16.0,79.0,4.06,0.2,---,2.0,22.79,129.13,79.53,1.33,0.41,0.01,0.41,,,,,,,,,,,,9.36
2025-12-08,20,Ferreira do Zêzere,16.0,80.0,4.08,0.24,---,3.47,22.93,131.64,79.41,1.32,0.4,0.01,0.4,,,,,,,,,,,,9.5
2025-12-08,21,Ferreira do Zêzere,15.6,83.0,3.96,0.4,---,2.2,22.89,139.63,79.45,1.31,0.4,0.01,0.4,,,,,,,,,,,,8.9
2025-12-08,22,Ferreira do Zêzere,15.6,83.0,4.32,0.5,---,3.2,22.38,138.91,79.86,1.39,0.43,0.01,0.43,,,,,,,,,,,,9.2
2025-12-08,23,Ferreira do Zêzere,15.3,76.0,4.21,0.6,---,2.3,22.1,123.31,80.09,1.42,0.44,0.01,0.44,,,,,,,,,,,,8.96
2025-12-09,0,Ferreira do Zêzere,14.8,75.0,4.47,0.7,---,2.8,21.7,136.41,80.43,1.49,0.46,0.01,0.46,,,,,,,,,,,,9.56
2025-12-09,1,Ferreira do Zêzere,14.7,75.0,4.51,0.1,---,2.0,21.47,136.55,80.62,1.52,0.47,0.01,0.47,,,,,,,,,,,,9.36
2025-12-09,2,Ferreira do Zêzere,14.5,73.0,5.47,0.13,---,1.3,21.07,129.59,80.95,1.66,0.51,0.01,0.51,,,,,,,,,,,,8.75
2025-12-09,3,Ferreira do Zêzere,14.7,69.0,4.5,0.1,---,3.1,20.64,125.25,81.31,1.65,0.5,0.01,0.5,,,,,,,,,,,,8.75
2025-12-09,4,Ferreira do Zêzere,14.6,68.0,4.61,0.1,---,3.1,20.5,123.49,81.43,1.68,0.51,0.01,0.51,,,,,,,,,,,,7.82
2025-12-09,5,Ferreira do Zêzere,15.0,68.0,4.36,0.64,---,2.4,20.47,123.18,81.45,1.66,0.51,0.01,0.51,,,,,,,,,,,,8.36
2025-12-09,6,Ferreira do Zêzere,15.0,70.0,4.79,0.4,---,4.7,20.41,124.95,81.5,1.71,0.52,0.01,0.52,,,,,,,,,,,,8.66
2025-12-09,7,Ferreira do Zêzere,14.8,72.0,4.45,1.75,---,3.9,20.36,130.49,81.54,1.69,0.52,0.01,0.52,,,,,,,,,,,,10.31
2025-12-09,8,Ferreira do Zêzere,14.9,73.0,3.62,1.8,---,2.16,21.15,135.59,80.88,1.5,0.46,0.01,0.46,,,,,,,,,,,,8.86
2025-12-09,9,Ferreira do Zêzere,13.6,86.0,4.16,1.9,---,432.6,32.32,171.01,72.15,0.83,0.25,0.0,0.25,,,,,,,,,,,,10.66
2025-12-09,10,Ferreira do Zêzere,13.2,91.0,4.13,2.7,---,311.3,47.62,192.31,61.81,0.56,0.17,0.0,0.17,,,,,,,,,,,,13.26
2025-12-09,11,Ferreira do Zêzere,13.1,94.0,3.36,5.8,---,264.6,51.21,210.04,59.61,0.47,0.14,0.0,0.14,,,,,,,,,,,,18.96
2025-12-09,12,Ferreira do Zêzere,13.0,97.0,3.04,6.5,---,518.4,52.57,228.68,58.8,0.44,0.14,0.0,0.14,4.27,1.0,-598.71,4.27,223.4,0.0,1.93,0.0,0.0,0.01,12.0,25.36
2025-12-09,13,Ferreira do Zêzere,13.5,97.0,3.92,7.1,---,398.4,54.4,226.76,57.73,0.43,0.13,0.0,0.13,,,,,,,,,,,,32.26
2025-12-09,14,Ferreira do Zêzere,13.9,97.0,3.31,5.3,---,165.3,54.63,227.49,57.6,0.41,0.13,0.0,0.13,,,,,,,,,,,,37.46
2025-12-09,15,Ferreira do Zêzere,14.5,98.0,3.04,7.0,---,222.7,54.5,234.5,57.67,0.41,0.12,0.0,0.12,,,,,,,,,,,,44.36
2025-12-09,16,Ferreira do Zêzere,15.0,98.0,2.2,2.3,---,113.6,54.43,235.49,57.71,0.39,0.12,0.0,0.12,,,,,,,,,,,,46.46
2025-12-09,17,Ferreira do Zêzere,15.0,99.0,2.05,2.4,---,108.7,54.62,242.65,57.6,0.38,0.12,0.0,0.12,,,,,,,,,,,,48.76
2025-12-09,18,Ferreira do Zêzere,14.6,99.0,1.63,0.13,---,106.1,54.89,243.15,57.44,0.37,0.11,0.0,0.11,,,,,,,,,,,,48.79
2025-12-09,19,Ferreira do Zêzere,13.6,99.0,1.44,0.31,---,146.1,54.9,243.59,57.44,0.37,0.11,0.0,0.11,,,,,,,,,,,,48.9
2025-12-09,20,Ferreira do Zêzere,12.7,99.0,1.63,0.13,---,203.7,54.75,243.62,57.53,0.37,0.11,0.0,0.11,,,,,,,,,,,,48.79
2025-12-09,21,Ferreira do Zêzere,12.2,99.0,1.6,2.8,---,280.4,54.64,243.76,57.59,0.38,0.12,0.0,0.12,,,,,,,,,,,,51.19
2025-12-09,22,Ferreira do Zêzere,11.7,99.0,1.23,0.45,---,331.3,55.54,244.24,57.07,0.35,0.11,0.0,0.11,,,,,,,,,,,,51.14
2025-12-09,23,Ferreira do Zêzere,10.9,100.0,0.94,0.1,---,378.4,56.16,250.0,56.71,0.34,0.1,0.0,0.1,,,,,,,,,,,,50.64
2025-12-10,0,Ferreira do Zêzere,10.0,100.0,0.93,0.11,---,408.4,56.81,250.0,56.34,0.33,0.1,0.0,0.1,,,,,,,,,,,,50.05
2025-12-10,1,Ferreira do Zêzere,10.1,100.0,1.02,0.25,---,429.8,56.97,250.0,56.25,0.33,0.1,0.0,0.1,,,,,,,,,,,,50.2
2025-12-10,3,Ferreira do Zêzere,10.0,100.0,1.05,0.24,---,452.9,57.17,250.0,56.14,0.33,0.1,0.0,0.1,,,,,,,,,,,,50.21
2025-12-10,4,Ferreira do Zêzere,9.5,100.0,0.88,0.1,---,464.0,57.84,250.0,55.76,0.31,0.1,0.0,0.1,,,,,,,,,,,,50.21
2025-12-10,5,Ferreira do Zêzere,8.6,100.0,1.15,0.3,---,468.9,58.35,250.0,55.48,0.31,0.09,0.0,0.09,,,,,,,,,,,,49.87
2025-12-10,6,Ferreira do Zêzere,8.4,100.0,0.83,0.1,---,432.4,58.84,250.0,55.2,0.3,0.09,0.0,0.09,,,,,,,,,,,,49.57
2025-12-10,7,Ferreira do Zêzere,8.6,100.0,1.07,0.14,---,365.7,59.14,250.0,55.04,0.3,0.09,0.0,0.09,,,,,,,,,,,,47.96
2025-12-10,8,Ferreira do Zêzere,8.1,100.0,1.22,1.09,---,427.9,59.42,250.0,54.88,0.29,0.09,0.0,0.09,,,,,,,,,,,,47.25
2025-12-10,9,Ferreira do Zêzere,8.5,100.0,1.16,0.1,---,647.2,57.62,250.0,55.89,0.32,0.1,0.0,0.1,,,,,,,,,,,,45.45
2025-12-10,10,Ferreira do Zêzere,10.6,100.0,1.38,0.1,---,766.6,47.09,250.0,62.14,0.5,0.15,0.0,0.15,,,,,,,,,,,,42.85
2025-12-10,11,Ferreira do Zêzere,13.2,93.0,2.11,0.1,---,1045.22,40.27,209.14,66.56,0.62,0.19,0.0,0.19,,,,,,,,,,,,37.15
2025-12-10,12,Ferreira do Zêzere,15.2,84.0,2.05,0.7,---,1515.1,32.59,170.81,71.95,0.74,0.23,0.0,0.23,14.82,1.0,-607.03,14.82,170.81,0.0,1.93,0.0,0.0,0.01,12.0,31.35
2025-12-10,13,Ferreira do Zêzere,16.4,77.0,1.99,0.66,---,1644.9,26.58,147.56,76.5,0.93,0.28,0.0,0.28,,,,,,,,,,,,24.91
2025-12-10,14,Ferreira do Zêzere,17.2,66.0,2.5,2.03,N,840.1,23.29,119.66,79.12,1.18,0.36,0.0,0.36,,,,,,,,,,,,21.64
2025-12-10,15,Ferreira do Zêzere,17.3,63.0,2.1,0.1,NE,583.0,22.14,114.44,80.06,1.27,0.39,0.01,0.39,,,,,,,,,,,,14.74
2025-12-10,16,Ferreira do Zêzere,17.5,63.0,2.0,0.1,N,435.4,20.32,113.16,81.58,1.5,0.46,0.01,0.46,,,,,,,,,,,,12.54
2025-12-10,17,Ferreira do Zêzere,16.0,74.0,2.7,0.93,NW,227.9,20.38,131.14,81.53,1.54,0.47,0.01,0.47,,,,,,,,,,,,11.07
2025-12-10,18,Ferreira do Zêzere,14.1,82.0,1.7,0.1,N,9.9,20.99,160.05,81.02,1.38,0.42,0.01,0.42,,,,,,,,,,,,11.04
2025-12-10,19,Ferreira do Zêzere,12.4,87.0,0.9,0.1,W,2.5,21.8,182.97,80.34,1.23,0.38,0.0,0.38,,,,,,,,,,,,10.83
2025-12-10,20,Ferreira do Zêzere,10.7,95.0,0.5,0.99,NE,2.5,22.75,215.88,79.56,1.12,0.34,0.0,0.34,,,,,,,,,,,,11.69
2025-12-10,21,Ferreira do Zêzere,10.5,95.0,1.5,0.1,N,2.8,23.52,206.77,78.93,1.1,0.34,0.0,0.34,,,,,,,,,,,,8.99
2025-12-10,22,Ferreira do Zêzere,10.2,96.0,0.6,3.06,SE,4.2,23.91,219.28,78.62,1.02,0.31,0.0,0.31,,,,,,,,,,,,11.6
2025-12-10,23,Ferreira do Zêzere,10.2,97.0,1.58,0.1,---,2.7,23.83,220.51,78.68,1.08,0.33,0.0,0.33,,,,,,,,,,,,11.6
2025-12-11,0,Ferreira do Zêzere,10.8,96.0,1.1,0.16,SE,4.0,23.65,213.55,78.83,1.07,0.33,0.0,0.33,,,,,,,,,,,,11.65
2025-12-11,1,Ferreira do Zêzere,10.8,96.0,0.4,0.1,E,3.9,23.59,216.23,78.88,1.04,0.32,0.0,0.32,,,,,,,,,,,,11.5
2025-12-11,2,Ferreira do Zêzere,10.8,97.0,1.8,0.8,---,3.32,23.68,217.38,78.8,1.11,0.34,0.0,0.34,,,,,,,,,,,,12.3
2025-12-11,3,Ferreira do Zêzere,10.8,95.0,1.5,0.1,N,4.0,23.8,208.82,78.71,1.08,0.33,0.0,0.33,,,,,,,,,,,,12.16
2025-12-11,4,Ferreira do Zêzere,10.5,96.0,1.6,0.1,E,4.1,23.85,213.13,78.67,1.08,0.33,0.0,0.33,,,,,,,,,,,,12.16
2025-12-11,5,Ferreira do Zêzere,9.2,97.0,1.42,0.1,---,12.66,24.28,218.48,78.32,1.04,0.32,0.0,0.32,,,,,,,,,,,,11.96
2025-12-11,6,Ferreira do Zêzere,8.9,99.0,1.4,0.1,SE,628.7,24.67,227.83,78.01,1.01,0.31,0.0,0.31,,,,,,,,,,,,11.96
2025-12-11,7,Ferreira do Zêzere,8.8,99.0,0.4,0.1,NW,500.5,25.04,228.84,77.71,0.94,0.29,0.0,0.29,,,,,,,,,,,,11.92
2025-12-11,8,Ferreira do Zêzere,8.2,99.0,0.3,0.1,NE,461.6,25.5,227.1,77.35,0.91,0.28,0.0,0.28,,,,,,,,,,,,10.93
2025-12-11,9,Ferreira do Zêzere,8.8,99.0,0.6,0.18,W,600.1,24.51,226.76,78.14,0.98,0.3,0.0,0.3,,,,,,,,,,,,11.01
2025-12-11,10,Ferreira do Zêzere,10.7,98.0,1.2,0.1,W,516.7,23.02,221.01,79.34,1.13,0.35,0.0,0.35,,,,,,,,,,,,11.01
2025-12-11,11,Ferreira do Zêzere,12.8,92.0,1.1,0.1,S,633.6,22.51,194.64,79.76,1.17,0.36,0.0,0.36,,,,,,,,,,,,11.01
2025-12-11,12,Ferreira do Zêzere,14.0,83.0,3.4,0.1,SE,996.8,22.48,150.75,79.78,1.32,0.4,0.01,0.4,19.13,1.0,-607.97,19.13,153.37,0.0,1.93,0.0,0.0,0.01,12.0,10.41
2025-12-11,13,Ferreira do Zêzere,14.6,77.0,2.1,0.1,S,1020.4,20.61,140.45,81.33,1.46,0.45,0.01,0.45,,,,,,,,,,,,9.85
2025-12-11,14,Ferreira do Zêzere,14.7,76.0,2.85,0.1,---,744.78,19.79,130.93,82.03,1.65,0.51,0.01,0.51,,,,,,,,,,,,7.92
2025-12-11,15,Ferreira do Zêzere,14.0,82.0,1.8,0.4,SE,150.4,19.78,152.05,82.03,1.57,0.48,0.01,0.48,,,,,,,,,,,,8.22
2025-12-11,16,Ferreira do Zêzere,14.1,82.0,0.9,0.23,S,172.9,19.99,158.61,81.86,1.47,0.45,0.01,0.45,,,,,,,,,,,,8.35
2025-12-11,17,Ferreira do Zêzere,13.5,87.0,1.73,0.1,---,70.82,20.19,165.31,81.69,1.5,0.46,0.01,0.46,,,,,,,,,,,,7.52
2025-12-11,18,Ferreira do Zêzere,13.0,91.0,0.4,0.3,NE,4.9,20.33,188.38,81.57,1.38,0.42,0.01,0.42,,,,,,,,,,,,7.72
2025-12-11,19,Ferreira do Zêzere,12.8,93.0,1.6,0.36,E,3.9,20.41,189.0,81.5,1.46,0.45,0.01,0.45,,,,,,,,,,,,7.98
2025-12-11,20,Ferreira do Zêzere,12.4,93.0,0.8,0.23,SW,3.3,20.66,190.83,81.29,1.36,0.42,0.01,0.42,,,,,,,,,,,,7.22
2025-12-11,21,Ferreira do Zêzere,12.3,95.0,0.4,0.16,W,3.7,21.01,200.59,81.0,1.29,0.4,0.01,0.4,,,,,,,,,,,,7.28
2025-12-11,22,Ferreira do Zêzere,12.8,92.0,1.6,0.1,S,2.6,21.35,168.8,80.72,1.33,0.41,0.01,0.41,,,,,,,,,,,,4.32
2025-12-11,23,Ferreira do Zêzere,13.5,88.0,2.5,0.51,SE,2.0,21.58,153.82,80.52,1.36,0.42,0.01,0.42,,,,,,,,,,,,4.73
2025-12-12,0,Ferreira do Zêzere,13.6,87.0,2.8,0.5,SE,2.7,21.84,177.5,80.31,1.35,0.41,0.01,0.41,,,,,,,,,,,,5.07
2025-12-12,1,Ferreira do Zêzere,13.5,90.0,0.8,0.7,S,310.1,22.75,201.67,79.56,1.13,0.35,0.0,0.35,,,,,,,,,,,,5.67
2025-12-12,2,Ferreira do Zêzere,13.1,95.0,3.17,1.07,---,0.1,25.13,214.25,77.64,1.07,0.33,0.0,0.33,,,,,,,,,,,,5.94
2025-12-12,3,Ferreira do Zêzere,13.0,95.0,3.3,1.0,SE,460.9,35.1,215.58,70.14,0.74,0.23,0.0,0.23,,,,,,,,,,,,6.84
2025-12-12,4,Ferreira do Zêzere,13.0,95.0,2.7,1.3,SE,231.2,47.89,217.56,61.64,0.52,0.16,0.0,0.16,,,,,,,,,,,,8.04
2025-12-12,5,Ferreira do Zêzere,12.8,96.0,3.02,1.81,---,11.76,50.89,222.69,59.81,0.47,0.14,0.0,0.14,,,,,,,,,,,,9.75
2025-12-12,6,Ferreira do Zêzere,12.7,96.0,1.6,1.6,SE,176.7,52.63,226.57,58.77,0.41,0.13,0.0,0.13,,,,,,,,,,,,11.25
2025-12-12,7,Ferreira do Zêzere,12.6,96.0,0.9,1.3,SE,171.6,54.64,229.22,57.59,0.36,0.11,0.0,0.11,,,,,,,,,,,,12.45
2025-12-12,8,Ferreira do Zêzere,12.2,97.0,2.9,3.4,SW,115.4,55.09,229.53,57.33,0.39,0.12,0.0,0.12,,,,,,,,,,,,15.75
2025-12-12,9,Ferreira do Zêzere,11.1,98.0,1.3,4.1,E,278.0,55.28,238.87,57.22,0.36,0.11,0.0,0.11,,,,,,,,,,,,19.67
2025-12-12,10,Ferreira do Zêzere,11.2,98.0,1.2,1.8,E,347.5,56.15,239.02,56.72,0.34,0.11,0.0,0.11,,,,,,,,,,,,21.37
2025-12-12,11,Ferreira do Zêzere,11.4,97.0,0.5,1.8,N,413.1,55.8,236.23,56.92,0.34,0.1,0.0,0.1,,,,,,,,,,,,23.07
2025-12-12,12,Ferreira do Zêzere,11.6,96.0,1.1,1.0,N,414.2,55.41,229.16,57.14,0.35,0.11,0.0,0.11,4.06,1.0,-614.12,4.06,224.64,0.0,1.93,0.0,0.0,0.01,12.0,23.97
2025-12-12,13,Ferreira do Zêzere,12.3,96.0,0.5,0.8,NE,522.6,56.68,231.41,56.42,0.32,0.1,0.0,0.1,,,,,,,,,,,,24.67
2025-12-12,14,Ferreira do Zêzere,12.7,96.0,0.6,1.4,SW,318.4,57.29,230.58,56.07,0.32,0.1,0.0,0.1,,,,,,,,,,,,25.97
2025-12-12,15,Ferreira do Zêzere,12.6,97.0,1.3,0.5,N,276.2,56.68,232.82,56.42,0.34,0.1,0.0,0.1,,,,,,,,,,,,26.07
2025-12-12,16,Ferreira do Zêzere,12.5,95.0,1.5,0.4,NE,225.2,57.27,222.06,56.08,0.33,0.1,0.0,0.1,,,,,,,,,,,,26.24
2025-12-12,17,Ferreira do Zêzere,12.5,97.0,1.7,1.39,---,52.39,57.35,231.83,56.04,0.33,0.1,0.0,0.1,,,,,,,,,,,,27.53
2025-12-12,18,Ferreira do Zêzere,12.2,96.0,1.0,0.3,N,79.4,57.93,229.1,55.71,0.31,0.1,0.0,0.1,,,,,,,,,,,,27.53
2025-12-12,19,Ferreira do Zêzere,12.0,97.0,1.3,0.7,N,93.7,57.76,233.18,55.81,0.32,0.1,0.0,0.1,,,,,,,,,,,,27.87
2025-12-12,20,Ferreira do Zêzere,11.8,97.0,1.0,1.0,NW,58.1,57.67,234.18,55.86,0.32,0.1,0.0,0.1,,,,,,,,,,,,28.64
2025-12-12,21,Ferreira do Zêzere,11.7,98.0,1.5,0.2,N,73.9,57.49,238.25,55.96,0.33,0.1,0.0,0.1,,,,,,,,,,,,28.68
2025-12-12,22,Ferreira do Zêzere,11.8,97.0,2.0,0.76,NW,116.8,58.12,231.6,55.61,0.33,0.1,0.0,0.1,,,,,,,,,,,,29.34
2025-12-12,23,Ferreira do Zêzere,11.9,96.0,1.0,1.4,W,128.4,58.79,229.33,55.23,0.3,0.09,0.0,0.09,,,,,,,,,,,,30.23
2025-12-13,0,Ferreira do Zêzere,12.2,96.0,3.1,0.9,NE,161.7,58.51,214.7,55.39,0.34,0.1,0.0,0.1,,,,,,,,,,,,30.63
2025-12-13,1,Ferreira do Zêzere,12.5,92.0,0.6,0.5,NW,192.3,58.94,206.33,55.15,0.29,0.09,0.0,0.09,,,,,,,,,,,,30.43
2025-12-13,2,Ferreira do Zêzere,11.8,97.0,2.4,0.1,NW,185.8,58.82,221.53,55.21,0.32,0.1,0.0,0.1,,,,,,,,,,,,29.46
2025-12-13,3,Ferreira do Zêzere,11.4,97.0,1.7,0.2,W,178.4,57.99,222.84,55.68,0.32,0.1,0.0,0.1,,,,,,,,,,,,28.66
2025-12-13,4,Ferreira do Zêzere,10.8,97.0,1.1,0.1,N,213.5,53.41,224.05,58.31,0.39,0.12,0.0,0.12,,,,,,,,,,,,27.46
2025-12-13,5,Ferreira do Zêzere,12.7,83.0,4.2,0.1,E,55.0,49.49,155.79,60.66,0.53,0.16,0.0,0.16,,,,,,,,,,,,25.75
2025-12-13,6,Ferreira do Zêzere,13.4,78.0,2.2,0.1,NE,3.3,46.84,150.12,62.3,0.52,0.16,0.0,0.16,,,,,,,,,,,,24.25
2025-12-13,7,Ferreira do Zêzere,13.4,76.0,1.6,0.1,NE,3.1,44.55,149.03,63.75,0.54,0.17,0.0,0.17,,,,,,,,,,,,23.05
2025-12-13,8,Ferreira do Zêzere,13.4,75.0,1.7,0.1,NE,7.4,42.66,144.56,64.98,0.57,0.18,0.0,0.18,,,,,,,,,,,,19.75
2025-12-13,9,Ferreira do Zêzere,13.8,74.0,2.8,0.1,E,207.7,40.09,132.66,66.69,0.65,0.2,0.0,0.2,,,,,,,,,,,,15.75
2025-12-13,10,Ferreira do Zêzere,15.4,69.0,2.2,0.1,E,804.9,34.46,121.28,70.6,0.71,0.22,0.0,0.22,,,,,,,,,,,,14.05
2025-12-13,11,Ferreira do Zêzere,16.2,66.0,2.66,0.1,---,1116.43,27.34,110.51,75.9,0.92,0.28,0.0,0.28,,,,,,,,,,,,12.35
2025-12-13,12,Ferreira do Zêzere,17.2,64.0,3.6,0.98,NE,1504.3,22.54,101.03,79.73,1.33,0.41,0.01,0.41,31.32,1.0,-615.1,31.32,113.01,0.01,1.93,0.0,0.0,0.01,12.0,12.33
2025-12-13,13,Ferreira do Zêzere,17.9,61.0,3.3,0.59,NE,1604.7,19.53,96.15,82.25,1.73,0.53,0.01,0.53,,,,,,,,,,,,12.12
2025-12-13,14,Ferreira do Zêzere,18.5,60.0,3.13,0.2,---,1415.46,17.75,92.64,83.78,2.09,0.64,0.01,0.64,,,,,,,,,,,,10.92
2025-12-13,15,Ferreira do Zêzere,18.9,58.0,3.3,1.24,E,295.6,16.77,89.3,84.63,2.37,0.73,0.02,0.73,,,,,,,,,,,,11.66
2025-12-13,16,Ferreira do Zêzere,18.7,57.0,3.8,0.1,E,187.4,16.34,86.71,85.01,2.56,0.78,0.02,0.78,,,,,,,,,,,,11.36
2025-12-13,18,Ferreira do Zêzere,15.2,72.0,1.3,1.38,NW,6.9,16.55,128.62,84.83,2.2,0.67,0.01,0.67,,,,,,,,,,,,11.05
2025-12-13,19,Ferreira do Zêzere,12.8,83.0,0.8,0.83,N,1.7,16.73,160.43,84.67,2.1,0.64,0.01,0.64,,,,,,,,,,,,11.18
2025-12-13,20,Ferreira do Zêzere,13.7,74.0,2.9,0.3,N,0.1,16.74,126.05,84.66,2.33,0.71,0.01,0.71,,,,,,,,,,,,10.48
2025-12-13,21,Ferreira do Zêzere,12.8,78.0,2.9,0.92,N,2.4,16.77,136.96,84.63,2.32,0.71,0.01,0.71,,,,,,,,,,,,11.2
2025-12-13,22,Ferreira do Zêzere,12.3,79.0,3.0,1.13,N,0.9,16.9,140.35,84.52,2.3,0.7,0.01,0.7,,,,,,,,,,,,11.57
2025-12-13,23,Ferreira do Zêzere,11.1,84.0,3.15,0.4,---,0.4,17.06,151.97,84.38,2.27,0.7,0.01,0.7,,,,,,,,,,,,10.57
2025-12-14,0,Ferreira do Zêzere,10.7,84.0,1.9,1.11,NW,2.5,17.06,152.45,84.38,2.13,0.65,0.01,0.65,,,,,,,,,,,,10.78
2025-12-14,1,Ferreira do Zêzere,10.0,87.0,1.7,0.76,N,1.9,17.04,162.5,84.4,2.11,0.65,0.01,0.65,,,,,,,,,,,,11.04
2025-12-14,2,Ferreira do Zêzere,8.8,91.0,3.18,0.1,---,0.45,17.07,170.43,84.37,2.27,0.7,0.01,0.7,,,,,,,,,,,,11.04
2025-12-14,3,Ferreira do Zêzere,7.9,93.0,1.2,0.1,W,1.9,17.09,183.75,84.35,2.05,0.63,0.01,0.63,,,,,,,,,,,,10.94
2025-12-14,4,Ferreira do Zêzere,7.0,96.0,1.8,0.1,N,2.6,17.13,192.56,84.32,2.1,0.64,0.01,0.64,,,,,,,,,,,,10.94
2025-12-14,5,Ferreira do Zêzere,10.8,81.0,3.24,0.1,---,104.67,17.16,140.33,84.29,2.25,0.69,0.01,0.69,,,,,,,,,,,,10.94
2025-12-14,6,Ferreira do Zêzere,8.9,88.0,2.1,0.1,NE,2.3,17.15,164.76,84.3,2.13,0.65,0.01,0.65,,,,,,,,,,,,10.94
2025-12-14,7,Ferreira do Zêzere,12.7,71.0,3.3,0.1,NE,0.5,17.18,118.11,84.27,2.25,0.69,0.01,0.69,,,,,,,,,,,,10.94
2025-12-14,8,Ferreira do Zêzere,11.7,74.0,3.3,0.1,---,6.48,17.21,125.16,84.25,2.25,0.69,0.01,0.69,,,,,,,,,,,,10.94
2025-12-14,9,Ferreira do Zêzere,12.7,70.0,2.3,1.32,E,266.3,16.95,122.72,84.47,2.2,0.67,0.01,0.67,,,,,,,,,,,,12.16
2025-12-14,10,Ferreira do Zêzere,14.1,67.0,3.3,0.1,E,616.6,15.75,110.67,85.53,2.68,0.82,0.02,0.82,,,,,,,,,,,,12.16
2025-12-14,11,Ferreira do Zêzere,15.2,62.0,4.3,1.18,---,1223.48,14.54,99.13,86.62,3.28,1.06,0.03,1.06,,,,,,,,,,,,13.24
2025-12-14,12,Ferreira do Zêzere,16.4,58.0,4.0,0.79,E,1530.6,13.51,92.08,87.56,3.69,1.51,0.06,1.51,37.97,1.0,-616.47,37.97,95.27,0.03,1.93,0.01,0.0,0.01,12.0,13.05
2025-12-14,13,Ferreira do Zêzere,17.1,56.0,4.9,0.34,E,1639.2,12.73,85.2,88.27,4.28,1.98,0.09,1.98,,,,,,,,,,,,12.8
2025-12-14,14,Ferreira do Zêzere,17.8,54.0,2.8,1.53,---,1477.11,12.04,89.07,88.91,4.22,1.94,0.09,1.94,,,,,,,,,,,,14.13
2025-12-14,15,Ferreira do Zêzere,18.2,51.0,3.7,0.24,NE,583.7,11.83,81.09,89.11,4.55,2.21,0.11,2.21,,,,,,,,,,,,13.13
2025-12-14,16,Ferreira do Zêzere,17.5,55.0,2.3,1.94,NE,409.7,11.7,93.7,89.23,4.31,2.0,0.09,2.0,,,,,,,,,,,,14.97
2025-12-14,17,Ferreira do Zêzere,15.3,66.0,2.29,0.35,---,127.98,11.81,113.8,89.13,4.25,1.95,0.09,1.95,,,,,,,,,,,,15.32
2025-12-14,18,Ferreira do Zêzere,13.2,76.0,1.0,0.9,NE,7.4,12.03,143.19,88.92,3.86,1.65,0.07,1.65,,,,,,,,,,,,14.84
2025-12-14,19,Ferreira do Zêzere,11.6,83.0,0.8,0.57,NE,3.7,12.11,162.34,88.85,3.78,1.59,0.06,1.59,,,,,,,,,,,,14.58
2025-12-14,20,Ferreira do Zêzere,11.2,83.0,2.49,0.1,---,0.3,12.31,152.76,88.66,4.01,1.77,0.07,1.77,,,,,,,,,,,,14.38
2025-12-14,21,Ferreira do Zêzere,11.1,82.0,1.0,0.19,S,3.0,12.51,158.02,88.48,3.62,1.45,0.05,1.45,,,,,,,,,,,,13.65
2025-12-14,22,Ferreira do Zêzere,9.6,90.0,1.0,0.24,NW,3.3,12.81,178.53,88.2,3.48,1.31,0.04,1.31,,,,,,,,,,,,12.76
2025-12-14,23,Ferreira do Zêzere,9.7,91.0,2.67,0.01,---,0.01,13.03,173.79,88.0,3.68,1.5,0.06,1.5,,,,,,,,,,,,12.37
2025-12-15,0,Ferreira do Zêzere,8.6,94.0,0.7,0.1,SW,3.9,13.29,215.75,87.76,3.22,0.99,0.03,0.99,,,,,,,,,,,,11.36
2025-12-15,1,Ferreira do Zêzere,7.9,97.0,0.5,0.1,NW,3.7,13.58,226.85,87.49,3.07,0.94,0.02,0.94,,,,,,,,,,,,10.7
2025-12-15,2,Ferreira do Zêzere,7.5,98.0,3.17,0.2,---,2.7,13.9,226.97,87.2,3.37,1.18,0.04,1.18,,,,,,,,,,,,10.8
2025-12-15,3,Ferreira do Zêzere,7.2,99.0,0.8,0.01,E,372.7,14.2,234.13,86.93,2.87,0.88,0.02,0.88,,,,,,,,,,,,10.71
2025-12-15,4,Ferreira do Zêzere,7.1,99.0,0.9,0.1,NW,678.1,14.44,234.04,86.71,2.8,0.86,0.02,0.86,,,,,,,,,,,,10.71
2025-12-15,5,Ferreira do Zêzere,7.2,99.0,1.71,0.1,---,0.2,14.71,233.35,86.47,2.82,0.86,0.02,0.86,,,,,,,,,,,,10.71
2025-12-15,6,Ferreira do Zêzere,6.8,99.0,0.5,0.1,N,748.8,15.01,234.53,86.2,2.55,0.78,0.02,0.78,,,,,,,,,,,,10.71
2025-12-15,7,Ferreira do Zêzere,6.4,99.0,0.3,0.1,E,750.4,15.28,234.88,85.95,2.44,0.75,0.02,0.75,,,,,,,,,,,,10.71
2025-12-15,8,Ferreira do Zêzere,6.4,99.0,2.71,0.01,---,3.62,15.54,232.74,85.72,2.67,0.82,0.02,0.82,,,,,,,,,,,,10.62
2025-12-15,9,Ferreira do Zêzere,6.9,99.0,0.7,0.48,W,781.0,15.79,232.68,85.5,2.34,0.72,0.02,0.72,,,,,,,,,,,,9.78
2025-12-15,10,Ferreira do Zêzere,7.8,99.0,0.7,0.2,E,681.3,15.93,232.72,85.37,2.3,0.7,0.01,0.7,,,,,,,,,,,,9.88
2025-12-15,11,Ferreira do Zêzere,8.7,99.0,3.01,0.54,---,378.1,16.07,229.63,85.25,2.54,0.78,0.02,0.78,,,,,,,,,,,,9.24
2025-12-15,12,Ferreira do Zêzere,10.1,95.0,0.5,1.13,W,288.9,17.42,216.56,84.06,1.9,0.58,0.01,0.58,11.22,1.0,-617.75,11.22,186.97,0.0,1.93,0.0,0.0,0.01,12.0,9.58
2025-12-15,13,Ferreira do Zêzere,11.5,92.0,1.7,0.93,S,383.0,20.15,198.63,81.72,1.5,0.46,0.01,0.46,,,,,,,,,,,,10.17
2025-12-15,14,Ferreira do Zêzere,11.8,93.0,3.0,2.2,SE,544.1,42.8,198.56,64.89,0.61,0.19,0.0,0.19,,,,,,,,,,,,10.84
2025-12-15,15,Ferreira do Zêzere,11.7,95.0,2.2,0.1,SE,571.6,42.19,210.33,65.29,0.6,0.18,0.0,0.18,,,,,,,,,,,,10.7
2025-12-15,16,Ferreira do Zêzere,12.6,94.0,2.7,0.1,SE,323.1,40.74,200.12,66.25,0.63,0.19,0.0,0.19,,,,,,,,,,,,8.86
2025-12-15,17,Ferreira do Zêzere,12.6,95.0,2.3,0.1,SE,532.4,49.24,205.69,60.81,0.48,0.15,0.0,0.15,,,,,,,,,,,,8.61
2025-12-15,18,Ferreira do Zêzere,12.8,96.0,2.2,1.1,W,455.1,53.19,211.23,58.44,0.41,0.13,0.0,0.13,,,,,,,,,,,,8.81
2025-12-15,19,Ferreira do Zêzere,11.7,96.0,1.6,5.0,SE,79.5,54.12,220.13,57.89,0.38,0.12,0.0,0.12,,,,,,,,,,,,13.24
2025-12-15,20,Ferreira do Zêzere,11.1,97.0,1.71,1.67,---,12.0,53.91,226.87,58.01,0.39,0.12,0.0,0.12,,,,,,,,,,,,14.81
2025-12-15,21,Ferreira do Zêzere,11.0,99.0,1.4,2.5,N,161.4,55.27,240.15,57.23,0.36,0.11,0.0,0.11,,,,,,,,,,,,17.12
2025-12-15,22,Ferreira do Zêzere,10.7,97.0,0.8,0.2,W,415.2,54.82,231.51,57.49,0.36,0.11,0.0,0.11,,,,,,,,,,,,17.08
2025-12-15,23,Ferreira do Zêzere,10.0,98.0,0.2,1.21,E,551.6,55.03,239.06,57.36,0.34,0.11,0.0,0.11,,,,,,,,,,,,18.28
2025-12-16,0,Ferreira do Zêzere,9.8,99.0,0.8,0.1,W,568.5,55.2,229.91,57.27,0.35,0.11,0.0,0.11,,,,,,,,,,,,18.28
2025-12-16,1,Ferreira do Zêzere,9.9,99.0,0.7,0.49,NE,481.3,55.37,230.44,57.17,0.35,0.11,0.0,0.11,,,,,,,,,,,,18.67
2025-12-16,2,Ferreira do Zêzere,9.8,99.0,0.7,0.2,NW,352.0,54.53,230.46,57.65,0.36,0.11,0.0,0.11,,,,,,,,,,,,18.67
2025-12-16,3,Ferreira do Zêzere,9.7,99.0,1.6,0.3,NW,360.0,57.51,229.92,55.95,0.33,0.1,0.0,0.1,,,,,,,,,,,,18.96
2025-12-16,4,Ferreira do Zêzere,9.8,96.0,3.0,0.2,NW,410.2,57.34,212.43,56.04,0.36,0.11,0.0,0.11,,,,,,,,,,,,19.06
2025-12-16,5,Ferreira do Zêzere,9.7,95.0,4.78,2.29,---,18.7,57.69,205.84,55.85,0.38,0.12,0.0,0.12,,,,,,,,,,,,21.25
2025-12-16,6,Ferreira do Zêzere,9.8,94.0,3.6,1.74,NW,580.1,57.19,204.29,56.13,0.37,0.11,0.0,0.11,,,,,,,,,,,,22.89
2025-12-16,7,Ferreira do Zêzere,10.1,91.0,4.5,1.06,NW,215.9,54.8,188.74,57.5,0.43,0.13,0.0,0.13,,,,,,,,,,,,23.85
2025-12-16,8,Ferreira do Zêzere,10.1,88.0,4.3,1.07,NW,8.0,50.57,178.42,60.0,0.51,0.16,0.0,0.16,,,,,,,,,,,,24.91
2025-12-16,9,Ferreira do Zêzere,10.3,86.0,4.9,0.7,NW,153.2,46.99,169.54,62.2,0.59,0.18,0.0,0.18,,,,,,,,,,,,25.13
2025-12-16,10,Ferreira do Zêzere,11.0,83.0,5.6,0.67,N,369.2,43.03,156.99,64.74,0.69,0.21,0.0,0.21,,,,,,,,,,,,25.6
2025-12-16,11,Ferreira do Zêzere,11.8,77.0,7.6,0.78,---,593.2,39.08,134.7,67.37,0.84,0.26,0.0,0.26,,,,,,,,,,,,25.84
2025-12-16,12,Ferreira do Zêzere,13.1,70.0,7.5,1.41,N,948.9,35.57,118.4,69.81,0.91,0.28,0.0,0.28,28.14,1.0,-624.18,28.14,122.45,0.0,1.93,0.0,0.0,0.01,12.0,26.12
2025-12-16,13,Ferreira do Zêzere,13.4,67.0,8.7,0.2,N,864.0,31.41,109.9,72.82,1.07,0.33,0.0,0.33,,,,,,,,,,,,25.39
2025-12-16,15,Ferreira do Zêzere,13.8,64.0,8.2,0.2,N,559.9,24.7,105.2,77.98,1.42,0.44,0.01,0.44,,,,,,,,,,,,23.29
2025-12-16,16,Ferreira do Zêzere,13.6,66.0,8.3,0.1,NW,350.8,22.81,108.23,79.51,1.64,0.5,0.01,0.5,,,,,,,,,,,,23.29
2025-12-16,17,Ferreira do Zêzere,13.3,68.0,6.7,0.1,NW,161.3,22.52,115.99,79.75,1.55,0.48,0.01,0.48,,,,,,,,,,,,23.29
2025-12-16,18,Ferreira do Zêzere,12.9,70.0,6.7,0.1,N,9.0,22.29,119.91,79.94,1.58,0.49,0.01,0.49,,,,,,,,,,,,22.29
2025-12-16,19,Ferreira do Zêzere,12.8,72.0,6.0,0.2,N,3.8,22.02,123.19,80.16,1.56,0.48,0.01,0.48,,,,,,,,,,,,17.49
2025-12-16,20,Ferreira do Zêzere,12.7,72.0,5.02,0.1,---,1.1,21.81,125.43,80.33,1.52,0.46,0.01,0.46,,,,,,,,,,,,15.92
2025-12-16,21,Ferreira do Zêzere,12.0,73.0,5.6,0.87,N,2.3,21.84,125.92,80.31,1.56,0.48,0.01,0.48,,,,,,,,,,,,14.29
2025-12-16,22,Ferreira do Zêzere,11.4,74.0,4.0,1.5,N,1.8,21.87,135.7,80.28,1.43,0.44,0.01,0.44,,,,,,,,,,,,15.59
2025-12-16,23,Ferreira do Zêzere,10.8,77.0,2.9,0.01,---,31.4,21.86,146.18,80.29,1.36,0.42,0.01,0.42,,,,,,,,,,,,14.39
2025-12-17,0,Ferreira do Zêzere,10.3,79.0,2.4,1.08,N,1.5,21.91,156.98,80.25,1.32,0.4,0.01,0.4,,,,,,,,,,,,15.37
2025-12-17,1,Ferreira do Zêzere,9.3,83.0,2.2,0.51,N,1.7,22.19,169.37,80.02,1.27,0.39,0.01,0.39,,,,,,,,,,,,15.39
2025-12-17,3,Ferreira do Zêzere,8.2,89.0,2.7,0.42,N,0.6,22.17,185.92,80.04,1.31,0.4,0.01,0.4,,,,,,,,,,,,15.31
2025-12-17,4,Ferreira do Zêzere,7.3,91.0,1.1,0.28,NW,2.6,22.23,200.48,79.99,1.2,0.37,0.0,0.37,,,,,,,,,,,,15.39
2025-12-17,5,Ferreira do Zêzere,6.6,92.0,1.56,0.95,---,32.2,22.25,200.52,79.97,1.23,0.38,0.0,0.38,,,,,,,,,,,,14.05
2025-12-17,6,Ferreira do Zêzere,6.6,93.0,1.7,0.1,N,12.7,22.03,200.67,80.15,1.26,0.39,0.01,0.39,,,,,,,,,,,,12.41
2025-12-17,7,Ferreira do Zêzere,6.4,93.0,1.1,1.81,NW,5.0,22.06,204.45,80.13,1.22,0.37,0.0,0.37,,,,,,,,,,,,13.16
2025-12-17,8,Ferreira do Zêzere,5.2,96.0,1.0,0.1,NE,429.8,22.18,213.71,80.03,1.2,0.37,0.0,0.37,,,,,,,,,,,,12.19
2025-12-17,9,Ferreira do Zêzere,5.8,96.0,1.8,0.1,NW,395.4,21.11,210.17,80.92,1.38,0.42,0.01,0.42,,,,,,,,,,,,11.59
2025-12-17,10,Ferreira do Zêzere,9.0,86.0,1.0,0.84,NW,616.4,18.74,179.58,82.92,1.68,0.52,0.01,0.52,,,,,,,,,,,,11.76
2025-12-17,11,Ferreira do Zêzere,11.0,80.0,2.12,0.65,---,871.28,18.07,154.6,83.5,1.92,0.59,0.01,0.59,,,,,,,,,,,,11.63
2025-12-17,12,Ferreira do Zêzere,12.9,73.0,2.3,1.77,N,1320.2,16.25,135.81,85.09,2.4,0.73,0.02,0.73,24.66,1.0,-625.72,24.66,133.62,0.0,1.93,0.0,0.0,0.01,12.0,11.99
2025-12-17,13,Ferreira do Zêzere,14.5,66.0,1.0,0.1,NW,1241.0,15.45,128.49,85.8,2.48,0.76,0.02,0.76,,,,,,,,,,,,11.89
2025-12-17,14,Ferreira do Zêzere,14.9,66.0,1.43,0.43,---,909.31,15.45,124.63,85.8,2.53,0.78,0.02,0.78,,,,,,,,,,,,12.32
2025-12-17,15,Ferreira do Zêzere,15.0,67.0,1.2,1.07,NW,596.3,15.39,128.49,85.86,2.52,0.77,0.02,0.77,,,,,,,,,,,,13.19
2025-12-17,16,Ferreira do Zêzere,14.6,73.0,1.2,0.61,N,323.8,15.55,140.43,85.71,2.47,0.76,0.02,0.76,,,,,,,,,,,,13.7
2025-12-17,17,Ferreira do Zêzere,13.8,78.0,1.18,0.78,---,105.42,15.77,153.41,85.52,2.4,0.74,0.02,0.74,,,,,,,,,,,,14.38
2025-12-17,18,Ferreira do Zêzere,11.7,90.0,0.3,1.43,---,8.2,16.13,198.91,85.2,2.2,0.67,0.01,0.67,,,,,,,,,,,,15.71
2025-12-17,19,Ferreira do Zêzere,10.4,95.0,1.4,0.91,NW,7.0,16.62,211.55,84.76,2.19,0.67,0.01,0.67,,,,,,,,,,,,16.42
2025-12-17,20,Ferreira do Zêzere,10.0,97.0,2.16,0.33,---,157.87,17.05,219.32,84.39,2.16,0.66,0.01,0.66,,,,,,,,,,,,16.65
2025-12-17,21,Ferreira do Zêzere,9.9,96.0,0.4,0.65,SW,10.9,17.47,220.07,84.02,1.88,0.58,0.01,0.58,,,,,,,,,,,,16.43
2025-12-17,22,Ferreira do Zêzere,9.5,97.0,0.6,0.65,N,11.8,17.87,222.02,83.67,1.82,0.56,0.01,0.56,,,,,,,,,,,,15.58
2025-12-17,23,Ferreira do Zêzere,9.1,98.0,1.14,1.45,---,148.82,18.15,226.79,83.43,1.81,0.55,0.01,0.55,,,,,,,,,,,,17.02
2025-12-18,0,Ferreira do Zêzere,8.9,98.0,0.8,0.99,W,603.7,18.23,226.64,83.36,1.76,0.54,0.01,0.54,,,,,,,,,,,,16.93
2025-12-18,1,Ferreira do Zêzere,8.5,99.0,0.7,0.34,E,500.7,18.09,230.85,83.48,1.78,0.55,0.01,0.55,,,,,,,,,,,,16.76
2025-12-18,2,Ferreira do Zêzere,7.5,99.0,2.26,0.85,---,330.0,18.43,230.77,83.19,1.85,0.57,0.01,0.57,,,,,,,,,,,,17.61
2025-12-18,3,Ferreira do Zêzere,6.7,99.0,1.3,0.69,NW,227.8,18.63,231.89,83.02,1.73,0.53,0.01,0.53,,,,,,,,,,,,17.88
2025-12-18,4,Ferreira do Zêzere,6.2,99.0,0.8,0.39,NE,220.1,18.7,232.53,82.96,1.67,0.51,0.01,0.51,,,,,,,,,,,,17.99
2025-12-18,5,Ferreira do Zêzere,6.0,100.0,2.2,0.1,---,9.6,18.87,235.57,82.81,1.76,0.54,0.01,0.54,,,,,,,,,,,,17.14
2025-12-18,6,Ferreira do Zêzere,6.1,100.0,1.0,0.28,SE,220.5,18.96,235.79,82.73,1.64,0.5,0.01,0.5,,,,,,,,,,,,17.32
2025-12-18,7,Ferreira do Zêzere,6.0,100.0,1.4,0.1,NW,215.5,19.1,233.53,82.61,1.65,0.51,0.01,0.51,,,,,,,,,,,,15.61
2025-12-18,8,Ferreira do Zêzere,5.9,100.0,0.7,0.1,NW,230.8,19.32,233.53,82.43,1.56,0.48,0.01,0.48,,,,,,,,,,,,15.61
2025-12-18,9,Ferreira do Zêzere,6.8,100.0,0.6,0.1,SW,340.2,19.23,233.53,82.5,1.56,0.48,0.01,0.48,,,,,,,,,,,,15.61
2025-12-18,10,Ferreira do Zêzere,8.5,100.0,0.6,0.1,S,546.0,19.12,232.42,82.6,1.58,0.48,0.01,0.48,,,,,,,,,,,,14.87
2025-12-18,11,Ferreira do Zêzere,11.2,97.0,2.61,0.01,---,913.07,17.5,213.78,83.99,2.1,0.64,0.01,0.64,,,,,,,,,,,,14.23
2025-12-18,12,Ferreira do Zêzere,14.7,76.0,3.8,0.1,S,1515.3,16.39,130.14,84.97,2.54,0.78,0.02,0.78,25.56,1.0,-627.13,25.56,130.64,0.0,1.93,0.0,0.0,0.01,12.0,12.56
2025-12-18,13,Ferreira do Zêzere,15.5,74.0,3.7,0.01,S,1334.0,15.91,124.4,85.39,2.68,0.82,0.02,0.82,,,,,,,,,,,,12.47
2025-12-18,14,Ferreira do Zêzere,15.4,76.0,3.1,0.25,S,568.1,16.27,130.97,85.07,2.49,0.76,0.02,0.76,,,,,,,,,,,,12.29
2025-12-18,15,Ferreira do Zêzere,15.8,74.0,4.0,0.86,S,410.3,16.25,121.96,85.09,2.61,0.8,0.02,0.8,,,,,,,,,,,,12.08
2025-12-18,16,Ferreira do Zêzere,15.9,75.0,4.7,3.63,S,376.9,16.44,123.77,84.92,2.64,0.81,0.02,0.81,,,,,,,,,,,,15.1
2025-12-18,18,Ferreira do Zêzere,14.8,80.0,3.1,2.76,S,8.2,17.13,144.82,84.32,2.24,0.69,0.01,0.69,,,,,,,,,,,,15.65
2025-12-18,19,Ferreira do Zêzere,14.7,80.0,3.0,1.9,S,4.5,17.42,146.33,84.06,2.16,0.66,0.01,0.66,,,,,,,,,,,,16.64
2025-12-18,20,Ferreira do Zêzere,14.6,80.0,2.4,0.4,S,4.5,17.68,149.69,83.84,2.03,0.62,0.01,0.62,,,,,,,,,,,,16.71
2025-12-18,21,Ferreira do Zêzere,14.4,81.0,3.0,2.51,S,4.5,17.88,150.95,83.66,2.05,0.63,0.01,0.63,,,,,,,,,,,,18.57
2025-12-18,22,Ferreira do Zêzere,14.2,83.0,3.4,0.2,S,104.8,18.85,154.75,82.83,1.87,0.57,0.01,0.57,,,,,,,,,,,,18.12
2025-12-18,23,Ferreira do Zêzere,12.9,95.0,3.2,0.6,SE,238.1,46.52,204.2,62.5,0.55,0.17,0.0,0.17,,,,,,,,,,,,17.27
2025-12-19,0,Ferreira do Zêzere,12.7,97.0,2.5,2.6,SE,335.5,51.69,226.29,59.33,0.44,0.14,0.0,0.14,,,,,,,,,,,,18.88
2025-12-19,1,Ferreira do Zêzere,12.5,97.0,2.9,6.2,NW,300.8,54.18,228.85,57.86,0.41,0.13,0.0,0.13,,,,,,,,,,,,24.74
2025-12-19,2,Ferreira do Zêzere,12.3,99.0,1.3,7.6,S,322.0,55.44,244.03,57.13,0.36,0.11,0.0,0.11,,,,,,,,,,,,31.49
2025-12-19,3,Ferreira do Zêzere,12.1,99.0,1.1,1.0,N,330.2,55.77,244.29,56.94,0.35,0.11,0.0,0.11,,,,,,,,,,,,31.8
2025-12-19,4,Ferreira do Zêzere,12.1,99.0,1.9,1.2,N,300.4,57.23,243.52,56.11,0.34,0.1,0.0,0.1,,,,,,,,,,,,32.61
2025-12-19,5,Ferreira do Zêzere,12.0,99.0,0.9,1.1,N,294.6,56.79,244.55,56.36,0.33,0.1,0.0,0.1,,,,,,,,,,,,33.61
2025-12-19,6,Ferreira do Zêzere,11.8,99.0,0.5,1.9,N,262.7,57.7,245.15,55.84,0.31,0.09,0.0,0.09,,,,,,,,,,,,35.23
2025-12-19,7,Ferreira do Zêzere,11.6,99.0,2.3,2.0,N,230.7,57.97,243.32,55.69,0.33,0.1,0.0,0.1,,,,,,,,,,,,37.13
2025-12-19,8,Ferreira do Zêzere,11.2,98.0,4.2,0.9,NW,237.3,58.79,234.94,55.23,0.35,0.11,0.0,0.11,,,,,,,,,,,,37.93
2025-12-19,9,Ferreira do Zêzere,10.6,94.0,2.5,1.1,NW,347.3,58.02,215.79,55.66,0.34,0.1,0.0,0.1,,,,,,,,,,,,38.93
2025-12-19,10,Ferreira do Zêzere,10.9,89.0,2.1,1.04,NW,204.2,56.55,196.3,56.49,0.35,0.11,0.0,0.11,,,,,,,,,,,,39.87
2025-12-19,11,Ferreira do Zêzere,11.2,89.0,2.6,0.3,NW,315.0,50.14,193.43,60.26,0.47,0.15,0.0,0.15,,,,,,,,,,,,40.16
2025-12-19,12,Ferreira do Zêzere,11.8,86.0,2.5,0.1,N,350.7,46.17,182.3,62.72,0.54,0.17,0.0,0.17,12.48,1.0,-638.25,12.48,181.15,0.0,1.93,0.0,0.0,0.01,12.0,40.16
2025-12-19,13,Ferreira do Zêzere,12.5,81.0,3.9,0.1,N,670.3,42.3,159.49,65.21,0.65,0.2,0.0,0.2,,,,,,,,,,,,40.25
2025-12-19,14,Ferreira do Zêzere,13.8,70.0,5.0,0.64,NW,1396.2,36.88,127.91,68.89,0.78,0.24,0.0,0.24,,,,,,,,,,,,40.64
2025-12-19,15,Ferreira do Zêzere,14.0,63.0,4.9,0.15,NW,359.7,30.56,116.87,73.45,0.91,0.28,0.0,0.28,,,,,,,,,,,,39.93
2025-12-19,16,Ferreira do Zêzere,13.5,63.0,4.4,0.27,NW,259.9,26.7,120.22,76.4,1.04,0.32,0.0,0.32,,,,,,,,,,,,36.57
2025-12-19,17,Ferreira do Zêzere,12.4,67.0,3.2,0.26,NW,142.6,24.85,134.42,77.86,1.09,0.34,0.0,0.34,,,,,,,,,,,,36.83
2025-12-19,18,Ferreira do Zêzere,10.7,74.0,2.8,0.34,NW,9.2,24.6,153.48,78.06,1.09,0.33,0.0,0.33,,,,,,,,,,,,34.41
2025-12-19,19,Ferreira do Zêzere,9.6,80.0,2.2,0.25,---,1.2,24.83,172.28,77.88,1.04,0.32,0.0,0.32,,,,,,,,,,,,32.76
2025-12-19,21,Ferreira do Zêzere,7.9,89.0,0.5,0.17,N,2.3,24.93,211.38,77.8,0.95,0.29,0.0,0.29,,,,,,,,,,,,30.02
2025-12-19,22,Ferreira do Zêzere,8.8,87.0,2.6,0.43,N,2.0,24.64,191.03,78.03,1.08,0.33,0.0,0.33,,,,,,,,,,,,30.25
2025-12-19,23,Ferreira do Zêzere,9.3,85.0,2.6,0.23,N,3.8,24.4,183.97,78.22,1.09,0.34,0.0,0.34,,,,,,,,,,,,29.88
2025-12-20,0,Ferreira do Zêzere,9.5,85.0,2.8,0.1,N,3.5,24.11,179.66,78.46,1.13,0.35,0.0,0.35,,,,,,,,,,,,27.38
2025-12-20,1,Ferreira do Zêzere,8.8,88.0,1.8,0.1,N,3.2,24.01,192.01,78.54,1.08,0.33,0.0,0.33,,,,,,,,,,,,21.28
2025-12-20,2,Ferreira do Zêzere,7.9,91.0,1.7,0.3,N,2.2,24.12,196.95,78.45,1.07,0.33,0.0,0.33,,,,,,,,,,,,13.98
2025-12-20,3,Ferreira do Zêzere,8.2,90.0,2.1,0.6,---,2.3,23.9,191.08,78.63,1.11,0.34,0.0,0.34,,,,,,,,,,,,13.58
2025-12-20,4,Ferreira do Zêzere,8.3,88.0,1.8,0.15,N,2.4,23.7,184.65,78.79,1.11,0.34,0.0,0.34,,,,,,,,,,,,12.53
2025-12-20,5,Ferreira do Zêzere,6.2,94.0,0.6,0.22,W,162.6,23.84,209.54,78.67,1.03,0.32,0.0,0.32,,,,,,,,,,,,11.65
2025-12-20,6,Ferreira do Zêzere,4.9,98.0,0.7,0.1,W,568.0,23.58,218.28,78.89,1.06,0.32,0.0,0.32,,,,,,,,,,,,9.85
2025-12-20,7,Ferreira do Zêzere,4.0,99.0,0.3,0.1,N,436.1,23.39,215.87,79.04,1.05,0.32,0.0,0.32,,,,,,,,,,,,7.95
2025-12-20,8,Ferreira do Zêzere,3.5,99.0,0.6,0.2,E,355.8,23.52,212.61,78.93,1.05,0.32,0.0,0.32,,,,,,,,,,,,7.25
2025-12-20,9,Ferreira do Zêzere,3.7,99.0,0.6,0.1,NW,505.3,22.96,207.51,79.39,1.1,0.34,0.0,0.34,,,,,,,,,,,,6.25
2025-12-20,10,Ferreira do Zêzere,6.3,99.0,0.5,0.2,SE,425.7,21.69,202.08,80.43,1.22,0.37,0.0,0.37,,,,,,,,,,,,5.41
2025-12-20,11,Ferreira do Zêzere,9.2,89.0,1.0,0.3,S,1035.9,20.4,169.56,81.51,1.41,0.43,0.01,0.43,,,,,,,,,,,,5.41
2025-12-20,12,Ferreira do Zêzere,11.9,78.0,3.4,1.45,S,1033.2,19.38,134.22,82.37,1.77,0.54,0.01,0.54,22.09,1.0,-638.13,22.09,142.46,0.0,1.93,0.0,0.0,0.01,12.0,6.76
2025-12-20,13,Ferreira do Zêzere,12.9,79.0,2.7,1.86,S,614.9,20.48,141.44,81.44,1.53,0.47,0.01,0.47,,,,,,,,,,,,8.52
2025-12-20,14,Ferreira do Zêzere,12.6,91.0,2.0,1.2,SW,671.2,47.82,180.37,61.68,0.5,0.15,0.0,0.15,,,,,,,,,,,,9.08
2025-12-20,15,Ferreira do Zêzere,12.1,95.0,1.1,1.2,SE,819.6,49.7,202.92,60.53,0.45,0.14,0.0,0.14,,,,,,,,,,,,10.13
2025-12-20,16,Ferreira do Zêzere,12.6,93.0,1.3,0.59,NW,471.8,44.05,194.33,64.07,0.54,0.17,0.0,0.17,,,,,,,,,,,,10.45
2025-12-20,17,Ferreira do Zêzere,12.1,94.0,0.9,0.17,W,161.2,42.58,200.44,65.03,0.55,0.17,0.0,0.17,,,,,,,,,,,,10.36
2025-12-20,18,Ferreira do Zêzere,10.9,96.0,0.4,0.1,SE,185.8,42.61,210.74,65.01,0.54,0.16,0.0,0.16,,,,,,,,,,,,10.12
2025-12-20,19,Ferreira do Zêzere,9.9,98.0,0.4,0.18,NE,606.7,42.61,218.18,65.01,0.54,0.16,0.0,0.16,,,,,,,,,,,,10.05
2025-12-20,20,Ferreira do Zêzere,9.1,99.0,0.9,0.76,E,469.9,42.75,223.38,64.92,0.55,0.17,0.0,0.17,,,,,,,,,,,,10.81
2025-12-20,21,Ferreira do Zêzere,9.1,99.0,1.8,1.8,SE,385.6,51.32,226.13,59.55,0.44,0.13,0.0,0.13,,,,,,,,,,,,12.44
2025-12-20,22,Ferreira do Zêzere,9.6,99.0,2.1,0.1,S,524.5,51.45,225.18,59.47,0.44,0.13,0.0,0.13,,,,,,,,,,,,12.11
2025-12-20,23,Ferreira do Zêzere,10.1,99.0,1.6,0.7,S,415.8,54.19,226.35,57.85,0.38,0.12,0.0,0.12,,,,,,,,,,,,12.58
2025-12-21,0,Ferreira do Zêzere,10.1,99.0,2.4,0.9,SW,516.3,54.3,234.77,57.79,0.4,0.12,0.0,0.12,,,,,,,,,,,,13.38
2025-12-21,1,Ferreira do Zêzere,10.0,98.0,5.5,3.4,NW,540.3,55.89,229.13,56.87,0.43,0.13,0.0,0.13,,,,,,,,,,,,16.68
2025-12-21,2,Ferreira do Zêzere,8.7,92.0,0.7,0.9,SW,587.6,54.9,213.65,57.44,0.35,0.11,0.0,0.11,,,,,,,,,,,,17.28
2025-12-21,3,Ferreira do Zêzere,7.6,97.0,1.3,0.5,NW,620.1,56.5,230.76,56.52,0.34,0.1,0.0,0.1,,,,,,,,,,,,17.18
2025-12-21,4,Ferreira do Zêzere,7.8,98.0,1.0,0.68,S,651.2,55.62,236.08,57.02,0.35,0.11,0.0,0.11,,,,,,,,,,,,17.71
2025-12-21,5,Ferreira do Zêzere,7.4,98.0,3.0,1.3,NW,576.6,57.29,234.31,56.07,0.36,0.11,0.0,0.11,,,,,,,,,,,,18.79
2025-12-21,6,Ferreira do Zêzere,6.5,94.0,1.1,0.2,SE,608.1,56.5,221.59,56.52,0.34,0.1,0.0,0.1,,,,,,,,,,,,18.89
2025-12-21,7,Ferreira do Zêzere,4.6,98.0,0.5,0.28,E,526.1,56.87,239.07,56.31,0.32,0.1,0.0,0.1,,,,,,,,,,,,19.07
2025-12-21,8,Ferreira do Zêzere,4.2,99.0,0.5,0.8,E,439.0,57.18,243.06,56.13,0.32,0.1,0.0,0.1,,,,,,,,,,,,19.67
2025-12-21,9,Ferreira do Zêzere,4.8,99.0,1.3,0.1,NE,437.8,56.9,242.21,56.29,0.33,0.1,0.0,0.1,,,,,,,,,,,,19.67
2025-12-21,10,Ferreira do Zêzere,7.1,96.0,1.1,0.1,E,729.9,54.52,229.12,57.66,0.37,0.11,0.0,0.11,,,,,,,,,,,,19.57
2025-12-21,11,Ferreira do Zêzere,8.0,94.0,1.1,0.2,W,719.1,53.64,220.63,58.17,0.38,0.12,0.0,0.12,,,,,,,,,,,,19.47
2025-12-21,12,Ferreira do Zêzere,9.4,83.0,0.9,0.85,W,1094.1,51.66,186.12,59.34,0.41,0.13,0.0,0.13,12.35,1.0,-642.44,12.35,181.73,0.0,1.93,0.0,0.0,0.01,12.0,18.87
2025-12-21,13,Ferreira do Zêzere,9.1,81.0,2.8,1.8,NW,916.3,54.77,170.17,57.51,0.4,0.12,0.0,0.12,,,,,,,,,,,,18.81
2025-12-21,14,Ferreira do Zêzere,6.8,90.0,2.6,2.2,W,619.6,50.53,201.79,60.02,0.47,0.14,0.0,0.14,,,,,,,,,,,,19.81
2025-12-21,15,Ferreira do Zêzere,7.1,89.0,0.6,0.25,SE,988.9,47.97,208.27,61.59,0.46,0.14,0.0,0.14,,,,,,,,,,,,18.86
2025-12-21,16,Ferreira do Zêzere,8.0,85.0,2.0,0.98,NW,387.1,43.32,186.9,64.55,0.57,0.18,0.0,0.18,,,,,,,,,,,,19.25
2025-12-21,17,Ferreira do Zêzere,7.7,92.0,0.5,0.1,N,573.5,46.21,217.45,62.69,0.49,0.15,0.0,0.15,,,,,,,,,,,,19.18
2025-12-21,18,Ferreira do Zêzere,6.9,94.0,2.1,0.2,NW,652.4,53.79,217.94,58.08,0.4,0.12,0.0,0.12,,,,,,,,,,,,19.28
2025-12-21,19,Ferreira do Zêzere,6.3,93.0,0.8,0.37,N,628.7,52.99,220.17,58.55,0.39,0.12,0.0,0.12,,,,,,,,,,,,19.47
2025-12-21,20,Ferreira do Zêzere,5.0,97.0,1.1,0.1,NE,651.4,52.98,233.67,58.56,0.39,0.12,0.0,0.12,,,,,,,,,,,,18.81
2025-12-21,21,Ferreira do Zêzere,3.5,98.0,0.2,0.1,SW,675.0,52.66,238.71,58.75,0.38,0.12,0.0,0.12,,,,,,,,,,,,17.11
2025-12-21,22,Ferreira do Zêzere,2.8,99.0,0.8,3.2,NE,606.3,51.71,243.29,59.31,0.41,0.12,0.0,0.12,,,,,,,,,,,,20.21
2025-12-21,23,Ferreira do Zêzere,2.9,99.0,0.9,0.1,NW,426.6,51.83,242.79,59.24,0.41,0.12,0.0,0.12,,,,,,,,,,,,19.61
2025-12-22,0,Ferreira do Zêzere,1.9,100.0,1.3,0.1,SE,400.3,50.43,250.0,60.08,0.44,0.13,0.0,0.13,,,,,,,,,,,,18.81
2025-12-22,1,Ferreira do Zêzere,1.1,100.0,0.3,0.1,S,359.3,50.61,250.0,59.98,0.41,0.13,0.0,0.13,,,,,,,,,,,,15.51
2025-12-22,2,Ferreira do Zêzere,1.2,100.0,0.7,0.39,N,332.4,51.43,250.0,59.48,0.41,0.13,0.0,0.13,,,,,,,,,,,,15.0
2025-12-22,3,Ferreira do Zêzere,1.1,100.0,3.4,0.3,N,298.4,57.86,250.0,55.75,0.35,0.11,0.0,0.11,,,,,,,,,,,,14.8
2025-12-22,4,Ferreira do Zêzere,2.3,100.0,1.4,0.3,SE,321.6,56.97,250.0,56.25,0.33,0.1,0.0,0.1,,,,,,,,,,,,14.42
2025-12-22,5,Ferreira do Zêzere,1.8,100.0,1.3,0.79,NE,369.3,57.35,250.0,56.04,0.33,0.1,0.0,0.1,,,,,,,,,,,,13.91
2025-12-22,6,Ferreira do Zêzere,2.5,100.0,0.8,0.2,SW,341.5,57.96,250.0,55.69,0.31,0.09,0.0,0.09,,,,,,,,,,,,13.91
2025-12-22,7,Ferreira do Zêzere,3.3,100.0,1.8,0.7,S,325.0,58.0,250.0,55.67,0.32,0.1,0.0,0.1,,,,,,,,,,,,14.33
2025-12-22,8,Ferreira do Zêzere,2.9,100.0,0.6,0.51,W,364.4,58.26,250.0,55.53,0.3,0.09,0.0,0.09,,,,,,,,,,,,14.04
2025-12-22,9,Ferreira do Zêzere,3.3,100.0,0.4,0.85,E,449.3,58.14,250.0,55.59,0.3,0.09,0.0,0.09,,,,,,,,,,,,14.79
2025-12-22,10,Ferreira do Zêzere,4.2,100.0,0.8,0.89,S,501.0,56.86,250.0,56.32,0.33,0.1,0.0,0.1,,,,,,,,,,,,15.58
2025-12-22,11,Ferreira do Zêzere,5.0,100.0,0.6,0.2,NW,610.1,50.16,250.0,60.25,0.43,0.13,0.0,0.13,,,,,,,,,,,,15.58
2025-12-22,12,Ferreira do Zêzere,5.9,100.0,1.1,0.2,---,942.8,43.86,250.0,64.2,0.54,0.17,0.0,0.17,1.12,1.0,-646.04,1.12,242.66,0.0,1.93,0.0,0.0,0.01,12.0,14.93
2025-12-22,13,Ferreira do Zêzere,7.1,100.0,1.3,0.3,E,811.5,39.2,250.0,67.29,0.61,0.19,0.0,0.19,,,,,,,,,,,,13.43
2025-12-22,14,Ferreira do Zêzere,9.0,95.0,0.8,0.9,SE,1058.9,33.5,228.11,71.29,0.68,0.21,0.0,0.21,,,,,,,,,,,,12.13
2025-12-22,15,Ferreira do Zêzere,11.1,84.0,0.7,0.92,S,557.6,30.46,190.22,73.53,0.74,0.23,0.0,0.23,,,,,,,,,,,,12.8
2025-12-22,16,Ferreira do Zêzere,11.6,80.0,1.6,0.2,W,343.2,29.11,171.28,74.54,0.81,0.25,0.0,0.25,,,,,,,,,,,,12.02
2025-12-22,17,Ferreira do Zêzere,10.9,83.0,1.0,0.21,W,102.2,28.28,185.1,75.18,0.81,0.25,0.0,0.25,,,,,,,,,,,,12.13
2025-12-22,18,Ferreira do Zêzere,9.9,92.0,0.6,0.5,W,504.7,29.27,217.48,74.42,0.77,0.23,0.0,0.23,,,,,,,,,,,,12.43
2025-12-22,19,Ferreira do Zêzere,9.4,97.0,1.1,3.8,S,554.1,44.79,235.21,63.6,0.53,0.16,0.0,0.16,,,,,,,,,,,,15.86
2025-12-22,20,Ferreira do Zêzere,9.1,99.0,1.7,0.2,E,581.5,53.11,244.35,58.48,0.4,0.12,0.0,0.12,,,,,,,,,,,,15.96
2025-12-22,21,Ferreira do Zêzere,9.1,99.0,2.1,0.8,SE,571.7,53.37,244.05,58.33,0.41,0.12,0.0,0.12,,,,,,,,,,,,16.66
2025-12-22,22,Ferreira do Zêzere,8.6,99.0,0.7,0.2,W,560.6,53.72,245.42,58.13,0.37,0.11,0.0,0.11,,,,,,,,,,,,13.66
2025-12-22,23,Ferreira do Zêzere,8.3,99.0,1.6,2.2,E,567.9,53.26,244.6,58.4,0.4,0.12,0.0,0.12,,,,,,,,,,,,15.76
2025-12-23,0,Ferreira do Zêzere,8.9,99.0,0.9,1.4,SE,418.7,53.07,245.14,58.51,0.39,0.12,0.0,0.12,,,,,,,,,,,,17.06
2025-12-23,1,Ferreira do Zêzere,8.8,100.0,0.4,0.7,W,424.5,55.12,250.0,57.31,0.35,0.11,0.0,0.11,,,,,,,,,,,,17.66
2025-12-23,2,Ferreira do Zêzere,9.0,100.0,0.9,0.8,SE,516.6,55.58,250.0,57.05,0.35,0.11,0.0,0.11,,,,,,,,,,,,18.07
2025-12-23,3,Ferreira do Zêzere,9.0,100.0,1.2,0.45,S,452.5,55.76,250.0,56.94,0.35,0.11,0.0,0.11,,,,,,,,,,,,18.22
2025-12-23,4,Ferreira do Zêzere,8.8,100.0,0.7,0.1,W,397.7,56.82,250.0,56.34,0.32,0.1,0.0,0.1,,,,,,,,,,,,18.02
2025-12-23,5,Ferreira do Zêzere,9.4,100.0,1.3,3.3,S,390.9,57.94,250.0,55.71,0.32,0.1,0.0,0.1,,,,,,,,,,,,20.53
2025-12-23,6,Ferreira do Zêzere,9.4,100.0,0.6,0.32,W,489.1,57.5,250.0,55.95,0.31,0.1,0.0,0.1,,,,,,,,,,,,20.65
2025-12-23,7,Ferreira do Zêzere,9.7,100.0,0.4,0.2,S,488.3,57.12,250.0,56.17,0.32,0.1,0.0,0.1,,,,,,,,,,,,20.15
2025-12-23,8,Ferreira do Zêzere,9.8,100.0,1.1,0.14,SW,469.0,57.1,250.0,56.18,0.33,0.1,0.0,0.1,,,,,,,,,,,,19.78
2025-12-23,9,Ferreira do Zêzere,9.9,100.0,1.0,0.42,SW,485.4,57.29,250.0,56.07,0.32,0.1,0.0,0.1,,,,,,,,,,,,19.35
2025-12-23,10,Ferreira do Zêzere,10.3,100.0,0.7,0.1,SW,643.9,58.36,250.0,55.47,0.3,0.09,0.0,0.09,,,,,,,,,,,,18.56
2025-12-23,11,Ferreira do Zêzere,10.8,100.0,0.7,0.2,SW,704.4,56.98,250.0,56.25,0.32,0.1,0.0,0.1,,,,,,,,,,,,18.56
2025-12-23,12,Ferreira do Zêzere,11.5,100.0,1.2,0.1,SW,961.3,54.43,250.0,57.71,0.37,0.11,0.0,0.11,0.0,1.0,-649.73,0.0,250.0,0.0,1.93,0.0,0.0,0.01,12.0,18.46
2025-12-23,13,Ferreira do Zêzere,12.4,100.0,0.3,1.0,SW,879.9,56.13,250.0,56.73,0.33,0.1,0.0,0.1,,,,,,,,,,,,19.16
2025-12-23,14,Ferreira do Zêzere,13.5,95.0,1.1,2.1,NW,1165.8,46.16,222.8,62.72,0.5,0.15,0.0,0.15,,,,,,,,,,,,20.36
2025-12-23,15,Ferreira do Zêzere,14.7,81.0,5.2,0.2,NW,580.9,39.78,148.5,66.9,0.74,0.23,0.0,0.23,,,,,,,,,,,,19.64
2025-12-23,16,Ferreira do Zêzere,14.0,75.0,5.0,0.5,NW,214.7,36.46,136.78,69.18,0.78,0.24,0.0,0.24,,,,,,,,,,,,19.94
2025-12-23,17,Ferreira do Zêzere,12.9,77.0,4.2,0.96,NW,101.5,33.68,147.38,71.16,0.8,0.25,0.0,0.25,,,,,,,,,,,,20.69
2025-12-23,18,Ferreira do Zêzere,10.8,83.0,2.3,0.27,NW,10.4,32.51,176.59,72.01,0.75,0.23,0.0,0.23,,,,,,,,,,,,20.46
2025-12-23,19,Ferreira do Zêzere,9.4,85.0,1.6,0.44,NE,2.6,31.98,189.14,72.4,0.74,0.23,0.0,0.23,,,,,,,,,,,,17.1
2025-12-23,21,Ferreira do Zêzere,7.4,93.0,1.9,0.15,NW,3.7,31.77,217.21,72.55,0.75,0.23,0.0,0.23,,,,,,,,,,,,16.25
2025-12-23,22,Ferreira do Zêzere,7.0,95.0,1.8,0.2,N,3.6,31.65,226.04,72.64,0.75,0.23,0.0,0.23,,,,,,,,,,,,16.25
2025-12-23,23,Ferreira do Zêzere,6.3,95.0,1.5,0.5,N,53.2,31.51,227.53,72.74,0.74,0.23,0.0,0.23,,,,,,,,,,,,14.55
2025-12-24,0,Ferreira do Zêzere,5.1,98.0,0.9,0.27,NW,592.0,31.48,226.91,72.77,0.72,0.22,0.0,0.22,,,,,,,,,,,,13.42
2025-12-24,1,Ferreira do Zêzere,4.3,99.0,0.3,0.1,SW,410.2,31.53,230.47,72.73,0.7,0.21,0.0,0.21,,,,,,,,,,,,12.82
2025-12-24,3,Ferreira do Zêzere,3.2,99.0,0.4,0.15,SE,365.9,32.44,228.43,72.06,0.68,0.21,0.0,0.21,,,,,,,,,,,,11.72
2025-12-24,4,Ferreira do Zêzere,2.8,100.0,0.6,0.38,N,392.8,32.58,232.09,71.96,0.69,0.21,0.0,0.21,,,,,,,,,,,,12.0
2025-12-24,6,Ferreira do Zêzere,1.5,100.0,2.2,0.1,---,393.3,32.61,222.99,71.94,0.75,0.23,0.0,0.23,,,,,,,,,,,,8.48
2025-12-24,7,Ferreira do Zêzere,2.1,100.0,1.3,0.1,NE,359.9,32.56,222.64,71.97,0.71,0.22,0.0,0.22,,,,,,,,,,,,8.38
2025-12-24,8,Ferreira do Zêzere,1.9,100.0,1.1,0.12,E,350.6,32.58,222.57,71.96,0.71,0.22,0.0,0.22,,,,,,,,,,,,8.36
2025-12-24,9,Ferreira do Zêzere,2.5,100.0,1.1,0.1,NE,581.9,31.52,221.41,72.74,0.73,0.22,0.0,0.22,,,,,,,,,,,,8.04
2025-12-24,10,Ferreira do Zêzere,6.3,97.0,1.0,0.1,---,638.4,27.53,210.14,75.76,0.84,0.26,0.0,0.26,,,,,,,,,,,,8.04
2025-12-24,12,Ferreira do Zêzere,11.7,72.0,2.3,0.1,N,1471.6,20.13,133.02,81.74,1.55,0.48,0.01,0.48,20.13,1.0,-649.95,20.13,149.58,0.0,1.93,0.0,0.0,0.01,12.0,7.84
2025-12-24,13,Ferreira do Zêzere,13.0,62.0,2.6,0.66,N,1621.2,17.87,113.39,83.67,2.01,0.62,0.01,0.62,,,,,,,,,,,,7.5
2025-12-24,15,Ferreira do Zêzere,14.1,58.0,1.5,0.74,NE,386.6,15.95,107.57,85.36,2.39,0.73,0.02,0.73,,,,,,,,,,,,5.94
2025-12-24,16,Ferreira do Zêzere,13.6,59.0,1.2,0.41,NE,269.4,15.6,111.6,85.67,2.46,0.75,0.02,0.75,,,,,,,,,,,,5.85
2025-12-24,17,Ferreira do Zêzere,12.9,67.0,2.0,3.0,NW,92.3,16.1,123.99,85.22,2.4,0.74,0.02,0.74,,,,,,,,,,,,7.89
2025-12-24,18,Ferreira do Zêzere,11.1,77.0,1.4,1.1,N,9.2,16.48,150.33,84.89,2.23,0.68,0.01,0.68,,,,,,,,,,,,8.72
2025-12-24,19,Ferreira do Zêzere,9.4,86.0,0.7,1.62,N,2.6,17.01,181.18,84.42,2.02,0.62,0.01,0.62,,,,,,,,,,,,9.9
2025-12-24,20,Ferreira do Zêzere,6.7,96.0,0.7,1.55,NE,41.2,17.34,216.29,84.13,1.94,0.59,0.01,0.59,,,,,,,,,,,,11.45
2025-12-24,21,Ferreira do Zêzere,5.5,98.0,0.8,0.91,SE,667.2,17.79,224.95,83.74,1.85,0.57,0.01,0.57,,,,,,,,,,,,12.21
2025-12-24,22,Ferreira do Zêzere,4.8,99.0,1.2,0.62,N,573.6,18.07,229.17,83.5,1.83,0.56,0.01,0.56,,,,,,,,,,,,12.63
2025-12-24,23,Ferreira do Zêzere,4.2,99.0,1.4,0.4,NW,568.5,18.4,228.94,83.21,1.78,0.55,0.01,0.55,,,,,,,,,,,,12.53
2025-12-25,0,Ferreira do Zêzere,3.4,99.0,0.9,0.41,NW,561.7,18.64,229.87,83.01,1.69,0.52,0.01,0.52,,,,,,,,,,,,12.67
2025-12-25,1,Ferreira do Zêzere,2.8,99.0,0.9,0.97,NE,556.8,18.92,231.37,82.77,1.64,0.5,0.01,0.5,,,,,,,,,,,,13.54
2025-12-25,2,Ferreira do Zêzere,2.2,99.0,0.9,0.37,E,572.1,19.07,232.0,82.64,1.61,0.49,0.01,0.49,,,,,,,,,,,,13.91
2025-12-25,3,Ferreira do Zêzere,2.0,99.0,0.4,0.1,NE,572.4,19.07,232.44,82.64,1.57,0.48,0.01,0.48,,,,,,,,,,,,13.86
2025-12-25,4,Ferreira do Zêzere,1.6,99.0,0.8,0.1,NE,582.1,19.1,231.67,82.61,1.6,0.49,0.01,0.49,,,,,,,,,,,,13.58
2025-12-25,5,Ferreira do Zêzere,1.3,100.0,0.7,0.1,E,570.0,19.36,235.2,82.39,1.55,0.47,0.01,0.47,,,,,,,,,,,,13.68
2025-12-25,6,Ferreira do Zêzere,1.1,100.0,0.9,0.1,NE,576.6,19.47,235.2,82.3,1.55,0.47,0.01,0.47,,,,,,,,,,,,13.68
2025-12-25,7,Ferreira do Zêzere,0.8,100.0,0.3,0.1,NE,575.8,19.62,235.2,82.17,1.48,0.45,0.01,0.45,,,,,,,,,,,,13.68
2025-12-25,9,Ferreira do Zêzere,1.2,100.0,0.5,0.1,W,568.0,18.95,235.01,82.74,1.6,0.49,0.01,0.49,,,,,,,,,,,,13.56
2025-12-25,10,Ferreira do Zêzere,4.7,99.0,0.9,0.1,SE,801.0,16.98,231.14,84.45,2.05,0.63,0.01,0.63,,,,,,,,,,,,13.56
2025-12-25,12,Ferreira do Zêzere,10.3,70.0,0.9,0.26,NW,1575.7,14.24,150.77,86.89,2.87,0.88,0.02,0.88,19.84,1.0,-652.29,19.84,150.66,0.0,1.93,0.0,0.0,0.01,12.0,13.72
2025-12-25,13,Ferreira do Zêzere,12.2,54.0,0.7,0.94,NE,1074.8,13.7,125.54,87.38,3.05,0.94,0.02,0.94,,,,,,,,,,,,14.0
2025-12-25,14,Ferreira do Zêzere,12.8,49.0,0.9,0.1,W,970.7,12.93,116.53,88.09,3.41,1.23,0.04,1.23,,,,,,,,,,,,14.1
2025-12-25,15,Ferreira do Zêzere,12.5,53.0,1.8,0.1,NW,515.5,12.19,115.48,88.77,3.94,1.71,0.07,1.71,,,,,,,,,,,,13.46
2025-12-25,16,Ferreira do Zêzere,12.4,56.0,2.1,0.65,NW,404.6,12.03,117.75,88.92,4.08,1.83,0.08,1.83,,,,,,,,,,,,13.7
2025-12-25,17,Ferreira do Zêzere,11.6,63.0,2.4,0.28,NW,121.4,12.19,124.74,88.77,4.06,1.81,0.08,1.81,,,,,,,,,,,,10.98
2025-12-25,18,Ferreira do Zêzere,9.4,75.0,1.1,0.38,NW,10.2,12.32,155.49,88.65,3.74,1.54,0.06,1.54,,,,,,,,,,,,10.26
2025-12-25,19,Ferreira do Zêzere,6.8,87.0,1.5,0.45,N,1.2,12.59,180.8,88.4,3.68,1.49,0.06,1.49,,,,,,,,,,,,9.09
2025-12-25,21,Ferreira do Zêzere,4.3,90.0,0.8,0.1,NW,1.4,12.91,187.59,88.11,3.4,1.22,0.04,1.22,,,,,,,,,,,,6.73
2025-12-25,22,Ferreira do Zêzere,3.1,93.0,0.8,0.1,N,1.2,13.03,193.6,88.0,3.35,1.16,0.04,1.16,,,,,,,,,,,,6.21
2025-12-25,23,Ferreira do Zêzere,1.8,96.0,0.5,0.4,N,2.9,13.17,202.97,87.87,3.24,0.99,0.03,0.99,,,,,,,,,,,,6.21
2025-12-26,0,Ferreira do Zêzere,1.0,98.0,1.5,0.42,NW,628.7,13.42,209.87,87.64,3.3,1.08,0.03,1.08,,,,,,,,,,,,6.22
2025-12-26,1,Ferreira do Zêzere,0.8,98.0,0.9,0.18,N,758.6,13.78,206.46,87.31,3.05,0.93,0.02,0.93,,,,,,,,,,,,5.43
2025-12-26,2,Ferreira do Zêzere,2.86,98.0,1.3,0.1,NE,50.0,14.16,203.9,86.96,2.96,0.91,0.02,0.91,,,,,,,,,,,,5.16
2025-12-26,3,Ferreira do Zêzere,2.4,99.0,0.3,0.16,W,2.0,14.49,208.43,86.66,2.7,0.83,0.02,0.83,,,,,,,,,,,,5.22
2025-12-26,4,Ferreira do Zêzere,2.32,99.0,0.9,0.13,NE,1.8,14.81,208.08,86.38,2.67,0.82,0.02,0.82,,,,,,,,,,,,5.25
2025-12-26,6,Ferreira do Zêzere,2.35,99.0,0.7,0.1,NE,1.1,15.38,207.61,85.86,2.46,0.75,0.02,0.75,,,,,,,,,,,,5.15
2025-12-26,7,Ferreira do Zêzere,2.22,99.0,1.0,0.1,N,1.0,15.9,207.4,85.4,2.34,0.72,0.02,0.72,,,,,,,,,,,,5.15
2025-12-26,9,Ferreira do Zêzere,2.3,99.0,0.6,0.1,E,658.7,16.8,207.7,84.61,2.06,0.63,0.01,0.63,,,,,,,,,,,,5.15
2025-12-26,10,Ferreira do Zêzere,2.1,96.0,0.4,0.1,SW,867.1,16.13,200.37,85.2,2.21,0.68,0.01,0.68,,,,,,,,,,,,5.15
2025-12-26,11,Ferreira do Zêzere,5.0,85.0,1.0,0.1,SW,1250.0,14.97,170.59,86.23,2.63,0.81,0.02,0.81,,,,,,,,,,,,5.25
2025-12-26,12,Ferreira do Zêzere,7.6,82.0,1.1,0.41,SW,1449.9,13.91,160.8,87.19,3.03,0.93,0.02,0.93,17.84,1.0,-652.46,17.84,158.39,0.0,1.93,0.0,0.0,0.01,12.0,5.4
2025-12-26,13,Ferreira do Zêzere,10.1,71.0,1.5,0.46,S,1617.1,13.18,132.73,87.86,3.4,1.22,0.04,1.22,,,,,,,,,,,,4.92
2025-12-26,14,Ferreira do Zêzere,11.2,61.0,2.0,0.8,SW,1150.8,12.66,116.77,88.34,3.74,1.54,0.06,1.54,,,,,,,,,,,,5.62
2025-12-26,15,Ferreira do Zêzere,10.8,61.0,1.2,0.4,S,345.3,12.09,123.09,88.87,3.87,1.66,0.07,1.66,,,,,,,,,,,,5.92
2025-12-26,16,Ferreira do Zêzere,11.1,58.0,1.3,0.35,E,267.8,11.97,117.37,88.98,3.95,1.72,0.07,1.72,,,,,,,,,,,,5.62
2025-12-26,17,Ferreira do Zêzere,10.3,64.0,0.6,0.77,SE,106.4,11.83,133.33,89.11,3.89,1.67,0.07,1.67,,,,,,,,,,,,6.11
2025-12-26,18,Ferreira do Zêzere,6.9,84.0,1.0,0.77,NE,9.2,11.98,170.98,88.97,3.89,1.67,0.07,1.67,,,,,,,,,,,,6.5
2025-12-26,19,Ferreira do Zêzere,4.6,93.0,1.0,0.47,NW,2.4,12.19,195.6,88.77,3.78,1.58,0.06,1.58,,,,,,,,,,,,6.52
2025-12-26,20,Ferreira do Zêzere,3.3,97.0,0.5,0.73,SE,264.2,12.35,212.27,88.63,3.61,1.43,0.05,1.43,,,,,,,,,,,,7.25
2025-12-26,21,Ferreira do Zêzere,2.3,98.0,0.9,0.26,NW,727.1,12.45,215.3,88.53,3.63,1.45,0.05,1.45,,,,,,,,,,,,7.41
2025-12-26,22,Ferreira do Zêzere,1.7,98.0,0.4,0.4,W,728.4,12.54,217.38,88.45,3.5,1.33,0.05,1.33,,,,,,,,,,,,7.71
2025-12-27,0,Ferreira do Zêzere,0.6,99.0,0.4,1.0,N,77.9,12.73,205.94,88.27,3.41,1.24,0.04,1.24,,,,,,,,,,,,7.89
2025-12-27,1,Ferreira do Zêzere,0.4,98.0,0.9,0.64,NW,129.5,12.79,204.85,88.22,3.47,1.3,0.04,1.3,,,,,,,,,,,,8.35
2025-12-27,3,Ferreira do Zêzere,2.1,89.0,0.6,0.87,N,481.0,13.06,186.03,87.97,3.3,1.09,0.03,1.09,,,,,,,,,,,,8.96
2025-12-27,4,Ferreira do Zêzere,2.46,94.0,0.8,0.1,NW,151.6,13.18,195.99,87.86,3.28,1.06,0.03,1.06,,,,,,,,,,,,8.93
2025-12-27,5,Ferreira do Zêzere,0.8,93.0,0.9,1.07,NE,268.4,13.46,197.74,87.6,3.18,0.97,0.03,0.97,,,,,,,,,,,,10.0
2025-12-27,6,Ferreira do Zêzere,0.4,92.0,0.5,0.1,N,115.1,13.88,197.55,87.22,2.95,0.9,0.02,0.9,,,,,,,,,,,,10.0
2025-12-27,7,Ferreira do Zêzere,1.2,95.0,0.6,1.59,SE,552.2,14.35,207.56,86.79,2.79,0.86,0.02,0.86,,,,,,,,,,,,11.49
2025-12-27,8,Ferreira do Zêzere,4.8,85.0,2.6,0.1,E,323.5,14.92,171.53,86.28,2.87,0.88,0.02,0.88,,,,,,,,,,,,11.59
2025-12-27,9,Ferreira do Zêzere,5.9,82.0,3.8,0.25,E,221.8,15.15,159.13,86.07,2.96,0.91,0.02,0.91,,,,,,,,,,,,11.74
2025-12-27,10,Ferreira do Zêzere,7.4,73.0,4.9,0.1,E,576.5,14.02,136.1,87.09,3.62,1.44,0.05,1.44,,,,,,,,,,,,11.74
2025-12-27,11,Ferreira do Zêzere,6.58,74.09,4.98,3.45,E,987.97,13.09,143.59,87.94,4.1,1.84,0.08,1.84,,,,,,,,,,,,15.09
2025-12-27,12,Ferreira do Zêzere,10.6,61.0,5.6,2.93,E,1297.7,12.48,114.82,88.5,4.59,2.2,0.11,2.2,29.37,1.0,-655.95,29.37,118.74,0.0,1.93,0.0,0.0,0.01,12.0,17.61
2025-12-27,13,Ferreira do Zêzere,11.8,56.0,4.0,1.76,E,1455.2,11.82,111.22,89.12,4.62,2.23,0.11,2.23,,,,,,,,,,,,18.91
2025-12-27,14,Ferreira do Zêzere,13.0,51.0,3.7,1.63,E,1269.4,11.3,103.82,89.61,4.88,2.41,0.13,2.41,,,,,,,,,,,,19.74
2025-12-27,15,Ferreira do Zêzere,12.9,52.0,4.4,0.17,E,453.3,10.89,102.74,89.99,5.35,2.73,0.16,2.73,,,,,,,,,,,,19.51
2025-12-27,16,Ferreira do Zêzere,12.9,53.0,3.2,0.1,E,380.7,10.91,107.75,89.97,5.02,2.51,0.14,2.51,,,,,,,,,,,,19.26
2025-12-27,17,Ferreira do Zêzere,12.6,54.0,3.4,0.29,E,111.1,10.99,108.73,89.9,5.02,2.5,0.14,2.5,,,,,,,,,,,,18.78
2025-12-27,18,Ferreira do Zêzere,12.4,55.0,3.8,0.66,E,6.0,11.14,108.92,89.76,5.01,2.5,0.14,2.5,,,,,,,,,,,,18.67
2025-12-27,19,Ferreira do Zêzere,12.5,55.0,3.8,1.06,E,2.1,11.29,108.89,89.62,4.91,2.43,0.13,2.43,,,,,,,,,,,,19.26
2025-12-27,20,Ferreira do Zêzere,12.4,57.0,3.8,0.27,E,2.1,11.4,111.17,89.51,4.84,2.38,0.13,2.38,,,,,,,,,,,,18.8
2025-12-27,21,Ferreira do Zêzere,12.1,62.0,2.5,0.32,E,2.1,11.56,123.39,89.36,4.44,2.09,0.1,2.09,,,,,,,,,,,,18.86
2025-12-27,22,Ferreira do Zêzere,11.6,70.0,2.3,0.3,SE,327.9,12.04,137.34,88.91,4.12,1.85,0.08,1.85,,,,,,,,,,,,18.76
2025-12-27,23,Ferreira do Zêzere,10.6,81.0,2.4,0.5,NE,675.0,13.98,161.0,87.13,3.21,0.98,0.03,0.98,,,,,,,,,,,,19.26
2025-12-28,0,Ferreira do Zêzere,10.3,83.0,4.0,0.1,E,668.3,14.24,156.65,86.89,3.36,1.17,0.04,1.17,,,,,,,,,,,,18.36
2025-12-28,1,Ferreira do Zêzere,11.0,79.0,4.2,0.1,E,2.7,14.78,144.51,86.4,3.17,0.97,0.03,0.97,,,,,,,,,,,,17.82
2025-12-28,2,Ferreira do Zêzere,11.1,79.0,4.1,0.1,E,123.5,14.8,144.7,86.39,3.14,0.96,0.03,0.96,,,,,,,,,,,,17.92
2025-12-28,3,Ferreira do Zêzere,11.4,76.0,3.5,0.1,E,1.5,14.84,139.54,86.35,3.03,0.93,0.02,0.93,,,,,,,,,,,,17.15
2025-12-28,4,Ferreira do Zêzere,11.3,77.0,3.5,0.1,E,3.6,15.03,141.73,86.18,2.96,0.91,0.02,0.91,,,,,,,,,,,,17.15
2025-12-28,5,Ferreira do Zêzere,10.7,79.0,3.6,0.16,E,2.3,15.23,146.08,86.0,2.9,0.89,0.02,0.89,,,,,,,,,,,,16.24
2025-12-28,6,Ferreira do Zêzere,10.5,80.0,3.7,0.68,E,1.3,15.45,148.86,85.8,2.84,0.87,0.02,0.87,,,,,,,,,,,,16.82
2025-12-28,7,Ferreira do Zêzere,8.32,88.81,2.87,0.2,NE,0.4,15.65,177.76,85.62,2.65,0.81,0.02,0.81,,,,,,,,,,,,15.43
2025-12-28,8,Ferreira do Zêzere,8.1,90.21,2.21,0.13,NE,1.17,15.93,184.86,85.37,2.48,0.76,0.02,0.76,,,,,,,,,,,,15.46
2025-12-28,9,Ferreira do Zêzere,10.6,78.0,5.3,0.1,E,215.1,15.97,137.65,85.34,2.88,0.88,0.02,0.88,,,,,,,,,,,,15.31
2025-12-28,10,Ferreira do Zêzere,11.9,74.0,4.7,0.37,E,760.3,14.44,128.95,86.71,3.39,1.21,0.04,1.21,,,,,,,,,,,,15.58
2025-12-28,11,Ferreira do Zêzere,13.2,69.0,3.9,0.1,E,1177.9,14.0,116.78,87.11,3.45,1.28,0.04,1.28,,,,,,,,,,,,12.23
2025-12-28,12,Ferreira do Zêzere,14.1,66.0,4.0,0.1,E,1607.4,12.95,105.76,88.07,3.98,1.74,0.07,1.74,33.08,1.0,-656.2,33.08,108.09,0.01,1.93,0.0,0.0,0.01,12.0,9.4
2025-12-28,13,Ferreira do Zêzere,14.1,66.0,3.7,2.58,E,1169.9,12.93,108.15,88.09,3.93,1.7,0.07,1.7,,,,,,,,,,,,10.22
2025-12-28,14,Ferreira do Zêzere,14.3,64.0,3.22,0.1,---,1395.78,12.32,104.09,88.65,4.16,1.88,0.08,1.88,,,,,,,,,,,,8.69
2025-12-28,15,Ferreira do Zêzere,13.54,66.75,4.2,0.1,E,1131.37,11.85,106.02,89.09,4.65,2.25,0.11,2.25,,,,,,,,,,,,8.62
2025-12-28,16,Ferreira do Zêzere,13.34,67.32,2.5,3.18,E,722.22,11.47,118.92,89.45,4.49,2.13,0.1,2.13,,,,,,,,,,,,11.7
2025-12-28,18,Ferreira do Zêzere,12.6,72.0,1.1,1.77,E,10.0,12.02,137.31,88.93,3.89,1.67,0.07,1.67,,,,,,,,,,,,12.52
2025-12-28,19,Ferreira do Zêzere,9.8,83.0,1.3,2.14,N,2.2,12.48,164.74,88.5,3.69,1.51,0.06,1.51,,,,,,,,,,,,13.6
2025-12-28,20,Ferreira do Zêzere,8.0,90.0,1.6,2.35,NE,2.3,12.86,187.13,88.15,3.57,1.39,0.05,1.39,,,,,,,,,,,,15.68
2025-12-28,21,Ferreira do Zêzere,7.3,93.0,1.0,1.7,NW,1.6,13.35,201.69,87.7,3.24,0.99,0.03,0.99,,,,,,,,,,,,17.06
2025-12-28,22,Ferreira do Zêzere,6.9,94.0,0.5,1.39,NW,1.9,13.86,208.98,87.24,2.96,0.91,0.02,0.91,,,,,,,,,,,,18.15
2025-12-28,23,Ferreira do Zêzere,5.4,96.0,1.0,0.56,E,24.6,14.24,214.3,86.89,2.89,0.89,0.02,0.89,,,,,,,,,,,,18.21
2025-12-29,0,Ferreira do Zêzere,4.4,98.0,1.3,1.21,NE,690.4,14.64,232.9,86.53,2.79,0.85,0.02,0.85,,,,,,,,,,,,19.32
2025-12-29,1,Ferreira do Zêzere,4.0,99.0,0.5,1.54,NW,677.2,15.1,238.92,86.12,2.52,0.77,0.02,0.77,,,,,,,,,,,,20.76
2025-12-29,2,Ferreira do Zêzere,3.6,99.0,0.8,0.83,NW,663.4,15.54,239.18,85.72,2.42,0.74,0.02,0.74,,,,,,,,,,,,21.49
2025-12-29,3,Ferreira do Zêzere,2.9,99.0,0.7,0.1,E,641.2,15.81,239.37,85.48,2.33,0.71,0.02,0.71,,,,,,,,,,,,21.49
2025-12-29,4,Ferreira do Zêzere,2.5,99.0,0.6,0.64,E,603.7,16.09,239.89,85.23,2.24,0.69,0.01,0.69,,,,,,,,,,,,22.03
2025-12-29,6,Ferreira do Zêzere,3.1,99.0,1.1,0.1,NE,570.6,16.66,238.86,84.73,2.15,0.66,0.01,0.66,,,,,,,,,,,,21.29
2025-12-29,7,Ferreira do Zêzere,2.3,99.0,0.4,0.1,S,596.8,16.89,239.57,84.53,2.02,0.62,0.01,0.62,,,,,,,,,,,,21.19
2025-12-29,9,Ferreira do Zêzere,2.5,100.0,0.4,0.2,N,680.8,17.02,242.72,84.41,1.98,0.61,0.01,0.61,,,,,,,,,,,,21.16
2025-12-29,10,Ferreira do Zêzere,5.6,99.0,0.5,0.1,W,525.6,15.45,238.8,85.8,2.42,0.74,0.02,0.74,,,,,,,,,,,,20.89
2025-12-29,11,Ferreira do Zêzere,9.3,84.0,1.0,0.81,SE,1153.9,14.04,185.73,87.07,2.96,0.91,0.02,0.91,,,,,,,,,,,,21.6
2025-12-29,12,Ferreira do Zêzere,12.2,73.0,1.2,0.8,S,1463.3,12.82,153.72,88.19,3.51,1.34,0.05,1.34,20.65,1.0,-660.83,20.65,147.65,0.0,1.93,0.0,0.0,0.01,12.0,22.3
2025-12-29,13,Ferreira do Zêzere,14.3,66.0,0.7,0.93,W,1581.3,11.94,139.74,89.01,3.85,1.64,0.07,1.64,,,,,,,,,,,,20.65
2025-12-29,14,Ferreira do Zêzere,15.6,61.0,2.9,1.07,SE,1420.9,11.43,113.97,89.48,4.61,2.22,0.11,2.22,,,,,,,,,,,,21.62
2025-12-29,15,Ferreira do Zêzere,16.1,56.0,1.3,0.4,E,275.7,11.01,114.97,89.88,4.5,2.14,0.1,2.14,,,,,,,,,,,,21.92
2025-12-29,16,Ferreira do Zêzere,16.0,55.0,2.3,0.43,E,212.6,10.76,107.2,90.12,4.89,2.42,0.13,2.42,,,,,,,,,,,,19.17
2025-12-29,18,Ferreira do Zêzere,11.1,84.0,0.5,0.79,E,12.6,10.99,185.22,89.9,4.33,2.02,0.09,2.02,,,,,,,,,,,,18.19
2025-12-29,19,Ferreira do Zêzere,8.8,93.0,1.2,0.99,N,2.1,11.51,209.23,89.41,4.18,1.9,0.09,1.9,,,,,,,,,,,,17.04
2025-12-29,20,Ferreira do Zêzere,7.3,96.0,0.6,0.75,E,3.3,12.01,222.12,88.94,3.8,1.6,0.06,1.6,,,,,,,,,,,,15.44
2025-12-29,21,Ferreira do Zêzere,6.0,98.0,0.9,1.56,E,462.2,12.36,228.96,88.62,3.68,1.49,0.06,1.49,,,,,,,,,,,,15.3
2025-12-29,22,Ferreira do Zêzere,5.2,98.0,0.4,1.52,S,784.7,13.0,230.4,88.02,3.29,1.08,0.03,1.08,,,,,,,,,,,,15.43
2025-12-29,23,Ferreira do Zêzere,4.2,99.0,0.3,1.9,N,685.7,13.48,235.57,87.58,3.08,0.94,0.02,0.94,,,,,,,,,,,,16.77
2025-12-30,0,Ferreira do Zêzere,3.6,99.0,0.3,1.49,E,640.4,14.04,241.96,87.07,2.86,0.88,0.02,0.88,,,,,,,,,,,,17.05
2025-12-30,1,Ferreira do Zêzere,2.9,99.0,0.3,1.78,N,617.0,14.54,242.24,86.62,2.68,0.82,0.02,0.82,,,,,,,,,,,,17.29
2025-12-30,2,Ferreira do Zêzere,2.4,100.0,0.3,0.25,NE,625.9,14.89,244.89,86.3,2.57,0.79,0.02,0.79,,,,,,,,,,,,16.71
2025-12-30,3,Ferreira do Zêzere,1.9,100.0,0.2,0.1,N,615.8,15.35,244.89,85.89,2.41,0.74,0.02,0.74,,,,,,,,,,,,16.71
2025-12-30,4,Ferreira do Zêzere,1.4,100.0,0.3,0.1,NW,619.1,15.85,244.41,85.45,2.28,0.7,0.01,0.7,,,,,,,,,,,,16.17
2025-12-30,5,Ferreira do Zêzere,1.1,100.0,0.5,0.1,SE,609.5,16.38,244.5,84.98,2.15,0.66,0.01,0.66,,,,,,,,,,,,16.27
2025-12-30,6,Ferreira do Zêzere,0.6,100.0,0.5,0.1,SE,618.2,17.0,244.5,84.43,2.0,0.61,0.01,0.61,,,,,,,,,,,,16.27
2025-12-30,7,Ferreira do Zêzere,0.3,100.0,0.2,0.1,E,203.5,17.51,244.5,83.98,1.86,0.57,0.01,0.57,,,,,,,,,,,,16.27
2025-12-30,8,Ferreira do Zêzere,3.33,100.0,0.5,0.1,NW,6.5,18.14,244.59,83.44,1.75,0.54,0.01,0.54,,,,,,,,,,,,16.37
2025-12-30,9,Ferreira do Zêzere,0.9,100.0,0.3,0.1,S,324.2,18.41,244.5,83.21,1.68,0.52,0.01,0.52,,,,,,,,,,,,16.27
2025-12-30,10,Ferreira do Zêzere,4.0,100.0,0.3,0.1,N,685.7,16.55,244.5,84.83,2.09,0.64,0.01,0.64,,,,,,,,,,,,16.27
2025-12-30,11,Ferreira do Zêzere,7.3,91.0,0.4,0.78,E,1165.0,14.75,214.14,86.43,2.63,0.8,0.02,0.8,,,,,,,,,,,,16.24
2025-12-30,12,Ferreira do Zêzere,9.8,82.0,0.4,3.18,W,1433.2,13.56,188.58,87.51,3.06,0.94,0.02,0.94,11.8,1.0,-664.67,11.8,184.28,0.0,1.93,0.0,0.0,0.01,12.0,18.62
2025-12-30,13,Ferreira do Zêzere,12.4,76.0,1.0,0.1,W,1559.6,12.62,162.36,88.38,3.57,1.4,0.05,1.4,,,,,,,,,,,,17.79
2025-12-30,15,Ferreira do Zêzere,14.3,67.0,0.8,2.4,SW,286.8,11.69,142.62,89.24,4.0,1.76,0.07,1.76,,,,,,,,,,,,18.72
2025-12-30,16,Ferreira do Zêzere,14.3,66.0,0.9,7.0,W,225.9,11.57,141.79,89.35,4.09,1.83,0.08,1.83,,,,,,,,,,,,25.29
2025-12-30,17,Ferreira do Zêzere,13.6,69.0,0.3,1.8,W,96.1,11.56,156.81,89.36,3.97,1.74,0.07,1.74,,,,,,,,,,,,27.09
2025-12-30,18,Ferreira do Zêzere,10.2,87.0,0.5,4.42,E,12.3,12.14,202.33,88.82,3.71,1.52,0.06,1.52,,,,,,,,,,,,30.72
2025-12-30,19,Ferreira do Zêzere,8.1,95.0,0.6,2.21,N,2.6,12.59,229.8,88.4,3.51,1.34,0.05,1.34,,,,,,,,,,,,31.94
2025-12-30,21,Ferreira do Zêzere,5.2,99.0,0.3,1.2,S,787.6,13.57,246.5,87.5,3.04,0.93,0.02,0.93,,,,,,,,,,,,30.83
2025-12-30,22,Ferreira do Zêzere,4.3,99.0,1.2,0.1,NE,772.5,14.44,245.64,86.71,2.84,0.87,0.02,0.87,,,,,,,,,,,,29.41
2025-12-30,23,Ferreira do Zêzere,3.8,99.0,0.4,0.5,SE,659.8,15.0,246.52,86.21,2.54,0.78,0.02,0.78,,,,,,,,,,,,28.01
2025-12-31,0,Ferreira do Zêzere,2.8,99.0,0.1,0.1,NE,640.7,15.65,247.18,85.62,2.31,0.71,0.01,0.71,,,,,,,,,,,,26.62
2025-12-31,1,Ferreira do Zêzere,2.0,99.0,0.2,0.1,NE,627.9,16.16,246.45,85.17,2.18,0.67,0.01,0.67,,,,,,,,,,,,24.94
2025-12-31,2,Ferreira do Zêzere,1.6,100.0,0.5,0.1,SE,640.5,16.58,249.32,84.8,2.1,0.64,0.01,0.64,,,,,,,,,,,,24.79
2025-12-31,3,Ferreira do Zêzere,1.1,100.0,0.2,0.1,E,620.9,17.0,249.32,84.43,1.97,0.6,0.01,0.6,,,,,,,,,,,,24.79
2025-12-31,4,Ferreira do Zêzere,0.6,100.0,0.3,0.1,N,638.3,17.29,249.32,84.18,1.91,0.59,0.01,0.59,,,,,,,,,,,,24.79
2025-12-31,5,Ferreira do Zêzere,0.3,100.0,0.4,0.1,SW,294.4,17.64,249.32,83.87,1.85,0.57,0.01,0.57,,,,,,,,,,,,24.79
2025-12-31,6,Ferreira do Zêzere,3.35,100.0,0.6,0.1,SE,2.3,18.17,249.32,83.41,1.76,0.54,0.01,0.54,,,,,,,,,,,,24.79
2025-12-31,7,Ferreira do Zêzere,3.07,100.0,0.4,0.1,NE,1.9,18.68,249.32,82.97,1.64,0.5,0.01,0.5,,,,,,,,,,,,24.79
2025-12-31,9,Ferreira do Zêzere,0.4,100.0,0.5,0.1,W,564.0,19.38,249.27,82.37,1.53,0.47,0.01,0.47,,,,,,,,,,,,24.69
2025-12-31,10,Ferreira do Zêzere,3.7,100.0,0.2,0.1,NW,886.1,17.42,249.27,84.06,1.87,0.57,0.01,0.57,,,,,,,,,,,,24.69
2025-12-31,12,Ferreira do Zêzere,10.6,81.0,0.9,0.1,SW,1478.8,13.9,179.56,87.2,3.0,0.92,0.02,0.92,12.7,1.0,-669.0,12.7,180.15,0.0,1.93,0.0,0.0,0.01,12.0,20.83
2025-12-31,13,Ferreira do Zêzere,12.4,76.0,1.1,1.64,W,1588.1,12.64,162.87,88.36,3.58,1.4,0.05,1.4,,,,,,,,,,,,22.37
2025-12-31,14,Ferreira do Zêzere,14.2,72.0,1.4,0.1,SW,1454.8,11.84,147.48,89.1,4.04,1.8,0.08,1.8,,,,,,,,,,,,22.47
2025-12-31,15,Ferreira do Zêzere,15.2,66.0,1.5,1.04,S,328.1,11.4,132.67,89.51,4.31,2.0,0.09,2.0,,,,,,,,,,,,21.11
2025-12-31,16,Ferreira do Zêzere,15.2,59.0,1.5,0.78,S,294.0,10.97,119.85,89.92,4.57,2.19,0.11,2.19,,,,,,,,,,,,14.89
2025-12-31,17,Ferreira do Zêzere,13.2,70.0,0.5,0.37,NE,144.5,11.11,151.01,89.79,4.26,1.96,0.09,1.96,,,,,,,,,,,,13.46
2025-12-31,18,Ferreira do Zêzere,11.1,83.0,1.4,1.04,NE,11.1,11.17,171.36,89.73,4.43,2.08,0.1,2.08,,,,,,,,,,,,10.08
2025-12-31,19,Ferreira do Zêzere,10.2,85.0,0.9,0.86,W,3.1,11.29,179.71,89.62,4.25,1.95,0.09,1.95,,,,,,,,,,,,8.73
2025-12-31,20,Ferreira do Zêzere,8.9,89.0,0.6,1.85,S,2.7,11.34,197.94,89.57,4.15,1.88,0.08,1.88,,,,,,,,,,,,10.58
2025-12-31,21,Ferreira do Zêzere,8.2,88.0,0.5,0.1,S,2.1,11.53,195.32,89.39,4.03,1.78,0.08,1.78,,,,,,,,,,,,9.48
2025-12-31,22,Ferreira do Zêzere,7.1,91.0,0.5,1.11,W,2.0,11.9,206.38,89.04,3.83,1.63,0.06,1.63,,,,,,,,,,,,10.49
2025-12-31,23,Ferreira do Zêzere,5.9,95.0,0.6,0.1,NW,2.2,12.29,218.03,88.68,3.66,1.48,0.05,1.48,,,,,,,,,,,,10.09
2026-01-01,0,Ferreira do Zêzere,5.5,96.0,0.8,0.1,SW,3.1,12.51,212.69,88.48,3.59,1.41,0.05,1.41,,,,,,,,,,,,10.09
2026-01-01,1,Ferreira do Zêzere,6.5,92.0,0.8,0.36,SE,1.7,12.62,200.31,88.38,3.54,1.36,0.05,1.36,,,,,,,,,,,,10.35
2026-01-01,2,Ferreira do Zêzere,6.8,87.0,1.9,0.1,SE,1.6,12.85,180.61,88.16,3.62,1.45,0.05,1.45,,,,,,,,,,,,10.35
2026-01-01,3,Ferreira do Zêzere,7.6,86.0,0.7,0.1,SE,2.8,13.02,183.99,88.01,3.34,1.14,0.03,1.14,,,,,,,,,,,,10.35
2026-01-01,4,Ferreira do Zêzere,8.3,83.0,1.0,1.68,S,2.5,13.17,176.33,87.87,3.32,1.12,0.03,1.12,,,,,,,,,,,,11.93
2026-01-01,5,Ferreira do Zêzere,9.4,78.0,1.5,0.1,S,25.2,13.38,160.08,87.68,3.31,1.11,0.03,1.11,,,,,,,,,,,,11.93
2026-01-01,6,Ferreira do Zêzere,8.9,85.0,0.5,0.2,SW,696.9,16.43,184.53,84.93,2.14,0.66,0.01,0.66,,,,,,,,,,,,12.03
2026-01-01,7,Ferreira do Zêzere,8.3,89.0,0.6,0.3,E,710.2,19.47,194.88,82.3,1.52,0.47,0.01,0.47,,,,,,,,,,,,12.23
2026-01-01,8,Ferreira do Zêzere,8.3,87.0,0.9,0.24,E,423.4,19.82,187.6,82.0,1.49,0.46,0.01,0.46,,,,,,,,,,,,12.47
2026-01-01,9,Ferreira do Zêzere,9.0,82.0,1.5,0.1,SE,25.8,19.7,170.15,82.1,1.56,0.48,0.01,0.48,,,,,,,,,,,,12.47
2026-01-01,10,Ferreira do Zêzere,9.1,83.0,2.0,0.1,SE,367.7,19.95,169.47,81.89,1.56,0.48,0.01,0.48,,,,,,,,,,,,12.47
2026-01-01,11,Ferreira do Zêzere,9.7,80.0,3.8,0.1,SE,323.2,19.64,153.51,82.15,1.76,0.54,0.01,0.54,,,,,,,,,,,,12.57
2026-01-01,12,Ferreira do Zêzere,10.9,75.0,3.5,0.1,E,495.6,18.89,141.56,82.79,1.88,0.57,0.01,0.57,21.2,1.0,-670.71,21.2,145.64,0.0,1.93,0.0,0.0,0.01,12.0,12.57
2026-01-01,13,Ferreira do Zêzere,11.4,78.0,4.1,0.13,SE,411.1,18.53,142.11,83.1,2.01,0.62,0.01,0.62,,,,,,,,,,,,11.06
2026-01-01,14,Ferreira do Zêzere,11.6,81.0,4.8,0.16,SE,285.2,18.46,146.02,83.16,2.1,0.64,0.01,0.64,,,,,,,,,,,,11.12
2026-01-01,15,Ferreira do Zêzere,11.8,83.0,3.4,0.1,E,329.3,18.66,154.14,82.99,1.91,0.59,0.01,0.59,,,,,,,,,,,,10.18
2026-01-01,16,Ferreira do Zêzere,11.8,84.0,5.7,0.1,SE,138.2,18.79,148.02,82.88,2.12,0.65,0.01,0.65,,,,,,,,,,,,9.5
2026-01-01,17,Ferreira do Zêzere,11.4,87.0,5.7,0.26,SE,48.9,19.35,157.74,82.4,2.0,0.61,0.01,0.61,,,,,,,,,,,,9.39
2026-01-01,18,Ferreira do Zêzere,11.7,87.0,5.2,0.23,E,6.0,19.68,156.73,82.12,1.88,0.58,0.01,0.58,,,,,,,,,,,,8.58
2026-01-01,19,Ferreira do Zêzere,12.2,86.0,6.2,0.1,SE,3.3,19.79,148.03,82.03,1.95,0.6,0.01,0.6,,,,,,,,,,,,7.82
2026-01-01,20,Ferreira do Zêzere,12.3,89.0,7.0,0.1,SE,312.3,22.92,150.46,79.42,1.53,0.47,0.01,0.47,,,,,,,,,,,,6.07
2026-01-01,21,Ferreira do Zêzere,12.4,88.0,7.9,0.59,SE,3.1,24.18,146.63,78.4,1.45,0.44,0.01,0.44,,,,,,,,,,,,6.56
2026-01-01,22,Ferreira do Zêzere,12.8,87.0,8.0,0.3,E,3.3,24.34,139.31,78.27,1.44,0.44,0.01,0.44,,,,,,,,,,,,5.75
2026-01-01,23,Ferreira do Zêzere,13.1,85.0,8.4,0.3,SE,3.0,24.46,132.46,78.18,1.46,0.45,0.01,0.45,,,,,,,,,,,,5.95
2026-01-02,0,Ferreira do Zêzere,13.3,84.0,6.9,0.44,SE,2.2,24.35,125.24,78.26,1.36,0.42,0.01,0.42,,,,,,,,,,,,6.29
2026-01-02,1,Ferreira do Zêzere,13.7,83.0,6.1,0.2,SE,1.8,23.92,123.15,78.61,1.35,0.41,0.01,0.41,,,,,,,,,,,,6.13
2026-01-02,2,Ferreira do Zêzere,14.1,80.0,8.8,0.1,SE,2.7,23.37,109.78,79.06,1.61,0.49,0.01,0.49,,,,,,,,,,,,6.13
2026-01-02,3,Ferreira do Zêzere,14.2,78.0,6.5,0.5,SE,2.9,22.78,111.93,79.54,1.51,0.46,0.01,0.46,,,,,,,,,,,,6.53
2026-01-02,4,Ferreira do Zêzere,14.2,77.0,6.5,0.3,SE,4.9,22.56,104.82,79.72,1.53,0.47,0.01,0.47,,,,,,,,,,,,5.15
2026-01-02,5,Ferreira do Zêzere,13.4,82.0,8.0,0.3,E,136.8,23.38,113.96,79.05,1.55,0.47,0.01,0.47,,,,,,,,,,,,5.35
2026-01-02,6,Ferreira do Zêzere,13.3,83.0,7.3,0.6,SE,218.9,24.67,119.67,78.01,1.36,0.42,0.01,0.42,,,,,,,,,,,,5.75
2026-01-02,7,Ferreira do Zêzere,13.8,76.0,8.1,1.2,SE,13.9,24.24,106.1,78.35,1.46,0.45,0.01,0.45,,,,,,,,,,,,6.65
2026-01-02,8,Ferreira do Zêzere,13.2,82.0,5.0,0.4,SE,184.3,26.86,127.35,76.28,1.06,0.33,0.0,0.33,,,,,,,,,,,,6.81
2026-01-02,9,Ferreira do Zêzere,14.0,76.0,6.4,0.78,SE,97.7,24.83,111.83,77.88,1.29,0.39,0.01,0.39,,,,,,,,,,,,7.49
2026-01-02,10,Ferreira do Zêzere,14.4,77.0,5.8,0.1,SE,155.0,23.29,114.23,79.12,1.4,0.43,0.01,0.43,,,,,,,,,,,,7.49
2026-01-02,11,Ferreira do Zêzere,14.7,77.0,6.3,0.1,SE,245.4,22.91,112.19,79.43,1.47,0.45,0.01,0.45,,,,,,,,,,,,7.49
2026-01-02,12,Ferreira do Zêzere,15.1,77.0,7.3,0.45,SE,463.1,22.11,109.64,80.09,1.66,0.51,0.01,0.51,30.38,1.0,-670.21,30.38,115.73,0.01,1.93,0.0,0.0,0.01,12.0,7.84
2026-01-02,13,Ferreira do Zêzere,14.5,83.0,5.9,0.4,SE,491.3,27.09,128.5,76.1,1.1,0.34,0.0,0.34,,,,,,,,,,,,8.11
2026-01-02,14,Ferreira do Zêzere,14.7,82.0,6.2,0.44,SE,503.9,25.62,125.46,77.25,1.21,0.37,0.0,0.37,,,,,,,,,,,,8.39
2026-01-02,15,Ferreira do Zêzere,14.8,83.0,5.7,1.1,SE,495.0,25.73,131.44,77.16,1.17,0.36,0.0,0.36,,,,,,,,,,,,9.39
2026-01-02,16,Ferreira do Zêzere,14.5,84.0,6.1,0.1,E,367.4,25.19,133.74,77.59,1.24,0.38,0.0,0.38,,,,,,,,,,,,9.39
2026-01-02,17,Ferreira do Zêzere,15.1,80.0,5.8,0.68,E,108.4,24.61,123.89,78.06,1.27,0.39,0.01,0.39,,,,,,,,,,,,9.81
2026-01-02,18,Ferreira do Zêzere,15.4,78.0,5.1,0.5,SE,31.0,25.44,121.35,77.39,1.16,0.36,0.0,0.36,,,,,,,,,,,,10.08
2026-01-02,19,Ferreira do Zêzere,14.8,85.0,4.3,0.3,SE,261.8,27.33,143.18,75.91,1.0,0.31,0.0,0.31,,,,,,,,,,,,10.28
2026-01-02,20,Ferreira do Zêzere,15.8,74.0,4.2,0.25,SE,4.4,26.74,116.18,76.37,1.03,0.32,0.0,0.32,,,,,,,,,,,,10.43
2026-01-02,21,Ferreira do Zêzere,15.5,75.0,4.3,0.3,SE,124.4,29.53,117.96,74.23,0.91,0.28,0.0,0.28,,,,,,,,,,,,10.14
2026-01-02,22,Ferreira do Zêzere,15.6,74.0,5.2,0.35,SE,61.4,29.83,113.03,74.0,0.95,0.29,0.0,0.29,,,,,,,,,,,,10.19
2026-01-02,23,Ferreira do Zêzere,14.9,78.0,3.0,0.1,SE,33.2,43.53,130.13,64.41,0.6,0.18,0.0,0.18,,,,,,,,,,,,9.99
2026-01-03,0,Ferreira do Zêzere,14.0,85.0,3.5,1.3,SE,199.4,46.52,152.06,62.5,0.56,0.17,0.0,0.17,,,,,,,,,,,,10.85
2026-01-03,1,Ferreira do Zêzere,13.4,86.0,6.0,0.2,SE,213.5,47.94,148.41,61.61,0.61,0.19,0.0,0.19,,,,,,,,,,,,10.85
2026-01-03,2,Ferreira do Zêzere,13.4,86.0,5.6,0.4,SE,145.0,50.09,150.03,60.29,0.55,0.17,0.0,0.17,,,,,,,,,,,,11.15
2026-01-03,3,Ferreira do Zêzere,13.3,88.0,4.9,0.93,SE,272.1,50.29,159.76,60.17,0.53,0.16,0.0,0.16,,,,,,,,,,,,11.58
2026-01-03,4,Ferreira do Zêzere,13.5,87.0,4.0,0.24,SE,6.2,46.93,158.68,62.24,0.57,0.17,0.0,0.17,,,,,,,,,,,,11.52
2026-01-03,5,Ferreira do Zêzere,13.9,85.0,4.1,0.4,SE,7.3,51.35,151.33,59.53,0.49,0.15,0.0,0.15,,,,,,,,,,,,11.62
2026-01-03,6,Ferreira do Zêzere,14.2,83.0,4.4,0.24,SE,4.7,50.36,143.31,60.13,0.52,0.16,0.0,0.16,,,,,,,,,,,,11.26
2026-01-03,7,Ferreira do Zêzere,14.3,81.0,5.0,0.49,E,3.5,46.14,134.76,62.74,0.61,0.19,0.0,0.19,,,,,,,,,,,,10.55
2026-01-03,8,Ferreira do Zêzere,14.4,80.0,4.8,0.2,SE,40.3,51.28,132.45,59.57,0.51,0.16,0.0,0.16,,,,,,,,,,,,10.35
2026-01-03,9,Ferreira do Zêzere,13.4,89.0,4.1,1.0,SE,321.8,52.75,163.78,58.7,0.46,0.14,0.0,0.14,,,,,,,,,,,,10.57
2026-01-03,10,Ferreira do Zêzere,13.8,87.0,4.2,0.1,E,320.8,53.22,155.7,58.42,0.45,0.14,0.0,0.14,,,,,,,,,,,,10.57
2026-01-03,12,Ferreira do Zêzere,15.3,80.0,4.5,0.1,E,901.6,46.34,130.86,62.61,0.59,0.18,0.0,0.18,26.37,1.0,-670.37,26.37,128.02,0.0,1.93,0.0,0.0,0.01,12.0,10.12
2026-01-03,13,Ferreira do Zêzere,15.1,83.0,5.3,0.19,E,856.7,44.85,135.96,63.56,0.65,0.2,0.0,0.2,,,,,,,,,,,,9.91
2026-01-03,14,Ferreira do Zêzere,15.5,82.0,4.8,0.34,E,789.3,41.43,133.75,65.79,0.69,0.21,0.0,0.21,,,,,,,,,,,,9.81
2026-01-03,15,Ferreira do Zêzere,15.4,84.0,4.1,0.68,E,462.9,40.34,141.04,66.52,0.69,0.21,0.0,0.21,,,,,,,,,,,,9.39
2026-01-03,16,Ferreira do Zêzere,14.9,87.0,4.1,0.1,E,453.4,49.67,151.35,60.55,0.52,0.16,0.0,0.16,,,,,,,,,,,,9.39
2026-01-03,17,Ferreira do Zêzere,14.7,88.0,2.6,0.1,E,186.4,51.26,159.29,59.58,0.45,0.14,0.0,0.14,,,,,,,,,,,,8.81
2026-01-03,18,Ferreira do Zêzere,14.3,90.0,2.5,0.3,E,242.0,52.37,166.74,58.92,0.43,0.13,0.0,0.13,,,,,,,,,,,,8.61
2026-01-03,19,Ferreira do Zêzere,14.0,92.0,2.1,0.3,E,380.4,52.67,176.29,58.74,0.42,0.13,0.0,0.13,,,,,,,,,,,,8.61
2026-01-03,20,Ferreira do Zêzere,13.8,91.0,2.9,0.2,E,409.5,53.32,169.62,58.36,0.42,0.13,0.0,0.13,,,,,,,,,,,,8.56
2026-01-03,21,Ferreira do Zêzere,13.6,90.0,3.4,0.36,E,331.4,53.1,164.66,58.49,0.44,0.13,0.0,0.13,,,,,,,,,,,,8.62
2026-01-03,22,Ferreira do Zêzere,13.5,88.0,2.3,0.13,E,5.5,51.65,161.53,59.35,0.44,0.14,0.0,0.14,,,,,,,,,,,,8.4
2026-01-03,23,Ferreira do Zêzere,13.4,88.0,3.0,0.13,E,4.6,49.68,158.94,60.54,0.49,0.15,0.0,0.15,,,,,,,,,,,,8.43
2026-01-04,0,Ferreira do Zêzere,13.4,86.0,2.9,0.1,E,4.1,48.69,146.28,61.15,0.51,0.16,0.0,0.16,,,,,,,,,,,,7.23
2026-01-04,1,Ferreira do Zêzere,13.2,84.0,1.7,0.1,NE,4.2,47.41,146.51,61.94,0.5,0.15,0.0,0.15,,,,,,,,,,,,7.13
2026-01-04,2,Ferreira do Zêzere,12.9,85.0,1.7,0.12,NE,4.2,46.16,148.35,62.72,0.52,0.16,0.0,0.16,,,,,,,,,,,,6.85
2026-01-04,3,Ferreira do Zêzere,12.0,89.0,2.8,0.1,NW,4.5,44.96,152.13,63.49,0.57,0.17,0.0,0.17,,,,,,,,,,,,6.02
2026-01-04,4,Ferreira do Zêzere,11.9,91.0,1.6,0.1,NW,4.8,43.66,161.87,64.33,0.56,0.17,0.0,0.17,,,,,,,,,,,,5.88
2026-01-04,5,Ferreira do Zêzere,11.8,92.0,1.9,0.1,N,457.3,43.36,162.13,64.52,0.57,0.17,0.0,0.17,,,,,,,,,,,,5.58
2026-01-04,6,Ferreira do Zêzere,12.0,90.0,1.6,0.15,NW,237.6,42.43,156.44,65.13,0.57,0.18,0.0,0.18,,,,,,,,,,,,5.49
2026-01-04,7,Ferreira do Zêzere,11.7,93.0,1.9,0.1,N,4.8,41.01,162.17,66.07,0.6,0.19,0.0,0.19,,,,,,,,,,,,5.1
2026-01-04,8,Ferreira do Zêzere,11.5,94.0,1.9,0.1,N,7.1,39.89,164.94,66.82,0.62,0.19,0.0,0.19,,,,,,,,,,,,5.0
2026-01-04,9,Ferreira do Zêzere,11.5,94.0,0.8,0.1,N,76.3,38.82,160.59,67.55,0.6,0.18,0.0,0.18,,,,,,,,,,,,4.1
2026-01-04,10,Ferreira do Zêzere,12.1,92.0,2.0,0.63,NW,302.8,37.06,154.65,68.76,0.67,0.2,0.0,0.2,,,,,,,,,,,,4.63
2026-01-04,11,Ferreira do Zêzere,14.0,84.0,1.6,0.1,NW,1094.0,33.22,133.55,71.49,0.71,0.22,0.0,0.22,,,,,,,,,,,,4.73
2026-01-04,12,Ferreira do Zêzere,15.9,74.0,1.0,0.1,N,1545.2,28.92,115.05,74.69,0.79,0.24,0.0,0.24,29.5,1.0,-668.78,29.5,118.35,0.0,1.93,0.0,0.0,0.01,12.0,4.73
2026-01-04,13,Ferreira do Zêzere,17.0,65.0,2.1,0.65,E,1760.1,24.63,95.88,78.04,1.05,0.32,0.0,0.32,,,,,,,,,,,,5.19
2026-01-04,14,Ferreira do Zêzere,17.5,60.0,1.1,0.8,E,1472.2,21.7,95.82,80.43,1.26,0.39,0.01,0.39,,,,,,,,,,,,5.65
2026-01-04,15,Ferreira do Zêzere,17.2,67.0,1.9,0.7,NW,286.0,19.21,100.76,82.52,1.67,0.51,0.01,0.51,,,,,,,,,,,,5.67
2026-01-04,16,Ferreira do Zêzere,16.8,69.0,3.0,0.1,NW,308.4,18.17,99.63,83.41,1.98,0.61,0.01,0.61,,,,,,,,,,,,5.67
2026-01-04,17,Ferreira do Zêzere,15.2,68.0,3.0,0.7,N,177.7,18.27,104.17,83.33,1.96,0.6,0.01,0.6,,,,,,,,,,,,6.27
2026-01-04,18,Ferreira do Zêzere,12.4,75.0,2.5,1.46,NW,17.3,18.83,127.03,82.84,1.8,0.55,0.01,0.55,,,,,,,,,,,,7.43
2026-01-04,19,Ferreira do Zêzere,10.8,79.0,1.7,2.14,NW,1.5,19.26,146.79,82.48,1.65,0.5,0.01,0.5,,,,,,,,,,,,9.27
2026-01-04,20,Ferreira do Zêzere,9.2,84.0,2.0,0.2,N,1.6,19.46,158.92,82.31,1.64,0.5,0.01,0.5,,,,,,,,,,,,9.27
2026-01-04,21,Ferreira do Zêzere,8.3,85.0,2.3,1.56,NW,1.2,19.61,164.44,82.18,1.64,0.5,0.01,0.5,,,,,,,,,,,,10.47
2026-01-04,22,Ferreira do Zêzere,8.0,83.0,0.8,0.94,E,1.4,19.62,170.54,82.17,1.52,0.46,0.01,0.46,,,,,,,,,,,,11.28
2026-01-04,23,Ferreira do Zêzere,7.6,81.0,2.1,0.1,NW,2.2,19.68,159.29,82.12,1.61,0.49,0.01,0.49,,,,,,,,,,,,11.25
2026-01-05,0,Ferreira do Zêzere,6.9,79.0,1.9,0.1,N,1.0,19.78,156.81,82.03,1.58,0.48,0.01,0.48,,,,,,,,,,,,11.25
2026-01-05,1,Ferreira do Zêzere,6.2,81.0,2.3,0.2,N,1.3,19.68,160.3,82.12,1.62,0.5,0.01,0.5,,,,,,,,,,,,11.35
2026-01-05,2,Ferreira do Zêzere,5.4,83.0,1.5,0.1,NE,1.0,19.54,169.42,82.24,1.58,0.49,0.01,0.49,,,,,,,,,,,,11.33
2026-01-05,3,Ferreira do Zêzere,5.1,81.0,1.0,3.28,N,0.7,19.39,174.23,82.37,1.57,0.48,0.01,0.48,,,,,,,,,,,,14.51
2026-01-05,4,Ferreira do Zêzere,4.0,85.0,0.7,2.2,NE,1.2,19.22,188.69,82.51,1.57,0.48,0.01,0.48,,,,,,,,,,,,16.61
2026-01-05,5,Ferreira do Zêzere,3.5,86.0,2.2,0.45,N,0.5,19.01,184.08,82.69,1.73,0.53,0.01,0.53,,,,,,,,,,,,16.96
2026-01-05,6,Ferreira do Zêzere,3.6,78.0,2.0,1.03,N,0.4,18.78,169.44,82.89,1.76,0.54,0.01,0.54,,,,,,,,,,,,17.84
2026-01-05,7,Ferreira do Zêzere,2.8,80.0,2.5,0.1,NW,0.6,18.67,172.38,82.98,1.83,0.56,0.01,0.56,,,,,,,,,,,,17.84
2026-01-05,8,Ferreira do Zêzere,2.4,77.0,1.6,0.17,N,4.1,18.45,172.1,83.17,1.79,0.55,0.01,0.55,,,,,,,,,,,,17.91
2026-01-05,9,Ferreira do Zêzere,2.5,72.0,2.0,0.1,NW,221.3,18.06,162.28,83.51,1.91,0.58,0.01,0.58,,,,,,,,,,,,17.91
2026-01-05,10,Ferreira do Zêzere,4.3,64.0,4.3,0.82,N,580.8,16.58,139.2,84.8,2.55,0.78,0.02,0.78,,,,,,,,,,,,18.1
2026-01-05,11,Ferreira do Zêzere,6.4,57.0,3.9,0.1,NW,1282.3,15.2,127.13,86.03,2.96,0.91,0.02,0.91,,,,,,,,,,,,18.1
2026-01-05,12,Ferreira do Zêzere,8.0,49.0,4.0,0.46,N,1632.3,14.24,114.77,86.89,3.36,1.17,0.04,1.17,30.54,1.0,-672.8,30.54,115.27,0.0,1.93,0.0,0.0,0.01,12.0,18.46
2026-01-05,13,Ferreira do Zêzere,9.3,44.0,6.1,0.01,N,1768.2,13.34,100.86,87.71,4.2,1.92,0.09,1.92,,,,,,,,,,,,17.82
2026-01-05,14,Ferreira do Zêzere,9.7,41.0,8.1,0.01,N,1685.3,12.62,92.93,88.38,5.11,2.57,0.14,2.57,,,,,,,,,,,,17.03
2026-01-05,15,Ferreira do Zêzere,9.7,42.0,6.1,0.55,N,269.7,12.12,97.63,88.84,4.94,2.45,0.13,2.45,,,,,,,,,,,,16.88
2026-01-05,16,Ferreira do Zêzere,9.8,45.0,4.9,0.64,N,270.1,11.73,102.89,89.2,4.9,2.42,0.13,2.42,,,,,,,,,,,,17.42
2026-01-05,17,Ferreira do Zêzere,9.0,47.0,4.1,0.01,N,103.1,11.4,108.79,89.51,4.92,2.43,0.13,2.43,,,,,,,,,,,,16.73
2026-01-05,18,Ferreira do Zêzere,7.4,54.0,1.7,0.22,N,15.7,11.38,128.2,89.53,4.37,2.04,0.1,2.04,,,,,,,,,,,,15.49
2026-01-05,19,Ferreira do Zêzere,6.3,60.0,2.5,0.1,N,0.3,11.59,131.76,89.33,4.42,2.08,0.1,2.08,,,,,,,,,,,,13.45
2026-01-05,20,Ferreira do Zêzere,5.6,66.0,2.0,0.3,N,0.8,11.84,142.89,89.1,4.17,1.89,0.08,1.89,,,,,,,,,,,,13.55
2026-01-05,21,Ferreira do Zêzere,4.7,72.0,1.5,0.1,NE,1.4,12.01,153.44,88.94,3.97,1.74,0.07,1.74,,,,,,,,,,,,12.09
2026-01-05,22,Ferreira do Zêzere,3.6,77.0,1.1,0.2,NE,0.9,12.22,164.08,88.75,3.79,1.59,0.06,1.59,,,,,,,,,,,,11.35
2026-01-05,23,Ferreira do Zêzere,1.9,87.0,1.3,0.1,NW,0.9,12.56,183.67,88.43,3.65,1.47,0.05,1.47,,,,,,,,,,,,11.35
2026-01-06,0,Ferreira do Zêzere,1.3,89.0,1.6,0.23,N,0.8,12.98,179.32,88.04,3.51,1.34,0.05,1.34,,,,,,,,,,,,11.48
2026-01-06,1,Ferreira do Zêzere,3.2,80.0,2.5,0.12,N,0.1,13.24,155.91,87.8,3.55,1.38,0.05,1.38,,,,,,,,,,,,11.4
2026-01-06,2,Ferreira do Zêzere,2.8,83.0,2.5,0.01,N,0.5,13.47,161.67,87.59,3.44,1.27,0.04,1.27,,,,,,,,,,,,11.31
2026-01-06,3,Ferreira do Zêzere,2.8,83.0,1.8,0.7,NE,0.6,13.71,156.97,87.37,3.22,0.99,0.03,0.99,,,,,,,,,,,,8.73
2026-01-06,4,Ferreira do Zêzere,1.3,89.0,1.0,0.1,E,1.0,14.04,162.92,87.07,2.96,0.91,0.02,0.91,,,,,,,,,,,,6.63
2026-01-06,5,Ferreira do Zêzere,2.85,95.0,1.9,0.01,N,1.3,14.4,169.54,86.75,2.96,0.91,0.02,0.91,,,,,,,,,,,,6.19
2026-01-06,6,Ferreira do Zêzere,2.4,84.0,2.8,0.18,N,332.48,14.49,139.03,86.66,3.06,0.94,0.02,0.94,,,,,,,,,,,,5.34
2026-01-06,7,Ferreira do Zêzere,3.0,81.0,0.8,0.45,SE,0.9,14.45,143.53,86.7,2.78,0.85,0.02,0.85,,,,,,,,,,,,5.69
2026-01-06,8,Ferreira do Zêzere,2.0,85.0,2.1,0.1,N,3.0,14.66,145.04,86.51,2.89,0.89,0.02,0.89,,,,,,,,,,,,5.62
2026-01-06,9,Ferreira do Zêzere,2.5,83.0,2.1,0.47,N,212.5,15.06,143.6,86.15,2.75,0.84,0.02,0.84,,,,,,,,,,,,5.99
2026-01-06,10,Ferreira do Zêzere,4.9,77.0,2.5,0.1,N,556.4,14.08,125.71,87.04,3.18,0.97,0.03,0.97,,,,,,,,,,,,5.27
2026-01-06,11,Ferreira do Zêzere,7.4,67.0,2.1,0.01,N,1238.8,13.07,110.61,87.96,3.56,1.38,0.05,1.38,,,,,,,,,,,,5.18
2026-01-06,12,Ferreira do Zêzere,9.7,57.0,4.6,0.1,NW,1593.6,12.21,88.0,88.76,4.52,2.15,0.11,2.15,38.36,1.0,-672.35,38.36,94.29,0.03,1.93,0.01,0.0,0.01,12.0,4.82
2026-01-06,13,Ferreira do Zêzere,10.8,50.0,4.8,0.51,NW,1741.8,11.48,82.1,89.44,5.04,2.52,0.14,2.52,,,,,,,,,,,,5.32
2026-01-06,14,Ferreira do Zêzere,11.4,43.0,5.9,0.01,NW,1643.4,10.94,74.0,89.95,5.73,2.98,0.19,2.98,,,,,,,,,,,,5.32
2026-01-06,15,Ferreira do Zêzere,11.2,44.0,5.1,0.63,N,456.8,10.4,76.84,90.46,5.92,3.11,0.2,3.11,,,,,,,,,,,,5.4
2026-01-06,16,Ferreira do Zêzere,10.4,50.0,4.0,0.13,NW,472.8,10.24,82.93,90.61,5.72,2.98,0.19,2.98,,,,,,,,,,,,4.89
2026-01-06,18,Ferreira do Zêzere,8.1,61.0,3.2,0.1,N,13.8,10.4,97.7,90.46,5.38,2.75,0.16,2.75,,,,,,,,,,,,4.76
2026-01-06,19,Ferreira do Zêzere,7.1,66.0,2.9,0.33,N,0.4,10.68,106.43,90.19,5.1,2.56,0.14,2.56,,,,,,,,,,,,4.99
2026-01-06,20,Ferreira do Zêzere,6.1,71.0,2.3,0.01,N,0.6,10.93,113.45,89.96,4.78,2.34,0.12,2.34,,,,,,,,,,,,4.7
2026-01-06,21,Ferreira do Zêzere,5.3,74.0,1.3,0.2,NW,0.4,11.17,122.69,89.73,4.4,2.07,0.1,2.07,,,,,,,,,,,,4.8
2026-01-06,22,Ferreira do Zêzere,4.4,80.0,1.5,0.48,NW,1.4,11.25,132.79,89.65,4.4,2.07,0.1,2.07,,,,,,,,,,,,5.08
2026-01-06,23,Ferreira do Zêzere,3.4,86.0,0.5,0.15,N,0.9,11.44,148.13,89.48,4.08,1.82,0.08,1.82,,,,,,,,,,,,5.13
2026-01-07,0,Ferreira do Zêzere,2.8,90.0,1.0,0.2,N,1.2,11.64,181.33,89.29,4.07,1.82,0.08,1.82,,,,,,,,,,,,5.1
2026-01-07,1,Ferreira do Zêzere,3.0,91.0,0.3,0.2,NW,162.4,13.12,187.79,87.91,3.23,0.99,0.03,0.99,,,,,,,,,,,,5.18
2026-01-07,2,Ferreira do Zêzere,3.2,95.0,0.9,0.1,E,496.1,13.07,194.63,87.96,3.35,1.16,0.04,1.16,,,,,,,,,,,,5.27
2026-01-07,3,Ferreira do Zêzere,3.0,97.0,0.4,0.1,S,492.9,13.2,197.49,87.84,3.21,0.98,0.03,0.98,,,,,,,,,,,,4.67
2026-01-07,4,Ferreira do Zêzere,3.5,97.0,0.5,0.17,NE,489.8,14.77,197.56,86.41,2.63,0.81,0.02,0.81,,,,,,,,,,,,4.74
2026-01-07,5,Ferreira do Zêzere,4.2,97.0,0.9,0.3,E,474.0,20.18,198.37,81.7,1.44,0.44,0.01,0.44,,,,,,,,,,,,5.03
2026-01-07,6,Ferreira do Zêzere,4.8,97.0,0.3,0.2,NW,479.3,24.04,199.89,78.51,1.0,0.31,0.0,0.31,,,,,,,,,,,,5.05
2026-01-07,7,Ferreira do Zêzere,5.4,98.0,0.5,0.5,S,409.8,33.94,202.26,70.97,0.66,0.2,0.0,0.2,,,,,,,,,,,,5.1
2026-01-07,8,Ferreira do Zêzere,6.2,98.0,1.3,0.5,SE,409.2,42.91,203.27,64.81,0.56,0.17,0.0,0.17,,,,,,,,,,,,5.5
2026-01-07,9,Ferreira do Zêzere,6.2,98.0,0.5,0.2,E,490.8,44.53,202.91,63.76,0.51,0.16,0.0,0.16,,,,,,,,,,,,5.23
2026-01-07,10,Ferreira do Zêzere,6.5,95.0,0.7,0.1,NE,582.0,42.34,193.26,65.19,0.55,0.17,0.0,0.17,,,,,,,,,,,,5.23
2026-01-07,11,Ferreira do Zêzere,7.3,92.0,1.3,0.1,NE,398.4,40.35,182.07,66.51,0.6,0.18,0.0,0.18,,,,,,,,,,,,5.32
2026-01-07,12,Ferreira do Zêzere,7.9,91.0,0.7,0.15,E,420.5,38.37,181.93,67.86,0.61,0.19,0.0,0.19,18.93,1.0,-672.39,18.93,154.12,0.0,1.93,0.0,0.0,0.01,12.0,5.37
2026-01-07,13,Ferreira do Zêzere,8.8,88.0,1.0,0.1,E,688.6,36.17,169.26,69.38,0.65,0.2,0.0,0.2,,,,,,,,,,,,4.96
2026-01-07,14,Ferreira do Zêzere,9.7,86.0,0.6,0.33,S,700.8,33.8,167.86,71.07,0.67,0.2,0.0,0.2,,,,,,,,,,,,5.28
2026-01-07,15,Ferreira do Zêzere,10.5,85.0,1.0,0.28,NE,689.7,30.86,159.59,73.23,0.74,0.23,0.0,0.23,,,,,,,,,,,,4.93
2026-01-07,16,Ferreira do Zêzere,11.3,83.0,2.8,0.1,NW,311.0,26.73,144.44,76.38,0.96,0.29,0.0,0.29,,,,,,,,,,,,4.9
2026-01-07,17,Ferreira do Zêzere,11.8,74.0,1.9,0.2,NW,130.6,25.02,130.99,77.73,1.01,0.31,0.0,0.31,,,,,,,,,,,,5.1
2026-01-07,18,Ferreira do Zêzere,9.6,83.0,0.7,0.4,E,20.8,24.82,161.18,77.89,0.97,0.3,0.0,0.3,,,,,,,,,,,,5.4
2026-01-07,19,Ferreira do Zêzere,6.9,93.0,0.8,0.4,SE,4.2,24.9,188.22,77.82,0.97,0.3,0.0,0.3,,,,,,,,,,,,5.47
2026-01-07,20,Ferreira do Zêzere,5.7,96.0,0.5,0.3,W,6.6,25.24,200.29,77.55,0.93,0.29,0.0,0.29,,,,,,,,,,,,5.76
2026-01-07,21,Ferreira do Zêzere,4.3,98.0,0.4,0.1,N,514.7,25.57,206.12,77.29,0.91,0.28,0.0,0.28,,,,,,,,,,,,5.66
2026-01-07,22,Ferreira do Zêzere,3.4,99.0,0.2,0.35,SW,726.5,25.9,208.54,77.03,0.88,0.27,0.0,0.27,,,,,,,,,,,,5.53
2026-01-07,23,Ferreira do Zêzere,2.7,99.0,1.4,0.1,E,683.8,26.34,207.3,76.68,0.91,0.28,0.0,0.28,,,,,,,,,,,,5.48
2026-01-08,0,Ferreira do Zêzere,2.6,99.0,0.4,0.1,E,625.2,26.72,225.51,76.39,0.85,0.26,0.0,0.26,,,,,,,,,,,,5.38
2026-01-08,1,Ferreira do Zêzere,1.5,99.0,0.6,0.1,E,593.3,27.08,225.06,76.11,0.84,0.26,0.0,0.26,,,,,,,,,,,,5.28
2026-01-08,2,Ferreira do Zêzere,1.3,100.0,0.9,0.1,N,529.2,27.62,228.13,75.69,0.83,0.26,0.0,0.26,,,,,,,,,,,,5.28
2026-01-08,3,Ferreira do Zêzere,2.4,100.0,0.2,0.1,NE,437.0,28.07,228.13,75.34,0.79,0.24,0.0,0.24,,,,,,,,,,,,5.28
2026-01-08,4,Ferreira do Zêzere,2.8,100.0,1.0,0.1,N,354.2,28.38,227.88,75.1,0.81,0.25,0.0,0.25,,,,,,,,,,,,5.21
2026-01-08,5,Ferreira do Zêzere,3.7,100.0,0.6,0.1,SW,294.0,28.83,227.12,74.76,0.78,0.24,0.0,0.24,,,,,,,,,,,,5.01
2026-01-08,6,Ferreira do Zêzere,4.2,100.0,0.2,0.1,SE,275.3,29.01,226.72,74.62,0.76,0.23,0.0,0.23,,,,,,,,,,,,4.91
2026-01-08,7,Ferreira do Zêzere,4.6,100.0,0.5,0.1,SW,253.1,29.08,225.06,74.57,0.77,0.24,0.0,0.24,,,,,,,,,,,,4.51
2026-01-08,8,Ferreira do Zêzere,4.8,100.0,0.4,0.15,W,248.6,29.05,223.47,74.59,0.76,0.23,0.0,0.23,,,,,,,,,,,,4.16
2026-01-08,9,Ferreira do Zêzere,5.1,100.0,0.2,0.1,NW,279.0,28.95,222.99,74.67,0.76,0.23,0.0,0.23,,,,,,,,,,,,4.06
2026-01-08,10,Ferreira do Zêzere,5.7,100.0,0.9,0.1,W,411.8,28.57,222.99,74.96,0.8,0.25,0.0,0.25,,,,,,,,,,,,4.06
2026-01-08,11,Ferreira do Zêzere,6.7,100.0,1.2,0.1,SE,610.8,28.3,222.99,75.16,0.82,0.25,0.0,0.25,,,,,,,,,,,,4.06
2026-01-08,12,Ferreira do Zêzere,8.1,99.0,1.2,0.1,S,779.3,27.33,218.36,75.91,0.86,0.26,0.0,0.26,9.36,1.0,-671.98,9.36,196.02,0.0,1.93,0.0,0.0,0.01,12.0,4.01
2026-01-08,13,Ferreira do Zêzere,9.3,92.0,1.3,0.1,S,416.6,27.35,190.95,75.9,0.86,0.26,0.0,0.26,,,,,,,,,,,,4.01
2026-01-08,14,Ferreira do Zêzere,9.6,93.0,1.6,0.25,S,374.1,28.53,192.47,74.99,0.83,0.25,0.0,0.25,,,,,,,,,,,,3.93
2026-01-08,15,Ferreira do Zêzere,10.5,93.0,2.6,0.14,S,460.1,30.14,187.57,73.77,0.82,0.25,0.0,0.25,,,,,,,,,,,,3.79
2026-01-08,16,Ferreira do Zêzere,11.2,91.0,1.9,0.1,S,237.1,34.62,181.76,70.48,0.7,0.21,0.0,0.21,,,,,,,,,,,,3.79
2026-01-08,17,Ferreira do Zêzere,11.1,93.0,0.3,0.29,S,55.9,47.58,198.01,61.83,0.46,0.14,0.0,0.14,,,,,,,,,,,,3.88
2026-01-08,18,Ferreira do Zêzere,10.8,96.0,0.6,0.1,NW,176.3,50.36,204.81,60.13,0.43,0.13,0.0,0.13,,,,,,,,,,,,3.58
2026-01-08,19,Ferreira do Zêzere,10.7,98.0,0.7,0.4,SE,307.4,50.96,212.15,59.76,0.42,0.13,0.0,0.13,,,,,,,,,,,,3.58
2026-01-08,20,Ferreira do Zêzere,11.1,99.0,1.8,0.7,S,234.6,51.6,217.21,59.38,0.43,0.13,0.0,0.13,,,,,,,,,,,,3.98
2026-01-08,21,Ferreira do Zêzere,11.5,99.0,1.1,0.1,SW,411.6,52.18,217.72,59.03,0.41,0.12,0.0,0.12,,,,,,,,,,,,3.98
2026-01-08,22,Ferreira do Zêzere,11.6,99.0,1.7,0.2,S,327.1,52.97,216.45,58.57,0.41,0.12,0.0,0.12,,,,,,,,,,,,3.83
2026-01-08,23,Ferreira do Zêzere,11.7,99.0,2.1,0.42,S,321.5,53.2,217.67,58.43,0.41,0.13,0.0,0.13,,,,,,,,,,,,4.15
2026-01-09,0,Ferreira do Zêzere,11.8,99.0,2.3,0.76,S,372.8,53.85,186.65,58.05,0.4,0.12,0.0,0.12,,,,,,,,,,,,4.81
2026-01-09,1,Ferreira do Zêzere,11.9,99.0,1.8,0.76,SW,374.3,54.37,192.34,57.75,0.38,0.12,0.0,0.12,,,,,,,,,,,,5.47
2026-01-09,2,Ferreira do Zêzere,11.9,99.0,1.6,0.49,S,385.7,54.7,195.29,57.55,0.37,0.11,0.0,0.11,,,,,,,,,,,,5.86
2026-01-09,3,Ferreira do Zêzere,11.9,99.0,1.8,0.1,SW,387.6,55.23,195.15,57.25,0.37,0.11,0.0,0.11,,,,,,,,,,,,5.86
2026-01-09,4,Ferreira do Zêzere,12.0,99.0,1.4,0.6,SW,331.7,55.97,198.68,56.82,0.35,0.11,0.0,0.11,,,,,,,,,,,,6.36
2026-01-09,5,Ferreira do Zêzere,12.1,100.0,1.9,0.3,NW,271.8,54.99,204.64,57.39,0.38,0.12,0.0,0.12,,,,,,,,,,,,6.56
2026-01-09,6,Ferreira do Zêzere,11.8,98.0,2.2,1.05,NW,286.8,54.48,199.31,57.68,0.39,0.12,0.0,0.12,,,,,,,,,,,,7.51
2026-01-09,7,Ferreira do Zêzere,10.3,97.0,0.7,0.6,SW,355.1,53.84,200.64,58.06,0.37,0.11,0.0,0.11,,,,,,,,,,,,8.01
2026-01-09,8,Ferreira do Zêzere,8.4,99.0,0.1,0.1,NW,444.7,53.65,209.15,58.17,0.36,0.11,0.0,0.11,,,,,,,,,,,,7.96
2026-01-09,9,Ferreira do Zêzere,7.4,99.0,0.9,0.1,E,622.6,47.29,208.21,62.01,0.48,0.15,0.0,0.15,,,,,,,,,,,,7.96
2026-01-09,10,Ferreira do Zêzere,10.2,99.0,0.9,0.16,SE,645.8,39.87,208.06,66.83,0.59,0.18,0.0,0.18,,,,,,,,,,,,8.02
2026-01-09,11,Ferreira do Zêzere,13.2,85.0,2.9,0.1,NW,1170.2,34.7,148.91,70.43,0.73,0.22,0.0,0.22,,,,,,,,,,,,8.02
2026-01-09,12,Ferreira do Zêzere,14.3,73.0,4.8,0.1,NW,1056.3,32.62,114.06,71.93,0.85,0.26,0.0,0.26,27.11,1.0,-671.68,27.11,125.67,0.0,1.93,0.0,0.0,0.01,12.0,8.02
2026-01-09,13,Ferreira do Zêzere,15.1,70.0,4.7,0.1,NW,1618.9,29.04,107.62,74.6,0.95,0.29,0.0,0.29,,,,,,,,,,,,8.02
2026-01-09,14,Ferreira do Zêzere,15.6,65.0,4.6,0.1,N,1598.4,27.55,99.45,75.74,1.01,0.31,0.0,0.31,,,,,,,,,,,,7.87
2026-01-09,15,Ferreira do Zêzere,14.8,65.0,4.7,0.1,NW,559.8,24.0,101.21,78.55,1.25,0.38,0.0,0.38,,,,,,,,,,,,7.83
2026-01-09,16,Ferreira do Zêzere,14.7,62.0,4.1,0.1,NW,388.0,22.65,99.71,79.64,1.35,0.41,0.01,0.41,,,,,,,,,,,,7.83
2026-01-09,17,Ferreira do Zêzere,13.2,72.0,2.9,0.1,NW,131.3,22.75,121.07,79.56,1.26,0.39,0.01,0.39,,,,,,,,,,,,7.64
2026-01-09,18,Ferreira do Zêzere,11.2,84.0,1.4,0.3,NW,18.8,23.05,156.71,79.32,1.14,0.35,0.0,0.35,,,,,,,,,,,,7.84
2026-01-09,19,Ferreira do Zêzere,10.8,88.0,1.0,0.1,NW,2.4,23.34,168.69,79.08,1.09,0.33,0.0,0.33,,,,,,,,,,,,7.54
2026-01-09,20,Ferreira do Zêzere,9.0,95.0,0.8,0.14,NW,60.5,23.8,189.45,78.71,1.04,0.32,0.0,0.32,,,,,,,,,,,,6.98
2026-01-09,21,Ferreira do Zêzere,8.1,98.0,0.3,0.1,E,578.8,24.39,200.91,78.23,0.98,0.3,0.0,0.3,,,,,,,,,,,,6.98
2026-01-09,22,Ferreira do Zêzere,7.1,98.0,0.7,0.47,NE,483.2,24.86,201.66,77.86,0.96,0.3,0.0,0.3,,,,,,,,,,,,7.25
2026-01-09,23,Ferreira do Zêzere,6.7,99.0,0.7,0.1,SE,358.8,26.85,203.38,76.29,0.86,0.26,0.0,0.26,,,,,,,,,,,,6.93
2026-01-10,0,Ferreira do Zêzere,5.5,99.0,0.6,0.2,W,292.9,27.66,215.83,75.66,0.82,0.25,0.0,0.25,,,,,,,,,,,,6.37
2026-01-10,1,Ferreira do Zêzere,4.8,99.0,0.7,0.1,---,271.9,28.15,212.65,75.28,0.81,0.25,0.0,0.25,,,,,,,,,,,,5.71
2026-01-10,2,Ferreira do Zêzere,4.5,100.0,0.2,0.1,E,248.1,28.43,213.85,75.06,0.78,0.24,0.0,0.24,,,,,,,,,,,,5.32
2026-01-10,3,Ferreira do Zêzere,4.0,100.0,0.6,0.1,N,253.1,29.04,213.85,74.6,0.77,0.24,0.0,0.24,,,,,,,,,,,,5.32
2026-01-10,4,Ferreira do Zêzere,3.8,100.0,0.8,0.1,NW,251.1,29.54,210.77,74.22,0.77,0.23,0.0,0.23,,,,,,,,,,,,4.82
2026-01-10,5,Ferreira do Zêzere,3.3,100.0,0.6,0.1,SW,249.4,29.69,209.43,74.11,0.75,0.23,0.0,0.23,,,,,,,,,,,,4.62
2026-01-10,6,Ferreira do Zêzere,3.2,100.0,0.3,0.1,SE,231.6,29.63,202.04,74.15,0.74,0.23,0.0,0.23,,,,,,,,,,,,3.67
2026-01-10,7,Ferreira do Zêzere,4.0,100.0,0.5,0.1,SW,217.2,29.86,197.34,73.98,0.75,0.23,0.0,0.23,,,,,,,,,,,,3.17
2026-01-10,8,Ferreira do Zêzere,4.6,100.0,0.4,0.1,SW,220.6,29.84,197.34,73.99,0.74,0.23,0.0,0.23,,,,,,,,,,,,3.17
2026-01-10,9,Ferreira do Zêzere,4.8,100.0,0.3,0.1,SE,328.4,29.49,197.34,74.26,0.75,0.23,0.0,0.23,,,,,,,,,,,,3.17
2026-01-10,10,Ferreira do Zêzere,6.3,100.0,0.9,0.1,S,670.3,27.39,196.73,75.87,0.84,0.26,0.0,0.26,,,,,,,,,,,,3.11
2026-01-10,11,Ferreira do Zêzere,8.0,99.0,0.8,0.1,E,721.2,24.15,193.27,78.42,1.02,0.31,0.0,0.31,,,,,,,,,,,,3.11
2026-01-10,12,Ferreira do Zêzere,10.2,91.0,0.6,1.63,NW,1050.7,22.61,179.85,79.68,1.13,0.35,0.0,0.35,16.58,1.0,-671.08,16.58,163.45,0.0,1.93,0.0,0.0,0.01,12.0,4.64
2026-01-10,13,Ferreira do Zêzere,11.9,83.0,0.6,0.1,NW,983.6,21.22,157.85,80.82,1.28,0.39,0.01,0.39,,,,,,,,,,,,4.64
2026-01-10,14,Ferreira do Zêzere,13.2,75.0,1.5,0.92,SW,1299.4,19.64,135.62,82.15,1.57,0.48,0.01,0.48,,,,,,,,,,,,5.46
2026-01-10,15,Ferreira do Zêzere,13.3,75.0,0.6,2.59,W,542.6,18.48,149.4,83.14,1.7,0.52,0.01,0.52,,,,,,,,,,,,7.95
2026-01-10,16,Ferreira do Zêzere,13.6,70.0,1.0,1.03,W,426.7,17.89,137.48,83.65,1.85,0.57,0.01,0.57,,,,,,,,,,,,8.88
2026-01-10,17,Ferreira do Zêzere,13.1,71.0,0.8,0.61,SW,201.2,17.77,143.04,83.76,1.86,0.57,0.01,0.57,,,,,,,,,,,,9.39
2026-01-10,18,Ferreira do Zêzere,11.4,81.0,0.5,0.59,E,26.3,18.21,170.21,83.38,1.74,0.53,0.01,0.53,,,,,,,,,,,,9.68
2026-01-10,19,Ferreira do Zêzere,9.8,92.0,0.4,0.34,E,2.3,18.54,202.78,83.09,1.67,0.51,0.01,0.51,,,,,,,,,,,,9.92
2026-01-10,20,Ferreira do Zêzere,9.6,94.0,0.4,0.95,NE,3.0,18.81,210.79,82.86,1.62,0.5,0.01,0.5,,,,,,,,,,,,10.73
2026-01-10,21,Ferreira do Zêzere,8.1,96.0,0.9,3.18,NW,238.0,19.29,220.98,82.45,1.58,0.48,0.01,0.48,,,,,,,,,,,,13.81
2026-01-10,22,Ferreira do Zêzere,6.6,98.0,0.3,0.1,---,510.0,19.83,230.34,81.99,1.45,0.44,0.01,0.44,,,,,,,,,,,,13.44
2026-01-10,23,Ferreira do Zêzere,6.1,99.0,0.8,0.51,N,393.6,20.17,233.7,81.7,1.43,0.44,0.01,0.44,,,,,,,,,,,,13.85
2026-01-11,0,Ferreira do Zêzere,5.7,99.0,1.0,1.17,N,347.8,20.62,245.58,81.33,1.38,0.42,0.01,0.42,,,,,,,,,,,,14.82
2026-01-11,1,Ferreira do Zêzere,5.2,99.0,0.5,0.1,S,319.2,21.12,246.2,80.91,1.29,0.39,0.01,0.39,,,,,,,,,,,,14.82
2026-01-11,2,Ferreira do Zêzere,5.1,99.0,0.4,0.1,N,299.5,21.69,246.35,80.43,1.21,0.37,0.0,0.37,,,,,,,,,,,,14.82
2026-01-11,3,Ferreira do Zêzere,5.9,99.0,0.4,0.1,S,279.1,22.01,246.24,80.17,1.18,0.36,0.0,0.36,,,,,,,,,,,,14.82
2026-01-11,4,Ferreira do Zêzere,6.5,100.0,0.8,0.1,N,284.5,22.3,250.0,79.93,1.18,0.36,0.0,0.36,,,,,,,,,,,,14.82
2026-01-11,5,Ferreira do Zêzere,7.2,99.0,0.5,0.1,NW,308.7,22.72,245.91,79.59,1.12,0.34,0.0,0.34,,,,,,,,,,,,14.82
2026-01-11,6,Ferreira do Zêzere,7.4,99.0,0.6,0.1,SE,336.3,23.25,245.75,79.15,1.08,0.33,0.0,0.33,,,,,,,,,,,,14.82
2026-01-11,7,Ferreira do Zêzere,7.7,99.0,0.5,0.1,W,300.7,26.25,245.83,76.75,0.88,0.27,0.0,0.27,,,,,,,,,,,,14.82
2026-01-11,8,Ferreira do Zêzere,8.0,99.0,0.5,0.21,NW,268.2,29.37,245.79,74.35,0.76,0.23,0.0,0.23,,,,,,,,,,,,14.93
2026-01-11,9,Ferreira do Zêzere,8.4,99.0,1.0,0.1,S,303.3,30.9,245.12,73.2,0.74,0.23,0.0,0.23,,,,,,,,,,,,14.93
2026-01-11,10,Ferreira do Zêzere,9.1,99.0,0.8,0.1,S,412.3,31.88,245.22,72.47,0.71,0.22,0.0,0.22,,,,,,,,,,,,14.93
2026-01-11,11,Ferreira do Zêzere,10.4,99.0,1.2,0.17,SW,611.0,32.33,244.54,72.14,0.71,0.22,0.0,0.22,,,,,,,,,,,,15.0
2026-01-11,12,Ferreira do Zêzere,11.3,99.0,1.3,0.18,S,572.4,34.54,244.25,70.54,0.68,0.21,0.0,0.21,2.84,1.0,-673.0,2.84,231.91,0.0,1.93,0.0,0.0,0.01,12.0,13.55
2026-01-11,13,Ferreira do Zêzere,11.7,98.0,1.4,0.26,S,844.2,44.12,238.43,64.03,0.54,0.17,0.0,0.17,,,,,,,,,,,,13.71
2026-01-11,14,Ferreira do Zêzere,12.4,98.0,1.2,0.1,W,715.2,48.01,238.53,61.57,0.48,0.15,0.0,0.15,,,,,,,,,,,,12.89
2026-01-11,15,Ferreira do Zêzere,12.4,98.0,0.6,0.2,S,705.2,49.83,239.98,60.45,0.43,0.13,0.0,0.13,,,,,,,,,,,,10.5
2026-01-11,16,Ferreira do Zêzere,12.8,98.0,0.7,0.2,NW,581.7,51.43,239.55,59.48,0.41,0.13,0.0,0.13,,,,,,,,,,,,9.67
2026-01-11,17,Ferreira do Zêzere,12.8,99.0,0.7,0.6,NW,527.1,52.34,244.66,58.94,0.4,0.12,0.0,0.12,,,,,,,,,,,,9.66
2026-01-11,18,Ferreira do Zêzere,12.7,99.0,0.6,0.5,SE,374.0,52.25,244.83,58.99,0.39,0.12,0.0,0.12,,,,,,,,,,,,9.57
2026-01-11,19,Ferreira do Zêzere,12.7,99.0,2.0,0.5,S,197.5,53.72,243.29,58.13,0.4,0.12,0.0,0.12,,,,,,,,,,,,9.73
2026-01-11,20,Ferreira do Zêzere,12.9,99.0,2.3,0.2,S,154.2,53.84,242.99,58.06,0.4,0.12,0.0,0.12,,,,,,,,,,,,8.98
2026-01-11,21,Ferreira do Zêzere,12.9,99.0,2.6,0.1,S,204.4,53.89,242.76,58.03,0.41,0.13,0.0,0.13,,,,,,,,,,,,5.9
2026-01-11,22,Ferreira do Zêzere,12.8,99.0,2.3,0.1,S,209.7,54.88,243.01,57.45,0.38,0.12,0.0,0.12,,,,,,,,,,,,5.9
2026-01-11,23,Ferreira do Zêzere,12.6,98.0,2.7,0.37,S,232.7,54.06,235.98,57.93,0.41,0.12,0.0,0.12,,,,,,,,,,,,5.76
2026-01-12,0,Ferreira do Zêzere,12.4,97.0,2.5,0.39,S,273.7,55.38,230.15,57.16,0.38,0.12,0.0,0.12,,,,,,,,,,,,4.98
2026-01-12,1,Ferreira do Zêzere,12.2,97.0,2.5,0.13,S,192.3,54.95,230.29,57.41,0.39,0.12,0.0,0.12,,,,,,,,,,,,5.01
2026-01-12,2,Ferreira do Zêzere,12.1,96.0,2.3,0.37,S,7.7,55.93,225.08,56.85,0.37,0.11,0.0,0.11,,,,,,,,,,,,5.28
2026-01-12,3,Ferreira do Zêzere,11.9,98.0,2.7,0.24,SE,307.1,56.2,236.33,56.69,0.37,0.11,0.0,0.11,,,,,,,,,,,,5.42
2026-01-12,4,Ferreira do Zêzere,11.8,98.0,3.0,0.1,SE,383.6,55.83,235.99,56.9,0.38,0.12,0.0,0.12,,,,,,,,,,,,5.42
2026-01-12,5,Ferreira do Zêzere,11.7,98.0,2.8,0.2,SE,359.9,56.5,236.3,56.52,0.37,0.11,0.0,0.11,2.13,1.0,-672.4,2.13,236.3,0.0,1.93,0.0,0.0,0.01,5.0,5.52
2026-01-13,6,Ferreira do Zêzere,12.4,92.0,5.4,0.2,SE,82.3,51.96,179.55,59.17,0.51,0.16,0.0,0.16,,,,,,,,,,,,0.2
2026-01-13,7,Ferreira do Zêzere,12.7,90.0,5.7,0.1,SE,16.5,53.57,169.49,58.21,0.48,0.15,0.0,0.15,,,,,,,,,,,,0.3
2026-01-13,8,Ferreira do Zêzere,12.5,93.0,4.2,0.2,SE,291.4,54.2,187.02,57.85,0.44,0.14,0.0,0.14,,,,,,,,,,,,0.5
2026-01-13,9,Ferreira do Zêzere,12.6,95.0,2.3,1.6,S,248.3,54.86,212.44,57.46,0.39,0.12,0.0,0.12,,,,,,,,,,,,2.1
2026-01-13,10,Ferreira do Zêzere,12.5,97.0,1.8,3.42,S,355.6,54.41,231.59,57.72,0.38,0.12,0.0,0.12,,,,,,,,,,,,5.52
2026-01-13,11,Ferreira do Zêzere,12.8,96.0,2.0,1.2,S,530.9,56.15,225.28,56.72,0.36,0.11,0.0,0.11,,,,,,,,,,,,6.72
2026-01-13,12,Ferreira do Zêzere,12.3,97.0,2.8,2.2,S,440.2,55.03,229.64,57.36,0.39,0.12,0.0,0.12,3.21,1.0,-672.72,3.21,229.64,0.0,1.93,0.0,0.0,0.01,12.0,8.92
2026-01-13,13,Ferreira do Zêzere,11.7,96.0,2.0,1.6,S,881.8,55.24,226.22,57.24,0.37,0.11,0.0,0.11,,,,,,,,,,,,10.52
2026-01-13,14,Ferreira do Zêzere,13.1,87.0,1.6,0.64,S,1048.9,46.98,188.08,62.21,0.5,0.15,0.0,0.15,,,,,,,,,,,,11.16
2026-01-13,15,Ferreira do Zêzere,13.5,84.0,1.3,0.16,S,740.2,42.21,179.93,65.27,0.57,0.17,0.0,0.17,,,,,,,,,,,,11.32
2026-01-13,16,Ferreira do Zêzere,13.6,87.0,1.4,0.2,S,616.1,42.45,188.46,65.12,0.57,0.17,0.0,0.17,,,,,,,,,,,,11.52
2026-01-13,17,Ferreira do Zêzere,12.9,91.0,1.2,0.1,S,602.0,44.13,205.63,64.02,0.54,0.16,0.0,0.16,,,,,,,,,,,,11.62
2026-01-13,18,Ferreira do Zêzere,11.7,94.0,1.4,0.1,SE,485.4,43.74,218.64,64.27,0.55,0.17,0.0,0.17,,,,,,,,,,,,11.72
2026-01-13,19,Ferreira do Zêzere,10.6,97.0,0.8,0.49,SE,517.3,45.15,235.49,63.37,0.51,0.16,0.0,0.16,,,,,,,,,,,,12.21
2026-01-13,20,Ferreira do Zêzere,9.6,98.0,0.9,0.66,SE,548.6,51.94,240.24,59.18,0.41,0.12,0.0,0.12,,,,,,,,,,,,12.87
2026-01-13,21,Ferreira do Zêzere,8.9,99.0,1.3,0.1,SE,581.3,52.15,244.74,59.05,0.41,0.13,0.0,0.13,,,,,,,,,,,,12.97
2026-01-13,22,Ferreira do Zêzere,7.7,99.0,0.9,0.1,SE,634.7,51.69,245.35,59.33,0.41,0.13,0.0,0.13,,,,,,,,,,,,13.07
2026-01-13,23,Ferreira do Zêzere,7.1,100.0,0.2,0.55,S,524.1,51.64,250.0,59.36,0.4,0.12,0.0,0.12,,,,,,,,,,,,13.62
2026-01-14,0,Ferreira do Zêzere,7.0,100.0,0.6,0.1,SE,413.1,51.66,250.0,59.34,0.4,0.12,0.0,0.12,,,,,,,,,,,,13.72
2026-01-14,1,Ferreira do Zêzere,7.8,100.0,0.6,0.43,E,291.9,52.41,250.0,58.9,0.39,0.12,0.0,0.12,,,,,,,,,,,,14.15
2026-01-14,2,Ferreira do Zêzere,7.8,100.0,0.6,0.1,SE,238.1,52.51,250.0,58.84,0.39,0.12,0.0,0.12,,,,,,,,,,,,14.25
2026-01-14,3,Ferreira do Zêzere,7.5,100.0,0.3,0.28,S,214.5,52.56,250.0,58.81,0.38,0.12,0.0,0.12,,,,,,,,,,,,14.53
2026-01-14,4,Ferreira do Zêzere,7.9,100.0,0.7,0.77,S,196.1,54.38,250.0,57.74,0.36,0.11,0.0,0.11,,,,,,,,,,,,15.3
2026-01-14,5,Ferreira do Zêzere,8.1,100.0,0.2,0.4,S,186.6,55.7,250.0,56.98,0.33,0.1,0.0,0.1,,,,,,,,,,,,15.7
2026-01-14,6,Ferreira do Zêzere,8.3,100.0,0.5,0.1,SE,238.8,56.8,250.0,56.35,0.32,0.1,0.0,0.1,,,,,,,,,,,,15.6
2026-01-14,7,Ferreira do Zêzere,8.4,100.0,0.3,0.24,E,240.1,56.54,250.0,56.5,0.32,0.1,0.0,0.1,,,,,,,,,,,,15.74
2026-01-14,8,Ferreira do Zêzere,9.0,100.0,1.4,0.1,S,288.8,56.79,250.0,56.36,0.34,0.1,0.0,0.1,,,,,,,,,,,,15.64
2026-01-14,9,Ferreira do Zêzere,9.5,100.0,1.4,0.85,S,507.8,56.85,250.0,56.32,0.34,0.1,0.0,0.1,,,,,,,,,,,,14.89
2026-01-14,10,Ferreira do Zêzere,9.8,100.0,1.0,0.1,SW,439.6,56.63,250.0,56.45,0.33,0.1,0.0,0.1,,,,,,,,,,,,11.57
2026-01-14,11,Ferreira do Zêzere,10.3,100.0,0.8,0.7,SW,725.7,57.05,250.0,56.21,0.32,0.1,0.0,0.1,,,,,,,,,,,,11.07
2026-01-14,12,Ferreira do Zêzere,11.0,100.0,1.1,0.9,S,743.8,55.61,250.0,57.03,0.35,0.11,0.0,0.11,0.0,1.0,-673.53,0.0,250.0,0.0,1.93,0.0,0.0,0.01,12.0,9.77
2026-01-14,13,Ferreira do Zêzere,11.8,97.0,0.8,0.58,SW,784.9,49.63,234.85,60.57,0.44,0.14,0.0,0.14,,,,,,,,,,,,8.75
2026-01-14,14,Ferreira do Zêzere,13.2,87.0,1.0,0.16,S,1175.9,43.83,192.33,64.22,0.54,0.16,0.0,0.16,,,,,,,,,,,,8.27
2026-01-14,15,Ferreira do Zêzere,13.8,85.0,1.1,0.2,SW,778.2,45.49,183.96,63.15,0.51,0.16,0.0,0.16,,,,,,,,,,,,8.31
2026-01-14,16,Ferreira do Zêzere,13.8,84.0,0.9,0.69,W,475.6,49.0,182.79,60.96,0.45,0.14,0.0,0.14,,,,,,,,,,,,8.8
2026-01-14,17,Ferreira do Zêzere,12.9,92.0,0.5,0.4,SE,682.6,46.41,214.86,62.57,0.49,0.15,0.0,0.15,,,,,,,,,,,,9.1
2026-01-14,18,Ferreira do Zêzere,11.3,97.0,0.8,0.7,NW,581.9,46.25,235.12,62.67,0.49,0.15,0.0,0.15,,,,,,,,,,,,9.7
2026-01-14,19,Ferreira do Zêzere,10.4,99.0,0.3,0.1,E,578.6,46.54,245.75,62.49,0.48,0.15,0.0,0.15,,,,,,,,,,,,9.31
2026-01-14,20,Ferreira do Zêzere,9.8,99.0,0.6,0.4,NE,470.2,46.7,245.35,62.38,0.48,0.15,0.0,0.15,,,,,,,,,,,,9.05
2026-01-14,21,Ferreira do Zêzere,8.4,99.0,0.8,0.7,NE,420.3,46.93,245.34,62.24,0.48,0.15,0.0,0.15,,,,,,,,,,,,9.65
2026-01-14,22,Ferreira do Zêzere,7.3,100.0,1.0,0.6,NW,311.5,47.87,250.0,61.65,0.47,0.15,0.0,0.15,,,,,,,,,,,,10.15
2026-01-14,23,Ferreira do Zêzere,7.6,100.0,0.6,0.6,N,245.1,47.95,250.0,61.6,0.46,0.14,0.0,0.14,,,,,,,,,,,,10.2
2026-01-15,0,Ferreira do Zêzere,7.9,100.0,0.6,0.25,N,197.7,47.57,234.24,61.84,0.47,0.14,0.0,0.14,,,,,,,,,,,,10.35
2026-01-15,1,Ferreira do Zêzere,8.0,100.0,1.1,0.1,NW,181.9,48.01,233.57,61.57,0.47,0.15,0.0,0.15,,,,,,,,,,,,10.02
2026-01-15,2,Ferreira do Zêzere,7.3,100.0,0.7,0.2,SW,186.6,49.03,233.78,60.94,0.45,0.14,0.0,0.14,,,,,,,,,,,,10.12
2026-01-15,3,Ferreira do Zêzere,7.5,100.0,0.7,0.1,N,165.7,49.45,233.41,60.68,0.44,0.14,0.0,0.14,,,,,,,,,,,,9.94
2026-01-15,4,Ferreira do Zêzere,7.9,100.0,0.8,0.1,W,154.0,49.63,231.92,60.57,0.44,0.14,0.0,0.14,,,,,,,,,,,,9.27
2026-01-15,5,Ferreira do Zêzere,7.9,100.0,0.9,0.1,SE,148.2,49.72,231.2,60.52,0.44,0.14,0.0,0.14,,,,,,,,,,,,8.97
2026-01-15,6,Ferreira do Zêzere,8.1,100.0,0.6,0.1,N,143.2,49.83,231.2,60.45,0.43,0.13,0.0,0.13,,,,,,,,,,,,8.97
2026-01-15,7,Ferreira do Zêzere,8.6,100.0,0.9,0.1,NW,135.4,49.98,230.85,60.36,0.44,0.13,0.0,0.13,,,,,,,,,,,,8.83
2026-01-15,8,Ferreira do Zêzere,8.7,100.0,0.4,0.1,SE,132.7,50.03,230.85,60.33,0.43,0.13,0.0,0.13,,,,,,,,,,,,8.83
2026-01-15,9,Ferreira do Zêzere,9.0,100.0,0.9,0.24,SE,161.2,49.89,229.23,60.41,0.44,0.13,0.0,0.13,,,,,,,,,,,,8.22
2026-01-15,10,Ferreira do Zêzere,9.8,100.0,2.7,0.1,SE,370.5,49.17,229.23,60.85,0.49,0.15,0.0,0.15,,,,,,,,,,,,8.22
2026-01-15,11,Ferreira do Zêzere,10.9,96.0,2.9,0.14,SE,357.7,47.74,204.86,61.73,0.52,0.16,0.0,0.16,,,,,,,,,,,,7.66
2026-01-15,12,Ferreira do Zêzere,12.2,86.0,4.4,0.1,S,672.0,44.95,156.77,63.49,0.62,0.19,0.0,0.19,14.22,1.0,-673.25,14.22,173.39,0.0,1.93,0.0,0.0,0.01,12.0,6.86
2026-01-15,13,Ferreira do Zêzere,12.3,86.0,3.6,0.4,S,394.5,54.68,158.86,57.57,0.41,0.13,0.0,0.13,,,,,,,,,,,,6.68
2026-01-15,14,Ferreira do Zêzere,11.6,93.0,3.6,1.4,S,434.9,56.21,188.88,56.69,0.39,0.12,0.0,0.12,,,,,,,,,,,,7.92
2026-01-15,15,Ferreira do Zêzere,11.5,96.0,4.0,1.0,S,503.4,56.59,204.97,56.47,0.39,0.12,0.0,0.12,,,,,,,,,,,,8.72
2026-01-15,16,Ferreira do Zêzere,11.8,96.0,4.8,0.5,S,479.5,57.06,202.94,56.2,0.39,0.12,0.0,0.12,,,,,,,,,,,,8.53
2026-01-15,17,Ferreira do Zêzere,12.1,97.0,2.4,1.3,S,329.6,58.03,214.42,55.66,0.33,0.1,0.0,0.1,,,,,,,,,,,,9.43
2026-01-15,18,Ferreira do Zêzere,12.2,98.0,0.5,3.1,S,102.5,58.02,227.81,55.66,0.3,0.09,0.0,0.09,,,,,,,,,,,,11.83
2026-01-15,19,Ferreira do Zêzere,11.7,99.0,0.5,0.1,NE,56.3,57.06,232.33,56.2,0.32,0.1,0.0,0.1,,,,,,,,,,,,11.83
2026-01-15,20,Ferreira do Zêzere,11.1,99.0,0.4,0.63,SE,157.0,57.11,232.94,56.17,0.32,0.1,0.0,0.1,,,,,,,,,,,,12.06
2026-01-15,21,Ferreira do Zêzere,10.4,100.0,1.0,0.14,SE,295.5,57.12,236.33,56.17,0.33,0.1,0.0,0.1,,,,,,,,,,,,11.5
2026-01-15,22,Ferreira do Zêzere,9.6,100.0,0.8,0.31,SW,381.6,57.43,235.83,55.99,0.32,0.1,0.0,0.1,,,,,,,,,,,,11.21
2026-01-15,23,Ferreira do Zêzere,8.7,100.0,0.5,0.1,E,475.9,57.41,234.93,56.0,0.31,0.1,0.0,0.1,,,,,,,,,,,,10.71
2026-01-16,0,Ferreira do Zêzere,7.3,100.0,0.9,0.1,NW,359.3,56.35,250.0,56.61,0.34,0.1,0.0,0.1,,,,,,,,,,,,10.56
2026-01-16,1,Ferreira do Zêzere,6.1,100.0,0.6,0.1,N,207.8,56.35,250.0,56.61,0.33,0.1,0.0,0.1,,,,,,,,,,,,10.56
2026-01-16,2,Ferreira do Zêzere,4.9,100.0,0.6,0.38,W,168.9,57.39,250.0,56.02,0.31,0.1,0.0,0.1,,,,,,,,,,,,10.74
2026-01-16,3,Ferreira do Zêzere,5.9,100.0,1.6,0.2,NE,176.2,60.45,250.0,54.31,0.28,0.09,0.0,0.09,,,,,,,,,,,,10.84
2026-01-16,4,Ferreira do Zêzere,7.1,100.0,1.1,0.43,NW,184.1,59.56,250.0,54.8,0.29,0.09,0.0,0.09,,,,,,,,,,,,11.17
2026-01-16,5,Ferreira do Zêzere,5.8,100.0,0.9,0.1,SE,158.9,59.72,250.0,54.72,0.28,0.09,0.0,0.09,,,,,,,,,,,,11.17
2026-01-16,6,Ferreira do Zêzere,6.3,100.0,0.4,0.72,NW,182.0,59.92,250.0,54.6,0.27,0.08,0.0,0.08,,,,,,,,,,,,11.79
2026-01-16,7,Ferreira do Zêzere,6.6,100.0,1.6,0.1,E,191.0,60.34,250.0,54.37,0.29,0.09,0.0,0.09,,,,,,,,,,,,11.79
2026-01-16,8,Ferreira do Zêzere,7.0,100.0,1.3,0.1,S,238.9,60.36,250.0,54.36,0.28,0.09,0.0,0.09,,,,,,,,,,,,11.79
2026-01-16,9,Ferreira do Zêzere,8.0,100.0,0.8,0.3,SW,334.1,60.91,250.0,54.06,0.27,0.08,0.0,0.08,,,,,,,,,,,,11.85
2026-01-16,10,Ferreira do Zêzere,8.3,100.0,1.3,2.6,SE,470.4,60.84,250.0,54.1,0.27,0.08,0.0,0.08,,,,,,,,,,,,14.35
2026-01-16,11,Ferreira do Zêzere,9.3,100.0,1.7,0.91,SW,1160.8,53.66,250.0,58.16,0.39,0.12,0.0,0.12,,,,,,,,,,,,15.12
2026-01-16,12,Ferreira do Zêzere,10.5,100.0,1.2,0.7,S,808.3,61.02,250.0,54.0,0.27,0.08,0.0,0.08,1.25,1.0,-675.94,1.25,241.8,0.0,1.93,0.0,0.0,0.01,12.0,15.72
2026-01-16,13,Ferreira do Zêzere,11.2,96.0,1.8,0.91,SW,1062.4,59.21,227.19,55.0,0.31,0.09,0.0,0.09,,,,,,,,,,,,16.23
2026-01-16,14,Ferreira do Zêzere,11.3,93.0,1.4,0.37,SW,540.7,61.1,214.77,53.96,0.27,0.08,0.0,0.08,,,,,,,,,,,,15.2
2026-01-16,15,Ferreira do Zêzere,11.0,93.0,3.1,1.1,W,262.4,61.56,208.63,53.71,0.29,0.09,0.0,0.09,,,,,,,,,,,,15.3
2026-01-16,16,Ferreira do Zêzere,8.7,93.0,0.7,0.9,NE,647.7,61.34,221.51,53.83,0.26,0.08,0.0,0.08,,,,,,,,,,,,15.7
2026-01-16,17,Ferreira do Zêzere,9.5,89.0,1.0,0.57,NW,534.8,59.6,205.0,54.78,0.29,0.09,0.0,0.09,,,,,,,,,,,,14.97
2026-01-16,18,Ferreira do Zêzere,8.0,95.0,2.4,0.2,NW,285.3,62.96,223.49,52.95,0.26,0.08,0.0,0.08,,,,,,,,,,,,12.07
2026-01-16,19,Ferreira do Zêzere,8.0,94.0,0.7,0.3,NW,397.9,62.43,225.71,53.24,0.24,0.07,0.0,0.07,,,,,,,,,,,,12.27
2026-01-16,20,Ferreira do Zêzere,6.5,97.0,0.8,0.38,N,464.8,62.54,237.49,53.18,0.24,0.07,0.0,0.07,,,,,,,,,,,,12.02
2026-01-16,21,Ferreira do Zêzere,5.3,99.0,0.8,0.52,E,491.7,62.33,245.84,53.29,0.25,0.08,0.0,0.08,,,,,,,,,,,,12.4
2026-01-16,22,Ferreira do Zêzere,4.3,99.0,0.3,0.27,E,318.7,61.33,246.61,53.83,0.25,0.08,0.0,0.08,,,,,,,,,,,,12.36
2026-01-16,23,Ferreira do Zêzere,3.9,100.0,0.3,0.15,NE,242.7,61.45,250.0,53.77,0.25,0.08,0.0,0.08,,,,,,,,,,,,12.41
2026-01-17,0,Ferreira do Zêzere,3.0,100.0,0.4,0.1,S,217.6,62.06,250.0,53.44,0.25,0.08,0.0,0.08,,,,,,,,,,,,12.41
2026-01-17,1,Ferreira do Zêzere,2.1,100.0,0.6,0.5,SE,219.1,62.38,250.0,53.27,0.24,0.07,0.0,0.07,,,,,,,,,,,,12.81
2026-01-17,2,Ferreira do Zêzere,1.5,100.0,0.7,0.1,NW,226.7,63.0,250.0,52.93,0.24,0.07,0.0,0.07,,,,,,,,,,,,12.53
2026-01-17,3,Ferreira do Zêzere,1.1,100.0,0.4,0.27,S,242.9,63.18,250.0,52.84,0.23,0.07,0.0,0.07,,,,,,,,,,,,12.6
2026-01-17,4,Ferreira do Zêzere,0.4,100.0,0.5,0.1,S,252.2,63.67,250.0,52.58,0.23,0.07,0.0,0.07,,,,,,,,,,,,12.27
2026-01-17,5,Ferreira do Zêzere,0.4,100.0,0.4,0.64,NW,261.3,64.18,250.0,52.31,0.22,0.07,0.0,0.07,,,,,,,,,,,,12.81
2026-01-17,6,Ferreira do Zêzere,0.1,100.0,0.2,0.1,NW,143.7,64.17,250.0,52.31,0.22,0.07,0.0,0.07,,,,,,,,,,,,12.19
2026-01-17,7,Ferreira do Zêzere,3.33,100.0,0.9,0.38,SE,8.1,64.09,250.0,52.35,0.22,0.07,0.0,0.07,,,,,,,,,,,,12.47
2026-01-17,8,Ferreira do Zêzere,0.4,100.0,0.5,0.39,SE,225.5,63.51,250.0,52.66,0.23,0.07,0.0,0.07,,,,,,,,,,,,12.76
2026-01-17,9,Ferreira do Zêzere,1.4,100.0,0.3,0.37,SE,346.1,59.44,250.0,54.87,0.28,0.09,0.0,0.09,,,,,,,,,,,,12.83
2026-01-17,10,Ferreira do Zêzere,5.32,98.16,1.16,0.16,N,640.19,52.49,241.88,58.85,0.4,0.12,0.0,0.12,,,,,,,,,,,,10.39
2026-01-17,11,Ferreira do Zêzere,6.96,93.5,2.21,0.67,NW,1307.49,46.9,218.63,62.26,0.52,0.16,0.0,0.16,,,,,,,,,,,,10.15
2026-01-17,12,Ferreira do Zêzere,7.0,100.0,1.0,0.1,SW,1349.4,42.53,250.0,65.06,0.56,0.17,0.0,0.17,0.0,1.0,-677.38,0.0,250.0,0.0,1.93,0.0,0.0,0.01,12.0,9.55
2026-01-17,13,Ferreira do Zêzere,10.0,87.0,1.8,0.2,SE,1596.6,38.77,192.77,67.58,0.63,0.19,0.0,0.19,,,,,,,,,,,,8.84
2026-01-17,14,Ferreira do Zêzere,11.4,80.0,1.1,0.4,S,883.1,35.47,175.6,69.88,0.66,0.2,0.0,0.2,,,,,,,,,,,,8.87
2026-01-17,15,Ferreira do Zêzere,11.0,77.0,1.0,0.59,SW,648.4,34.49,170.59,70.58,0.67,0.21,0.0,0.21,,,,,,,,,,,,8.36
2026-01-17,16,Ferreira do Zêzere,9.4,86.0,1.9,0.8,NE,382.2,55.89,190.28,56.87,0.36,0.11,0.0,0.11,,,,,,,,,,,,8.26
2026-01-17,17,Ferreira do Zêzere,7.9,96.0,0.7,1.41,NW,637.8,51.69,233.21,59.33,0.41,0.12,0.0,0.12,,,,,,,,,,,,9.1
2026-01-17,18,Ferreira do Zêzere,7.0,98.0,0.7,0.72,S,509.8,51.89,241.55,59.21,0.4,0.12,0.0,0.12,,,,,,,,,,,,9.62
2026-01-17,19,Ferreira do Zêzere,6.2,99.0,0.5,1.2,NE,496.3,52.79,246.06,58.67,0.38,0.12,0.0,0.12,,,,,,,,,,,,10.52
2026-01-17,20,Ferreira do Zêzere,5.0,99.0,0.7,2.86,N,483.3,53.2,245.99,58.43,0.38,0.12,0.0,0.12,,,,,,,,,,,,13.0
2026-01-17,21,Ferreira do Zêzere,4.0,100.0,0.4,0.16,SE,403.5,54.0,250.0,57.96,0.36,0.11,0.0,0.11,,,,,,,,,,,,12.64
2026-01-17,22,Ferreira do Zêzere,3.3,100.0,0.2,0.1,W,257.4,55.06,250.0,57.35,0.34,0.11,0.0,0.11,,,,,,,,,,,,12.47
2026-01-17,23,Ferreira do Zêzere,2.9,100.0,0.3,0.1,W,253.4,55.75,250.0,56.95,0.33,0.1,0.0,0.1,,,,,,,,,,,,12.42
2026-01-18,0,Ferreira do Zêzere,2.0,100.0,1.0,0.1,NE,278.9,56.14,240.87,56.73,0.34,0.1,0.0,0.1,,,,,,,,,,,,12.42
2026-01-18,1,Ferreira do Zêzere,1.8,100.0,1.0,0.1,NW,278.2,56.59,240.33,56.47,0.33,0.1,0.0,0.1,,,,,,,,,,,,12.02
2026-01-18,2,Ferreira do Zêzere,1.1,100.0,0.5,0.1,SE,305.3,57.7,240.33,55.84,0.31,0.09,0.0,0.09,,,,,,,,,,,,12.02
2026-01-18,3,Ferreira do Zêzere,0.1,100.0,0.3,0.1,E,184.9,58.86,240.09,55.19,0.29,0.09,0.0,0.09,,,,,,,,,,,,11.85
2026-01-18,4,Ferreira do Zêzere,0.8,100.0,1.3,0.1,N,336.6,59.86,240.09,54.64,0.29,0.09,0.0,0.09,,,,,,,,,,,,11.85
2026-01-18,5,Ferreira do Zêzere,1.0,100.0,1.3,0.1,NW,444.1,60.87,239.29,54.08,0.27,0.08,0.0,0.08,,,,,,,,,,,,11.31
2026-01-18,6,Ferreira do Zêzere,1.1,100.0,0.8,0.1,NW,402.7,61.39,239.29,53.8,0.26,0.08,0.0,0.08,,,,,,,,,,,,11.31
2026-01-18,7,Ferreira do Zêzere,1.59,100.0,0.7,0.1,NE,12.0,61.75,238.86,53.61,0.25,0.08,0.0,0.08,,,,,,,,,,,,11.03
2026-01-18,8,Ferreira do Zêzere,1.65,100.0,1.0,0.1,N,6.3,61.83,238.39,53.56,0.26,0.08,0.0,0.08,,,,,,,,,,,,10.74
2026-01-18,9,Ferreira do Zêzere,0.7,100.0,0.5,0.2,E,528.4,56.73,238.11,56.39,0.32,0.1,0.0,0.1,,,,,,,,,,,,10.57
2026-01-18,10,Ferreira do Zêzere,3.4,100.0,1.5,0.1,S,647.9,48.25,238.01,61.42,0.48,0.15,0.0,0.15,,,,,,,,,,,,10.51
2026-01-18,11,Ferreira do Zêzere,6.0,92.0,0.8,0.2,SW,1283.4,42.7,209.2,64.95,0.55,0.17,0.0,0.17,,,,,,,,,,,,10.04
2026-01-18,12,Ferreira do Zêzere,8.5,84.0,1.8,0.1,SE,1154.5,39.54,177.73,67.06,0.62,0.19,0.0,0.19,11.22,1.0,-678.7,11.22,186.98,0.0,1.93,0.0,0.0,0.01,12.0,10.04
2026-01-18,13,Ferreira do Zêzere,10.0,76.0,1.4,0.1,SE,1288.1,33.12,159.32,71.56,0.71,0.22,0.0,0.22,,,,,,,,,,,,9.94
2026-01-18,14,Ferreira do Zêzere,11.3,63.0,2.8,0.1,NE,1961.4,29.11,126.88,74.54,0.86,0.26,0.0,0.26,,,,,,,,,,,,9.64
2026-01-18,15,Ferreira do Zêzere,11.7,60.0,2.6,0.1,N,606.1,25.66,122.3,77.22,1.01,0.31,0.0,0.31,,,,,,,,,,,,9.15
2026-01-18,16,Ferreira do Zêzere,11.7,56.0,2.0,0.1,N,181.7,23.46,119.71,78.98,1.14,0.35,0.0,0.35,,,,,,,,,,,,8.45
2026-01-18,17,Ferreira do Zêzere,11.4,60.0,3.2,0.4,NW,116.1,22.77,118.69,79.54,1.28,0.39,0.01,0.39,,,,,,,,,,,,7.44
2026-01-18,18,Ferreira do Zêzere,9.4,74.0,1.7,0.1,N,28.7,23.11,150.45,79.27,1.15,0.35,0.0,0.35,,,,,,,,,,,,6.82
2026-01-18,19,Ferreira do Zêzere,7.2,84.0,1.2,0.13,N,1.6,23.63,175.24,78.84,1.08,0.33,0.0,0.33,,,,,,,,,,,,5.75
2026-01-18,20,Ferreira do Zêzere,5.6,90.0,1.1,0.1,N,1.4,23.73,180.3,78.76,1.06,0.33,0.0,0.33,,,,,,,,,,,,2.99
2026-01-18,21,Ferreira do Zêzere,5.4,90.0,1.3,1.12,N,1.4,23.82,184.91,78.69,1.07,0.33,0.0,0.33,,,,,,,,,,,,3.95
2026-01-18,22,Ferreira do Zêzere,3.7,94.0,0.9,0.25,E,4.0,23.96,199.57,78.58,1.04,0.32,0.0,0.32,,,,,,,,,,,,4.1
2026-01-18,23,Ferreira do Zêzere,3.8,95.0,1.2,0.1,E,6.8,24.23,201.42,78.36,1.03,0.32,0.0,0.32,,,,,,,,,,,,4.1
2026-01-19,0,Ferreira do Zêzere,2.7,97.0,0.6,0.2,SE,129.1,24.48,177.29,78.16,0.98,0.3,0.0,0.3,,,,,,,,,,,,4.2
2026-01-19,1,Ferreira do Zêzere,2.4,98.0,0.6,0.1,SW,617.1,24.74,179.68,77.95,0.97,0.3,0.0,0.3,,,,,,,,,,,,4.2
2026-01-19,2,Ferreira do Zêzere,1.6,99.0,1.0,0.1,E,539.7,24.6,181.88,78.06,1.0,0.31,0.0,0.31,,,,,,,,,,,,4.2
2026-01-19,3,Ferreira do Zêzere,1.3,99.0,0.7,0.1,NE,480.9,24.39,182.09,78.23,1.0,0.31,0.0,0.31,,,,,,,,,,,,4.2
2026-01-19,4,Ferreira do Zêzere,1.1,99.0,0.8,0.1,NW,473.5,24.39,182.05,78.23,1.0,0.31,0.0,0.31,,,,,,,,,,,,4.2
2026-01-19,5,Ferreira do Zêzere,0.6,100.0,0.4,0.7,NE,396.1,24.25,190.53,78.34,0.99,0.3,0.0,0.3,,,,,,,,,,,,4.8
2026-01-19,6,Ferreira do Zêzere,0.3,100.0,0.9,0.31,E,162.3,24.37,192.42,78.25,1.01,0.31,0.0,0.31,,,,,,,,,,,,5.01
2026-01-19,7,Ferreira do Zêzere,0.3,100.0,1.1,0.1,NE,7.2,24.49,192.42,78.15,1.01,0.31,0.0,0.31,,,,,,,,,,,,5.01
2026-01-19,8,Ferreira do Zêzere,0.2,100.0,0.9,0.1,E,23.8,24.92,192.42,77.81,0.97,0.3,0.0,0.3,,,,,,,,,,,,5.01
2026-01-19,9,Ferreira do Zêzere,0.6,100.0,0.3,0.1,SE,537.6,24.2,191.53,78.38,0.99,0.3,0.0,0.3,,,,,,,,,,,,4.91
2026-01-19,10,Ferreira do Zêzere,4.2,98.0,0.4,0.1,SE,625.6,20.99,186.46,81.02,1.3,0.4,0.01,0.4,,,,,,,,,,,,4.91
2026-01-19,11,Ferreira do Zêzere,9.0,84.0,2.2,0.7,NW,1260.7,18.62,145.39,83.02,1.81,0.55,0.01,0.55,,,,,,,,,,,,5.41
2026-01-19,12,Ferreira do Zêzere,12.1,71.0,4.4,0.1,NW,1573.5,16.73,109.33,84.67,2.51,0.77,0.02,0.77,27.63,1.0,-677.98,27.63,124.03,0.0,1.93,0.0,0.0,0.01,12.0,5.41
2026-01-19,13,Ferreira do Zêzere,13.7,58.0,3.4,0.1,NW,1475.9,15.53,93.53,85.73,2.77,0.85,0.02,0.85,,,,,,,,,,,,5.41
2026-01-19,14,Ferreira do Zêzere,14.4,59.0,3.8,0.2,NW,1679.2,14.63,91.89,86.54,3.16,0.97,0.03,0.97,,,,,,,,,,,,5.51
2026-01-19,15,Ferreira do Zêzere,14.0,64.0,4.2,0.13,NW,883.3,14.43,97.15,86.72,3.31,1.11,0.03,1.11,,,,,,,,,,,,5.54
2026-01-19,16,Ferreira do Zêzere,12.9,72.0,2.9,0.2,NW,386.3,14.7,114.86,86.48,3.0,0.92,0.02,0.92,,,,,,,,,,,,5.64
2026-01-19,17,Ferreira do Zêzere,12.2,77.0,3.2,0.01,NW,236.1,14.95,121.47,86.25,2.95,0.9,0.02,0.9,,,,,,,,,,,,5.25
2026-01-19,18,Ferreira do Zêzere,11.0,84.0,1.8,0.1,NW,40.2,15.41,142.98,85.84,2.59,0.79,0.02,0.79,,,,,,,,,,,,5.25
2026-01-19,19,Ferreira do Zêzere,9.2,92.0,2.4,0.1,NW,2.0,16.3,163.59,85.05,2.39,0.73,0.02,0.73,,,,,,,,,,,,5.22
2026-01-19,20,Ferreira do Zêzere,8.4,95.0,3.4,0.3,NW,1.3,17.09,173.76,84.35,2.29,0.7,0.01,0.7,,,,,,,,,,,,5.42
2026-01-19,21,Ferreira do Zêzere,8.1,95.0,2.4,0.25,N,2.4,17.7,169.01,83.82,2.03,0.62,0.01,0.62,,,,,,,,,,,,4.55
2026-01-19,22,Ferreira do Zêzere,7.9,93.0,2.4,0.1,NW,1.3,18.17,161.56,83.41,1.92,0.59,0.01,0.59,,,,,,,,,,,,4.4
2026-01-19,23,Ferreira do Zêzere,6.4,96.0,1.7,0.1,SE,4.4,18.56,173.13,83.08,1.78,0.54,0.01,0.54,,,,,,,,,,,,4.4
2026-01-20,0,Ferreira do Zêzere,5.1,98.0,1.6,0.15,NW,470.1,19.17,201.92,82.55,1.65,0.51,0.01,0.51,,,,,,,,,,,,4.35
2026-01-20,1,Ferreira do Zêzere,4.9,99.0,1.2,0.1,NE,365.7,19.58,205.92,82.2,1.55,0.48,0.01,0.48,,,,,,,,,,,,4.35
2026-01-20,2,Ferreira do Zêzere,3.8,99.0,0.3,0.1,E,359.0,19.96,206.85,81.88,1.43,0.44,0.01,0.44,,,,,,,,,,,,4.35
2026-01-20,3,Ferreira do Zêzere,2.7,100.0,1.0,0.1,E,345.3,20.34,209.55,81.56,1.42,0.44,0.01,0.44,,,,,,,,,,,,4.35
2026-01-20,4,Ferreira do Zêzere,2.1,100.0,0.8,0.15,N,412.2,20.47,209.9,81.45,1.39,0.43,0.01,0.43,,,,,,,,,,,,4.4
2026-01-20,5,Ferreira do Zêzere,2.1,100.0,0.9,0.1,NW,391.6,20.65,205.4,81.3,1.37,0.42,0.01,0.42,,,,,,,,,,,,3.8
2026-01-20,6,Ferreira do Zêzere,1.8,100.0,0.5,0.1,NE,385.2,20.78,203.65,81.19,1.33,0.41,0.01,0.41,,,,,,,,,,,,3.59
2026-01-20,7,Ferreira do Zêzere,1.5,100.0,0.3,0.1,E,379.4,20.95,203.65,81.05,1.29,0.4,0.01,0.4,,,,,,,,,,,,3.59
2026-01-20,8,Ferreira do Zêzere,1.9,100.0,0.6,0.1,E,359.0,21.0,203.65,81.01,1.31,0.4,0.01,0.4,,,,,,,,,,,,3.59
2026-01-20,9,Ferreira do Zêzere,2.5,100.0,0.5,0.1,S,445.3,21.08,203.65,80.94,1.29,0.4,0.01,0.4,,,,,,,,,,,,3.59
2026-01-20,10,Ferreira do Zêzere,4.0,100.0,0.5,0.1,NW,710.2,20.62,203.65,81.33,1.35,0.41,0.01,0.41,,,,,,,,,,,,3.59
2026-01-20,11,Ferreira do Zêzere,5.8,100.0,0.7,0.1,SE,668.3,19.93,198.09,81.91,1.46,0.45,0.01,0.45,,,,,,,,,,,,2.99
2026-01-20,12,Ferreira do Zêzere,7.5,99.0,1.3,0.2,S,788.2,19.44,195.25,82.32,1.58,0.49,0.01,0.49,15.61,1.0,-677.39,15.61,167.43,0.0,1.93,0.0,0.0,0.01,12.0,3.09
2026-01-20,13,Ferreira do Zêzere,9.0,93.0,1.3,0.1,S,799.4,19.18,174.35,82.54,1.63,0.5,0.01,0.5,,,,,,,,,,,,3.09
2026-01-20,14,Ferreira do Zêzere,11.0,84.0,1.5,0.13,S,808.7,18.74,147.23,82.92,1.72,0.53,0.01,0.53,,,,,,,,,,,,3.02
2026-01-20,15,Ferreira do Zêzere,11.8,80.0,1.5,0.2,SW,560.3,21.21,138.1,80.83,1.34,0.41,0.01,0.41,,,,,,,,,,,,3.09
2026-01-20,16,Ferreira do Zêzere,12.1,82.0,1.4,0.51,S,419.5,20.54,144.1,81.39,1.42,0.44,0.01,0.44,,,,,,,,,,,,3.4
2026-01-20,17,Ferreira do Zêzere,11.8,88.0,0.8,0.69,S,124.9,22.82,166.81,79.5,1.13,0.34,0.0,0.34,,,,,,,,,,,,4.08
2026-01-20,18,Ferreira do Zêzere,10.8,93.0,0.7,0.17,E,49.0,23.36,183.24,79.06,1.07,0.33,0.0,0.33,,,,,,,,,,,,4.15
2026-01-20,19,Ferreira do Zêzere,9.9,97.0,1.0,0.52,SE,48.6,23.77,198.91,78.73,1.06,0.32,0.0,0.32,,,,,,,,,,,,4.57
2026-01-20,20,Ferreira do Zêzere,10.5,97.0,1.3,0.1,S,115.7,24.08,196.69,78.48,1.05,0.32,0.0,0.32,,,,,,,,,,,,4.37
2026-01-20,21,Ferreira do Zêzere,10.9,96.0,1.6,0.1,SE,402.0,32.54,190.78,71.99,0.73,0.22,0.0,0.22,,,,,,,,,,,,4.22
2026-01-20,22,Ferreira do Zêzere,10.8,96.0,1.4,0.18,S,384.3,33.35,191.86,71.4,0.7,0.22,0.0,0.22,,,,,,,,,,,,4.3
2026-01-20,23,Ferreira do Zêzere,10.9,96.0,1.0,0.8,S,491.3,33.51,197.09,71.28,0.69,0.21,0.0,0.21,,,,,,,,,,,,5.0
2026-01-21,0,Ferreira do Zêzere,11.2,95.0,2.2,0.1,S,469.2,46.29,220.95,62.64,0.53,0.16,0.0,0.16,,,,,,,,,,,,4.95
2026-01-21,1,Ferreira do Zêzere,11.2,97.0,2.7,1.4,SE,379.5,50.03,230.6,60.33,0.48,0.15,0.0,0.15,,,,,,,,,,,,6.25
2026-01-21,2,Ferreira do Zêzere,11.3,98.0,3.9,1.8,S,243.7,51.69,235.21,59.33,0.48,0.15,0.0,0.15,,,,,,,,,,,,7.95
2026-01-21,3,Ferreira do Zêzere,11.5,97.0,5.0,1.6,S,100.8,52.71,226.81,58.72,0.48,0.15,0.0,0.15,,,,,,,,,,,,9.45
2026-01-21,4,Ferreira do Zêzere,11.6,97.0,4.0,0.8,S,109.6,53.77,228.15,58.1,0.44,0.13,0.0,0.13,,,,,,,,,,,,10.1
2026-01-21,5,Ferreira do Zêzere,11.7,97.0,4.5,1.2,S,125.5,54.28,227.34,57.8,0.44,0.14,0.0,0.14,,,,,,,,,,,,11.2
2026-01-21,6,Ferreira do Zêzere,11.6,98.0,1.9,2.6,S,77.4,54.93,237.63,57.42,0.38,0.12,0.0,0.12,,,,,,,,,,,,13.7
2026-01-21,7,Ferreira do Zêzere,11.6,99.0,2.3,2.8,SE,29.0,55.2,243.32,57.27,0.38,0.12,0.0,0.12,,,,,,,,,,,,16.4
2026-01-21,8,Ferreira do Zêzere,11.7,99.0,1.8,0.9,S,10.4,55.71,243.7,56.97,0.36,0.11,0.0,0.11,,,,,,,,,,,,17.2
2026-01-21,9,Ferreira do Zêzere,12.4,99.0,3.8,2.3,S,44.1,56.15,242.09,56.72,0.39,0.12,0.0,0.12,,,,,,,,,,,,19.4
2026-01-21,10,Ferreira do Zêzere,13.1,99.0,1.2,2.5,SW,121.8,56.24,243.96,56.67,0.34,0.1,0.0,0.1,,,,,,,,,,,,21.8
2026-01-21,11,Ferreira do Zêzere,13.8,99.0,2.5,0.8,SW,295.2,56.37,242.59,56.59,0.36,0.11,0.0,0.11,,,,,,,,,,,,22.5
2026-01-21,12,Ferreira do Zêzere,15.2,99.0,2.5,0.8,W,578.0,56.85,242.2,56.32,0.36,0.11,0.0,0.11,1.76,1.0,-681.38,1.76,238.58,0.0,1.93,0.0,0.0,0.01,12.0,23.1
2026-01-21,13,Ferreira do Zêzere,15.9,88.0,3.2,0.1,W,1111.3,44.58,177.31,63.73,0.59,0.18,0.0,0.18,,,,,,,,,,,,23.1
2026-01-21,14,Ferreira do Zêzere,14.7,91.0,3.4,0.5,W,691.9,54.83,192.09,57.48,0.41,0.12,0.0,0.12,,,,,,,,,,,,23.47
2026-01-21,15,Ferreira do Zêzere,15.1,85.0,4.3,0.1,W,743.1,49.43,163.28,60.69,0.53,0.16,0.0,0.16,,,,,,,,,,,,23.37
2026-01-21,16,Ferreira do Zêzere,14.9,77.0,3.9,0.53,W,507.3,41.68,142.92,65.62,0.66,0.2,0.0,0.2,,,,,,,,,,,,23.39
2026-01-21,17,Ferreira do Zêzere,14.3,75.0,2.8,0.23,W,169.8,38.54,145.46,67.74,0.67,0.21,0.0,0.21,,,,,,,,,,,,22.93
2026-01-21,18,Ferreira do Zêzere,13.7,77.0,2.1,0.74,W,158.7,50.03,155.56,60.33,0.46,0.14,0.0,0.14,,,,,,,,,,,,23.5
2026-01-21,19,Ferreira do Zêzere,12.7,81.0,2.8,0.48,W,33.0,46.3,164.03,62.64,0.55,0.17,0.0,0.17,,,,,,,,,,,,23.46
2026-01-21,20,Ferreira do Zêzere,12.1,80.0,1.6,1.0,W,4.8,42.9,170.09,64.82,0.57,0.17,0.0,0.17,,,,,,,,,,,,24.36
2026-01-21,21,Ferreira do Zêzere,11.1,82.0,4.7,0.1,NW,187.6,46.36,162.71,62.6,0.6,0.18,0.0,0.18,,,,,,,,,,,,24.36
2026-01-21,22,Ferreira do Zêzere,11.3,86.0,2.5,0.58,N,144.5,53.93,183.35,58.0,0.41,0.12,0.0,0.12,,,,,,,,,,,,24.76
2026-01-21,23,Ferreira do Zêzere,10.2,89.0,4.2,0.4,NW,81.9,54.0,189.27,57.96,0.44,0.13,0.0,0.13,,,,,,,,,,,,24.36
2026-01-22,0,Ferreira do Zêzere,9.6,86.0,3.8,0.28,NW,183.7,53.8,181.38,58.08,0.44,0.13,0.0,0.13,,,,,,,,,,,,24.54
2026-01-22,1,Ferreira do Zêzere,8.7,91.0,2.1,0.54,NW,214.8,55.25,207.13,57.24,0.37,0.11,0.0,0.11,,,,,,,,,,,,23.68
2026-01-22,2,Ferreira do Zêzere,8.3,94.0,0.7,1.06,SE,313.9,56.32,225.45,56.62,0.33,0.1,0.0,0.1,,,,,,,,,,,,22.94
2026-01-22,3,Ferreira do Zêzere,7.4,97.0,1.4,0.19,SE,153.7,55.31,235.52,57.2,0.36,0.11,0.0,0.11,,,,,,,,,,,,21.53
2026-01-22,4,Ferreira do Zêzere,7.3,98.0,1.0,0.15,SE,107.6,54.62,240.84,57.6,0.36,0.11,0.0,0.11,,,,,,,,,,,,20.88
2026-01-22,5,Ferreira do Zêzere,6.2,98.0,1.1,0.1,N,99.5,52.29,241.02,58.97,0.4,0.12,0.0,0.12,,,,,,,,,,,,19.78
2026-01-22,6,Ferreira do Zêzere,6.2,99.0,0.9,0.1,N,204.7,51.1,245.6,59.68,0.42,0.13,0.0,0.13,,,,,,,,,,,,17.28
2026-01-22,7,Ferreira do Zêzere,5.1,99.0,0.4,0.1,E,241.3,50.21,245.48,60.22,0.42,0.13,0.0,0.13,,,,,,,,,,,,14.58
2026-01-22,8,Ferreira do Zêzere,4.5,99.0,0.4,0.1,SE,230.1,49.81,244.73,60.46,0.43,0.13,0.0,0.13,,,,,,,,,,,,13.78
2026-01-22,9,Ferreira do Zêzere,5.5,100.0,0.6,0.1,W,361.5,47.56,245.64,61.85,0.47,0.14,0.0,0.14,,,,,,,,,,,,11.58
2026-01-22,10,Ferreira do Zêzere,8.0,100.0,0.3,1.03,SW,477.6,44.2,243.59,63.98,0.51,0.16,0.0,0.16,,,,,,,,,,,,10.11
2026-01-22,11,Ferreira do Zêzere,9.8,97.0,1.1,0.4,S,499.5,42.4,228.45,65.15,0.56,0.17,0.0,0.17,,,,,,,,,,,,9.71
2026-01-22,12,Ferreira do Zêzere,11.3,91.0,1.4,0.5,SW,364.6,40.69,200.72,66.28,0.59,0.18,0.0,0.18,7.27,1.0,-681.98,7.27,206.77,0.0,1.93,0.0,0.0,0.01,12.0,9.41
2026-01-22,13,Ferreira do Zêzere,11.8,89.0,2.9,0.32,S,336.5,40.67,185.74,66.3,0.64,0.2,0.0,0.2,,,,,,,,,,,,9.63
2026-01-22,14,Ferreira do Zêzere,11.9,91.0,2.9,1.0,S,338.0,52.12,194.02,59.07,0.45,0.14,0.0,0.14,,,,,,,,,,,,10.13
2026-01-22,15,Ferreira do Zêzere,11.8,96.0,4.6,0.5,S,292.7,53.05,215.5,58.52,0.47,0.14,0.0,0.14,,,,,,,,,,,,10.53
2026-01-22,16,Ferreira do Zêzere,11.8,97.0,5.4,0.3,S,246.6,54.75,220.58,57.53,0.45,0.14,0.0,0.14,,,,,,,,,,,,10.3
2026-01-22,17,Ferreira do Zêzere,11.8,98.0,4.0,2.1,S,364.4,55.45,231.47,57.12,0.41,0.13,0.0,0.13,,,,,,,,,,,,12.17
2026-01-22,18,Ferreira do Zêzere,12.1,98.0,2.7,0.9,SW,86.1,55.35,233.03,57.18,0.38,0.12,0.0,0.12,,,,,,,,,,,,12.33
2026-01-22,19,Ferreira do Zêzere,12.7,99.0,2.0,0.1,SW,43.5,54.92,239.52,57.43,0.38,0.12,0.0,0.12,,,,,,,,,,,,11.95
2026-01-22,20,Ferreira do Zêzere,13.7,98.0,0.8,0.4,S,92.0,53.69,234.5,58.14,0.38,0.12,0.0,0.12,,,,,,,,,,,,11.35
2026-01-22,21,Ferreira do Zêzere,14.0,97.0,2.7,2.9,W,96.1,54.85,227.36,57.47,0.39,0.12,0.0,0.12,,,,,,,,,,,,14.15
2026-01-22,22,Ferreira do Zêzere,13.8,93.0,4.8,2.8,NW,122.2,55.36,199.48,57.17,0.43,0.13,0.0,0.13,,,,,,,,,,,,16.37
2026-01-22,23,Ferreira do Zêzere,12.8,87.0,2.8,0.22,NW,108.9,47.44,182.11,61.92,0.53,0.16,0.0,0.16,,,,,,,,,,,,16.19
2026-01-23,0,Ferreira do Zêzere,11.8,83.0,2.5,0.3,W,4.7,43.38,173.24,64.51,0.59,0.18,0.0,0.18,,,,,,,,,,,,16.21
2026-01-23,1,Ferreira do Zêzere,10.2,84.0,2.3,0.35,NW,5.1,53.05,180.69,58.52,0.42,0.13,0.0,0.13,,,,,,,,,,,,16.02
2026-01-23,2,Ferreira do Zêzere,10.9,86.0,3.9,0.4,NW,49.5,55.35,178.19,57.18,0.41,0.13,0.0,0.13,,,,,,,,,,,,15.36
2026-01-23,3,Ferreira do Zêzere,10.0,86.0,0.9,0.55,NW,207.8,53.38,195.91,58.33,0.38,0.12,0.0,0.12,,,,,,,,,,,,15.72
2026-01-23,4,Ferreira do Zêzere,8.2,93.0,1.2,0.1,SW,329.0,48.96,219.26,60.98,0.46,0.14,0.0,0.14,,,,,,,,,,,,15.67
2026-01-23,5,Ferreira do Zêzere,8.9,89.0,0.4,0.7,W,96.5,55.78,211.12,56.93,0.34,0.1,0.0,0.1,,,,,,,,,,,,16.27
2026-01-23,6,Ferreira do Zêzere,7.5,97.0,0.7,0.22,E,167.8,55.27,237.34,57.23,0.35,0.11,0.0,0.11,,,,,,,,,,,,16.39
2026-01-23,7,Ferreira do Zêzere,6.3,98.0,0.6,0.1,SE,93.0,56.28,241.99,56.65,0.33,0.1,0.0,0.1,,,,,,,,,,,,16.39
2026-01-23,8,Ferreira do Zêzere,5.5,99.0,0.6,0.61,NW,124.9,58.07,246.03,55.63,0.3,0.09,0.0,0.09,,,,,,,,,,,,16.9
2026-01-23,9,Ferreira do Zêzere,6.6,99.0,1.8,0.58,SE,382.5,53.19,244.78,58.44,0.4,0.12,0.0,0.12,,,,,,,,,,,,17.38
2026-01-23,10,Ferreira do Zêzere,9.5,90.0,1.6,0.1,SW,519.7,47.09,204.68,62.14,0.5,0.15,0.0,0.15,,,,,,,,,,,,16.45
2026-01-23,11,Ferreira do Zêzere,8.7,93.0,2.4,1.4,SW,279.7,57.01,213.92,56.23,0.35,0.11,0.0,0.11,,,,,,,,,,,,17.45
2026-01-23,12,Ferreira do Zêzere,9.0,94.0,4.0,0.54,S,779.8,56.13,213.68,56.73,0.4,0.12,0.0,0.12,5.99,1.0,-685.37,5.99,213.68,0.0,1.93,0.0,0.0,0.01,12.0,17.49
2026-01-23,13,Ferreira do Zêzere,8.9,92.0,4.6,2.2,W,294.5,58.68,202.88,55.29,0.36,0.11,0.0,0.11,,,,,,,,,,,,19.37
2026-01-23,14,Ferreira do Zêzere,8.9,90.0,1.9,0.2,SW,972.3,52.2,204.1,59.02,0.42,0.13,0.0,0.13,,,,,,,,,,,,18.57
2026-01-23,15,Ferreira do Zêzere,9.2,84.0,2.8,0.1,W,559.3,57.93,180.4,55.71,0.34,0.1,0.0,0.1,,,,,,,,,,,,18.17
2026-01-23,16,Ferreira do Zêzere,8.8,87.0,3.3,1.2,SW,242.3,55.82,188.14,56.91,0.39,0.12,0.0,0.12,,,,,,,,,,,,19.07
2026-01-23,17,Ferreira do Zêzere,7.4,93.0,1.4,2.4,SW,225.7,58.65,219.2,55.31,0.31,0.09,0.0,0.09,,,,,,,,,,,,19.37
2026-01-23,18,Ferreira do Zêzere,6.5,92.0,5.3,1.9,NW,251.1,60.1,204.9,54.51,0.35,0.11,0.0,0.11,,,,,,,,,,,,20.37
2026-01-23,19,Ferreira do Zêzere,5.5,95.0,1.1,0.2,N,348.4,59.97,229.49,54.58,0.28,0.09,0.0,0.09,,,,,,,,,,,,20.47
2026-01-23,20,Ferreira do Zêzere,5.6,94.0,1.4,0.3,S,293.7,58.88,224.65,55.18,0.3,0.09,0.0,0.09,,,,,,,,,,,,20.37
2026-01-23,21,Ferreira do Zêzere,5.3,94.0,2.7,1.3,NW,303.0,60.18,221.0,54.46,0.3,0.09,0.0,0.09,,,,,,,,,,,,18.77
2026-01-23,22,Ferreira do Zêzere,5.3,94.0,1.5,0.4,NE,202.2,60.15,224.56,54.48,0.29,0.09,0.0,0.09,,,,,,,,,,,,16.37
2026-01-23,23,Ferreira do Zêzere,6.1,90.0,1.0,0.4,W,144.2,59.66,212.8,54.75,0.29,0.09,0.0,0.09,,,,,,,,,,,,16.55
2026-01-24,0,Ferreira do Zêzere,5.8,94.0,0.8,1.9,SE,109.9,59.71,224.12,54.72,0.28,0.09,0.0,0.09,,,,,,,,,,,,18.15
2026-01-24,1,Ferreira do Zêzere,5.0,96.0,1.5,0.75,S,287.5,59.92,229.75,54.6,0.29,0.09,0.0,0.09,,,,,,,,,,,,18.55
2026-01-24,2,Ferreira do Zêzere,5.0,97.0,0.9,0.41,SE,202.8,60.13,235.13,54.49,0.28,0.09,0.0,0.09,,,,,,,,,,,,18.56
2026-01-24,3,Ferreira do Zêzere,5.2,97.0,1.7,0.1,S,204.7,60.23,232.98,54.43,0.29,0.09,0.0,0.09,,,,,,,,,,,,18.11
2026-01-24,4,Ferreira do Zêzere,5.4,95.0,2.1,0.74,S,202.3,60.42,224.08,54.33,0.29,0.09,0.0,0.09,,,,,,,,,,,,18.75
2026-01-24,5,Ferreira do Zêzere,5.4,96.0,2.2,0.7,S,196.1,60.63,228.03,54.22,0.29,0.09,0.0,0.09,,,,,,,,,,,,18.75
2026-01-24,6,Ferreira do Zêzere,5.3,97.0,3.2,1.2,S,201.1,60.78,231.67,54.13,0.3,0.09,0.0,0.09,,,,,,,,,,,,19.73
2026-01-24,7,Ferreira do Zêzere,5.0,96.0,0.9,0.3,NW,373.2,61.08,232.38,53.97,0.27,0.08,0.0,0.08,,,,,,,,,,,,19.93
2026-01-24,8,Ferreira do Zêzere,4.9,98.0,0.7,1.2,S,260.2,60.7,240.69,54.18,0.27,0.08,0.0,0.08,,,,,,,,,,,,20.52
2026-01-24,9,Ferreira do Zêzere,4.9,99.0,0.3,0.1,SW,575.8,60.52,244.71,54.28,0.26,0.08,0.0,0.08,,,,,,,,,,,,20.04
2026-01-24,10,Ferreira do Zêzere,5.9,97.0,1.3,0.16,S,725.8,57.08,234.8,56.19,0.33,0.1,0.0,0.1,,,,,,,,,,,,20.1
2026-01-24,11,Ferreira do Zêzere,7.8,90.0,0.9,0.29,SW,920.4,51.31,209.11,59.55,0.42,0.13,0.0,0.13,,,,,,,,,,,,18.99
2026-01-24,12,Ferreira do Zêzere,9.7,83.0,1.0,0.3,SW,1305.8,47.78,185.51,61.71,0.48,0.15,0.0,0.15,11.11,1.0,-688.96,11.11,187.52,0.0,1.93,0.0,0.0,0.01,12.0,18.75
2026-01-24,13,Ferreira do Zêzere,10.6,81.0,4.3,0.27,NW,807.5,46.57,160.14,62.47,0.58,0.18,0.0,0.18,,,,,,,,,,,,16.82
2026-01-24,14,Ferreira do Zêzere,12.3,75.0,4.8,1.82,NW,1327.7,43.23,140.91,64.61,0.66,0.2,0.0,0.2,,,,,,,,,,,,18.44
2026-01-24,15,Ferreira do Zêzere,12.0,79.0,4.3,0.4,NW,878.9,55.64,152.52,57.01,0.41,0.13,0.0,0.13,,,,,,,,,,,,18.74
2026-01-24,16,Ferreira do Zêzere,12.2,78.0,5.6,0.65,NW,686.3,57.87,144.78,55.75,0.4,0.12,0.0,0.12,,,,,,,,,,,,18.19
2026-01-24,17,Ferreira do Zêzere,11.8,73.0,4.0,0.29,NW,347.0,56.92,140.44,56.28,0.38,0.12,0.0,0.12,,,,,,,,,,,,16.08
2026-01-24,18,Ferreira do Zêzere,11.3,73.0,2.6,0.46,NW,98.4,48.93,147.3,61.0,0.5,0.15,0.0,0.15,,,,,,,,,,,,14.64
2026-01-24,19,Ferreira do Zêzere,10.2,74.0,3.8,0.5,NW,4.8,45.67,146.92,63.04,0.59,0.18,0.0,0.18,,,,,,,,,,,,14.94
2026-01-24,20,Ferreira do Zêzere,9.8,77.0,1.2,0.25,S,6.9,44.42,167.71,63.83,0.53,0.16,0.0,0.16,,,,,,,,,,,,14.89
2026-01-24,21,Ferreira do Zêzere,7.9,91.0,0.6,0.17,E,6.3,43.23,210.23,64.61,0.53,0.16,0.0,0.16,,,,,,,,,,,,13.76
2026-01-24,22,Ferreira do Zêzere,7.8,94.0,1.7,0.17,S,7.3,42.4,214.86,65.15,0.58,0.18,0.0,0.18,,,,,,,,,,,,13.53
2026-01-24,23,Ferreira do Zêzere,8.2,91.0,1.3,0.66,S,45.6,41.87,205.54,65.5,0.57,0.18,0.0,0.18,,,,,,,,,,,,13.79
2026-01-25,0,Ferreira do Zêzere,8.7,94.0,2.4,0.1,S,328.1,55.2,214.32,57.27,0.38,0.12,0.0,0.12,,,,,,,,,,,,11.99
2026-01-25,1,Ferreira do Zêzere,9.7,94.0,2.5,0.2,SW,319.7,56.35,212.32,56.61,0.36,0.11,0.0,0.11,,,,,,,,,,,,11.44
2026-01-25,2,Ferreira do Zêzere,9.8,97.0,2.0,2.0,SW,275.6,56.99,229.79,56.24,0.34,0.11,0.0,0.11,,,,,,,,,,,,13.03
2026-01-25,3,Ferreira do Zêzere,10.7,98.0,1.2,0.58,SW,432.6,56.95,236.56,56.26,0.33,0.1,0.0,0.1,,,,,,,,,,,,13.51
2026-01-25,4,Ferreira do Zêzere,11.5,99.0,3.3,2.2,W,327.2,57.46,241.44,55.98,0.36,0.11,0.0,0.11,,,,,,,,,,,,14.97
2026-01-25,5,Ferreira do Zêzere,11.9,98.0,1.5,1.17,W,391.3,54.66,237.42,57.58,0.37,0.11,0.0,0.11,,,,,,,,,,,,15.44
2026-01-25,6,Ferreira do Zêzere,11.6,97.0,1.6,1.83,W,362.3,57.45,232.47,55.98,0.33,0.1,0.0,0.1,,,,,,,,,,,,16.07
2026-01-25,7,Ferreira do Zêzere,12.0,97.0,1.7,0.3,W,361.3,59.19,231.98,55.01,0.3,0.09,0.0,0.09,,,,,,,,,,,,16.07
2026-01-25,8,Ferreira do Zêzere,12.5,94.0,3.2,1.03,W,417.4,58.15,211.01,55.59,0.35,0.11,0.0,0.11,,,,,,,,,,,,15.9
2026-01-25,9,Ferreira do Zêzere,12.4,90.0,2.1,1.4,W,362.5,56.58,197.46,56.48,0.35,0.11,0.0,0.11,,,,,,,,,,,,17.2
2026-01-25,10,Ferreira do Zêzere,11.4,95.0,0.9,2.7,SW,318.5,59.73,225.66,54.71,0.28,0.09,0.0,0.09,,,,,,,,,,,,19.74
2026-01-25,11,Ferreira do Zêzere,11.8,98.0,0.9,2.0,SW,400.6,59.18,239.43,55.01,0.29,0.09,0.0,0.09,,,,,,,,,,,,21.45
2026-01-25,12,Ferreira do Zêzere,13.6,93.0,2.9,0.2,W,1567.7,58.41,205.56,55.44,0.34,0.1,0.0,0.1,7.65,1.0,-692.55,7.65,204.75,0.0,1.93,0.0,0.0,0.01,12.0,21.35
2026-01-25,13,Ferreira do Zêzere,14.7,83.0,3.0,1.09,W,878.8,49.69,163.62,60.53,0.49,0.15,0.0,0.15,,,,,,,,,,,,22.17
2026-01-25,14,Ferreira do Zêzere,13.8,90.0,3.2,0.3,W,596.1,57.26,190.05,56.09,0.36,0.11,0.0,0.11,,,,,,,,,,,,20.65
2026-01-25,15,Ferreira do Zêzere,14.0,88.0,1.9,2.41,W,640.5,54.98,187.98,57.39,0.38,0.12,0.0,0.12,,,,,,,,,,,,22.66
2026-01-25,16,Ferreira do Zêzere,14.0,87.0,2.2,1.22,W,422.3,47.6,182.64,61.82,0.51,0.16,0.0,0.16,,,,,,,,,,,,23.23
2026-01-25,17,Ferreira do Zêzere,14.0,87.0,3.3,0.3,NW,262.9,45.14,177.23,63.37,0.58,0.18,0.0,0.18,,,,,,,,,,,,23.24
2026-01-25,18,Ferreira do Zêzere,13.2,86.0,3.0,0.1,NW,53.0,43.52,176.84,64.42,0.6,0.18,0.0,0.18,,,,,,,,,,,,22.88
2026-01-25,19,Ferreira do Zêzere,11.9,90.0,0.3,0.2,SW,6.5,42.32,211.5,65.2,0.54,0.17,0.0,0.17,,,,,,,,,,,,22.58
2026-01-25,20,Ferreira do Zêzere,11.0,95.0,0.3,0.1,SE,4.2,42.02,229.72,65.4,0.54,0.17,0.0,0.17,,,,,,,,,,,,22.43
2026-01-25,21,Ferreira do Zêzere,10.9,98.0,0.7,0.17,E,4.6,41.89,240.25,65.48,0.56,0.17,0.0,0.17,,,,,,,,,,,,22.43
2026-01-25,22,Ferreira do Zêzere,10.8,98.0,0.4,0.1,SE,5.6,41.82,241.16,65.53,0.55,0.17,0.0,0.17,,,,,,,,,,,,22.36
2026-01-25,23,Ferreira do Zêzere,10.9,98.0,1.3,0.1,SE,5.7,42.87,238.95,64.84,0.56,0.17,0.0,0.17,,,,,,,,,,,,21.8
2026-01-26,0,Ferreira do Zêzere,11.3,98.0,1.0,0.28,E,6.1,48.12,239.4,61.5,0.47,0.14,0.0,0.14,,,,,,,,,,,,21.98
2026-01-26,1,Ferreira do Zêzere,11.5,98.0,1.5,0.13,S,6.6,52.31,238.34,58.96,0.41,0.13,0.0,0.13,,,,,,,,,,,,21.91
2026-01-26,2,Ferreira do Zêzere,12.1,98.0,1.5,0.1,S,48.8,56.24,238.08,56.67,0.35,0.11,0.0,0.11,,,,,,,,,,,,20.01
2026-01-26,3,Ferreira do Zêzere,12.3,99.0,1.7,0.1,S,452.2,55.63,243.64,57.02,0.36,0.11,0.0,0.11,,,,,,,,,,,,19.53
2026-01-26,4,Ferreira do Zêzere,12.3,99.0,2.0,0.1,S,380.8,56.11,243.3,56.74,0.36,0.11,0.0,0.11,,,,,,,,,,,,17.43
2026-01-26,5,Ferreira do Zêzere,12.3,99.0,2.1,0.1,S,432.0,56.29,242.31,56.64,0.36,0.11,0.0,0.11,,,,,,,,,,,,16.36
2026-01-26,6,Ferreira do Zêzere,12.3,99.0,2.5,0.2,S,448.1,57.86,240.49,55.75,0.34,0.1,0.0,0.1,,,,,,,,,,,,14.73
2026-01-26,7,Ferreira do Zêzere,12.7,100.0,2.3,1.3,S,442.4,58.24,248.39,55.54,0.33,0.1,0.0,0.1,,,,,,,,,,,,15.73
2026-01-26,8,Ferreira do Zêzere,12.9,100.0,2.6,0.5,S,358.5,57.69,247.89,55.85,0.34,0.11,0.0,0.11,,,,,,,,,,,,15.2
2026-01-26,9,Ferreira do Zêzere,13.4,100.0,2.4,0.1,S,377.0,58.1,246.55,55.62,0.33,0.1,0.0,0.1,,,,,,,,,,,,13.9
2026-01-26,10,Ferreira do Zêzere,13.9,100.0,2.1,0.1,S,363.3,58.52,243.39,55.38,0.32,0.1,0.0,0.1,,,,,,,,,,,,11.3
2026-01-26,11,Ferreira do Zêzere,14.7,99.0,2.3,0.19,SW,574.2,57.94,233.48,55.71,0.33,0.1,0.0,0.1,,,,,,,,,,,,9.49
2026-01-26,12,Ferreira do Zêzere,15.6,94.0,2.9,0.34,SW,421.4,58.02,200.63,55.66,0.34,0.1,0.0,0.1,8.26,1.0,-692.37,8.26,201.57,0.0,1.93,0.0,0.0,0.01,12.0,9.63
2026-01-26,13,Ferreira do Zêzere,16.2,90.0,3.6,0.1,SW,571.9,56.99,175.99,56.24,0.37,0.11,0.0,0.11,,,,,,,,,,,,8.64
2026-01-26,14,Ferreira do Zêzere,16.8,85.0,2.6,0.16,SW,887.5,51.83,159.91,59.24,0.44,0.14,0.0,0.14,,,,,,,,,,,,8.5
2026-01-26,15,Ferreira do Zêzere,16.7,84.0,3.1,0.19,SW,511.5,47.93,151.3,61.62,0.53,0.16,0.0,0.16,,,,,,,,,,,,6.28
2026-01-26,16,Ferreira do Zêzere,16.1,84.0,3.5,0.1,SW,200.4,45.68,148.86,63.03,0.58,0.18,0.0,0.18,,,,,,,,,,,,5.16
2026-01-26,17,Ferreira do Zêzere,15.8,83.0,3.1,0.1,S,115.8,45.7,147.99,63.02,0.57,0.17,0.0,0.17,,,,,,,,,,,,4.96
2026-01-26,18,Ferreira do Zêzere,15.4,86.0,4.6,0.15,S,61.0,43.65,152.36,64.33,0.65,0.2,0.0,0.2,,,,,,,,,,,,5.01
2026-01-26,19,Ferreira do Zêzere,15.0,89.0,4.2,0.22,S,5.0,42.4,165.64,65.15,0.66,0.2,0.0,0.2,,,,,,,,,,,,5.03
2026-01-26,20,Ferreira do Zêzere,14.9,86.0,5.6,0.1,S,3.8,40.86,150.35,66.17,0.73,0.22,0.0,0.22,,,,,,,,,,,,5.03
2026-01-26,21,Ferreira do Zêzere,14.8,85.0,4.8,0.53,SW,3.4,38.95,150.58,67.46,0.73,0.23,0.0,0.23,,,,,,,,,,,,5.39
2026-01-26,22,Ferreira do Zêzere,14.9,84.0,4.5,0.4,S,44.3,49.71,148.86,60.52,0.53,0.16,0.0,0.16,,,,,,,,,,,,5.69
2026-01-26,23,Ferreira do Zêzere,13.7,93.0,7.8,4.4,S,97.3,56.35,186.44,56.61,0.47,0.15,0.0,0.15,,,,,,,,,,,,9.99
2026-01-27,0,Ferreira do Zêzere,13.9,94.0,7.1,1.0,S,225.2,57.65,191.01,55.87,0.43,0.13,0.0,0.13,,,,,,,,,,,,10.71
2026-01-27,1,Ferreira do Zêzere,14.1,96.0,5.5,4.3,S,153.7,58.42,211.08,55.44,0.38,0.12,0.0,0.12,,,,,,,,,,,,14.88
2026-01-27,2,Ferreira do Zêzere,14.0,98.0,5.4,7.0,SW,184.2,59.01,231.22,55.11,0.37,0.11,0.0,0.11,,,,,,,,,,,,21.78
2026-01-27,3,Ferreira do Zêzere,14.2,99.0,2.8,7.8,W,162.4,59.17,242.25,55.02,0.32,0.1,0.0,0.1,,,,,,,,,,,,29.48
2026-01-27,4,Ferreira do Zêzere,13.4,98.0,1.2,0.3,SW,126.5,58.05,238.11,55.64,0.31,0.1,0.0,0.1,,,,,,,,,,,,29.68
2026-01-27,5,Ferreira do Zêzere,12.5,97.0,2.0,0.4,SW,252.5,60.21,231.13,54.45,0.29,0.09,0.0,0.09,,,,,,,,,,,,29.98
2026-01-27,6,Ferreira do Zêzere,11.8,94.0,2.5,0.4,W,261.9,58.84,214.35,55.2,0.32,0.1,0.0,0.1,,,,,,,,,,,,30.18
2026-01-27,7,Ferreira do Zêzere,10.9,94.0,1.0,0.82,S,380.3,59.52,221.39,54.83,0.29,0.09,0.0,0.09,,,,,,,,,,,,29.7
2026-01-27,8,Ferreira do Zêzere,10.8,97.0,1.2,2.3,SW,219.7,59.96,234.16,54.58,0.29,0.09,0.0,0.09,,,,,,,,,,,,31.5
2026-01-27,9,Ferreira do Zêzere,10.7,98.0,2.4,2.3,NW,126.0,60.95,237.3,54.04,0.29,0.09,0.0,0.09,,,,,,,,,,,,33.7
2026-01-27,10,Ferreira do Zêzere,10.3,95.0,1.6,0.5,SE,268.7,60.38,223.77,54.35,0.28,0.09,0.0,0.09,,,,,,,,,,,,34.1
2026-01-27,11,Ferreira do Zêzere,11.2,94.0,3.3,0.1,SW,1159.5,50.57,212.7,60.0,0.48,0.15,0.0,0.15,,,,,,,,,,,,34.01
2026-01-27,12,Ferreira do Zêzere,10.8,87.0,2.7,0.6,W,859.5,58.98,186.69,55.13,0.32,0.1,0.0,0.1,11.28,1.0,-700.09,11.28,186.69,0.0,1.93,0.0,0.0,0.01,12.0,34.27
2026-01-27,13,Ferreira do Zêzere,11.2,84.0,1.9,0.68,W,724.2,56.27,180.79,56.65,0.35,0.11,0.0,0.11,,,,,,,,,,,,34.85
2026-01-27,14,Ferreira do Zêzere,12.2,74.0,5.87,0.98,---,1161.14,46.71,137.15,62.38,0.63,0.19,0.0,0.19,,,,,,,,,,,,35.67
2026-01-27,15,Ferreira do Zêzere,12.6,66.0,4.6,0.76,W,873.7,42.75,126.64,64.92,0.66,0.2,0.0,0.2,,,,,,,,,,,,36.24
2026-01-27,16,Ferreira do Zêzere,12.3,64.0,4.0,0.75,W,320.6,38.59,126.88,67.7,0.71,0.22,0.0,0.22,,,,,,,,,,,,36.89
2026-01-27,17,Ferreira do Zêzere,11.8,68.0,3.3,0.1,W,429.3,36.62,137.37,69.07,0.72,0.22,0.0,0.22,,,,,,,,,,,,36.89
2026-01-27,18,Ferreira do Zêzere,10.5,73.0,2.6,1.64,W,41.2,35.27,153.13,70.02,0.71,0.22,0.0,0.22,,,,,,,,,,,,38.38
2026-01-27,19,Ferreira do Zêzere,10.5,74.0,2.1,1.08,SW,3.1,34.15,157.79,70.82,0.71,0.22,0.0,0.22,,,,,,,,,,,,39.24
2026-01-27,20,Ferreira do Zêzere,9.7,77.0,1.6,1.27,S,0.9,36.16,169.04,69.39,0.67,0.2,0.0,0.2,,,,,,,,,,,,40.41
2026-01-27,21,Ferreira do Zêzere,8.7,83.0,3.0,0.64,S,1.1,35.36,177.87,69.96,0.73,0.22,0.0,0.22,,,,,,,,,,,,40.52
2026-01-27,22,Ferreira do Zêzere,8.6,86.0,2.8,1.16,S,27.5,35.98,187.45,69.52,0.71,0.22,0.0,0.22,,,,,,,,,,,,41.28
2026-01-27,23,Ferreira do Zêzere,8.6,92.0,1.2,0.3,S,232.7,48.35,215.14,61.36,0.47,0.14,0.0,0.14,,,,,,,,,,,,37.18
2026-01-28,0,Ferreira do Zêzere,8.6,96.0,3.2,1.0,S,263.1,54.17,226.08,57.86,0.42,0.13,0.0,0.13,,,,,,,,,,,,37.18
2026-01-28,1,Ferreira do Zêzere,8.9,96.0,2.6,0.5,S,363.3,56.13,227.06,56.73,0.37,0.11,0.0,0.11,,,,,,,,,,,,33.38
2026-01-28,2,Ferreira do Zêzere,9.4,96.0,3.6,1.3,S,427.6,56.91,224.63,56.29,0.37,0.11,0.0,0.11,,,,,,,,,,,,27.68
2026-01-28,3,Ferreira do Zêzere,10.2,97.0,4.7,4.0,S,254.9,57.53,228.25,55.94,0.38,0.12,0.0,0.12,,,,,,,,,,,,23.88
2026-01-28,4,Ferreira do Zêzere,10.6,98.0,4.1,13.7,S,194.0,57.92,235.37,55.72,0.37,0.11,0.0,0.11,,,,,,,,,,,,37.28
2026-01-28,5,Ferreira do Zêzere,11.4,93.0,12.5,8.9,W,52.6,53.02,189.28,58.54,0.7,0.21,0.0,0.21,10.74,1.0,-710.7,10.74,189.28,0.0,1.93,0.0,0.0,0.01,5.0,45.78
2026-01-29,12,Ferreira do Zêzere,14.9,97.99,4.16,2.71,W,266.45,60.42,200.93,54.33,0.32,0.1,0.0,0.1,9.3,1.0,-708.31,9.3,196.3,0.0,1.93,0.0,0.0,0.01,12.0,2.71
2026-01-29,13,Ferreira do Zêzere,14.24,97.43,3.77,2.36,W,498.71,61.45,209.07,53.77,0.3,0.09,0.0,0.09,,,,,,,,,,,,5.07
2026-01-29,14,Ferreira do Zêzere,14.02,97.02,2.27,1.93,W,538.39,57.09,214.68,56.19,0.35,0.11,0.0,0.11,,,,,,,,,,,,7.0
2026-01-29,15,Ferreira do Zêzere,14.27,94.4,3.65,0.75,W,671.49,48.62,197.93,61.19,0.53,0.16,0.0,0.16,,,,,,,,,,,,7.75
2026-01-29,16,Ferreira do Zêzere,14.69,91.5,3.33,0.3,W,722.6,42.44,184.27,65.12,0.63,0.19,0.0,0.19,,,,,,,,,,,,8.05
2026-01-29,17,Ferreira do Zêzere,14.8,87.72,2.81,0.25,W,503.4,38.94,171.17,67.47,0.66,0.2,0.0,0.2,,,,,,,,,,,,8.3
2026-01-29,18,Ferreira do Zêzere,13.2,90.05,3.81,0.1,SW,87.21,37.35,179.5,68.56,0.72,0.22,0.0,0.22,,,,,,,,,,,,8.4
2026-01-29,19,Ferreira do Zêzere,12.34,91.38,3.97,0.47,SW,8.35,35.92,186.86,69.56,0.75,0.23,0.0,0.23,,,,,,,,,,,,8.87
2026-01-29,20,Ferreira do Zêzere,11.92,91.02,4.11,0.1,---,4.3,34.87,185.72,70.3,0.78,0.24,0.0,0.24,,,,,,,,,,,,8.97
2026-01-29,21,Ferreira do Zêzere,11.39,91.47,2.73,1.01,SW,5.0,34.2,194.37,70.78,0.74,0.23,0.0,0.23,,,,,,,,,,,,9.98
2026-01-29,22,Ferreira do Zêzere,10.64,92.86,2.57,0.1,SW,16.4,33.69,201.95,71.15,0.74,0.23,0.0,0.23,,,,,,,,,,,,10.08
2026-01-29,23,Ferreira do Zêzere,10.01,94.96,2.23,0.1,NE,38.3,33.53,213.19,71.27,0.73,0.22,0.0,0.22,,,,,,,,,,,,10.18
2026-01-30,0,Ferreira do Zêzere,9.1,97.0,0.8,0.23,SW,328.7,33.84,236.25,71.04,0.67,0.21,0.0,0.21,,,,,,,,,,,,10.41
2026-01-30,1,Ferreira do Zêzere,7.8,98.0,0.9,0.1,E,565.6,34.4,240.86,70.64,0.67,0.2,0.0,0.2,,,,,,,,,,,,10.51
2026-01-30,2,Ferreira do Zêzere,7.8,99.0,1.2,0.2,E,450.4,34.45,245.04,70.6,0.68,0.21,0.0,0.21,,,,,,,,,,,,10.71
2026-01-30,3,Ferreira do Zêzere,8.4,100.0,0.9,0.1,SE,377.3,34.54,250.0,70.54,0.67,0.2,0.0,0.2,,,,,,,,,,,,10.81
2026-01-30,4,Ferreira do Zêzere,9.1,100.0,0.4,0.1,SW,343.3,34.65,250.0,70.46,0.65,0.2,0.0,0.2,,,,,,,,,,,,10.91
2026-01-30,5,Ferreira do Zêzere,9.9,100.0,1.1,0.1,SW,305.1,34.7,250.0,70.43,0.67,0.21,0.0,0.21,,,,,,,,,,,,11.01
2026-01-30,6,Ferreira do Zêzere,9.8,99.0,0.5,0.1,N,296.2,34.84,245.5,70.33,0.65,0.2,0.0,0.2,,,,,,,,,,,,11.11
2026-01-30,7,Ferreira do Zêzere,9.6,99.0,0.6,0.1,E,277.9,34.94,245.39,70.25,0.65,0.2,0.0,0.2,,,,,,,,,,,,11.21
2026-01-30,8,Ferreira do Zêzere,9.5,100.0,1.3,0.1,S,288.7,34.99,250.0,70.22,0.67,0.21,0.0,0.21,,,,,,,,,,,,11.31
2026-01-30,9,Ferreira do Zêzere,10.2,100.0,1.4,0.18,S,417.8,35.0,250.0,70.21,0.68,0.21,0.0,0.21,,,,,,,,,,,,11.49
2026-01-30,10,Ferreira do Zêzere,11.1,99.0,1.4,0.1,S,330.1,34.77,244.19,70.38,0.68,0.21,0.0,0.21,,,,,,,,,,,,11.59
2026-01-30,11,Ferreira do Zêzere,12.2,97.0,1.4,0.6,SW,355.9,47.14,232.79,62.11,0.5,0.15,0.0,0.15,,,,,,,,,,,,12.19
2026-01-30,12,Ferreira do Zêzere,13.8,97.0,2.8,0.1,SW,1398.2,49.47,227.83,60.67,0.49,0.15,0.0,0.15,5.1,1.0,-708.36,5.1,218.66,0.0,1.93,0.0,0.0,0.01,12.0,9.58
2026-01-30,13,Ferreira do Zêzere,15.5,88.0,3.7,0.49,SW,779.1,46.09,173.45,62.77,0.58,0.18,0.0,0.18,,,,,,,,,,,,7.71
2026-01-30,14,Ferreira do Zêzere,15.4,86.0,3.4,0.1,SW,459.6,51.56,165.04,59.4,0.47,0.14,0.0,0.14,,,,,,,,,,,,5.88
2026-01-30,15,Ferreira do Zêzere,14.3,86.0,5.8,1.0,W,570.2,38.9,159.24,67.49,0.77,0.24,0.0,0.24,,,,,,,,,,,,6.13
2026-01-30,16,Ferreira do Zêzere,15.6,75.0,6.0,1.0,W,576.1,34.01,125.87,70.92,0.87,0.27,0.0,0.27,,,,,,,,,,,,6.83
2026-01-30,17,Ferreira do Zêzere,15.1,68.0,6.4,0.4,W,391.6,29.89,113.78,73.95,1.0,0.31,0.0,0.31,,,,,,,,,,,,6.98
2026-01-30,18,Ferreira do Zêzere,14.0,66.0,5.2,0.16,W,112.1,27.98,117.93,75.41,1.02,0.31,0.0,0.31,,,,,,,,,,,,7.04
2026-01-30,19,Ferreira do Zêzere,13.2,78.0,6.2,0.6,NW,36.6,38.91,139.16,67.49,0.79,0.24,0.0,0.24,,,,,,,,,,,,7.17
2026-01-30,20,Ferreira do Zêzere,11.9,84.0,4.6,0.3,NW,146.2,36.37,164.04,69.24,0.77,0.24,0.0,0.24,,,,,,,,,,,,7.37
2026-01-30,21,Ferreira do Zêzere,11.9,73.0,3.6,1.04,W,4.2,33.94,142.1,70.97,0.77,0.24,0.0,0.24,,,,,,,,,,,,7.4
2026-01-30,22,Ferreira do Zêzere,11.3,74.0,2.8,0.16,W,6.5,31.45,149.37,72.79,0.79,0.24,0.0,0.24,,,,,,,,,,,,7.46
2026-01-30,23,Ferreira do Zêzere,11.2,75.0,1.8,0.1,W,5.5,29.32,157.18,74.39,0.81,0.25,0.0,0.25,,,,,,,,,,,,7.46
2026-01-31,0,Ferreira do Zêzere,10.7,75.0,2.3,0.33,W,4.3,27.88,131.72,75.49,0.88,0.27,0.0,0.27,,,,,,,,,,,,7.56
2026-01-31,1,Ferreira do Zêzere,10.3,72.0,1.5,0.3,W,5.9,26.81,132.56,76.32,0.9,0.27,0.0,0.27,,,,,,,,,,,,7.76
2026-01-31,2,Ferreira do Zêzere,8.8,82.0,0.4,0.1,E,8.8,25.81,160.51,77.1,0.9,0.27,0.0,0.27,,,,,,,,,,,,7.66
2026-01-31,3,Ferreira do Zêzere,8.4,89.0,0.9,0.3,SW,111.4,25.16,172.95,77.62,0.96,0.29,0.0,0.29,,,,,,,,,,,,7.86
2026-01-31,4,Ferreira do Zêzere,7.9,92.0,1.9,0.1,W,25.8,24.98,177.42,77.76,1.02,0.31,0.0,0.31,,,,,,,,,,,,7.86
2026-01-31,5,Ferreira do Zêzere,9.3,81.0,2.9,0.8,NW,3.5,24.63,146.05,78.04,1.09,0.34,0.0,0.34,,,,,,,,,,,,8.56
2026-01-31,6,Ferreira do Zêzere,9.4,78.0,1.9,0.1,SE,5.5,24.54,144.46,78.11,1.05,0.32,0.0,0.32,,,,,,,,,,,,8.56
2026-01-31,7,Ferreira do Zêzere,7.3,88.0,1.4,0.42,S,7.8,24.44,172.78,78.19,1.03,0.31,0.0,0.31,,,,,,,,,,,,8.88
2026-01-31,8,Ferreira do Zêzere,6.6,91.0,1.5,0.36,W,20.4,24.62,181.92,78.05,1.02,0.31,0.0,0.31,,,,,,,,,,,,9.14
2026-01-31,9,Ferreira do Zêzere,8.3,88.0,1.4,0.26,NW,248.4,24.07,172.5,78.49,1.05,0.32,0.0,0.32,,,,,,,,,,,,9.22
2026-01-31,10,Ferreira do Zêzere,11.5,79.0,1.5,0.26,W,657.9,23.27,146.47,79.14,1.13,0.34,0.0,0.34,,,,,,,,,,,,9.38
2026-01-31,11,Ferreira do Zêzere,13.7,70.0,3.9,0.22,W,1156.5,22.12,114.01,80.08,1.4,0.43,0.01,0.43,,,,,,,,,,,,9.0
2026-01-31,12,Ferreira do Zêzere,14.7,63.0,4.0,0.13,W,1271.5,20.33,101.75,81.57,1.66,0.51,0.01,0.51,29.88,1.0,-708.09,29.88,117.21,0.0,1.93,0.0,0.0,0.01,12.0,9.03
2026-01-31,13,Ferreira do Zêzere,15.2,59.0,3.0,0.44,W,1320.4,18.83,99.2,82.84,1.84,0.56,0.01,0.56,,,,,,,,,,,,8.98
2026-01-31,14,Ferreira do Zêzere,15.3,63.0,3.5,0.21,W,1123.5,17.35,101.96,84.12,2.23,0.68,0.01,0.68,,,,,,,,,,,,9.09
2026-01-31,15,Ferreira do Zêzere,15.3,67.0,3.1,0.2,NW,906.4,16.93,107.15,84.49,2.3,0.7,0.01,0.7,,,,,,,,,,,,8.29
2026-01-31,16,Ferreira do Zêzere,15.0,65.0,2.7,0.38,W,566.6,16.46,105.51,84.91,2.38,0.73,0.02,0.73,,,,,,,,,,,,7.67
2026-01-31,17,Ferreira do Zêzere,14.1,67.0,1.0,0.28,W,274.1,16.25,119.37,85.09,2.24,0.69,0.01,0.69,,,,,,,,,,,,7.55
2026-01-31,18,Ferreira do Zêzere,13.2,73.0,0.9,0.13,SE,56.3,16.65,131.2,84.74,2.13,0.65,0.01,0.65,,,,,,,,,,,,7.52
2026-01-31,19,Ferreira do Zêzere,11.5,84.0,0.7,0.24,SE,3.6,17.07,155.62,84.37,2.0,0.61,0.01,0.61,,,,,,,,,,,,7.16
2026-01-31,20,Ferreira do Zêzere,10.9,89.0,1.2,0.1,E,2.5,17.58,164.37,83.92,1.94,0.59,0.01,0.59,,,,,,,,,,,,6.96
2026-01-31,21,Ferreira do Zêzere,10.7,91.0,1.1,0.4,SE,3.4,18.03,167.42,83.53,1.83,0.56,0.01,0.56,,,,,,,,,,,,6.32
2026-01-31,22,Ferreira do Zêzere,11.7,87.0,1.9,0.45,SE,2.4,18.45,152.92,83.17,1.82,0.56,0.01,0.56,,,,,,,,,,,,6.61
2026-01-31,23,Ferreira do Zêzere,12.0,89.0,2.6,0.8,S,176.5,23.54,158.34,78.92,1.16,0.36,0.0,0.36,,,,,,,,,,,,7.31
2026-02-01,0,Ferreira do Zêzere,11.6,97.0,2.5,1.0,SE,306.8,41.3,224.48,65.88,0.62,0.19,0.0,0.19,,,,,,,,,,,,7.98
2026-02-01,1,Ferreira do Zêzere,11.7,98.0,3.0,1.4,SE,378.2,51.26,231.41,59.58,0.46,0.14,0.0,0.14,,,,,,,,,,,,9.08
2026-02-01,3,Ferreira do Zêzere,12.1,99.0,1.7,0.8,SE,154.6,56.06,239.5,56.77,0.35,0.11,0.0,0.11,,,,,,,,,,,,9.48
2026-02-01,4,Ferreira do Zêzere,12.0,99.0,1.5,0.2,SE,299.4,55.69,239.85,56.98,0.36,0.11,0.0,0.11,,,,,,,,,,,,9.58
2026-02-01,5,Ferreira do Zêzere,12.1,99.0,1.1,0.48,SE,385.7,56.02,239.75,56.79,0.34,0.11,0.0,0.11,,,,,,,,,,,,9.26
2026-02-01,6,Ferreira do Zêzere,12.3,100.0,0.3,0.44,SW,397.3,56.08,245.87,56.76,0.33,0.1,0.0,0.1,,,,,,,,,,,,9.6
2026-02-01,7,Ferreira do Zêzere,12.3,100.0,0.6,0.32,N,400.2,56.58,245.71,56.48,0.33,0.1,0.0,0.1,,,,,,,,,,,,9.5
2026-02-01,8,Ferreira do Zêzere,12.3,100.0,0.2,0.1,SW,392.7,56.76,245.31,56.37,0.32,0.1,0.0,0.1,,,,,,,,,,,,9.24
2026-02-01,9,Ferreira do Zêzere,12.6,100.0,0.4,0.18,E,427.4,56.87,245.18,56.31,0.32,0.1,0.0,0.1,,,,,,,,,,,,9.16
2026-02-01,10,Ferreira do Zêzere,13.3,100.0,1.2,0.12,SE,542.4,57.27,244.95,56.08,0.33,0.1,0.0,0.1,,,,,,,,,,,,9.02
2026-02-01,11,Ferreira do Zêzere,14.4,100.0,2.2,0.13,S,604.7,54.76,244.81,57.52,0.38,0.12,0.0,0.12,,,,,,,,,,,,8.93
2026-02-01,12,Ferreira do Zêzere,15.2,100.0,1.9,0.38,S,337.4,53.68,245.21,58.15,0.4,0.12,0.0,0.12,6.07,1.0,-707.77,6.07,213.25,0.0,1.93,0.0,0.0,0.01,12.0,9.18
2026-02-01,13,Ferreira do Zêzere,15.6,99.0,3.1,0.39,S,483.7,57.29,236.93,56.07,0.36,0.11,0.0,0.11,,,,,,,,,,,,9.13
2026-02-01,14,Ferreira do Zêzere,16.5,97.0,2.9,0.31,S,634.5,57.77,221.96,55.8,0.35,0.11,0.0,0.11,,,,,,,,,,,,9.23
2026-02-01,15,Ferreira do Zêzere,14.72,98.59,2.57,0.98,NW,356.84,58.13,235.92,55.6,0.34,0.1,0.0,0.1,,,,,,,,,,,,10.01
2026-02-01,16,Ferreira do Zêzere,14.76,98.74,3.26,0.58,SW,215.06,58.04,236.62,55.65,0.35,0.11,0.0,0.11,,,,,,,,,,,,10.21
2026-02-01,17,Ferreira do Zêzere,14.65,98.65,2.48,0.74,S,130.51,58.05,237.37,55.64,0.33,0.1,0.0,0.1,,,,,,,,,,,,10.67
2026-02-01,18,Ferreira do Zêzere,15.8,99.0,3.1,0.2,S,207.0,58.09,239.17,55.62,0.34,0.11,0.0,0.11,,,,,,,,,,,,10.74
2026-02-01,19,Ferreira do Zêzere,15.7,99.0,4.6,1.6,S,93.6,59.42,239.89,54.88,0.35,0.11,0.0,0.11,,,,,,,,,,,,12.1
2026-02-01,20,Ferreira do Zêzere,15.0,99.0,5.2,2.9,S,10.7,60.6,240.45,54.23,0.34,0.1,0.0,0.1,,,,,,,,,,,,14.9
2026-02-01,21,Ferreira do Zêzere,14.4,99.0,4.7,1.9,S,9.0,60.05,240.94,54.53,0.34,0.1,0.0,0.1,,,,,,,,,,,,16.4
2026-02-01,22,Ferreira do Zêzere,14.2,99.0,5.0,1.1,SW,8.4,60.41,240.83,54.34,0.34,0.1,0.0,0.1,,,,,,,,,,,,17.05
2026-02-01,23,Ferreira do Zêzere,13.9,98.0,5.1,0.4,S,48.3,59.42,232.44,54.88,0.36,0.11,0.0,0.11,,,,,,,,,,,,16.65
2026-02-02,0,Ferreira do Zêzere,14.1,94.0,5.1,0.15,S,39.6,58.76,203.01,55.25,0.37,0.11,0.0,0.11,,,,,,,,,,,,15.8
2026-02-02,1,Ferreira do Zêzere,14.3,91.0,5.4,0.2,S,90.3,58.91,184.52,55.16,0.37,0.11,0.0,0.11,,,,,,,,,,,,14.6
2026-02-02,2,Ferreira do Zêzere,14.0,94.0,5.5,2.1,S,130.8,61.98,202.89,53.48,0.32,0.1,0.0,0.1,,,,,,,,,,,,16.7
2026-02-02,3,Ferreira do Zêzere,13.6,98.0,5.4,4.9,S,118.4,61.9,232.33,53.52,0.32,0.1,0.0,0.1,,,,,,,,,,,,20.8
2026-02-02,4,Ferreira do Zêzere,12.2,97.0,4.8,9.3,W,139.0,62.04,226.51,53.45,0.31,0.09,0.0,0.09,,,,,,,,,,,,29.9
2026-02-02,5,Ferreira do Zêzere,10.5,90.0,1.6,0.6,S,113.5,61.64,203.15,53.67,0.27,0.08,0.0,0.08,,,,,,,,,,,,30.02
2026-02-02,6,Ferreira do Zêzere,10.1,96.0,3.6,0.2,S,188.1,61.46,224.0,53.76,0.3,0.09,0.0,0.09,,,,,,,,,,,,29.78
2026-02-02,7,Ferreira do Zêzere,10.0,97.0,2.4,5.7,W,173.5,62.22,231.96,53.35,0.27,0.08,0.0,0.08,,,,,,,,,,,,35.16
2026-02-02,8,Ferreira do Zêzere,9.4,94.0,1.8,0.38,SW,385.0,61.65,219.49,53.66,0.27,0.08,0.0,0.08,,,,,,,,,,,,35.44
2026-02-02,9,Ferreira do Zêzere,9.6,95.0,1.5,0.62,SW,673.8,57.53,224.76,55.94,0.33,0.1,0.0,0.1,,,,,,,,,,,,35.88
2026-02-02,10,Ferreira do Zêzere,9.4,92.0,1.1,1.0,S,553.5,62.4,214.73,53.25,0.25,0.08,0.0,0.08,,,,,,,,,,,,36.76
2026-02-02,11,Ferreira do Zêzere,10.2,92.0,2.0,0.2,SW,684.3,53.73,209.34,58.12,0.4,0.12,0.0,0.12,,,,,,,,,,,,36.83
2026-02-02,12,Ferreira do Zêzere,10.6,91.0,2.6,0.4,SW,1268.2,53.34,202.23,58.35,0.42,0.13,0.0,0.13,8.13,1.0,-715.87,8.13,202.23,0.0,1.93,0.0,0.0,0.01,12.0,36.85
2026-02-02,13,Ferreira do Zêzere,12.3,82.0,2.8,0.42,SW,1449.3,46.24,167.72,62.67,0.55,0.17,0.0,0.17,,,,,,,,,,,,36.88
2026-02-02,14,Ferreira do Zêzere,10.2,91.0,1.8,2.2,W,271.7,57.67,206.3,55.86,0.33,0.1,0.0,0.1,,,,,,,,,,,,38.77
2026-02-02,15,Ferreira do Zêzere,10.6,93.0,2.6,0.8,SW,664.0,56.88,210.81,56.3,0.36,0.11,0.0,0.11,,,,,,,,,,,,38.59
2026-02-07,16,Ferreira do Zêzere,11.96,83.01,9.15,2.34,SW,586.17,54.6,150.29,57.61,0.55,0.17,0.0,0.17,19.86,1.0,-723.37,19.86,150.59,0.0,1.93,0.0,0.0,0.01,16.0,36.2
2026-02-07,17,Ferreira do Zêzere,11.29,82.73,8.69,1.45,---,413.81,56.45,152.58,56.55,0.49,0.15,0.0,0.15,,,,,,,,,,,,37.55
2026-02-07,18,Ferreira do Zêzere,10.25,87.31,9.61,0.71,W,78.65,60.29,168.53,54.4,0.43,0.13,0.0,0.13,,,,,,,,,,,,36.81
2026-02-07,19,Ferreira do Zêzere,9.34,90.78,8.67,0.65,W,1.32,61.25,187.33,53.88,0.39,0.12,0.0,0.12,,,,,,,,,,,,37.23
2026-02-07,20,Ferreira do Zêzere,8.96,89.52,6.61,0.1,---,0.71,61.49,186.86,53.75,0.35,0.11,0.0,0.11,,,,,,,,,,,,36.84
2026-02-07,21,Ferreira do Zêzere,9.1,86.4,5.82,0.9,W,3.8,61.74,177.07,53.61,0.33,0.1,0.0,0.1,,,,,,,,,,,,37.09
2026-02-07,22,Ferreira do Zêzere,9.09,85.32,5.71,1.0,NW,4.41,58.33,173.97,55.49,0.39,0.12,0.0,0.12,,,,,,,,,,,,37.62
2026-02-07,23,Ferreira do Zêzere,9.0,83.69,3.49,0.5,---,13.8,61.47,176.96,53.76,0.3,0.09,0.0,0.09,,,,,,,,,,,,38.02
2026-02-08,0,Ferreira do Zêzere,8.76,84.49,3.85,0.16,W,11.3,61.8,178.23,53.58,0.3,0.09,0.0,0.09,,,,,,,,,,,,35.81
2026-02-08,1,Ferreira do Zêzere,8.54,85.3,3.36,0.52,W,5.7,61.4,182.84,53.8,0.29,0.09,0.0,0.09,,,,,,,,,,,,35.18
2026-02-08,2,Ferreira do Zêzere,8.21,87.5,4.27,2.0,NW,24.7,58.65,187.46,55.31,0.36,0.11,0.0,0.11,,,,,,,,,,,,36.6
2026-02-08,3,Ferreira do Zêzere,7.44,91.99,2.79,0.31,W,6.2,57.8,210.09,55.78,0.34,0.11,0.0,0.11,,,,,,,,,,,,36.75
2026-02-08,4,Ferreira do Zêzere,7.33,92.62,2.53,0.3,W,2.6,60.16,213.62,54.47,0.3,0.09,0.0,0.09,,,,,,,,,,,,36.95
2026-02-08,5,Ferreira do Zêzere,6.97,92.36,1.52,0.39,---,8.4,62.51,216.75,53.2,0.25,0.08,0.0,0.08,,,,,,,,,,,,36.68
2026-02-08,6,Ferreira do Zêzere,6.84,93.4,1.4,0.35,W,12.9,62.92,221.1,52.98,0.25,0.08,0.0,0.08,,,,,,,,,,,,36.23
2026-02-08,7,Ferreira do Zêzere,6.57,95.0,1.64,0.1,W,18.4,63.03,225.99,52.92,0.25,0.08,0.0,0.08,,,,,,,,,,,,33.26
2026-02-08,8,Ferreira do Zêzere,6.36,96.19,1.72,0.1,W,23.42,63.17,229.73,52.84,0.25,0.08,0.0,0.08,,,,,,,,,,,,29.34
2026-02-08,9,Ferreira do Zêzere,6.83,97.0,1.57,0.1,SW,214.62,62.47,231.12,53.22,0.25,0.08,0.0,0.08,,,,,,,,,,,,24.02
2026-02-08,10,Ferreira do Zêzere,8.82,94.24,1.96,0.79,SW,746.73,53.15,213.4,58.46,0.41,0.12,0.0,0.12,,,,,,,,,,,,18.59
2026-02-08,11,Ferreira do Zêzere,10.62,85.47,2.79,0.17,SW,949.62,48.71,175.39,61.13,0.5,0.15,0.0,0.15,,,,,,,,,,,,17.7
2026-02-08,12,Ferreira do Zêzere,11.13,80.65,3.54,0.1,SW,1367.3,44.49,157.32,63.79,0.6,0.18,0.0,0.18,18.24,1.0,-725.68,18.24,156.79,0.0,1.93,0.0,0.0,0.01,12.0,16.61
2026-02-08,13,Ferreira do Zêzere,11.95,75.02,3.72,1.04,SW,1286.37,39.41,142.02,67.15,0.69,0.21,0.0,0.21,,,,,,,,,,,,16.34
2026-02-08,14,Ferreira do Zêzere,12.29,71.96,4.03,0.1,SW,1272.78,35.35,133.52,69.96,0.77,0.23,0.0,0.23,,,,,,,,,,,,15.22
2026-02-08,15,Ferreira do Zêzere,12.05,73.95,4.18,0.2,SW,844.63,31.35,136.63,72.86,0.85,0.26,0.0,0.26,,,,,,,,,,,,14.38
2026-02-08,16,Ferreira do Zêzere,10.91,83.31,3.54,0.23,S,390.66,37.47,160.89,68.48,0.71,0.22,0.0,0.22,,,,,,,,,,,,12.27
2026-02-08,17,Ferreira do Zêzere,10.54,91.31,3.66,0.46,S,234.34,38.5,186.04,67.77,0.7,0.21,0.0,0.21,,,,,,,,,,,,11.28
2026-02-08,18,Ferreira do Zêzere,9.79,96.59,3.23,0.43,S,74.51,55.0,211.71,57.38,0.4,0.12,0.0,0.12,,,,,,,,,,,,11.0
2026-02-08,19,Ferreira do Zêzere,9.69,97.32,3.58,0.64,SE,9.03,57.08,215.2,56.19,0.37,0.11,0.0,0.11,,,,,,,,,,,,10.99
2026-02-08,20,Ferreira do Zêzere,9.78,97.57,3.56,1.55,SE,8.65,57.54,219.13,55.93,0.36,0.11,0.0,0.11,,,,,,,,,,,,12.44
2026-02-08,21,Ferreira do Zêzere,9.95,97.89,2.61,2.02,SE,3.58,58.31,223.66,55.5,0.33,0.1,0.0,0.1,,,,,,,,,,,,13.56
2026-02-08,22,Ferreira do Zêzere,10.11,98.21,1.63,0.87,SE,3.32,58.74,226.38,55.26,0.31,0.1,0.0,0.1,,,,,,,,,,,,13.43
2026-02-08,23,Ferreira do Zêzere,10.23,98.43,1.37,1.52,---,6.0,59.23,229.18,54.99,0.3,0.09,0.0,0.09,,,,,,,,,,,,14.45
2026-02-09,0,Ferreira do Zêzere,10.53,98.65,1.58,1.21,SE,2.77,59.17,242.18,55.02,0.3,0.09,0.0,0.09,,,,,,,,,,,,15.5
2026-02-09,1,Ferreira do Zêzere,11.1,98.68,1.39,0.33,S,6.0,59.02,242.41,55.1,0.3,0.09,0.0,0.09,,,,,,,,,,,,15.31
2026-02-09,2,Ferreira do Zêzere,11.54,98.56,1.42,0.19,SW,4.54,59.47,241.57,54.85,0.3,0.09,0.0,0.09,,,,,,,,,,,,13.5
2026-02-09,3,Ferreira do Zêzere,12.0,98.56,1.86,0.14,W,5.79,60.07,240.86,54.52,0.29,0.09,0.0,0.09,,,,,,,,,,,,13.33
2026-02-09,4,Ferreira do Zêzere,12.68,98.56,2.05,0.1,W,12.0,60.14,240.4,54.48,0.3,0.09,0.0,0.09,,,,,,,,,,,,13.13
2026-02-09,5,Ferreira do Zêzere,12.95,98.56,2.58,0.23,W,12.0,60.19,239.72,54.46,0.3,0.09,0.0,0.09,,,,,,,,,,,,12.97
2026-02-09,6,Ferreira do Zêzere,12.58,98.76,1.86,0.1,W,12.0,59.79,241.92,54.68,0.3,0.09,0.0,0.09,,,,,,,,,,,,12.72
2026-02-09,7,Ferreira do Zêzere,12.78,98.65,1.97,0.14,W,14.9,60.27,241.04,54.41,0.29,0.09,0.0,0.09,,,,,,,,,,,,12.76
2026-02-09,8,Ferreira do Zêzere,12.8,98.54,2.52,0.16,W,15.72,60.03,239.7,54.54,0.3,0.09,0.0,0.09,,,,,,,,,,,,12.82
2026-02-09,9,Ferreira do Zêzere,13.04,98.65,2.22,0.42,SW,113.74,59.73,240.67,54.71,0.3,0.09,0.0,0.09,,,,,,,,,,,,13.14
2026-02-09,10,Ferreira do Zêzere,13.39,98.43,2.9,0.1,---,298.28,59.44,238.3,54.87,0.32,0.1,0.0,0.1,,,,,,,,,,,,12.45
2026-02-09,11,Ferreira do Zêzere,13.89,98.8,2.5,1.04,---,368.48,61.03,241.14,54.0,0.29,0.09,0.0,0.09,,,,,,,,,,,,13.32
2026-02-09,12,Ferreira do Zêzere,14.35,98.43,4.34,0.34,SW,327.16,60.99,236.43,54.02,0.32,0.1,0.0,0.1,4.27,1.0,-726.58,4.27,223.38,0.0,1.93,0.0,0.0,0.01,12.0,13.56
2026-02-09,13,Ferreira do Zêzere,14.89,98.16,4.69,1.01,W,343.31,60.65,233.57,54.2,0.33,0.1,0.0,0.1,,,,,,,,,,,,13.53
2026-02-09,14,Ferreira do Zêzere,15.17,98.2,5.24,0.19,W,424.08,60.51,233.2,54.28,0.34,0.1,0.0,0.1,,,,,,,,,,,,13.62
2026-02-09,15,Ferreira do Zêzere,15.21,98.27,5.0,0.79,W,404.16,60.71,234.01,54.17,0.33,0.1,0.0,0.1,,,,,,,,,,,,14.21
2026-02-09,16,Ferreira do Zêzere,15.22,98.62,4.77,0.92,W,358.32,60.88,237.25,54.08,0.33,0.1,0.0,0.1,,,,,,,,,,,,14.9
2026-02-09,17,Ferreira do Zêzere,15.1,98.62,4.68,0.58,W,209.07,61.48,237.37,53.75,0.31,0.1,0.0,0.1,,,,,,,,,,,,15.02
2026-02-09,18,Ferreira do Zêzere,14.82,98.46,4.06,0.33,W,54.25,61.87,236.7,53.54,0.3,0.09,0.0,0.09,,,,,,,,,,,,14.92
2026-02-09,19,Ferreira do Zêzere,14.52,98.74,3.8,0.28,W,6.42,61.69,239.33,53.64,0.3,0.09,0.0,0.09,,,,,,,,,,,,14.56
2026-02-09,20,Ferreira do Zêzere,14.46,98.85,3.72,0.13,---,12.9,62.19,240.31,53.37,0.29,0.09,0.0,0.09,,,,,,,,,,,,13.14
2026-02-09,21,Ferreira do Zêzere,14.42,98.74,3.76,0.15,W,12.0,61.89,239.4,53.53,0.29,0.09,0.0,0.09,,,,,,,,,,,,11.27
2026-02-09,22,Ferreira do Zêzere,14.36,98.62,3.74,0.16,W,12.0,62.06,238.49,53.44,0.29,0.09,0.0,0.09,,,,,,,,,,,,10.56
2026-02-09,23,Ferreira do Zêzere,14.35,98.62,3.69,0.1,W,14.6,62.6,238.54,53.15,0.28,0.09,0.0,0.09,,,,,,,,,,,,9.14
2026-02-10,0,Ferreira do Zêzere,14.37,98.73,3.43,0.25,W,14.9,62.84,239.62,53.02,0.27,0.08,0.0,0.08,,,,,,,,,,,,8.18
2026-02-10,1,Ferreira do Zêzere,14.32,98.85,3.85,0.25,SW,18.0,63.39,240.26,52.72,0.27,0.08,0.0,0.08,,,,,,,,,,,,8.1
2026-02-10,2,Ferreira do Zêzere,14.25,98.74,4.24,0.2,SW,18.0,63.51,239.09,52.66,0.27,0.08,0.0,0.08,,,,,,,,,,,,8.11
2026-02-10,3,Ferreira do Zêzere,14.22,98.62,4.64,1.12,SW,15.6,63.79,237.8,52.51,0.28,0.08,0.0,0.08,,,,,,,,,,,,9.09
2026-02-10,4,Ferreira do Zêzere,14.19,98.62,4.27,1.45,W,6.65,64.01,238.11,52.4,0.27,0.08,0.0,0.08,,,,,,,,,,,,10.44
2026-02-10,5,Ferreira do Zêzere,14.1,98.74,3.16,3.53,SW,7.86,64.42,240.03,52.18,0.25,0.08,0.0,0.08,,,,,,,,,,,,13.74
2026-02-10,6,Ferreira do Zêzere,14.05,98.85,3.58,1.84,SW,12.0,63.61,240.56,52.61,0.26,0.08,0.0,0.08,,,,,,,,,,,,15.48
2026-02-10,7,Ferreira do Zêzere,14.07,98.85,4.16,1.17,SW,12.8,64.5,240.13,52.14,0.26,0.08,0.0,0.08,,,,,,,,,,,,16.51
2026-02-10,8,Ferreira do Zêzere,14.18,98.85,4.06,0.63,SW,7.33,64.89,240.16,51.93,0.25,0.08,0.0,0.08,,,,,,,,,,,,16.98
2026-02-10,9,Ferreira do Zêzere,14.46,98.73,5.19,1.96,SW,61.63,64.62,238.24,52.07,0.27,0.08,0.0,0.08,,,,,,,,,,,,18.52
2026-02-10,10,Ferreira do Zêzere,14.79,98.85,6.01,1.58,W,107.86,65.13,238.66,51.81,0.27,0.08,0.0,0.08,,,,,,,,,,,,20.0
2026-02-10,11,Ferreira do Zêzere,15.16,98.85,6.3,0.9,W,323.33,64.94,238.34,51.9,0.28,0.09,0.0,0.09,,,,,,,,,,,,19.86
2026-02-10,12,Ferreira do Zêzere,15.51,98.51,6.38,2.84,W,398.22,65.73,234.85,51.49,0.27,0.08,0.0,0.08,2.36,1.0,-729.58,2.36,234.85,0.0,1.93,0.0,0.0,0.01,12.0,22.36
2026-02-10,13,Ferreira do Zêzere,15.57,98.1,6.0,1.98,W,380.92,65.14,231.33,51.8,0.27,0.08,0.0,0.08,,,,,,,,,,,,23.33
2026-02-10,14,Ferreira do Zêzere,15.86,98.09,7.05,2.6,W,408.38,65.74,230.07,51.49,0.28,0.09,0.0,0.09,,,,,,,,,,,,25.74
2026-02-10,15,Ferreira do Zêzere,15.61,98.62,5.62,1.06,W,375.29,65.74,236.4,51.49,0.26,0.08,0.0,0.08,,,,,,,,,,,,26.01
2026-02-10,16,Ferreira do Zêzere,15.45,98.62,4.84,0.8,W,243.81,66.29,237.08,51.2,0.24,0.07,0.0,0.07,,,,,,,,,,,,25.89
2026-02-10,17,Ferreira do Zêzere,15.07,98.48,4.98,2.45,W,121.81,67.07,235.92,50.8,0.23,0.07,0.0,0.07,,,,,,,,,,,,27.76
2026-02-10,18,Ferreira do Zêzere,14.89,98.47,4.75,3.44,W,28.82,65.97,236.13,51.37,0.24,0.07,0.0,0.07,,,,,,,,,,,,30.87
2026-02-10,19,Ferreira do Zêzere,14.8,98.62,4.78,0.79,W,4.44,66.1,237.43,51.3,0.24,0.07,0.0,0.07,,,,,,,,,,,,31.38
2026-02-10,20,Ferreira do Zêzere,14.76,98.62,4.46,0.49,W,12.0,66.69,237.71,50.99,0.23,0.07,0.0,0.07,,,,,,,,,,,,31.74
2026-02-10,21,Ferreira do Zêzere,14.58,98.33,4.54,0.1,W,12.0,66.53,235.3,51.08,0.23,0.07,0.0,0.07,,,,,,,,,,,,31.69
2026-02-10,22,Ferreira do Zêzere,14.3,97.87,3.73,0.42,W,8.3,66.61,232.75,51.03,0.22,0.07,0.0,0.07,,,,,,,,,,,,31.95
2026-02-10,23,Ferreira do Zêzere,14.09,97.61,3.19,0.2,SW,3.69,66.55,231.75,51.07,0.22,0.07,0.0,0.07,,,,,,,,,,,,32.05
2026-02-11,0,Ferreira do Zêzere,14.18,97.54,2.79,0.1,SW,1.1,66.05,231.86,51.32,0.22,0.07,0.0,0.07,,,,,,,,,,,,31.9
2026-02-11,1,Ferreira do Zêzere,14.14,98.08,2.95,0.1,SW,1.81,67.28,235.39,50.69,0.21,0.06,0.0,0.06,,,,,,,,,,,,31.75
2026-02-11,2,Ferreira do Zêzere,14.35,98.54,3.22,0.6,SW,2.6,67.48,238.36,50.59,0.21,0.06,0.0,0.06,,,,,,,,,,,,32.15
2026-02-11,3,Ferreira do Zêzere,14.38,98.75,3.26,1.07,SW,18.4,67.67,239.92,50.49,0.21,0.06,0.0,0.06,,,,,,,,,,,,32.1
2026-02-11,4,Ferreira do Zêzere,14.41,98.87,3.34,2.62,SW,19.9,69.07,240.77,49.78,0.19,0.06,0.0,0.06,,,,,,,,,,,,33.27
2026-02-11,5,Ferreira do Zêzere,14.45,98.75,2.98,3.33,SW,14.6,68.95,240.14,49.84,0.19,0.06,0.0,0.06,,,,,,,,,,,,33.07
2026-02-11,6,Ferreira do Zêzere,14.49,98.65,3.38,4.04,SW,11.3,69.21,238.99,49.71,0.19,0.06,0.0,0.06,,,,,,,,,,,,35.27
2026-02-11,7,Ferreira do Zêzere,14.56,98.64,4.91,3.57,SW,10.17,68.59,237.61,50.02,0.21,0.06,0.0,0.06,,,,,,,,,,,,37.67
2026-02-11,8,Ferreira do Zêzere,14.6,98.64,5.43,0.69,SW,11.6,69.58,237.21,49.52,0.2,0.06,0.0,0.06,,,,,,,,,,,,37.73
2026-02-11,9,Ferreira do Zêzere,14.71,98.54,5.82,1.05,SW,62.64,69.29,235.97,49.67,0.21,0.06,0.0,0.06,,,,,,,,,,,,36.82
2026-02-11,10,Ferreira do Zêzere,14.71,98.54,6.21,2.57,SW,137.93,69.45,235.68,49.59,0.21,0.07,0.0,0.07,,,,,,,,,,,,37.81
2026-02-11,11,Ferreira do Zêzere,14.75,98.23,7.41,5.0,SW,197.28,70.58,231.86,49.02,0.21,0.06,0.0,0.06,,,,,,,,,,,,41.91
2026-02-11,12,Ferreira do Zêzere,14.91,96.97,6.54,6.79,SW,286.03,70.67,221.47,48.97,0.2,0.06,0.0,0.06,4.6,1.0,-738.72,4.6,221.47,0.0,1.93,0.0,0.0,0.01,12.0,45.86
2026-02-11,13,Ferreira do Zêzere,15.16,96.61,6.67,2.91,SW,336.28,69.82,218.07,49.4,0.21,0.07,0.0,0.07,,,,,,,,,,,,46.79
2026-02-11,14,Ferreira do Zêzere,15.21,96.61,6.97,1.1,W,245.27,69.69,217.6,49.46,0.22,0.07,0.0,0.07,,,,,,,,,,,,45.29
2026-02-11,15,Ferreira do Zêzere,15.12,97.44,7.37,2.86,SW,164.77,70.12,224.33,49.25,0.22,0.07,0.0,0.07,,,,,,,,,,,,47.09
2026-02-11,16,Ferreira do Zêzere,14.78,98.21,7.26,2.55,W,125.19,70.09,231.77,49.26,0.22,0.07,0.0,0.07,,,,,,,,,,,,48.84
2026-02-11,17,Ferreira do Zêzere,14.92,97.75,6.66,1.35,W,79.58,70.22,228.01,49.2,0.21,0.06,0.0,0.06,,,,,,,,,,,,47.74
2026-02-11,18,Ferreira do Zêzere,14.99,97.93,5.74,1.89,W,37.82,70.16,230.47,49.23,0.2,0.06,0.0,0.06,,,,,,,,,,,,46.19
2026-02-11,19,Ferreira do Zêzere,14.92,96.71,5.41,0.52,W,9.61,69.34,220.98,49.64,0.21,0.06,0.0,0.06,,,,,,,,,,,,45.92
2026-02-11,20,Ferreira do Zêzere,14.69,94.96,5.54,0.74,W,2.9,64.56,208.38,52.1,0.28,0.08,0.0,0.08,,,,,,,,,,,,46.17
2026-02-11,21,Ferreira do Zêzere,14.38,92.84,4.82,0.1,W,3.41,61.68,197.56,53.64,0.31,0.1,0.0,0.1,,,,,,,,,,,,46.17
2026-02-11,22,Ferreira do Zêzere,13.98,90.61,4.19,0.15,W,4.74,59.1,188.8,55.06,0.35,0.11,0.0,0.11,,,,,,,,,,,,45.9
2026-02-11,23,Ferreira do Zêzere,13.59,91.54,4.81,0.14,W,0.6,58.05,192.11,55.64,0.38,0.12,0.0,0.12,,,,,,,,,,,,45.84
2026-02-12,0,Ferreira do Zêzere,13.26,91.94,3.62,0.4,W,1.5,56.39,198.37,56.58,0.38,0.12,0.0,0.12,,,,,,,,,,,,46.14
2026-02-12,1,Ferreira do Zêzere,12.83,92.48,3.18,0.2,W,11.2,56.44,203.18,56.55,0.37,0.11,0.0,0.11,,,,,,,,,,,,46.24
2026-02-12,2,Ferreira do Zêzere,12.25,93.98,3.14,0.1,W,52.0,55.51,211.7,57.09,0.39,0.12,0.0,0.12,,,,,,,,,,,,45.74
2026-02-12,3,Ferreira do Zêzere,11.98,94.01,2.61,0.3,NW,9.3,54.74,213.83,57.53,0.39,0.12,0.0,0.12,,,,,,,,,,,,44.97
2026-02-12,4,Ferreira do Zêzere,11.49,94.44,2.28,0.68,NW,1.1,54.14,217.61,57.88,0.4,0.12,0.0,0.12,,,,,,,,,,,,43.03
2026-02-12,5,Ferreira do Zêzere,11.17,94.37,2.34,0.1,NW,0.8,55.36,217.43,57.17,0.38,0.12,0.0,0.12,,,,,,,,,,,,39.8
2026-02-12,6,Ferreira do Zêzere,10.82,94.75,3.0,0.2,NW,0.2,55.65,217.3,57.01,0.39,0.12,0.0,0.12,,,,,,,,,,,,35.96
2026-02-12,7,Ferreira do Zêzere,10.73,94.77,2.63,0.1,W,1.4,55.66,217.63,57.0,0.38,0.12,0.0,0.12,,,,,,,,,,,,32.49
2026-02-12,8,Ferreira do Zêzere,10.33,95.64,2.24,0.1,W,27.43,55.94,223.28,56.84,0.37,0.11,0.0,0.11,,,,,,,,,,,,31.9
2026-02-12,9,Ferreira do Zêzere,11.02,96.9,2.02,0.1,W,351.14,55.46,229.55,57.12,0.37,0.11,0.0,0.11,,,,,,,,,,,,30.95
2026-02-12,10,Ferreira do Zêzere,12.41,91.74,2.36,0.7,W,814.96,52.09,201.25,59.09,0.43,0.13,0.0,0.13,,,,,,,,,,,,29.08
2026-02-12,11,Ferreira do Zêzere,13.43,84.95,3.53,0.96,---,1049.95,47.77,167.37,61.72,0.54,0.17,0.0,0.17,,,,,,,,,,,,25.04
2026-02-12,12,Ferreira do Zêzere,14.35,78.79,3.67,1.0,W,1164.98,43.81,144.99,64.23,0.61,0.19,0.0,0.19,20.07,1.0,-740.97,20.07,149.8,0.0,1.93,0.0,0.0,0.01,12.0,19.25
2026-02-12,13,Ferreira do Zêzere,14.2,76.8,3.8,0.38,SW,1518.18,38.67,138.95,67.65,0.7,0.22,0.0,0.22,,,,,,,,,,,,16.72
2026-02-12,14,Ferreira do Zêzere,15.59,71.75,3.82,0.1,---,1616.17,34.06,124.34,70.88,0.78,0.24,0.0,0.24,,,,,,,,,,,,15.72
2026-02-12,15,Ferreira do Zêzere,14.56,74.47,3.46,0.47,SW,914.3,30.36,132.2,73.6,0.85,0.26,0.0,0.26,,,,,,,,,,,,13.33
2026-02-12,16,Ferreira do Zêzere,15.13,73.76,3.45,0.35,W,460.17,28.82,127.16,74.77,0.9,0.28,0.0,0.28,,,,,,,,,,,,11.13
2026-02-12,17,Ferreira do Zêzere,14.61,77.79,3.36,0.3,---,251.96,27.85,135.74,75.51,0.93,0.29,0.0,0.29,,,,,,,,,,,,10.08
2026-02-12,18,Ferreira do Zêzere,13.86,82.5,2.51,0.53,SW,70.85,27.63,150.22,75.68,0.9,0.28,0.0,0.28,,,,,,,,,,,,8.72
2026-02-12,19,Ferreira do Zêzere,13.18,87.2,2.48,0.2,SW,1.31,27.66,164.36,75.66,0.9,0.28,0.0,0.28,,,,,,,,,,,,8.4
2026-02-12,20,Ferreira do Zêzere,12.7,91.21,3.04,0.49,---,1.0,42.16,176.4,65.31,0.62,0.19,0.0,0.19,,,,,,,,,,,,8.15
2026-02-12,21,Ferreira do Zêzere,12.33,94.53,2.93,0.24,S,31.28,52.12,191.86,59.07,0.45,0.14,0.0,0.14,,,,,,,,,,,,8.29
2026-02-12,22,Ferreira do Zêzere,12.1,96.65,2.66,0.85,SE,63.1,55.07,205.21,57.34,0.39,0.12,0.0,0.12,,,,,,,,,,,,8.99
2026-02-12,23,Ferreira do Zêzere,12.11,97.54,3.8,1.85,---,0.2,57.3,212.77,56.07,0.37,0.11,0.0,0.11,,,,,,,,,,,,10.7
2026-02-13,0,Ferreira do Zêzere,12.14,98.57,4.56,4.87,SE,7.26,57.89,226.86,55.73,0.37,0.11,0.0,0.11,,,,,,,,,,,,15.17
2026-02-13,1,Ferreira do Zêzere,12.21,97.49,3.03,3.98,SW,9.97,56.55,224.77,56.49,0.37,0.11,0.0,0.11,,,,,,,,,,,,18.95
2026-02-13,2,Ferreira do Zêzere,11.92,97.53,4.28,1.02,SW,7.63,55.65,224.22,57.01,0.41,0.13,0.0,0.13,,,,,,,,,,,,19.87
2026-02-13,3,Ferreira do Zêzere,11.85,97.87,5.42,2.29,SW,9.81,57.51,226.73,55.95,0.4,0.12,0.0,0.12,,,,,,,,,,,,21.86
2026-02-13,4,Ferreira do Zêzere,11.76,97.14,7.57,1.54,W,4.5,59.63,219.64,54.76,0.4,0.12,0.0,0.12,,,,,,,,,,,,22.72
2026-02-13,5,Ferreira do Zêzere,11.42,94.1,5.91,2.08,---,8.06,57.75,203.25,55.81,0.4,0.12,0.0,0.12,,,,,,,,,,,,24.7
2026-02-13,6,Ferreira do Zêzere,11.01,92.85,6.96,1.18,W,7.58,58.64,195.26,55.31,0.41,0.12,0.0,0.12,,,,,,,,,,,,25.68
2026-02-13,7,Ferreira do Zêzere,10.86,91.18,7.39,1.03,W,15.11,58.38,186.46,55.46,0.42,0.13,0.0,0.13,,,,,,,,,,,,26.61
2026-02-13,8,Ferreira do Zêzere,10.47,90.07,6.71,1.53,---,20.28,59.81,184.08,54.67,0.38,0.12,0.0,0.12,,,,,,,,,,,,28.04
2026-02-13,9,Ferreira do Zêzere,10.43,88.02,6.45,1.6,W,162.62,59.27,176.82,54.96,0.38,0.12,0.0,0.12,,,,,,,,,,,,29.54
2026-02-13,10,Ferreira do Zêzere,11.12,84.38,6.92,0.58,W,641.55,51.25,161.25,59.59,0.57,0.17,0.0,0.17,,,,,,,,,,,,29.42
2026-02-13,11,Ferreira do Zêzere,11.78,81.65,6.74,0.48,NW,733.65,49.26,151.9,60.8,0.6,0.18,0.0,0.18,,,,,,,,,,,,28.94
2026-02-13,12,Ferreira do Zêzere,11.6,82.47,6.81,1.1,NW,677.26,49.83,154.49,60.45,0.59,0.18,0.0,0.18,18.88,1.0,-746.17,18.88,154.33,0.0,1.93,0.0,0.0,0.01,12.0,29.04
2026-02-13,13,Ferreira do Zêzere,11.43,81.94,6.56,0.44,W,975.57,49.08,154.18,60.91,0.6,0.18,0.0,0.18,,,,,,,,,,,,29.1
2026-02-13,14,Ferreira do Zêzere,11.91,79.27,6.66,0.26,NW,1294.51,42.94,145.7,64.79,0.73,0.22,0.0,0.22,,,,,,,,,,,,29.26
2026-02-13,15,Ferreira do Zêzere,12.16,77.25,6.75,0.37,W,1415.41,40.94,140.02,66.12,0.77,0.24,0.0,0.24,,,,,,,,,,,,29.16
2026-02-13,16,Ferreira do Zêzere,11.28,80.28,6.49,0.2,NW,708.94,38.3,150.38,67.9,0.81,0.25,0.0,0.25,,,,,,,,,,,,29.01
2026-02-13,17,Ferreira do Zêzere,10.96,81.66,7.07,0.63,W,588.77,52.34,153.28,58.94,0.55,0.17,0.0,0.17,,,,,,,,,,,,29.34
2026-02-13,18,Ferreira do Zêzere,10.12,86.78,6.69,1.87,NW,125.92,55.02,172.58,57.37,0.48,0.15,0.0,0.15,,,,,,,,,,,,30.68
2026-02-13,19,Ferreira do Zêzere,9.8,87.21,6.32,0.8,NW,9.39,49.84,175.95,60.44,0.58,0.18,0.0,0.18,,,,,,,,,,,,31.28
2026-02-13,20,Ferreira do Zêzere,9.52,86.19,6.3,0.3,NW,9.9,56.86,173.05,56.32,0.43,0.13,0.0,0.13,,,,,,,,,,,,31.09
2026-02-13,21,Ferreira do Zêzere,9.14,85.16,5.9,0.29,NW,4.15,58.13,171.7,55.6,0.4,0.12,0.0,0.12,,,,,,,,,,,,31.14
2026-02-13,22,Ferreira do Zêzere,8.67,85.28,5.45,0.72,N,7.8,58.49,174.43,55.4,0.38,0.12,0.0,0.12,,,,,,,,,,,,31.01
2026-02-13,23,Ferreira do Zêzere,8.6,82.16,7.46,0.4,---,1.16,59.23,159.8,54.99,0.41,0.12,0.0,0.12,,,,,,,,,,,,29.56
2026-02-14,0,Ferreira do Zêzere,8.62,79.46,5.89,0.48,N,1.4,58.91,150.24,55.16,0.38,0.12,0.0,0.12,,,,,,,,,,,,25.17
2026-02-14,1,Ferreira do Zêzere,8.51,77.52,5.34,0.3,N,0.1,58.57,146.31,55.35,0.38,0.12,0.0,0.12,,,,,,,,,,,,21.49
2026-02-14,2,Ferreira do Zêzere,8.55,72.37,6.37,0.1,N,2.4,54.75,133.66,57.53,0.48,0.15,0.0,0.15,,,,,,,,,,,,20.57
2026-02-14,3,Ferreira do Zêzere,8.4,70.59,5.03,0.1,N,2.4,51.13,133.75,59.66,0.52,0.16,0.0,0.16,,,,,,,,,,,,18.38
2026-02-14,4,Ferreira do Zêzere,8.18,71.99,4.77,0.2,N,2.4,48.43,136.28,61.31,0.56,0.17,0.0,0.17,,,,,,,,,,,,17.04
2026-02-14,5,Ferreira do Zêzere,7.92,74.97,4.41,0.15,N,0.32,46.27,141.16,62.66,0.59,0.18,0.0,0.18,,,,,,,,,,,,15.11
2026-02-14,6,Ferreira do Zêzere,8.03,75.49,5.33,0.23,N,2.4,44.58,138.01,63.73,0.65,0.2,0.0,0.2,,,,,,,,,,,,14.16
2026-02-14,7,Ferreira do Zêzere,8.13,74.03,4.04,0.1,N,2.4,43.03,138.15,64.74,0.64,0.2,0.0,0.2,,,,,,,,,,,,13.23
2026-02-14,8,Ferreira do Zêzere,8.18,75.03,4.14,0.1,N,37.6,41.65,137.31,65.64,0.67,0.2,0.0,0.2,,,,,,,,,,,,11.8
2026-02-14,9,Ferreira do Zêzere,9.0,72.94,4.07,0.38,N,465.44,39.06,130.23,67.38,0.71,0.22,0.0,0.22,,,,,,,,,,,,10.58
2026-02-14,10,Ferreira do Zêzere,10.33,68.2,4.84,0.1,NW,1157.13,34.87,117.03,70.3,0.81,0.25,0.0,0.25,,,,,,,,,,,,10.1
2026-02-14,11,Ferreira do Zêzere,11.39,65.07,5.54,0.01,NW,1497.6,30.06,107.66,73.83,0.95,0.29,0.0,0.29,,,,,,,,,,,,9.63
2026-02-14,12,Ferreira do Zêzere,11.95,62.43,5.84,0.01,N,1476.7,26.57,100.44,76.5,1.13,0.35,0.0,0.35,32.94,1.0,-746.08,32.94,108.46,0.01,1.93,0.0,0.0,0.01,12.0,8.54
2026-02-14,13,Ferreira do Zêzere,12.69,59.44,5.69,0.1,NW,1838.41,23.29,95.08,79.12,1.39,0.43,0.01,0.43,,,,,,,,,,,,8.2
2026-02-14,14,Ferreira do Zêzere,12.96,58.06,5.31,0.01,N,1817.86,21.09,93.42,80.93,1.64,0.5,0.01,0.5,,,,,,,,,,,,7.95
2026-02-14,15,Ferreira do Zêzere,14.2,58.0,6.6,0.01,NW,1722.2,19.19,86.47,82.54,2.12,0.65,0.01,0.65,,,,,,,,,,,,7.59
2026-02-14,16,Ferreira do Zêzere,14.8,55.0,6.2,0.01,NW,1439.7,18.46,82.63,83.16,2.25,0.69,0.01,0.69,,,,,,,,,,,,7.4
2026-02-14,17,Ferreira do Zêzere,13.6,60.0,6.6,0.01,NW,884.0,17.93,88.08,83.62,2.44,0.75,0.02,0.75,,,,,,,,,,,,6.78
2026-02-14,18,Ferreira do Zêzere,12.4,65.0,3.8,0.4,NW,167.3,17.8,98.12,83.73,2.15,0.66,0.01,0.66,,,,,,,,,,,,5.31
2026-02-14,19,Ferreira do Zêzere,10.9,71.0,0.8,0.01,NW,8.1,18.4,116.75,83.21,1.73,0.53,0.01,0.53,,,,,,,,,,,,4.52
2026-02-14,20,Ferreira do Zêzere,9.5,81.0,3.4,0.01,NW,0.9,18.91,120.61,82.78,1.86,0.57,0.01,0.57,,,,,,,,,,,,4.23
2026-02-14,21,Ferreira do Zêzere,8.9,86.0,2.1,0.01,N,2.3,19.42,132.36,82.34,1.65,0.51,0.01,0.51,,,,,,,,,,,,3.95
2026-02-14,22,Ferreira do Zêzere,8.5,90.0,3.5,0.1,NW,1.6,19.89,131.42,81.94,1.69,0.52,0.01,0.52,,,,,,,,,,,,3.33
2026-02-14,23,Ferreira do Zêzere,8.7,88.0,2.0,0.01,NE,1.3,20.22,125.9,81.66,1.51,0.46,0.01,0.46,,,,,,,,,,,,2.94
2026-02-15,0,Ferreira do Zêzere,8.7,87.0,2.9,0.1,---,1.3,20.58,134.24,81.36,1.53,0.47,0.01,0.47,,,,,,,,,,,,2.56
2026-02-15,1,Ferreira do Zêzere,8.6,89.0,2.4,0.01,NW,1.4,20.94,136.83,81.06,1.44,0.44,0.01,0.44,,,,,,,,,,,,2.27
2026-02-15,2,Ferreira do Zêzere,8.3,91.0,1.6,0.22,NW,3.1,21.33,145.54,80.73,1.33,0.41,0.01,0.41,,,,,,,,,,,,2.39
2026-02-15,3,Ferreira do Zêzere,6.4,96.0,1.2,0.1,SE,436.5,21.74,160.2,80.39,1.26,0.39,0.01,0.39,,,,,,,,,,,,2.39
2026-02-15,4,Ferreira do Zêzere,5.4,99.0,1.1,0.1,SE,133.0,22.09,167.16,80.1,1.22,0.37,0.0,0.37,,,,,,,,,,,,2.29
2026-02-15,5,Ferreira do Zêzere,5.1,100.0,1.0,0.1,SE,29.2,22.55,169.19,79.72,1.16,0.36,0.0,0.36,,,,,,,,,,,,2.24
2026-02-15,6,Ferreira do Zêzere,6.7,100.0,0.6,0.18,W,85.2,22.87,168.4,79.46,1.11,0.34,0.0,0.34,,,,,,,,,,,,2.19
2026-02-15,7,Ferreira do Zêzere,7.5,100.0,0.5,0.1,SE,64.8,23.46,168.4,78.98,1.05,0.32,0.0,0.32,,,,,,,,,,,,2.19
2026-02-15,8,Ferreira do Zêzere,7.8,100.0,1.0,0.21,N,76.1,25.92,170.12,77.01,0.92,0.28,0.0,0.28,,,,,,,,,,,,2.3
2026-02-15,9,Ferreira do Zêzere,8.5,100.0,1.0,0.3,SE,212.5,27.19,168.87,76.02,0.86,0.26,0.0,0.26,,,,,,,,,,,,2.22
2026-02-15,10,Ferreira do Zêzere,9.2,100.0,0.6,0.2,SE,337.6,32.86,170.43,71.75,0.68,0.21,0.0,0.21,,,,,,,,,,,,2.32
2026-02-15,11,Ferreira do Zêzere,10.7,100.0,1.2,0.1,SW,773.7,31.43,171.81,72.8,0.73,0.22,0.0,0.22,,,,,,,,,,,,2.41
2026-02-15,12,Ferreira do Zêzere,12.8,97.0,1.4,0.1,SW,1027.3,28.84,161.74,74.75,0.81,0.25,0.0,0.25,22.87,1.0,-744.07,22.87,139.71,0.0,1.93,0.0,0.0,0.01,12.0,2.5
2026-02-15,13,Ferreira do Zêzere,14.7,82.0,3.7,0.36,W,1256.8,23.8,113.94,78.71,1.21,0.37,0.0,0.37,,,,,,,,,,,,2.76
2026-02-15,14,Ferreira do Zêzere,16.0,70.0,5.2,0.23,NW,1489.7,21.55,89.49,80.55,1.57,0.48,0.01,0.48,,,,,,,,,,,,2.98
2026-02-15,15,Ferreira do Zêzere,15.1,73.0,3.2,0.19,NW,606.3,21.39,102.4,80.68,1.44,0.44,0.01,0.44,,,,,,,,,,,,3.16
2026-02-15,16,Ferreira do Zêzere,14.8,77.0,2.9,0.2,NW,489.8,21.05,111.63,80.97,1.46,0.45,0.01,0.45,,,,,,,,,,,,3.35
2026-02-15,17,Ferreira do Zêzere,14.1,80.0,4.4,0.1,NW,282.2,21.76,114.17,80.38,1.48,0.45,0.01,0.45,,,,,,,,,,,,3.44
2026-02-15,18,Ferreira do Zêzere,12.4,96.0,1.4,0.4,SW,198.0,22.18,169.76,80.03,1.22,0.38,0.0,0.38,,,,,,,,,,,,3.44
2026-02-15,19,Ferreira do Zêzere,12.1,95.0,1.0,0.51,SW,91.8,22.56,172.57,79.72,1.16,0.36,0.0,0.36,,,,,,,,,,,,3.94
2026-02-15,20,Ferreira do Zêzere,11.6,97.0,1.1,0.1,SW,1.5,23.62,180.38,78.85,1.07,0.33,0.0,0.33,,,,,,,,,,,,4.03
2026-02-15,21,Ferreira do Zêzere,11.8,98.0,0.7,0.4,NW,86.9,34.78,188.34,70.37,0.66,0.2,0.0,0.2,,,,,,,,,,,,4.42
2026-02-15,22,Ferreira do Zêzere,11.5,99.0,0.7,0.4,S,167.4,36.43,194.67,69.2,0.63,0.19,0.0,0.19,,,,,,,,,,,,4.72
2026-02-15,23,Ferreira do Zêzere,11.6,100.0,0.4,1.1,SW,202.9,47.83,206.64,61.68,0.46,0.14,0.0,0.14,,,,,,,,,,,,5.81
2026-02-16,0,Ferreira do Zêzere,11.5,100.0,0.8,0.3,SE,111.0,45.84,229.18,62.93,0.5,0.15,0.0,0.15,,,,,,,,,,,,6.01
2026-02-16,1,Ferreira do Zêzere,11.4,100.0,0.4,0.35,SW,125.7,44.89,230.27,63.53,0.51,0.15,0.0,0.15,,,,,,,,,,,,6.35
2026-02-16,2,Ferreira do Zêzere,11.3,100.0,0.6,0.1,SW,226.6,44.83,229.89,63.57,0.51,0.16,0.0,0.16,,,,,,,,,,,,6.23
2026-02-16,3,Ferreira do Zêzere,11.3,100.0,1.0,0.1,SW,268.3,44.69,229.89,63.66,0.52,0.16,0.0,0.16,,,,,,,,,,,,6.23
2026-02-16,4,Ferreira do Zêzere,11.5,100.0,0.5,0.1,NW,281.0,45.1,229.89,63.4,0.5,0.15,0.0,0.15,,,,,,,,,,,,6.23
2026-02-16,5,Ferreira do Zêzere,11.6,100.0,0.9,0.1,S,273.8,50.13,229.89,60.27,0.44,0.13,0.0,0.13,,,,,,,,,,,,6.23
2026-02-16,6,Ferreira do Zêzere,11.5,100.0,0.4,0.52,N,259.3,47.8,230.94,61.7,0.46,0.14,0.0,0.14,,,,,,,,,,,,6.57
2026-02-16,7,Ferreira do Zêzere,11.4,100.0,0.7,0.1,SE,244.2,46.57,230.94,62.47,0.49,0.15,0.0,0.15,,,,,,,,,,,,6.57
2026-02-16,8,Ferreira do Zêzere,11.4,100.0,0.9,0.51,SE,271.3,45.35,231.81,63.24,0.51,0.16,0.0,0.16,,,,,,,,,,,,6.87
2026-02-16,9,Ferreira do Zêzere,11.8,100.0,1.1,0.3,SE,365.8,43.86,231.81,64.2,0.54,0.17,0.0,0.17,,,,,,,,,,,,6.87
2026-02-16,10,Ferreira do Zêzere,12.7,99.0,0.9,0.88,SW,283.4,42.66,228.44,64.98,0.55,0.17,0.0,0.17,,,,,,,,,,,,7.55
2026-02-16,11,Ferreira do Zêzere,13.8,96.0,1.8,0.74,SW,371.7,45.92,211.82,62.88,0.53,0.16,0.0,0.16,,,,,,,,,,,,8.19
2026-02-16,12,Ferreira do Zêzere,14.3,94.0,1.3,1.05,SW,306.7,51.82,205.26,59.25,0.42,0.13,0.0,0.13,10.06,1.0,-743.73,10.06,192.58,0.0,1.93,0.0,0.0,0.01,12.0,9.14
2026-02-16,13,Ferreira do Zêzere,14.7,90.0,2.1,0.2,W,319.3,51.19,183.51,59.63,0.44,0.14,0.0,0.14,,,,,,,,,,,,8.98
2026-02-16,14,Ferreira do Zêzere,15.1,87.0,2.1,0.3,W,418.1,48.88,171.8,61.03,0.48,0.15,0.0,0.15,,,,,,,,,,,,9.05
2026-02-16,15,Ferreira do Zêzere,15.0,87.0,3.7,0.1,NW,324.0,52.94,164.49,58.58,0.45,0.14,0.0,0.14,,,,,,,,,,,,8.96
2026-02-16,16,Ferreira do Zêzere,14.8,90.0,1.9,0.1,NW,263.9,54.04,184.18,57.94,0.39,0.12,0.0,0.12,,,,,,,,,,,,8.86
2026-02-16,17,Ferreira do Zêzere,14.5,93.0,1.8,0.1,NW,148.5,54.73,197.75,57.54,0.38,0.12,0.0,0.12,,,,,,,,,,,,8.86
2026-02-16,18,Ferreira do Zêzere,14.2,94.0,0.9,0.4,NW,77.6,54.9,206.98,57.44,0.36,0.11,0.0,0.11,,,,,,,,,,,,8.86
2026-02-16,19,Ferreira do Zêzere,14.0,95.0,1.0,0.58,NW,9.7,55.0,211.15,57.38,0.36,0.11,0.0,0.11,,,,,,,,,,,,8.93
2026-02-16,20,Ferreira do Zêzere,13.9,94.0,1.7,0.37,NW,7.2,55.52,204.05,57.08,0.36,0.11,0.0,0.11,,,,,,,,,,,,9.2
2026-02-16,21,Ferreira do Zêzere,13.7,95.0,1.4,0.38,W,7.5,55.95,210.13,56.83,0.35,0.11,0.0,0.11,,,,,,,,,,,,9.18
2026-02-16,22,Ferreira do Zêzere,13.5,96.0,0.9,0.17,W,7.3,56.18,216.58,56.7,0.34,0.1,0.0,0.1,,,,,,,,,,,,8.95
2026-02-16,23,Ferreira do Zêzere,13.5,97.0,1.3,0.1,W,7.5,56.93,218.08,56.28,0.33,0.1,0.0,0.1,,,,,,,,,,,,7.95
2026-02-17,0,Ferreira do Zêzere,13.5,95.0,1.0,0.26,NW,6.5,57.01,193.27,56.23,0.33,0.1,0.0,0.1,,,,,,,,,,,,7.91
2026-02-17,1,Ferreira do Zêzere,13.3,96.0,1.0,0.27,W,7.4,56.92,197.18,56.28,0.33,0.1,0.0,0.1,,,,,,,,,,,,7.83
2026-02-17,2,Ferreira do Zêzere,13.2,97.0,1.3,0.44,W,8.4,57.23,202.04,56.11,0.33,0.1,0.0,0.1,,,,,,,,,,,,8.17
2026-02-17,3,Ferreira do Zêzere,13.1,97.0,0.6,0.1,S,7.6,57.74,204.14,55.82,0.31,0.09,0.0,0.09,,,,,,,,,,,,8.17
2026-02-17,4,Ferreira do Zêzere,12.8,98.0,0.5,0.24,S,7.8,57.74,209.13,55.82,0.31,0.09,0.0,0.09,,,,,,,,,,,,8.31
2026-02-17,5,Ferreira do Zêzere,12.7,99.0,0.6,0.14,SW,46.9,58.13,213.27,55.6,0.3,0.09,0.0,0.09,,,,,,,,,,,,8.35
2026-02-17,6,Ferreira do Zêzere,12.6,99.0,0.7,0.3,W,437.2,58.07,212.29,55.63,0.31,0.09,0.0,0.09,,,,,,,,,,,,8.13
2026-02-17,7,Ferreira do Zêzere,12.4,100.0,0.4,0.1,N,272.4,58.57,216.79,55.35,0.29,0.09,0.0,0.09,,,,,,,,,,,,8.13
2026-02-17,8,Ferreira do Zêzere,11.9,100.0,1.1,0.27,SE,191.9,58.54,215.77,55.37,0.3,0.09,0.0,0.09,,,,,,,,,,,,7.89
2026-02-17,9,Ferreira do Zêzere,12.5,100.0,0.9,0.17,S,276.6,57.09,215.2,56.19,0.32,0.1,0.0,0.1,,,,,,,,,,,,7.76
2026-02-17,10,Ferreira do Zêzere,13.2,100.0,0.7,0.1,SW,565.4,50.17,211.46,60.24,0.43,0.13,0.0,0.13,,,,,,,,,,,,6.98
2026-02-17,11,Ferreira do Zêzere,14.3,90.0,1.0,0.15,SW,851.2,44.58,168.32,63.73,0.53,0.16,0.0,0.16,,,,,,,,,,,,6.39
2026-02-17,12,Ferreira do Zêzere,15.7,73.0,1.2,0.1,W,1258.6,40.62,121.18,66.33,0.59,0.18,0.0,0.18,24.17,1.0,-742.19,24.17,135.26,0.0,1.93,0.0,0.0,0.01,12.0,5.44
2026-02-17,13,Ferreira do Zêzere,15.9,72.0,1.3,0.3,SW,916.4,35.91,118.79,69.57,0.66,0.2,0.0,0.2,,,,,,,,,,,,5.54
2026-02-17,14,Ferreira do Zêzere,16.0,73.0,1.7,0.1,S,1043.5,31.22,116.92,72.96,0.76,0.23,0.0,0.23,,,,,,,,,,,,5.34
2026-02-17,15,Ferreira do Zêzere,16.2,72.0,1.0,0.47,SW,879.5,28.02,120.94,75.38,0.82,0.25,0.0,0.25,,,,,,,,,,,,5.71
2026-02-17,16,Ferreira do Zêzere,16.4,70.0,1.6,0.01,SW,693.0,25.86,112.85,77.06,0.95,0.29,0.0,0.29,,,,,,,,,,,,5.62
2026-02-17,17,Ferreira do Zêzere,16.0,72.0,1.2,0.15,SW,350.6,24.35,119.75,78.26,1.02,0.31,0.0,0.31,,,,,,,,,,,,5.67
2026-02-17,18,Ferreira do Zêzere,14.9,79.0,0.9,0.1,NW,58.1,24.15,135.81,78.42,1.02,0.31,0.0,0.31,,,,,,,,,,,,5.37
2026-02-17,19,Ferreira do Zêzere,14.0,84.0,1.8,0.1,NW,6.7,24.43,140.07,78.2,1.05,0.32,0.0,0.32,,,,,,,,,,,,4.89
2026-02-17,20,Ferreira do Zêzere,13.3,85.0,1.8,0.01,NW,3.5,24.63,141.5,78.04,1.03,0.32,0.0,0.32,,,,,,,,,,,,4.53
2026-02-17,21,Ferreira do Zêzere,12.9,82.0,1.4,0.52,NE,3.0,24.59,138.47,78.07,1.02,0.31,0.0,0.31,,,,,,,,,,,,4.67
2026-02-17,22,Ferreira do Zêzere,12.5,84.0,1.1,0.1,N,2.6,24.28,144.82,78.32,1.02,0.31,0.0,0.31,,,,,,,,,,,,4.6
2026-02-17,23,Ferreira do Zêzere,12.2,85.0,1.1,0.42,SW,3.0,24.2,149.52,78.38,1.03,0.32,0.0,0.32,,,,,,,,,,,,4.92
2026-02-18,0,Ferreira do Zêzere,11.9,84.0,1.1,0.1,SW,3.2,24.13,159.65,78.44,1.03,0.32,0.0,0.32,,,,,,,,,,,,4.76
2026-02-18,1,Ferreira do Zêzere,11.7,85.0,1.4,0.15,SW,3.5,24.17,159.98,78.41,1.05,0.32,0.0,0.32,,,,,,,,,,,,4.64
2026-02-18,2,Ferreira do Zêzere,11.1,94.0,0.9,0.1,S,160.9,25.05,188.28,77.7,0.96,0.29,0.0,0.29,,,,,,,,,,,,4.3
2026-02-18,3,Ferreira do Zêzere,10.8,98.0,0.4,0.1,SW,442.1,25.83,204.37,77.09,0.89,0.27,0.0,0.27,,,,,,,,,,,,4.3
2026-02-18,4,Ferreira do Zêzere,10.6,99.0,0.4,0.17,SE,398.2,26.29,207.51,76.72,0.87,0.27,0.0,0.27,,,,,,,,,,,,4.23
2026-02-18,5,Ferreira do Zêzere,10.8,99.0,2.2,0.1,S,388.2,26.66,205.65,76.43,0.93,0.29,0.0,0.29,,,,,,,,,,,,4.19
2026-02-18,6,Ferreira do Zêzere,10.8,98.0,0.8,0.22,S,463.7,26.94,202.2,76.21,0.86,0.26,0.0,0.26,,,,,,,,,,,,4.11
2026-02-18,7,Ferreira do Zêzere,10.8,97.0,1.1,0.1,SE,484.9,27.21,197.61,76.0,0.86,0.26,0.0,0.26,,,,,,,,,,,,4.11
2026-02-18,8,Ferreira do Zêzere,11.0,95.0,1.1,0.11,S,24.1,27.66,188.89,75.66,0.84,0.26,0.0,0.26,,,,,,,,,,,,3.95
2026-02-18,9,Ferreira do Zêzere,11.4,93.0,2.0,0.1,S,112.8,27.67,177.74,75.65,0.88,0.27,0.0,0.27,,,,,,,,,,,,3.88
2026-02-18,10,Ferreira do Zêzere,12.5,91.0,2.6,0.15,S,410.7,29.07,167.5,74.57,0.85,0.26,0.0,0.26,,,,,,,,,,,,3.93
2026-02-18,11,Ferreira do Zêzere,13.3,90.0,2.9,0.56,S,583.3,32.65,163.94,71.91,0.77,0.24,0.0,0.24,,,,,,,,,,,,4.34
2026-02-18,12,Ferreira do Zêzere,13.3,95.0,2.4,0.5,SW,542.7,49.81,187.69,60.46,0.48,0.15,0.0,0.15,14.49,1.0,-740.91,14.49,172.2,0.0,1.93,0.0,0.0,0.01,12.0,4.74
2026-02-18,13,Ferreira do Zêzere,13.8,99.0,2.3,0.3,SW,865.7,50.62,208.38,59.97,0.46,0.14,0.0,0.14,,,,,,,,,,,,4.74
2026-02-18,14,Ferreira do Zêzere,14.2,98.0,2.4,0.1,SW,626.9,53.75,202.38,58.11,0.41,0.12,0.0,0.12,,,,,,,,,,,,4.74
2026-02-18,15,Ferreira do Zêzere,14.8,99.0,2.2,0.1,SW,868.8,54.86,205.98,57.46,0.38,0.12,0.0,0.12,,,,,,,,,,,,4.37
2026-02-18,16,Ferreira do Zêzere,14.3,96.0,5.1,3.2,NW,570.0,50.64,197.26,59.96,0.53,0.16,0.0,0.16,,,,,,,,,,,,7.56
2026-02-18,17,Ferreira do Zêzere,14.3,85.0,8.1,0.98,NW,796.1,40.77,141.45,66.23,0.83,0.25,0.0,0.25,,,,,,,,,,,,8.39
2026-02-18,18,Ferreira do Zêzere,13.4,78.0,4.8,0.71,NW,190.3,38.27,135.53,67.92,0.75,0.23,0.0,0.23,,,,,,,,,,,,9.0
2026-02-18,19,Ferreira do Zêzere,12.7,81.0,4.8,0.21,NW,11.5,36.94,144.44,68.84,0.77,0.24,0.0,0.24,,,,,,,,,,,,9.11
2026-02-18,20,Ferreira do Zêzere,11.8,84.0,3.4,0.9,NW,6.4,36.06,160.86,69.46,0.73,0.22,0.0,0.22,,,,,,,,,,,,10.0
2026-02-18,21,Ferreira do Zêzere,11.2,84.0,2.8,0.1,NW,6.6,35.25,164.06,70.03,0.72,0.22,0.0,0.22,,,,,,,,,,,,9.58
2026-02-18,22,Ferreira do Zêzere,10.3,89.0,2.6,0.3,NW,6.3,36.34,182.02,69.26,0.7,0.21,0.0,0.21,,,,,,,,,,,,9.78
2026-02-18,23,Ferreira do Zêzere,10.5,90.0,2.5,0.15,NW,72.8,49.53,185.08,60.63,0.48,0.15,0.0,0.15,,,,,,,,,,,,9.51
2026-02-19,0,Ferreira do Zêzere,10.3,89.0,1.8,0.1,NW,408.0,46.79,171.63,62.33,0.51,0.16,0.0,0.16,,,,,,,,,,,,9.51
2026-02-19,1,Ferreira do Zêzere,9.3,93.0,0.9,0.1,NW,115.3,46.05,189.07,62.79,0.5,0.15,0.0,0.15,,,,,,,,,,,,9.46
2026-02-19,2,Ferreira do Zêzere,9.0,97.0,0.4,0.1,W,192.6,44.75,204.34,63.62,0.51,0.16,0.0,0.16,,,,,,,,,,,,9.46
2026-02-19,3,Ferreira do Zêzere,8.4,99.0,0.7,0.32,NW,440.9,43.71,211.53,64.29,0.53,0.16,0.0,0.16,,,,,,,,,,,,9.68
2026-02-19,4,Ferreira do Zêzere,7.5,99.0,0.8,0.16,N,319.5,43.16,211.52,64.65,0.54,0.17,0.0,0.17,,,,,,,,,,,,9.67
2026-02-19,5,Ferreira do Zêzere,7.0,100.0,0.4,0.8,E,268.8,42.61,217.64,65.01,0.54,0.16,0.0,0.16,,,,,,,,,,,,10.37
2026-02-19,6,Ferreira do Zêzere,6.6,100.0,0.4,0.1,SE,164.6,42.29,217.26,65.22,0.54,0.17,0.0,0.17,,,,,,,,,,,,10.25
2026-02-19,7,Ferreira do Zêzere,7.0,100.0,0.3,0.1,SE,159.9,41.52,217.26,65.73,0.55,0.17,0.0,0.17,,,,,,,,,,,,10.25
2026-02-19,8,Ferreira do Zêzere,6.2,100.0,0.5,0.1,NE,151.4,40.89,217.23,66.15,0.57,0.17,0.0,0.17,,,,,,,,,,,,10.24
2026-02-19,9,Ferreira do Zêzere,7.6,100.0,0.4,0.1,S,631.4,39.0,217.23,67.42,0.59,0.18,0.0,0.18,,,,,,,,,,,,10.24
2026-02-19,10,Ferreira do Zêzere,10.5,86.0,1.0,0.74,NW,1166.4,35.87,170.87,69.59,0.65,0.2,0.0,0.2,,,,,,,,,,,,10.83
2026-02-19,11,Ferreira do Zêzere,12.3,71.0,4.6,0.24,N,1434.3,31.17,119.55,73.0,0.88,0.27,0.0,0.27,,,,,,,,,,,,10.51
2026-02-19,12,Ferreira do Zêzere,13.1,66.0,4.5,0.1,N,1874.9,26.6,110.07,76.48,1.05,0.32,0.0,0.32,29.69,1.0,-741.04,29.69,117.78,0.0,1.93,0.0,0.0,0.01,12.0,10.11
2026-02-19,13,Ferreira do Zêzere,14.3,57.0,3.8,0.63,NW,2193.2,22.69,98.92,79.61,1.32,0.41,0.01,0.41,,,,,,,,,,,,10.44
2026-02-19,14,Ferreira do Zêzere,14.5,54.0,4.1,0.1,NW,1784.6,20.66,94.35,81.29,1.61,0.5,0.01,0.5,,,,,,,,,,,,10.44
2026-02-19,15,Ferreira do Zêzere,15.0,51.0,4.0,5.0,NW,1972.8,18.71,94.47,82.95,1.96,0.61,0.01,0.61,,,,,,,,,,,,15.34
2026-02-19,16,Ferreira do Zêzere,14.7,52.0,4.1,3.3,NW,1108.6,17.3,96.08,84.17,2.31,0.72,0.02,0.72,,,,,,,,,,,,15.44
2026-02-19,17,Ferreira do Zêzere,13.7,55.0,4.3,0.35,NW,734.2,16.33,101.05,85.02,2.62,0.8,0.02,0.8,,,,,,,,,,,,14.81
2026-02-19,18,Ferreira do Zêzere,12.8,58.0,3.5,0.1,N,233.1,15.99,109.14,85.32,2.63,0.81,0.02,0.81,,,,,,,,,,,,14.2
2026-02-19,19,Ferreira do Zêzere,10.3,70.0,2.1,0.82,NW,15.3,16.24,138.48,85.1,2.37,0.73,0.02,0.73,,,,,,,,,,,,14.81
2026-02-19,20,Ferreira do Zêzere,9.1,77.0,2.1,0.18,NW,0.9,16.69,152.49,84.7,2.25,0.69,0.01,0.69,,,,,,,,,,,,14.09
2026-02-19,21,Ferreira do Zêzere,8.3,84.0,1.5,1.83,N,797.1,17.18,174.27,84.27,2.06,0.63,0.01,0.63,,,,,,,,,,,,15.82
2026-02-19,22,Ferreira do Zêzere,7.2,88.0,1.1,1.72,SW,2.4,17.69,190.04,83.83,1.9,0.58,0.01,0.58,,,,,,,,,,,,17.24
2026-02-19,23,Ferreira do Zêzere,6.4,94.0,2.1,0.01,NW,2.3,18.05,205.38,83.52,1.92,0.59,0.01,0.59,,,,,,,,,,,,17.1
2026-02-20,0,Ferreira do Zêzere,6.4,93.0,1.1,3.5,N,1.4,18.52,211.04,83.11,1.73,0.53,0.01,0.53,,,,,,,,,,,,20.5
2026-02-20,1,Ferreira do Zêzere,6.3,93.0,1.8,2.36,N,1.6,18.88,210.01,82.8,1.72,0.53,0.01,0.53,,,,,,,,,,,,22.76
2026-02-20,2,Ferreira do Zêzere,5.7,95.0,1.2,1.27,NW,54.9,19.06,220.5,82.65,1.64,0.5,0.01,0.5,,,,,,,,,,,,23.93
2026-02-20,3,Ferreira do Zêzere,5.2,97.0,1.4,1.41,NW,97.3,19.31,228.49,82.43,1.61,0.49,0.01,0.49,,,,,,,,,,,,25.02
2026-02-20,4,Ferreira do Zêzere,4.1,98.0,1.1,0.1,E,595.3,19.67,233.32,82.13,1.53,0.47,0.01,0.47,,,,,,,,,,,,24.96
2026-02-20,5,Ferreira do Zêzere,3.3,99.0,1.2,0.1,N,274.9,19.9,236.82,81.93,1.5,0.46,0.01,0.46,,,,,,,,,,,,24.26
2026-02-20,6,Ferreira do Zêzere,3.5,100.0,1.2,2.3,E,94.0,20.13,242.2,81.74,1.47,0.45,0.01,0.45,,,,,,,,,,,,26.46
2026-02-20,7,Ferreira do Zêzere,3.2,100.0,1.0,0.1,E,73.0,20.48,242.2,81.44,1.4,0.43,0.01,0.43,,,,,,,,,,,,26.46
2026-02-20,8,Ferreira do Zêzere,2.9,100.0,0.4,0.1,NE,125.4,20.65,242.2,81.3,1.34,0.41,0.01,0.41,,,,,,,,,,,,26.46
2026-02-20,9,Ferreira do Zêzere,5.6,97.0,2.3,0.14,NW,524.3,20.07,227.53,81.79,1.56,0.48,0.01,0.48,,,,,,,,,,,,26.5
2026-02-20,10,Ferreira do Zêzere,9.1,80.0,2.2,0.1,NW,1272.2,18.46,168.03,83.16,1.84,0.56,0.01,0.56,,,,,,,,,,,,25.86
2026-02-20,11,Ferreira do Zêzere,11.8,73.0,1.6,0.2,N,1514.1,16.78,150.78,84.62,2.17,0.66,0.01,0.66,,,,,,,,,,,,25.82
2026-02-20,12,Ferreira do Zêzere,14.4,60.0,1.0,1.14,SE,2269.4,15.11,127.48,86.11,2.59,0.79,0.02,0.79,26.91,1.0,-745.18,26.91,126.3,0.0,1.93,0.0,0.0,0.01,12.0,26.86
2026-02-20,13,Ferreira do Zêzere,15.8,52.0,2.5,0.18,NW,2495.2,13.64,103.86,87.44,3.37,1.27,0.04,1.27,,,,,,,,,,,,26.41
2026-02-20,14,Ferreira do Zêzere,17.1,46.0,2.9,0.01,NW,2443.4,12.57,91.84,88.42,3.96,1.9,0.08,1.9,,,,,,,,,,,,26.32
2026-02-20,15,Ferreira do Zêzere,17.8,41.0,2.2,0.01,NW,2153.9,11.71,86.84,89.22,4.28,2.24,0.11,2.24,,,,,,,,,,,,21.33
2026-02-20,16,Ferreira do Zêzere,18.3,42.0,2.3,0.01,NW,1576.0,11.07,84.65,89.82,4.69,2.56,0.14,2.56,,,,,,,,,,,,18.04
2026-02-20,17,Ferreira do Zêzere,17.8,49.0,3.4,0.01,NW,1019.6,10.64,88.23,90.23,5.26,2.86,0.17,2.86,,,,,,,,,,,,17.7
2026-02-20,18,Ferreira do Zêzere,15.7,55.0,4.0,2.05,NW,230.7,10.16,99.57,90.69,5.79,3.06,0.2,3.06,,,,,,,,,,,,19.65
2026-02-20,19,Ferreira do Zêzere,13.0,66.0,2.7,2.51,NW,13.6,10.27,127.78,90.58,5.34,2.72,0.16,2.72,,,,,,,,,,,,21.34
2026-02-20,20,Ferreira do Zêzere,10.9,78.0,2.8,0.4,NW,1.5,10.88,154.46,90.0,4.94,2.45,0.13,2.45,,,,,,,,,,,,21.56
2026-02-20,21,Ferreira do Zêzere,9.5,84.0,1.3,0.77,N,0.3,11.44,179.41,89.48,4.25,1.95,0.09,1.95,,,,,,,,,,,,20.5
2026-02-20,22,Ferreira do Zêzere,8.6,88.0,2.5,0.42,N,0.2,12.12,184.97,88.84,4.12,1.85,0.08,1.85,,,,,,,,,,,,19.2
2026-02-20,23,Ferreira do Zêzere,7.8,91.0,1.2,0.01,N,0.2,12.62,201.53,88.38,3.61,1.43,0.05,1.43,,,,,,,,,,,,19.2
2026-02-21,0,Ferreira do Zêzere,6.8,94.0,1.3,1.37,N,188.3,13.01,209.28,88.02,3.44,1.27,0.04,1.27,,,,,,,,,,,,17.07
2026-02-21,1,Ferreira do Zêzere,5.8,97.0,1.0,1.76,N,521.6,13.47,220.85,87.59,3.19,0.98,0.03,0.98,,,,,,,,,,,,16.47
2026-02-21,2,Ferreira do Zêzere,4.6,98.0,0.5,0.75,N,359.7,13.95,225.15,87.15,2.92,0.9,0.02,0.9,,,,,,,,,,,,15.95
2026-02-21,3,Ferreira do Zêzere,3.5,99.0,0.7,1.47,E,162.5,14.31,228.45,86.83,2.82,0.86,0.02,0.86,,,,,,,,,,,,16.01
2026-02-21,4,Ferreira do Zêzere,3.7,100.0,1.4,0.66,N,44.9,14.57,232.71,86.59,2.83,0.87,0.02,0.87,,,,,,,,,,,,16.57
2026-02-21,5,Ferreira do Zêzere,3.6,99.0,0.6,0.1,E,42.6,14.74,229.31,86.44,2.66,0.81,0.02,0.81,,,,,,,,,,,,16.57
2026-02-21,6,Ferreira do Zêzere,2.1,100.0,0.7,0.1,E,56.8,14.87,229.32,86.32,2.62,0.8,0.02,0.8,,,,,,,,,,,,14.37
2026-02-21,7,Ferreira do Zêzere,1.9,100.0,0.8,0.13,NE,45.2,15.02,229.37,86.19,2.59,0.79,0.02,0.79,,,,,,,,,,,,14.4
2026-02-21,8,Ferreira do Zêzere,1.8,100.0,0.8,0.1,E,149.9,15.14,229.37,86.08,2.55,0.78,0.02,0.78,,,,,,,,,,,,14.4
2026-02-21,9,Ferreira do Zêzere,4.5,100.0,0.5,0.1,W,553.5,14.69,229.3,86.48,2.66,0.81,0.02,0.81,,,,,,,,,,,,14.36
2026-02-21,10,Ferreira do Zêzere,8.5,89.0,0.7,0.55,SE,1260.3,13.67,192.49,87.41,3.06,0.94,0.02,0.94,,,,,,,,,,,,14.81
2026-02-21,11,Ferreira do Zêzere,12.3,75.0,0.6,0.1,N,1470.8,12.71,154.55,88.29,3.46,1.29,0.04,1.29,,,,,,,,,,,,14.71
2026-02-21,12,Ferreira do Zêzere,15.9,63.0,0.7,0.1,S,2248.7,11.8,123.15,89.14,3.92,1.7,0.07,1.7,27.77,1.0,-745.68,27.77,123.62,0.0,1.93,0.0,0.0,0.01,12.0,13.67
2026-02-21,13,Ferreira do Zêzere,18.9,54.0,1.4,1.26,S,2533.3,11.02,97.8,89.87,4.52,2.29,0.12,2.29,,,,,,,,,,,,14.75
2026-02-21,14,Ferreira do Zêzere,20.9,46.0,1.7,1.2,S,2486.9,10.23,82.09,90.62,5.1,2.9,0.18,2.9,,,,,,,,,,,,15.94
2026-02-21,15,Ferreira do Zêzere,22.0,44.0,1.2,1.45,S,2160.1,9.57,80.32,91.25,5.45,3.22,0.22,3.22,,,,,,,,,,,,17.38
2026-02-21,16,Ferreira do Zêzere,22.2,37.0,1.5,1.03,SE,1613.4,9.07,72.13,91.73,5.92,3.67,0.27,3.67,,,,,,,,,,,,18.4
2026-02-21,17,Ferreira do Zêzere,22.2,38.0,1.1,0.2,S,1026.5,8.6,75.33,92.19,6.19,3.85,0.3,3.85,,,,,,,,,,,,18.59
2026-02-21,18,Ferreira do Zêzere,20.4,48.0,1.0,0.01,SW,258.9,8.19,90.31,92.59,6.52,3.82,0.29,3.82,,,,,,,,,,,,16.55
2026-02-21,19,Ferreira do Zêzere,15.9,67.0,0.5,0.1,E,19.5,7.96,132.12,92.82,6.56,3.51,0.25,3.51,,,,,,,,,,,,14.14
2026-02-21,20,Ferreira do Zêzere,12.3,85.0,0.2,0.01,SW,0.4,8.09,180.98,92.69,6.35,3.38,0.23,3.38,,,,,,,,,,,,13.75
2026-02-21,21,Ferreira do Zêzere,10.0,94.0,0.7,0.01,E,123.4,8.26,203.37,92.52,6.36,3.38,0.24,3.38,,,,,,,,,,,,12.99
2026-02-21,22,Ferreira do Zêzere,9.3,92.0,0.6,1.0,SE,3.3,8.48,199.16,92.31,6.14,3.24,0.22,3.24,,,,,,,,,,,,13.57
2026-02-21,23,Ferreira do Zêzere,7.5,96.0,0.3,0.01,E,423.0,8.66,214.77,92.13,5.9,3.09,0.2,3.09,,,,,,,,,,,,13.57
2026-02-22,0,Ferreira do Zêzere,6.9,98.0,0.6,0.72,E,392.3,8.89,211.97,91.91,5.8,3.03,0.19,3.03,,,,,,,,,,,,12.92
2026-02-22,1,Ferreira do Zêzere,5.7,98.0,0.4,0.25,N,258.8,9.05,208.95,91.75,5.62,2.91,0.18,2.91,,,,,,,,,,,,11.41
2026-02-22,2,Ferreira do Zêzere,4.9,99.0,0.4,0.01,N,185.1,9.29,209.88,91.52,5.44,2.79,0.17,2.79,,,,,,,,,,,,10.67
2026-02-22,3,Ferreira do Zêzere,4.3,100.0,0.3,0.1,SE,103.4,9.4,207.98,91.42,5.33,2.72,0.16,2.72,,,,,,,,,,,,9.3
2026-02-22,4,Ferreira do Zêzere,3.7,100.0,0.4,0.1,SE,111.3,9.49,205.63,91.33,5.29,2.69,0.16,2.69,,,,,,,,,,,,8.74
2026-02-22,5,Ferreira do Zêzere,3.4,100.0,1.6,0.1,N,94.1,9.57,205.63,91.25,5.56,2.87,0.18,2.87,,,,,,,,,,,,8.74
2026-02-22,6,Ferreira do Zêzere,3.1,100.0,0.5,0.1,NW,73.0,9.59,205.63,91.23,5.24,2.66,0.15,2.66,,,,,,,,,,,,8.74
2026-02-22,7,Ferreira do Zêzere,2.4,100.0,0.4,0.1,N,88.6,9.68,205.5,91.15,5.15,2.6,0.15,2.6,,,,,,,,,,,,8.71
2026-02-22,8,Ferreira do Zêzere,3.7,100.0,0.5,0.1,E,199.3,9.88,205.5,90.95,5.04,2.52,0.14,2.52,,,,,,,,,,,,8.71
2026-02-22,9,Ferreira do Zêzere,5.8,100.0,0.5,0.1,SE,540.0,10.14,205.5,90.71,4.86,2.4,0.13,2.4,,,,,,,,,,,,8.71
2026-02-22,10,Ferreira do Zêzere,9.6,87.0,1.1,0.01,SE,1300.5,10.05,161.79,90.79,5.07,2.54,0.14,2.54,,,,,,,,,,,,8.17
2026-02-22,11,Ferreira do Zêzere,14.0,72.0,0.9,0.01,S,1521.5,9.82,125.92,91.01,5.18,2.62,0.15,2.62,,,,,,,,,,,,8.08
2026-02-22,12,Ferreira do Zêzere,17.5,61.0,1.0,0.1,SW,2288.7,9.35,101.36,91.46,5.56,2.88,0.18,2.88,34.02,1.03,-744.49,34.02,105.51,0.01,1.96,0.0,0.0,0.01,12.0,8.08
2026-02-22,13,Ferreira do Zêzere,20.4,55.0,1.1,0.1,S,2505.4,8.78,83.68,92.02,6.04,3.39,0.24,3.39,,,,,,,,,,,,6.92
2026-02-22,14,Ferreira do Zêzere,22.9,43.0,1.6,0.01,SE,2465.9,8.43,61.3,92.36,6.5,4.0,0.32,4.0,,,,,,,,,,,,5.73
2026-02-22,15,Ferreira do Zêzere,23.7,38.0,1.7,0.4,S,2184.9,8.05,52.96,92.73,6.88,4.39,0.37,4.39,,,,,,,,,,,,4.68
2026-02-22,16,Ferreira do Zêzere,23.9,38.0,1.7,0.3,S,1677.4,7.657,50.39,93.11,7.26,4.66,0.41,4.66,,,,,,,,,,,,3.95
2026-02-22,17,Ferreira do Zêzere,23.7,37.0,1.1,0.01,SW,1062.0,7.382,51.84,93.39,7.32,4.71,0.42,4.71,,,,,,,,,,,,3.76
2026-02-22,18,Ferreira do Zêzere,21.5,42.0,1.0,0.1,SW,246.5,7.044,60.72,93.72,7.63,4.7,0.42,4.7,,,,,,,,,,,,3.85
2026-02-22,19,Ferreira do Zêzere,16.6,63.0,1.2,0.1,NE,13.0,7.003,88.39,93.76,7.75,4.23,0.35,4.23,,,,,,,,,,,,3.85
2026-02-22,20,Ferreira do Zêzere,13.2,78.0,0.7,0.01,N,0.6,7.101,117.04,93.66,7.46,4.06,0.32,4.06,,,,,,,,,,,,3.85
2026-02-22,21,Ferreira do Zêzere,10.7,90.0,0.6,0.01,E,0.3,7.325,142.48,93.44,7.19,3.9,0.3,3.9,,,,,,,,,,,,3.85
2026-02-22,22,Ferreira do Zêzere,9.0,95.0,0.8,0.5,NE,95.1,7.439,147.96,93.33,7.15,3.88,0.3,3.88,,,,,,,,,,,,3.35
2026-02-22,23,Ferreira do Zêzere,7.9,97.0,0.6,0.01,SE,488.9,7.687,153.6,93.08,6.84,3.69,0.27,3.69,,,,,,,,,,,,3.35
2026-02-23,0,Ferreira do Zêzere,6.9,98.0,0.4,0.48,E,426.5,7.735,156.54,93.04,6.73,3.62,0.26,3.62,,,,,,,,,,,,3.11
2026-02-23,1,Ferreira do Zêzere,6.6,99.0,1.3,1.72,N,297.3,7.96,176.72,92.82,6.83,3.68,0.27,3.68,,,,,,,,,,,,4.58
2026-02-23,2,Ferreira do Zêzere,6.2,99.0,0.2,0.1,E,260.4,8.13,178.59,92.65,6.31,3.36,0.23,3.36,,,,,,,,,,,,4.67
2026-02-23,3,Ferreira do Zêzere,5.3,100.0,0.8,0.1,E,208.0,8.18,180.93,92.6,6.46,3.45,0.24,3.45,,,,,,,,,,,,4.67
2026-02-23,4,Ferreira do Zêzere,4.7,100.0,0.3,0.1,SE,188.5,8.36,180.93,92.42,6.14,3.25,0.22,3.25,,,,,,,,,,,,4.67
2026-02-23,5,Ferreira do Zêzere,4.3,100.0,0.8,1.04,NE,184.0,8.42,189.59,92.37,6.25,3.32,0.23,3.32,,,,,,,,,,,,5.61
2026-02-23,6,Ferreira do Zêzere,4.0,100.0,0.4,0.1,E,187.8,8.6,189.59,92.19,5.98,3.14,0.21,3.14,,,,,,,,,,,,5.61
2026-02-23,7,Ferreira do Zêzere,3.5,100.0,0.5,0.1,NW,174.7,8.78,189.59,92.02,5.86,3.07,0.2,3.07,,,,,,,,,,,,5.61
2026-02-23,8,Ferreira do Zêzere,3.3,100.0,0.2,0.1,NW,234.3,9.13,189.59,91.68,5.5,2.83,0.17,2.83,,,,,,,,,,,,5.61
2026-02-23,9,Ferreira do Zêzere,6.5,100.0,0.7,0.1,SE,659.3,9.45,189.59,91.37,5.4,2.76,0.16,2.76,,,,,,,,,,,,5.61
2026-02-23,10,Ferreira do Zêzere,10.3,87.0,0.5,2.6,NE,1266.4,9.27,167.33,91.54,5.48,2.82,0.17,2.82,,,,,,,,,,,,8.2
2026-02-23,11,Ferreira do Zêzere,13.7,74.0,0.9,0.53,S,1482.9,9.12,133.19,91.69,5.71,2.97,0.19,2.97,,,,,,,,,,,,8.72
2026-02-23,12,Ferreira do Zêzere,17.6,66.0,1.4,2.51,SE,2260.2,8.81,111.65,91.99,6.11,3.23,0.22,3.23,32.2,1.0,-744.05,32.2,110.52,0.01,1.93,0.0,0.0,0.01,12.0,11.13
2026-02-23,13,Ferreira do Zêzere,21.5,46.0,2.8,0.81,S,2509.8,8.41,71.61,92.38,6.92,4.17,0.34,4.17,,,,,,,,,,,,11.84
2026-02-23,14,Ferreira do Zêzere,22.7,44.0,2.5,1.3,S,2469.89,8.11,68.46,92.67,7.11,4.38,0.37,4.38,,,,,,,,,,,,13.13
2026-02-23,15,Ferreira do Zêzere,22.9,43.0,2.1,0.01,SE,1899.5,7.875,68.4,92.9,7.19,4.47,0.38,4.47,,,,,,,,,,,,12.74
2026-02-23,16,Ferreira do Zêzere,23.3,44.0,1.6,0.2,S,1367.3,7.596,70.35,93.17,7.29,4.53,0.39,4.53,,,,,,,,,,,,12.64
2026-02-23,17,Ferreira do Zêzere,22.7,48.0,1.1,1.37,SW,785.5,7.476,79.65,93.29,7.23,4.38,0.37,4.38,,,,,,,,,,,,14.0
2026-02-23,18,Ferreira do Zêzere,21.3,57.0,1.1,0.4,E,272.6,7.425,94.21,93.34,7.28,4.18,0.34,4.18,,,,,,,,,,,,14.3
2026-02-23,19,Ferreira do Zêzere,17.1,76.0,0.5,1.64,E,17.3,7.679,144.78,93.09,6.82,3.67,0.27,3.67,,,,,,,,,,,,15.84
2026-02-23,20,Ferreira do Zêzere,14.1,89.0,0.3,1.15,SE,1.3,7.908,187.9,92.87,6.54,3.5,0.25,3.5,,,,,,,,,,,,16.98
2026-02-23,21,Ferreira do Zêzere,12.2,94.0,0.4,1.19,E,0.7,8.12,206.47,92.66,6.38,3.4,0.24,3.4,,,,,,,,,,,,18.16
2026-02-23,22,Ferreira do Zêzere,10.7,98.0,0.4,0.54,W,420.7,8.38,222.08,92.41,6.16,3.26,0.22,3.26,,,,,,,,,,,,18.2
2026-02-23,23,Ferreira do Zêzere,9.8,99.0,0.4,0.4,E,378.0,8.65,226.61,92.14,5.93,3.12,0.2,3.12,,,,,,,,,,,,18.59
2026-02-24,0,Ferreira do Zêzere,9.3,100.0,0.8,0.33,SW,302.1,8.92,225.68,91.88,5.83,3.05,0.2,3.05,,,,,,,,,,,,18.44
2026-02-24,1,Ferreira do Zêzere,8.8,100.0,0.1,0.74,SE,192.5,9.18,224.37,91.63,5.44,2.79,0.17,2.79,,,,,,,,,,,,17.46
2026-02-24,2,Ferreira do Zêzere,8.0,100.0,1.0,0.23,SE,197.9,9.61,224.55,91.21,5.36,2.74,0.16,2.74,,,,,,,,,,,,17.59
2026-02-24,3,Ferreira do Zêzere,7.7,100.0,1.1,0.66,SE,144.9,10.34,225.3,90.52,4.88,2.41,0.13,2.41,,,,,,,,,,,,18.15
2026-02-24,4,Ferreira do Zêzere,8.8,100.0,2.5,0.71,SE,126.5,11.45,226.08,89.47,4.5,2.14,0.1,2.14,,,,,,,,,,,,18.76
2026-02-24,5,Ferreira do Zêzere,11.0,99.0,2.0,0.73,SE,222.2,12.26,220.09,88.71,3.94,1.71,0.07,1.71,,,,,,,,,,,,18.45
2026-02-24,6,Ferreira do Zêzere,11.5,96.0,1.9,0.1,SE,6.8,13.15,204.94,87.89,3.48,1.31,0.04,1.31,,,,,,,,,,,,18.45
2026-02-24,7,Ferreira do Zêzere,11.5,95.0,2.9,0.1,SE,4.4,13.88,197.8,87.22,3.33,1.14,0.03,1.14,,,,,,,,,,,,18.45
2026-02-24,8,Ferreira do Zêzere,11.6,94.0,1.7,0.2,SE,34.6,14.52,196.85,86.64,2.89,0.88,0.02,0.88,,,,,,,,,,,,18.55
2026-02-24,9,Ferreira do Zêzere,11.8,92.0,3.5,0.25,SE,290.0,14.83,182.68,86.36,3.04,0.93,0.02,0.93,,,,,,,,,,,,18.7
2026-02-24,10,Ferreira do Zêzere,12.0,89.0,3.4,0.62,S,895.4,14.21,169.2,86.92,3.27,1.04,0.03,1.04,,,,,,,,,,,,16.72
2026-02-24,11,Ferreira do Zêzere,14.4,79.0,4.3,0.01,SE,1564.3,12.9,132.28,88.12,4.06,1.81,0.08,1.81,,,,,,,,,,,,16.2
2026-02-24,12,Ferreira do Zêzere,17.2,66.0,5.2,0.29,S,2156.1,11.51,97.38,89.41,5.12,2.57,0.15,2.57,36.34,1.0,-744.4,36.34,99.4,0.02,1.93,0.01,0.0,0.01,12.0,13.98
2026-02-24,13,Ferreira do Zêzere,18.9,58.0,4.2,0.3,S,1948.3,10.83,85.55,90.05,5.34,2.82,0.17,2.82,,,,,,,,,,,,13.47
2026-02-24,14,Ferreira do Zêzere,20.7,52.0,4.1,0.37,S,2153.2,9.98,74.04,90.86,5.96,3.4,0.24,3.4,,,,,,,,,,,,12.54
2026-02-24,15,Ferreira do Zêzere,21.6,51.0,3.2,0.55,SW,2037.5,9.57,73.82,91.25,6.02,3.49,0.25,3.49,,,,,,,,,,,,13.08
2026-02-24,16,Ferreira do Zêzere,21.2,54.0,2.3,0.35,SW,1406.7,9.11,81.56,91.7,6.13,3.5,0.25,3.5,,,,,,,,,,,,13.23
2026-02-24,17,Ferreira do Zêzere,19.6,60.0,1.1,0.01,SW,545.5,8.91,98.58,91.89,5.93,3.21,0.21,3.21,,,,,,,,,,,,11.87
2026-02-24,18,Ferreira do Zêzere,18.1,63.0,1.5,2.58,S,284.3,9.09,106.2,91.72,5.9,3.1,0.2,3.1,,,,,,,,,,,,14.05
2026-02-24,19,Ferreira do Zêzere,16.0,74.0,2.8,1.57,S,11.7,9.49,122.08,91.33,5.97,3.14,0.21,3.14,,,,,,,,,,,,13.98
2026-02-24,20,Ferreira do Zêzere,14.3,85.0,2.6,0.2,S,0.3,10.12,150.72,90.73,5.42,2.78,0.17,2.78,,,,,,,,,,,,13.03
2026-02-24,21,Ferreira do Zêzere,13.4,89.0,2.5,0.1,S,0.2,11.1,163.09,89.8,4.72,2.3,0.12,2.3,,,,,,,,,,,,11.94
2026-02-24,22,Ferreira do Zêzere,13.3,90.0,2.7,0.1,SE,0.4,11.94,164.97,89.01,4.26,1.96,0.09,1.96,,,,,,,,,,,,11.5
2026-02-24,23,Ferreira do Zêzere,13.4,90.0,2.4,0.15,SE,0.4,12.73,165.39,88.27,3.78,1.58,0.06,1.58,,,,,,,,,,,,11.25
2026-02-25,0,Ferreira do Zêzere,13.4,89.0,2.3,1.0,S,1.1,13.51,172.05,87.56,3.39,1.21,0.04,1.21,,,,,,,,,,,,11.92
2026-02-25,1,Ferreira do Zêzere,13.3,92.0,2.4,0.43,S,1.1,14.28,182.48,86.85,3.08,0.94,0.02,0.94,,,,,,,,,,,,11.61
2026-02-25,2,Ferreira do Zêzere,13.3,91.0,1.3,0.01,S,1.4,14.99,183.15,86.21,2.66,0.82,0.02,0.82,,,,,,,,,,,,11.39
2026-02-25,3,Ferreira do Zêzere,13.6,89.0,1.0,0.1,S,2.3,15.5,176.72,85.76,2.46,0.75,0.02,0.75,,,,,,,,,,,,10.83
2026-02-25,4,Ferreira do Zêzere,13.5,91.0,0.8,0.15,NW,3.5,15.81,183.45,85.48,2.34,0.72,0.02,0.72,,,,,,,,,,,,10.27
2026-02-25,5,Ferreira do Zêzere,12.8,95.0,0.5,0.1,SE,3.3,16.09,198.28,85.23,2.23,0.68,0.01,0.68,,,,,,,,,,,,9.64
2026-02-25,6,Ferreira do Zêzere,12.4,97.0,0.3,0.1,NW,3.3,16.41,206.81,84.95,2.12,0.65,0.01,0.65,,,,,,,,,,,,9.64
2026-02-25,7,Ferreira do Zêzere,12.6,96.0,0.8,0.58,NW,3.4,16.66,202.16,84.73,2.11,0.65,0.01,0.65,,,,,,,,,,,,10.12
2026-02-25,8,Ferreira do Zêzere,12.6,96.0,0.8,0.1,S,16.8,16.87,201.87,84.54,2.06,0.63,0.01,0.63,,,,,,,,,,,,10.02
2026-02-25,9,Ferreira do Zêzere,13.1,95.0,0.3,1.66,S,202.8,16.66,204.2,84.73,2.06,0.63,0.01,0.63,,,,,,,,,,,,11.43
2026-02-25,10,Ferreira do Zêzere,14.3,86.0,1.1,0.1,S,551.8,15.91,166.0,85.39,2.35,0.72,0.02,0.72,,,,,,,,,,,,10.91
2026-02-25,11,Ferreira do Zêzere,16.0,78.0,1.2,3.41,SE,1361.8,14.51,146.21,86.65,2.82,0.86,0.02,0.86,,,,,,,,,,,,14.31
2026-02-25,12,Ferreira do Zêzere,17.5,71.0,1.0,0.5,SW,1904.7,13.03,130.01,88.0,3.38,1.2,0.04,1.2,27.48,1.0,-744.83,27.48,124.53,0.0,1.93,0.0,0.0,0.01,12.0,14.52
2026-02-25,13,Ferreira do Zêzere,18.3,68.0,0.8,0.9,NW,1869.2,12.23,124.89,88.74,3.72,1.53,0.06,1.53,,,,,,,,,,,,15.12
2026-02-26,9,Ferreira do Zêzere,10.2,100.0,2.9,0.1,N,499.4,16.92,174.74,84.5,2.28,0.7,0.01,0.7,,,,,,,,,,,,5.01
2026-02-26,10,Ferreira do Zêzere,11.0,99.0,2.6,0.1,NW,782.8,15.54,170.33,85.72,2.66,0.81,0.02,0.81,,,,,,,,,,,,5.01
2026-02-26,11,Ferreira do Zêzere,14.0,88.0,1.2,0.9,NW,1580.3,13.79,109.83,87.3,3.09,0.95,0.02,0.95,,,,,,,,,,,,2.5
2026-02-26,12,Ferreira do Zêzere,17.4,75.0,1.0,0.1,S,2315.1,12.16,82.32,88.8,3.8,1.6,0.06,1.6,37.75,1.0,-742.0,37.75,95.82,0.02,1.93,0.01,0.0,0.01,12.0,2.1
2026-02-26,13,Ferreira do Zêzere,20.1,65.0,1.0,0.1,SW,2518.8,10.95,60.13,89.94,4.47,2.58,0.15,2.58,,,,,,,,,,,,1.3
2026-02-26,14,Ferreira do Zêzere,22.1,56.0,1.3,0.01,SE,2446.6,9.92,49.87,90.92,5.22,3.33,0.23,3.33,,,,,,,,,,,,1.31
2026-02-26,15,Ferreira do Zêzere,23.1,49.0,0.9,0.38,W,2145.0,9.25,48.24,91.56,5.6,3.51,0.25,3.51,,,,,,,,,,,,1.69
2026-02-26,16,Ferreira do Zêzere,24.0,42.0,0.7,0.4,S,1647.9,8.67,46.08,92.12,6.01,3.83,0.29,3.83,,,,,,,,,,,,2.09
2026-02-26,18,Ferreira do Zêzere,20.3,67.0,2.4,0.37,NW,279.4,8.39,67.37,92.4,6.8,3.72,0.28,3.72,,,,,,,,,,,,2.46
2026-02-26,19,Ferreira do Zêzere,17.5,78.0,3.1,0.1,NW,15.6,8.91,83.51,91.89,6.56,3.51,0.25,3.51,,,,,,,,,,,,2.56
2026-02-26,20,Ferreira do Zêzere,15.3,86.0,0.77,0.01,---,0.01,9.58,107.88,91.24,5.32,2.71,0.16,2.71,,,,,,,,,,,,2.57
2026-02-26,21,Ferreira do Zêzere,13.4,92.0,0.4,0.45,N,39.4,10.13,129.47,90.72,4.85,2.39,0.13,2.39,,,,,,,,,,,,3.02
2026-02-26,22,Ferreira do Zêzere,12.2,96.0,1.2,0.6,N,503.5,10.35,145.23,90.51,4.9,2.42,0.13,2.42,,,,,,,,,,,,3.62
2026-02-26,23,Ferreira do Zêzere,11.9,95.0,2.0,0.01,N,260.4,10.81,140.97,90.07,4.79,2.35,0.12,2.35,,,,,,,,,,,,3.63
2026-02-27,0,Ferreira do Zêzere,11.1,96.0,2.3,0.1,N,235.2,11.3,186.54,89.61,4.55,2.18,0.11,2.18,,,,,,,,,,,,3.73
2026-02-27,1,Ferreira do Zêzere,10.5,97.0,2.2,0.1,NW,442.5,11.65,192.15,89.28,4.32,2.01,0.09,2.01,,,,,,,,,,,,3.83
2026-02-27,3,Ferreira do Zêzere,10.3,99.0,2.4,0.1,NW,5.1,12.51,202.16,88.48,3.89,1.67,0.07,1.67,,,,,,,,,,,,3.93
2026-02-27,4,Ferreira do Zêzere,9.9,98.0,1.7,0.19,N,4.3,12.87,199.57,88.14,3.58,1.4,0.05,1.4,,,,,,,,,,,,4.12
2026-02-27,6,Ferreira do Zêzere,9.1,98.0,2.2,0.1,NW,3.4,13.87,199.94,87.23,3.22,0.99,0.03,0.99,,,,,,,,,,,,4.22
2026-02-27,7,Ferreira do Zêzere,9.3,97.0,2.2,1.5,N,2.7,13.93,203.65,87.17,3.19,0.98,0.03,0.98,,,,,,,,,,,,5.72
2026-02-27,8,Ferreira do Zêzere,9.9,96.0,1.9,0.1,NW,66.5,14.58,199.94,86.58,2.89,0.89,0.02,0.89,,,,,,,,,,,,5.82
2026-02-27,9,Ferreira do Zêzere,10.4,95.0,2.5,1.4,NW,262.8,14.86,198.59,86.33,2.88,0.88,0.02,0.88,,,,,,,,,,,,7.12
2026-02-27,10,Ferreira do Zêzere,11.6,92.0,2.2,0.93,N,455.2,14.44,188.08,86.71,2.99,0.92,0.02,0.92,,,,,,,,,,,,7.95
2026-02-27,11,Ferreira do Zêzere,12.8,89.0,2.9,0.6,NW,442.1,21.55,171.7,80.55,1.4,0.43,0.01,0.43,,,,,,,,,,,,7.65
2026-02-27,12,Ferreira do Zêzere,12.5,94.0,2.2,0.3,NW,754.1,21.12,195.03,80.91,1.4,0.43,0.01,0.43,15.23,1.0,-741.65,15.23,169.07,0.0,1.93,0.0,0.0,0.01,12.0,7.85
2026-02-27,13,Ferreira do Zêzere,13.6,94.0,2.1,0.1,NW,852.7,20.24,194.15,81.65,1.52,0.47,0.01,0.47,,,,,,,,,,,,7.85
2026-02-27,14,Ferreira do Zêzere,14.9,93.0,3.9,0.3,NW,1045.2,19.62,182.9,82.17,1.77,0.54,0.01,0.54,,,,,,,,,,,,8.14
2026-02-27,15,Ferreira do Zêzere,15.1,90.0,4.36,0.28,---,1020.58,18.33,167.22,83.27,2.08,0.64,0.01,0.64,,,,,,,,,,,,8.04
2026-02-27,16,Ferreira do Zêzere,15.3,83.0,4.5,0.16,NW,618.1,16.96,141.73,84.47,2.46,0.75,0.02,0.75,,,,,,,,,,,,7.8
2026-02-27,17,Ferreira do Zêzere,14.4,86.0,5.5,0.2,N,392.7,16.42,150.13,84.94,2.76,0.84,0.02,0.84,,,,,,,,,,,,8.0
2026-02-27,18,Ferreira do Zêzere,13.9,81.0,4.2,0.2,NW,260.8,16.22,140.98,85.12,2.65,0.81,0.02,0.81,,,,,,,,,,,,7.83
2026-02-27,19,Ferreira do Zêzere,12.7,80.0,3.0,0.1,N,21.4,16.48,146.28,84.89,2.41,0.74,0.02,0.74,,,,,,,,,,,,7.83
2026-02-27,20,Ferreira do Zêzere,11.2,82.0,2.4,0.34,N,44.57,16.61,157.75,84.77,2.31,0.71,0.01,0.71,,,,,,,,,,,,8.16
2026-02-27,21,Ferreira do Zêzere,9.8,83.0,3.5,0.63,NW,91.61,16.65,158.85,84.74,2.43,0.74,0.02,0.74,,,,,,,,,,,,8.34
2026-02-27,22,Ferreira do Zêzere,9.4,84.0,2.9,0.77,N,19.32,17.01,164.87,84.42,2.25,0.69,0.01,0.69,,,,,,,,,,,,8.51
2026-02-27,23,Ferreira do Zêzere,8.8,89.0,3.5,0.66,NW,29.6,17.42,179.57,84.06,2.21,0.68,0.01,0.68,,,,,,,,,,,,9.16
2026-02-28,0,Ferreira do Zêzere,8.8,88.0,2.2,0.67,N,7.43,17.8,160.22,83.73,1.98,0.61,0.01,0.61,,,,,,,,,,,,9.73
2026-02-28,1,Ferreira do Zêzere,8.4,87.0,2.3,0.28,N,4.07,18.14,158.41,83.44,1.92,0.59,0.01,0.59,,,,,,,,,,,,9.91
2026-02-28,2,Ferreira do Zêzere,8.2,86.0,3.1,0.84,N,83.99,18.4,155.66,83.21,1.94,0.59,0.01,0.59,,,,,,,,,,,,10.75
2026-02-28,3,Ferreira do Zêzere,8.1,88.0,3.0,0.1,NW,45.2,18.67,161.29,82.98,1.87,0.57,0.01,0.57,,,,,,,,,,,,10.75
2026-02-28,4,Ferreira do Zêzere,6.6,92.0,0.8,0.89,SE,0.3,18.94,184.04,82.75,1.63,0.5,0.01,0.5,,,,,,,,,,,,11.45
2026-02-28,5,Ferreira do Zêzere,5.8,96.0,1.3,0.1,N,3.7,19.19,194.79,82.54,1.63,0.5,0.01,0.5,,,,,,,,,,,,11.55
2026-02-28,6,Ferreira do Zêzere,5.9,94.0,1.9,0.1,N,0.7,19.36,186.79,82.39,1.65,0.5,0.01,0.5,,,,,,,,,,,,11.55
2026-02-28,7,Ferreira do Zêzere,5.5,95.0,2.2,0.1,NW,3.2,19.48,185.58,82.29,1.65,0.51,0.01,0.51,,,,,,,,,,,,10.15
2026-02-28,8,Ferreira do Zêzere,5.5,96.0,2.4,0.78,NW,158.1,19.22,190.8,82.51,1.71,0.52,0.01,0.52,,,,,,,,,,,,10.83
2026-02-28,9,Ferreira do Zêzere,7.6,90.0,4.0,0.68,NW,758.7,17.57,163.26,83.93,2.23,0.68,0.01,0.68,,,,,,,,,,,,10.11
2026-02-28,10,Ferreira do Zêzere,9.8,80.0,4.3,0.1,---,1731.83,15.68,132.19,85.6,2.84,0.87,0.02,0.87,,,,,,,,,,,,9.28
2026-02-28,11,Ferreira do Zêzere,12.4,67.0,5.0,0.85,NW,1493.0,14.28,104.8,86.85,3.52,1.34,0.05,1.34,,,,,,,,,,,,9.53
2026-02-28,12,Ferreira do Zêzere,14.5,53.0,6.5,1.34,NW,2447.7,13.1,82.97,87.93,4.42,2.1,0.1,2.1,38.97,1.04,-741.65,38.97,92.81,0.04,1.97,0.01,0.0,0.01,12.0,10.57
2026-02-28,13,Ferreira do Zêzere,14.2,52.0,5.4,1.26,NW,1821.6,12.34,86.69,88.63,4.63,2.25,0.11,2.25,,,,,,,,,,,,11.73
2026-02-28,14,Ferreira do Zêzere,14.9,53.0,3.68,1.03,---,2360.65,11.41,91.13,89.5,4.81,2.39,0.13,2.39,,,,,,,,,,,,12.46
2026-02-28,15,Ferreira do Zêzere,17.0,48.0,4.8,1.02,NW,2308.0,10.73,78.36,90.14,5.57,3.06,0.2,3.06,,,,,,,,,,,,13.2
2026-02-28,16,Ferreira do Zêzere,17.4,48.0,5.3,1.16,NW,1821.4,10.19,76.71,90.66,6.15,3.46,0.24,3.46,,,,,,,,,,,,14.2
2026-02-28,17,Ferreira do Zêzere,17.2,51.0,5.1,2.38,NW,1033.7,9.87,81.65,90.96,6.36,3.55,0.26,3.55,,,,,,,,,,,,16.38
2026-02-28,18,Ferreira do Zêzere,15.6,57.0,4.4,1.89,NW,292.2,9.64,95.02,91.18,6.34,3.38,0.24,3.38,,,,,,,,,,,,18.07
2026-02-28,19,Ferreira do Zêzere,13.2,69.0,3.6,2.22,N,26.4,9.78,120.94,91.05,5.97,3.14,0.21,3.14,,,,,,,,,,,,20.19
2026-02-28,20,Ferreira do Zêzere,11.5,76.0,2.2,1.79,NW,8.9,10.2,144.31,90.65,5.26,2.67,0.15,2.67,,,,,,,,,,,,21.64
2026-02-28,21,Ferreira do Zêzere,10.1,82.0,1.7,0.76,N,3.7,10.61,162.76,90.26,4.85,2.39,0.13,2.39,,,,,,,,,,,,21.77
2026-02-28,22,Ferreira do Zêzere,8.7,87.0,2.4,0.58,NW,0.2,10.98,174.42,89.91,4.78,2.34,0.12,2.34,,,,,,,,,,,,21.58
2026-02-28,23,Ferreira do Zêzere,8.4,90.0,0.9,0.23,N,21.9,11.25,190.48,89.65,4.27,1.97,0.09,1.97,,,,,,,,,,,,21.15
2026-03-01,0,Ferreira do Zêzere,8.0,91.0,1.1,0.27,N,2.3,11.61,199.59,89.32,4.11,1.85,0.08,1.85,,,,,,,,,,,,20.75
2026-03-01,1,Ferreira do Zêzere,6.8,95.0,2.2,0.1,N,2.3,11.81,210.72,89.13,4.23,1.94,0.09,1.94,,,,,,,,,,,,20.57
2026-03-01,2,Ferreira do Zêzere,6.6,96.0,1.38,0.1,---,14.04,11.95,216.19,89.0,3.98,1.75,0.07,1.75,,,,,,,,,,,,19.83
2026-03-01,3,Ferreira do Zêzere,5.7,96.0,1.2,0.14,NE,1.4,12.03,217.23,88.92,3.9,1.68,0.07,1.68,,,,,,,,,,,,19.87
2026-03-01,4,Ferreira do Zêzere,4.6,97.0,0.6,0.1,S,230.0,12.05,222.05,88.9,3.78,1.58,0.06,1.58,,,,,,,,,,,,19.08
2026-03-01,5,Ferreira do Zêzere,3.6,99.0,0.9,0.66,NE,455.7,12.08,229.16,88.88,3.82,1.61,0.06,1.61,,,,,,,,,,,,19.64
2026-03-01,6,Ferreira do Zêzere,3.8,99.0,1.0,0.1,N,318.2,12.14,229.05,88.82,3.81,1.6,0.06,1.6,,,,,,,,,,,,19.64
2026-03-01,7,Ferreira do Zêzere,2.4,99.0,0.4,0.1,NW,314.0,12.28,229.81,88.69,3.63,1.45,0.05,1.45,,,,,,,,,,,,19.64
2026-03-01,8,Ferreira do Zêzere,2.9,100.0,0.6,1.3,E,395.3,12.38,233.38,88.6,3.61,1.44,0.05,1.44,,,,,,,,,,,,20.16
2026-03-01,9,Ferreira do Zêzere,6.1,96.0,0.6,1.09,NE,732.1,12.27,219.6,88.7,3.67,1.48,0.05,1.48,,,,,,,,,,,,20.57
2026-03-01,10,Ferreira do Zêzere,9.8,82.0,2.15,0.82,---,1511.95,11.79,166.46,89.15,4.23,1.94,0.09,1.94,,,,,,,,,,,,21.29
2026-03-01,11,Ferreira do Zêzere,12.5,73.0,2.17,1.6,---,2071.17,11.18,141.59,89.72,4.59,2.21,0.11,2.21,,,,,,,,,,,,22.04
2026-03-01,12,Ferreira do Zêzere,16.2,63.0,1.8,1.6,SW,2407.4,10.6,117.33,90.27,4.88,2.45,0.13,2.45,31.18,1.09,-744.31,31.18,113.42,0.01,2.02,0.0,0.0,0.01,12.0,22.3
2026-03-01,13,Ferreira do Zêzere,18.5,52.0,2.13,1.72,---,2097.42,10.01,94.78,90.83,5.37,3.05,0.2,3.05,,,,,,,,,,,,22.76
2026-03-01,14,Ferreira do Zêzere,19.4,49.0,2.4,0.46,---,2554.55,9.52,87.38,91.3,5.83,3.46,0.24,3.46,,,,,,,,,,,,22.19
2026-03-01,15,Ferreira do Zêzere,20.0,48.0,2.79,0.97,---,2567.88,9.14,82.88,91.67,6.26,3.8,0.29,3.8,,,,,,,,,,,,22.14
2026-03-01,16,Ferreira do Zêzere,20.4,46.0,3.9,0.8,S,1788.6,8.88,75.8,91.92,6.86,4.26,0.35,4.26,,,,,,,,,,,,21.78
2026-03-01,17,Ferreira do Zêzere,20.2,49.0,1.8,0.1,SW,1080.9,8.34,86.98,92.44,6.65,4.05,0.32,4.05,,,,,,,,,,,,19.5
2026-03-01,18,Ferreira do Zêzere,18.8,54.0,2.11,0.01,---,472.1,8.46,94.27,92.33,6.64,3.89,0.3,3.89,,,,,,,,,,,,17.62
2026-03-01,19,Ferreira do Zêzere,16.2,62.0,1.32,0.01,---,21.63,8.51,115.3,92.28,6.34,3.44,0.24,3.44,,,,,,,,,,,,15.41
2026-03-01,20,Ferreira do Zêzere,12.3,82.0,2.0,0.01,NW,21.0,8.92,155.04,91.88,6.2,3.28,0.22,3.28,,,,,,,,,,,,13.63
2026-03-01,21,Ferreira do Zêzere,11.5,84.0,0.2,0.1,E,7.88,9.37,175.56,91.44,5.32,2.71,0.16,2.71,,,,,,,,,,,,12.97
2026-03-01,22,Ferreira do Zêzere,9.5,94.0,0.3,0.01,N,0.4,9.96,201.56,90.88,4.93,2.45,0.13,2.45,,,,,,,,,,,,12.4
2026-03-01,23,Ferreira do Zêzere,8.2,97.0,0.96,0.01,---,0.1,10.46,208.84,90.4,4.77,2.33,0.12,2.33,,,,,,,,,,,,12.18
2026-03-02,0,Ferreira do Zêzere,7.9,99.0,0.3,0.2,NE,632.2,10.88,222.41,90.0,4.35,2.03,0.1,2.03,,,,,,,,,,,,12.11
2026-03-02,1,Ferreira do Zêzere,7.7,99.0,0.9,0.4,W,0.3,11.38,222.38,89.53,4.19,1.91,0.09,1.91,,,,,,,,,,,,12.41
2026-03-02,2,Ferreira do Zêzere,7.1,99.0,0.3,0.01,NE,363.7,11.76,222.98,89.18,3.87,1.65,0.07,1.65,,,,,,,,,,,,12.32
2026-03-02,3,Ferreira do Zêzere,6.5,100.0,0.7,0.01,S,315.2,12.43,226.03,88.55,3.61,1.43,0.05,1.43,,,,,,,,,,,,12.19
2026-03-02,4,Ferreira do Zêzere,5.9,100.0,0.4,0.1,E,301.3,12.85,226.03,88.16,3.36,1.18,0.04,1.18,,,,,,,,,,,,12.19
2026-03-02,5,Ferreira do Zêzere,6.1,100.0,0.6,0.01,S,291.6,13.08,224.48,87.95,3.29,1.08,0.03,1.08,,,,,,,,,,,,11.54
2026-03-02,6,Ferreira do Zêzere,5.9,100.0,1.2,0.1,SE,273.2,13.48,224.48,87.58,3.22,0.99,0.03,0.99,,,,,,,,,,,,11.54
2026-03-02,7,Ferreira do Zêzere,6.4,100.0,1.2,0.1,W,257.1,13.82,224.48,87.27,3.08,0.94,0.02,0.94,,,,,,,,,,,,11.54
2026-03-02,8,Ferreira do Zêzere,7.2,100.0,0.8,1.79,N,335.3,14.1,225.66,87.02,2.91,0.89,0.02,0.89,,,,,,,,,,,,12.03
2026-03-02,9,Ferreira do Zêzere,9.1,100.0,0.7,2.83,S,495.5,14.12,229.27,87.0,2.89,0.89,0.02,0.89,,,,,,,,,,,,13.77
2026-03-02,10,Ferreira do Zêzere,11.4,93.0,1.2,0.1,SE,717.8,13.69,196.96,87.39,3.13,0.96,0.03,0.96,,,,,,,,,,,,13.05
2026-03-02,11,Ferreira do Zêzere,14.0,77.0,2.98,2.08,---,840.23,13.61,137.86,87.46,3.46,1.29,0.04,1.29,,,,,,,,,,,,13.53
2026-03-02,12,Ferreira do Zêzere,14.8,74.0,3.03,1.31,---,921.82,13.23,129.28,87.81,3.65,1.47,0.05,1.47,26.81,1.0,-744.9,26.81,126.63,0.0,1.93,0.0,0.0,0.01,12.0,13.24
2026-03-02,13,Ferreira do Zêzere,15.0,74.0,4.3,1.32,SE,1004.5,13.32,123.16,87.73,3.84,1.64,0.06,1.64,,,,,,,,,,,,12.84
2026-03-02,14,Ferreira do Zêzere,15.1,73.0,5.2,1.15,SE,883.3,13.43,118.64,87.63,3.97,1.73,0.07,1.73,,,,,,,,,,,,13.53
2026-03-02,15,Ferreira do Zêzere,15.4,73.0,4.9,0.73,SE,911.8,15.3,118.57,85.94,3.07,0.94,0.02,0.94,,,,,,,,,,,,13.29
2026-03-02,16,Ferreira do Zêzere,15.6,74.0,3.5,0.3,SE,775.8,14.55,124.61,86.61,3.15,0.96,0.03,0.96,,,,,,,,,,,,12.79
2026-03-02,17,Ferreira do Zêzere,15.7,74.0,3.3,1.0,SE,526.2,13.9,126.1,87.2,3.39,1.21,0.04,1.21,,,,,,,,,,,,13.69
2026-03-02,18,Ferreira do Zêzere,15.2,77.0,1.5,3.65,SE,138.7,14.0,146.66,87.11,3.06,0.94,0.02,0.94,,,,,,,,,,,,17.33
2026-03-02,19,Ferreira do Zêzere,14.9,75.0,1.9,3.07,E,5.8,14.09,142.31,87.03,3.08,0.94,0.02,0.94,,,,,,,,,,,,20.39
2026-03-02,20,Ferreira do Zêzere,14.9,75.0,1.37,2.55,---,18.46,14.4,147.25,86.75,2.88,0.88,0.02,0.88,,,,,,,,,,,,22.93
2026-03-02,21,Ferreira do Zêzere,13.7,83.0,1.5,0.41,S,33.8,14.53,168.49,86.63,2.85,0.87,0.02,0.87,,,,,,,,,,,,23.24
2026-03-02,22,Ferreira do Zêzere,13.3,86.0,0.8,1.04,N,40.3,14.5,184.1,86.66,2.77,0.85,0.02,0.85,,,,,,,,,,,,24.27
2026-03-02,23,Ferreira do Zêzere,13.0,87.0,1.3,1.37,N,16.09,14.49,184.31,86.66,2.84,0.87,0.02,0.87,,,,,,,,,,,,25.63
2026-03-03,0,Ferreira do Zêzere,12.8,90.0,0.6,1.32,W,47.1,22.24,190.75,79.98,1.17,0.36,0.0,0.36,,,,,,,,,,,,26.75
2026-03-03,1,Ferreira do Zêzere,13.0,90.0,0.6,2.76,S,208.5,22.22,191.65,80.0,1.17,0.36,0.0,0.36,,,,,,,,,,,,29.11
2026-03-03,2,Ferreira do Zêzere,14.2,85.0,2.9,0.7,E,81.34,22.86,159.84,79.47,1.25,0.38,0.0,0.38,,,,,,,,,,,,29.8
2026-03-03,3,Ferreira do Zêzere,14.7,81.0,2.3,0.52,E,16.69,22.36,150.79,79.88,1.26,0.39,0.01,0.39,,,,,,,,,,,,30.31
2026-03-03,4,Ferreira do Zêzere,14.1,79.0,3.1,0.1,E,103.13,21.7,143.4,80.43,1.39,0.43,0.01,0.43,,,,,,,,,,,,30.31
2026-03-03,5,Ferreira do Zêzere,14.1,76.0,3.5,0.1,E,10.0,21.02,135.14,80.99,1.51,0.46,0.01,0.46,,,,,,,,,,,,30.4
2026-03-03,6,Ferreira do Zêzere,13.8,76.0,4.5,0.1,E,8.9,20.31,132.04,81.59,1.7,0.52,0.01,0.52,,,,,,,,,,,,30.4
2026-03-03,7,Ferreira do Zêzere,13.4,76.0,5.8,0.2,E,26.57,20.07,128.86,81.79,1.86,0.57,0.01,0.57,,,,,,,,,,,,30.5
2026-03-03,8,Ferreira do Zêzere,13.4,75.0,3.04,0.1,---,126.8,19.59,136.53,82.2,1.7,0.52,0.01,0.52,,,,,,,,,,,,28.81
2026-03-03,9,Ferreira do Zêzere,14.2,71.0,3.39,0.99,---,542.35,18.38,125.02,83.23,1.97,0.6,0.01,0.6,,,,,,,,,,,,26.97
2026-03-03,10,Ferreira do Zêzere,15.6,67.0,4.2,1.39,E,1073.4,17.21,111.94,84.25,2.35,0.72,0.02,0.72,,,,,,,,,,,,28.26
2026-03-03,11,Ferreira do Zêzere,17.2,62.0,5.7,0.72,E,1524.8,15.53,95.31,85.73,3.11,0.98,0.03,0.98,,,,,,,,,,,,26.9
2026-03-03,12,Ferreira do Zêzere,18.2,58.0,5.5,1.08,E,2078.5,14.43,88.15,86.72,3.54,1.54,0.06,1.54,39.17,1.38,-748.25,39.17,92.32,0.04,2.31,0.01,0.0,0.01,12.0,26.67
2026-03-03,13,Ferreira do Zêzere,19.1,54.0,4.7,1.51,E,2029.0,13.34,83.51,87.71,3.91,1.95,0.09,1.95,,,,,,,,,,,,26.86
2026-03-03,14,Ferreira do Zêzere,20.2,51.0,5.2,0.97,NE,2317.4,12.39,75.87,88.59,4.55,2.53,0.14,2.53,,,,,,,,,,,,26.68
2026-03-03,15,Ferreira do Zêzere,20.3,49.0,4.2,0.33,NE,1679.0,11.43,76.44,89.48,4.92,2.84,0.17,2.84,,,,,,,,,,,,26.28
2026-03-03,16,Ferreira do Zêzere,20.7,47.0,4.0,0.1,NE,1514.2,10.77,74.0,90.11,5.33,3.19,0.21,3.19,,,,,,,,,,,,26.08
2026-03-03,17,Ferreira do Zêzere,20.5,47.0,3.5,0.77,E,918.9,10.33,76.12,90.52,5.51,3.32,0.23,3.32,,,,,,,,,,,,25.85
2026-03-03,18,Ferreira do Zêzere,19.3,52.0,2.5,0.5,E,281.8,10.1,87.54,90.74,5.41,3.11,0.2,3.11,,,,,,,,,,,,22.7
2026-03-03,19,Ferreira do Zêzere,15.79,63.57,1.94,0.4,---,28.86,10.28,113.38,90.57,5.13,2.61,0.15,2.61,,,,,,,,,,,,20.03
2026-03-03,20,Ferreira do Zêzere,14.01,71.05,1.67,0.23,SE,27.16,10.5,129.6,90.36,4.91,2.43,0.13,2.43,,,,,,,,,,,,17.71
2026-03-03,21,Ferreira do Zêzere,13.02,74.2,1.87,0.4,SE,10.63,10.67,136.29,90.2,4.85,2.39,0.13,2.39,,,,,,,,,,,,17.7
2026-03-03,22,Ferreira do Zêzere,12.4,76.07,2.03,0.77,SE,11.42,10.8,140.09,90.08,4.8,2.36,0.12,2.36,,,,,,,,,,,,17.43
2026-03-03,23,Ferreira do Zêzere,11.96,77.57,2.36,0.99,E,8.63,10.96,141.97,89.93,4.78,2.34,0.12,2.34,,,,,,,,,,,,17.05
2026-03-04,0,Ferreira do Zêzere,11.6,77.87,2.41,0.81,---,8.06,10.96,141.4,89.93,4.79,2.35,0.12,2.35,,,,,,,,,,,,16.54
2026-03-04,1,Ferreira do Zêzere,11.34,77.92,2.01,1.08,---,8.82,11.12,142.19,89.78,4.59,2.21,0.11,2.21,,,,,,,,,,,,14.86
2026-03-04,2,Ferreira do Zêzere,11.37,76.74,2.49,0.81,---,27.39,11.27,137.7,89.63,4.61,2.22,0.11,2.22,,,,,,,,,,,,14.97
2026-03-04,3,Ferreira do Zêzere,11.15,77.75,3.32,0.66,---,8.25,11.32,136.78,89.59,4.78,2.34,0.12,2.34,,,,,,,,,,,,15.11
2026-03-04,4,Ferreira do Zêzere,11.14,78.29,3.06,0.77,---,8.7,11.39,139.62,89.52,4.67,2.26,0.12,2.26,,,,,,,,,,,,15.78
2026-03-04,5,Ferreira do Zêzere,10.85,79.49,2.86,1.39,---,8.3,11.45,144.82,89.47,4.59,2.2,0.11,2.2,,,,,,,,,,,,17.07
2026-03-04,6,Ferreira do Zêzere,10.66,79.88,2.48,1.29,---,7.94,11.58,148.8,89.34,4.42,2.08,0.1,2.08,,,,,,,,,,,,18.26
2026-03-04,7,Ferreira do Zêzere,10.18,82.36,3.34,0.96,---,0.1,11.73,152.4,89.2,4.53,2.16,0.11,2.16,,,,,,,,,,,,19.02
2026-03-04,8,Ferreira do Zêzere,8.6,92.0,1.5,1.38,N,97.3,11.91,190.76,89.03,4.03,1.78,0.08,1.78,,,,,,,,,,,,20.3
2026-03-04,9,Ferreira do Zêzere,12.0,82.0,1.3,1.28,NW,521.9,11.93,159.2,89.02,3.98,1.74,0.07,1.74,,,,,,,,,,,,20.59
2026-03-04,10,Ferreira do Zêzere,15.7,64.0,2.7,1.66,E,1056.9,11.65,109.94,89.28,4.43,2.15,0.11,2.15,,,,,,,,,,,,20.86
2026-03-04,11,Ferreira do Zêzere,17.5,54.0,4.2,1.69,E,1434.9,11.24,87.77,89.66,5.05,2.8,0.17,2.8,,,,,,,,,,,,21.83
2026-03-04,12,Ferreira do Zêzere,18.5,51.0,2.6,1.3,E,1878.8,10.68,87.57,90.19,5.02,2.87,0.18,2.87,40.88,1.64,-750.35,40.88,88.25,0.05,2.57,0.02,0.0,0.01,12.0,22.05
2026-03-04,13,Ferreira do Zêzere,19.5,49.0,3.2,0.9,E,2074.5,10.24,80.21,90.61,5.5,3.28,0.22,3.28,,,,,,,,,,,,21.44
2026-03-04,14,Ferreira do Zêzere,20.0,48.0,3.3,1.09,NE,1890.8,9.83,77.52,91.0,5.84,3.57,0.26,3.57,,,,,,,,,,,,21.56
2026-03-04,15,Ferreira do Zêzere,20.6,46.0,2.7,1.46,NE,1604.0,9.39,76.44,91.43,6.02,3.75,0.28,3.75,,,,,,,,,,,,22.69
2026-03-04,16,Ferreira do Zêzere,20.8,46.0,2.8,1.5,E,1200.4,9.0,75.84,91.8,6.38,4.02,0.32,4.02,,,,,,,,,,,,24.09
2026-03-04,17,Ferreira do Zêzere,20.3,48.0,2.1,1.47,SE,709.1,8.85,82.26,91.95,6.29,3.89,0.3,3.89,,,,,,,,,,,,24.79
2026-03-04,18,Ferreira do Zêzere,18.9,57.0,2.2,1.0,NW,270.7,8.81,95.79,91.99,6.36,3.71,0.28,3.71,,,,,,,,,,,,25.29
2026-03-04,19,Ferreira do Zêzere,16.6,71.0,2.8,0.2,NW,24.1,9.07,119.45,91.73,6.32,3.36,0.23,3.36,,,,,,,,,,,,25.09
2026-03-04,20,Ferreira do Zêzere,14.9,78.0,1.77,0.01,---,47.98,9.64,143.16,91.18,5.55,2.87,0.18,2.87,,,,,,,,,,,,24.87
2026-03-04,21,Ferreira do Zêzere,13.5,85.0,1.9,0.1,N,0.1,10.14,162.77,90.71,5.22,2.64,0.15,2.64,,,,,,,,,,,,24.57
2026-03-04,22,Ferreira do Zêzere,12.5,90.0,1.6,0.2,NW,0.4,10.64,181.45,90.23,4.8,2.36,0.12,2.36,,,,,,,,,,,,24.0
2026-03-04,23,Ferreira do Zêzere,11.8,95.0,1.8,0.1,N,0.4,11.12,200.23,89.78,4.55,2.17,0.11,2.17,,,,,,,,,,,,23.11
2026-03-05,0,Ferreira do Zêzere,11.7,96.0,3.4,0.2,N,6.0,11.5,213.77,89.42,4.68,2.27,0.12,2.27,,,,,,,,,,,,22.5
2026-03-05,1,Ferreira do Zêzere,11.9,95.0,3.8,0.15,N,5.0,11.9,206.54,89.04,4.53,2.16,0.11,2.16,,,,,,,,,,,,21.57
2026-03-05,2,Ferreira do Zêzere,11.8,94.0,4.2,0.01,N,0.8,12.47,199.87,88.51,4.28,1.98,0.09,1.98,,,,,,,,,,,,20.77
2026-03-05,3,Ferreira do Zêzere,11.8,92.0,3.5,0.1,NW,2.6,13.37,191.79,87.68,3.67,1.49,0.05,1.49,,,,,,,,,,,,20.21
2026-03-05,4,Ferreira do Zêzere,11.9,91.0,4.0,0.2,N,0.1,14.0,185.35,87.11,3.47,1.29,0.04,1.29,,,,,,,,,,,,19.64
2026-03-05,5,Ferreira do Zêzere,11.9,90.0,4.1,0.1,NW,2.91,14.58,179.92,86.58,3.23,0.99,0.03,0.99,,,,,,,,,,,,18.35
2026-03-05,6,Ferreira do Zêzere,12.0,89.0,3.0,0.1,N,0.89,15.13,178.72,86.09,2.85,0.87,0.02,0.87,,,,,,,,,,,,17.16
2026-03-05,7,Ferreira do Zêzere,12.0,88.0,2.8,0.1,NW,0.1,15.52,175.21,85.74,2.69,0.82,0.02,0.82,,,,,,,,,,,,16.3
2026-03-05,8,Ferreira do Zêzere,12.0,88.0,2.5,0.1,NW,30.4,15.8,175.11,85.49,2.56,0.78,0.02,0.78,,,,,,,,,,,,15.02
2026-03-05,9,Ferreira do Zêzere,12.3,88.0,3.1,0.1,N,194.3,15.79,170.65,85.5,2.64,0.81,0.02,0.81,,,,,,,,,,,,13.84
2026-03-05,10,Ferreira do Zêzere,13.0,85.0,3.8,0.13,NW,404.59,15.2,155.01,86.03,2.94,0.9,0.02,0.9,,,,,,,,,,,,12.31
2026-03-05,11,Ferreira do Zêzere,13.7,83.0,3.3,0.2,NW,602.9,14.47,147.47,86.68,3.15,0.96,0.03,0.96,,,,,,,,,,,,10.82
2026-03-05,12,Ferreira do Zêzere,14.1,81.0,3.9,0.29,NW,757.8,14.0,137.35,87.11,3.45,1.27,0.04,1.27,26.91,1.0,-750.17,26.91,126.31,0.0,1.93,0.0,0.0,0.01,12.0,9.81
2026-03-05,13,Ferreira do Zêzere,14.3,80.0,4.6,0.15,NW,1029.9,13.45,130.59,87.61,3.84,1.63,0.06,1.63,,,,,,,,,,,,9.06
2026-03-05,14,Ferreira do Zêzere,15.0,74.0,5.8,0.2,NW,1128.7,13.05,111.46,87.98,4.3,1.99,0.09,1.99,,,,,,,,,,,,8.17
2026-03-05,15,Ferreira do Zêzere,15.5,71.0,5.5,0.76,NW,1017.8,12.61,104.65,88.38,4.49,2.13,0.1,2.13,,,,,,,,,,,,7.47
2026-03-05,16,Ferreira do Zêzere,13.9,81.0,5.6,1.26,NW,585.5,13.2,126.26,87.84,4.17,1.89,0.08,1.89,,,,,,,,,,,,7.23
2026-03-05,17,Ferreira do Zêzere,11.9,89.0,5.02,0.32,---,388.8,18.43,149.44,83.19,2.13,0.65,0.01,0.65,,,,,,,,,,,,6.08
2026-03-05,18,Ferreira do Zêzere,11.0,85.0,5.7,0.14,NW,309.2,17.41,133.67,84.07,2.48,0.76,0.02,0.76,,,,,,,,,,,,5.22
2026-03-05,19,Ferreira do Zêzere,10.3,82.0,5.9,0.75,NW,38.2,16.92,130.24,84.5,2.65,0.81,0.02,0.81,,,,,,,,,,,,5.77
2026-03-05,20,Ferreira do Zêzere,10.1,77.0,3.81,0.51,---,0.1,16.63,128.9,84.76,2.47,0.76,0.02,0.76,,,,,,,,,,,,6.27
2026-03-05,21,Ferreira do Zêzere,9.6,76.0,4.6,0.73,N,7.9,16.45,128.08,84.91,2.63,0.8,0.02,0.8,,,,,,,,,,,,6.9
2026-03-05,22,Ferreira do Zêzere,9.8,80.0,6.4,0.2,NW,0.9,16.36,130.24,84.99,2.91,0.89,0.02,0.89,,,,,,,,,,,,6.9
2026-03-05,23,Ferreira do Zêzere,10.1,73.0,6.7,0.2,N,0.1,16.03,117.01,85.29,3.07,0.94,0.02,0.94,,,,,,,,,,,,7.0
2026-03-06,0,Ferreira do Zêzere,9.8,72.0,6.8,0.1,N,0.4,15.68,111.16,85.6,3.22,0.99,0.03,0.99,,,,,,,,,,,,6.9
2026-03-06,1,Ferreira do Zêzere,9.7,70.0,7.9,0.94,NW,0.5,15.49,108.74,85.77,3.49,1.32,0.04,1.32,,,,,,,,,,,,7.69
2026-03-06,2,Ferreira do Zêzere,9.6,70.0,6.9,0.24,N,2.7,15.51,111.64,85.75,3.31,1.11,0.03,1.11,,,,,,,,,,,,7.92
2026-03-06,3,Ferreira do Zêzere,9.3,72.0,7.2,0.56,N,0.3,16.81,115.55,84.6,2.87,0.88,0.02,0.88,,,,,,,,,,,,8.38
2026-03-06,4,Ferreira do Zêzere,9.2,76.0,6.8,0.63,N,45.9,18.82,123.82,82.85,2.23,0.68,0.01,0.68,,,,,,,,,,,,8.81
2026-03-06,5,Ferreira do Zêzere,9.3,76.0,8.7,0.97,N,16.1,18.96,121.42,82.73,2.42,0.74,0.02,0.74,,,,,,,,,,,,9.68
2026-03-06,6,Ferreira do Zêzere,9.0,78.0,8.3,0.2,NW,97.5,22.9,126.69,79.44,1.63,0.5,0.01,0.5,,,,,,,,,,,,9.78
2026-03-06,7,Ferreira do Zêzere,8.6,81.0,6.8,0.1,N,172.6,22.49,136.78,79.77,1.57,0.48,0.01,0.48,,,,,,,,,,,,9.78
2026-03-06,8,Ferreira do Zêzere,8.7,78.0,5.7,0.3,N,69.6,21.56,133.72,80.54,1.61,0.49,0.01,0.49,,,,,,,,,,,,9.98
2026-03-06,9,Ferreira do Zêzere,9.1,73.0,6.1,0.4,N,223.2,20.4,123.97,81.51,1.83,0.56,0.01,0.56,,,,,,,,,,,,10.28
2026-03-06,10,Ferreira do Zêzere,9.8,69.0,6.4,0.1,N,527.3,18.88,115.76,82.8,2.17,0.67,0.01,0.67,,,,,,,,,,,,10.25
2026-03-06,11,Ferreira do Zêzere,10.6,66.0,7.3,0.1,N,814.0,17.35,107.67,84.12,2.7,0.83,0.02,0.83,,,,,,,,,,,,10.15
2026-03-06,12,Ferreira do Zêzere,11.6,63.0,5.55,0.3,---,1009.83,15.43,105.68,85.82,3.12,0.96,0.03,0.96,32.71,1.0,-750.54,32.71,109.1,0.01,1.93,0.0,0.0,0.01,12.0,10.16
2026-03-06,13,Ferreira do Zêzere,12.9,61.0,7.6,0.4,NW,2206.1,14.69,95.58,86.48,3.8,1.6,0.06,1.6,,,,,,,,,,,,10.41
2026-03-06,14,Ferreira do Zêzere,12.6,62.0,6.5,0.15,NW,1648.22,13.68,99.83,87.4,4.1,1.84,0.08,1.84,,,,,,,,,,,,10.36
2026-03-06,15,Ferreira do Zêzere,13.7,59.0,7.8,0.4,NW,1306.5,13.39,90.4,87.67,4.54,2.19,0.11,2.19,,,,,,,,,,,,10.0
2026-03-06,16,Ferreira do Zêzere,14.1,58.0,5.7,0.01,NW,1349.9,12.35,91.04,88.63,4.69,2.32,0.12,2.32,,,,,,,,,,,,8.75
2026-03-06,17,Ferreira do Zêzere,14.3,58.0,6.0,1.0,NW,969.0,12.2,90.86,88.76,4.86,2.45,0.13,2.45,,,,,,,,,,,,9.43
2026-03-06,18,Ferreira do Zêzere,13.1,63.0,4.2,0.15,NW,285.8,11.93,104.35,89.02,4.6,2.21,0.11,2.21,,,,,,,,,,,,9.44
2026-03-06,19,Ferreira do Zêzere,11.8,71.0,2.8,0.4,NW,37.7,12.01,122.49,88.94,4.24,1.95,0.09,1.95,,,,,,,,,,,,9.09
2026-03-06,20,Ferreira do Zêzere,10.9,77.0,3.3,0.4,N,0.2,12.42,132.12,88.56,4.12,1.85,0.08,1.85,,,,,,,,,,,,8.98
2026-03-06,21,Ferreira do Zêzere,10.7,79.0,3.0,0.45,N,0.1,13.0,136.68,88.02,3.76,1.56,0.06,1.56,,,,,,,,,,,,8.7
2026-03-06,22,Ferreira do Zêzere,10.9,79.0,2.63,0.45,---,0.2,13.58,138.42,87.49,3.42,1.24,0.04,1.24,,,,,,,,,,,,8.95
2026-03-06,23,Ferreira do Zêzere,10.7,82.0,2.5,2.3,N,217.8,14.02,150.41,87.09,3.21,0.98,0.03,0.98,,,,,,,,,,,,11.05
2026-03-07,0,Ferreira do Zêzere,10.3,84.0,2.1,0.1,N,339.2,14.27,156.71,86.86,3.04,0.93,0.02,0.93,,,,,,,,,,,,11.05
2026-03-07,1,Ferreira do Zêzere,10.5,81.0,3.2,1.14,N,10.88,14.21,145.23,86.92,3.24,0.99,0.03,0.99,,,,,,,,,,,,11.25
2026-03-07,2,Ferreira do Zêzere,9.9,81.0,2.8,0.37,NW,12.79,14.17,148.29,86.95,3.19,0.98,0.03,0.98,,,,,,,,,,,,11.38
2026-03-07,3,Ferreira do Zêzere,9.3,83.0,2.5,0.93,N,137.83,14.04,155.81,87.07,3.2,0.98,0.03,0.98,,,,,,,,,,,,11.75
2026-03-07,4,Ferreira do Zêzere,7.9,87.0,1.2,0.77,N,11.24,14.03,174.23,87.08,3.0,0.92,0.02,0.92,,,,,,,,,,,,11.89
2026-03-07,5,Ferreira do Zêzere,7.5,87.0,1.7,0.51,N,12.77,14.28,171.28,86.85,2.98,0.91,0.02,0.91,,,,,,,,,,,,11.43
2026-03-07,6,Ferreira do Zêzere,7.0,87.0,1.5,0.2,N,0.1,14.39,172.94,86.76,2.91,0.89,0.02,0.89,,,,,,,,,,,,11.43
2026-03-07,7,Ferreira do Zêzere,6.5,89.0,1.8,0.3,N,0.5,14.43,177.8,86.72,2.93,0.9,0.02,0.9,,,,,,,,,,,,11.63
2026-03-07,8,Ferreira do Zêzere,6.4,89.0,1.7,0.3,N,80.0,14.47,178.34,86.68,2.91,0.89,0.02,0.89,,,,,,,,,,,,11.63
2026-03-07,9,Ferreira do Zêzere,7.4,87.0,2.4,0.61,NW,575.7,14.58,169.37,86.58,2.97,0.91,0.02,0.91,,,,,,,,,,,,11.84
2026-03-07,10,Ferreira do Zêzere,10.9,75.0,2.5,0.21,NW,1428.0,13.75,136.86,87.34,3.32,1.12,0.03,1.12,,,,,,,,,,,,11.95
2026-03-07,11,Ferreira do Zêzere,14.0,65.0,1.9,0.1,NW,1728.5,12.6,116.86,88.39,3.75,1.55,0.06,1.55,,,,,,,,,,,,11.95
2026-03-07,12,Ferreira do Zêzere,16.3,57.0,1.2,1.12,W,2436.2,11.65,105.65,89.28,4.11,1.97,0.09,1.97,33.76,1.28,-750.7,33.76,106.22,0.01,2.2,0.0,0.0,0.01,12.0,12.77
2026-03-07,13,Ferreira do Zêzere,18.0,51.0,1.4,1.29,NW,2685.8,10.7,93.64,90.17,4.72,2.57,0.14,2.57,,,,,,,,,,,,13.66
2026-03-07,14,Ferreira do Zêzere,18.2,49.0,3.5,1.18,NW,1973.1,9.88,82.7,90.95,5.86,3.43,0.24,3.43,,,,,,,,,,,,14.69
2026-03-07,15,Ferreira do Zêzere,17.7,55.0,3.6,1.62,NW,1038.1,9.44,90.49,91.38,6.26,3.57,0.26,3.57,,,,,,,,,,,,15.91
2026-03-07,16,Ferreira do Zêzere,18.2,53.0,2.97,1.23,---,1618.48,9.51,89.88,91.31,6.0,3.46,0.24,3.46,,,,,,,,,,,,17.13
2026-03-07,17,Ferreira do Zêzere,17.1,60.0,5.3,1.73,NW,1264.5,9.19,93.49,91.62,7.05,3.97,0.31,3.97,,,,,,,,,,,,17.86
2026-03-07,18,Ferreira do Zêzere,14.9,64.0,4.7,1.84,NW,426.3,9.1,107.58,91.71,6.93,3.74,0.28,3.74,,,,,,,,,,,,19.55
2026-03-07,19,Ferreira do Zêzere,12.9,68.0,3.4,1.34,NW,36.6,9.18,124.14,91.63,6.42,3.42,0.24,3.42,,,,,,,,,,,,20.49
2026-03-07,20,Ferreira do Zêzere,11.3,77.0,1.9,1.96,N,39.5,9.58,152.19,91.24,5.63,2.92,0.18,2.92,,,,,,,,,,,,22.05
2026-03-07,21,Ferreira do Zêzere,10.3,82.0,2.3,1.47,NW,5.73,10.0,163.86,90.84,5.43,2.78,0.17,2.78,,,,,,,,,,,,23.07
2026-03-07,22,Ferreira do Zêzere,9.3,85.0,1.9,2.39,NW,10.45,10.33,176.55,90.52,5.09,2.55,0.14,2.55,,,,,,,,,,,,25.01
2026-03-07,23,Ferreira do Zêzere,8.4,89.0,1.9,1.63,NW,12.62,10.44,189.16,90.42,5.01,2.5,0.14,2.5,,,,,,,,,,,,24.34
2026-03-08,0,Ferreira do Zêzere,8.3,90.0,2.3,1.61,N,10.31,10.6,197.31,90.27,5.0,2.49,0.14,2.49,,,,,,,,,,,,25.85
2026-03-08,1,Ferreira do Zêzere,8.6,89.0,1.47,1.5,---,0.1,10.76,197.62,90.12,4.69,2.28,0.12,2.28,,,,,,,,,,,,26.21
2026-03-08,2,Ferreira do Zêzere,8.6,91.0,1.2,1.85,N,0.1,11.05,206.24,89.84,4.45,2.1,0.1,2.1,,,,,,,,,,,,27.69
2026-03-08,3,Ferreira do Zêzere,7.0,95.0,0.3,0.95,W,296.5,11.41,226.45,89.5,4.05,1.8,0.08,1.8,,,,,,,,,,,,27.71
2026-03-08,4,Ferreira do Zêzere,6.3,99.0,1.7,2.12,NW,445.4,11.97,239.22,88.98,4.03,1.79,0.08,1.79,,,,,,,,,,,,29.06
2026-03-08,5,Ferreira do Zêzere,5.8,99.0,1.4,0.1,NW,263.6,12.79,239.34,88.22,3.56,1.39,0.05,1.39,,,,,,,,,,,,28.65
2026-03-08,6,Ferreira do Zêzere,5.5,100.0,0.9,2.09,NW,202.0,13.8,244.84,87.29,3.04,0.93,0.02,0.93,,,,,,,,,,,,30.54
2026-03-08,7,Ferreira do Zêzere,4.9,100.0,0.4,1.25,SE,171.6,14.97,245.24,86.23,2.55,0.78,0.02,0.78,,,,,,,,,,,,31.49
2026-03-08,8,Ferreira do Zêzere,4.9,100.0,0.8,0.1,NE,269.9,16.25,245.16,85.09,2.22,0.68,0.01,0.68,,,,,,,,,,,,31.29
2026-03-08,9,Ferreira do Zêzere,8.0,99.0,0.7,1.53,W,863.2,16.3,241.14,85.05,2.2,0.67,0.01,0.67,,,,,,,,,,,,32.21
2026-03-08,10,Ferreira do Zêzere,12.3,87.0,3.6,1.3,NW,1466.6,15.24,176.92,85.99,2.9,0.89,0.02,0.89,,,,,,,,,,,,33.3
2026-03-08,11,Ferreira do Zêzere,14.5,75.0,2.3,1.13,NW,1608.7,13.59,145.64,87.48,3.36,1.17,0.04,1.17,,,,,,,,,,,,34.33
2026-03-08,12,Ferreira do Zêzere,15.5,70.0,2.4,0.25,NW,2007.4,12.32,132.25,88.65,3.99,1.75,0.07,1.75,26.09,1.0,-756.12,26.09,128.92,0.0,1.93,0.0,0.0,0.01,12.0,33.46
2026-03-08,13,Ferreira do Zêzere,16.7,64.0,2.2,0.1,NW,2545.0,11.56,119.56,89.36,4.37,2.09,0.1,2.09,,,,,,,,,,,,32.27
2026-03-08,14,Ferreira do Zêzere,17.6,60.0,2.9,0.1,W,2271.1,10.85,107.19,90.03,4.98,2.62,0.15,2.62,,,,,,,,,,,,31.19
2026-03-08,15,Ferreira do Zêzere,17.7,60.0,3.8,0.01,NW,1874.4,10.7,102.79,90.17,5.32,2.86,0.17,2.86,,,,,,,,,,,,29.58
2026-03-08,16,Ferreira do Zêzere,17.4,61.0,4.4,0.1,NW,1794.2,10.34,102.63,90.52,5.76,3.13,0.2,3.13,,,,,,,,,,,,28.45
2026-03-08,17,Ferreira do Zêzere,16.6,62.0,3.72,0.15,---,974.8,10.09,108.72,90.75,5.76,3.08,0.2,3.08,,,,,,,,,,,,26.87
2026-03-08,18,Ferreira do Zêzere,14.9,67.0,5.0,3.4,NW,398.5,9.84,116.86,90.99,6.36,3.38,0.24,3.38,,,,,,,,,,,,28.43
2026-03-08,19,Ferreira do Zêzere,12.8,75.0,3.4,1.1,NW,30.3,10.36,143.34,90.5,5.46,2.81,0.17,2.81,,,,,,,,,,,,28.19
2026-03-08,20,Ferreira do Zêzere,11.2,82.0,2.0,1.93,NW,0.74,11.17,170.51,89.73,4.56,2.18,0.11,2.18,,,,,,,,,,,,28.16
2026-03-08,21,Ferreira do Zêzere,10.2,87.0,1.8,0.1,NW,1.8,11.87,187.21,89.07,4.11,1.85,0.08,1.85,,,,,,,,,,,,26.79
2026-03-08,22,Ferreira do Zêzere,9.6,90.0,0.5,0.01,N,5.6,12.32,205.19,88.65,3.62,1.45,0.05,1.45,,,,,,,,,,,,24.41
2026-03-08,23,Ferreira do Zêzere,9.1,93.0,1.7,0.01,NW,0.2,12.8,207.98,88.21,3.61,1.43,0.05,1.43,,,,,,,,,,,,22.79
2026-03-09,0,Ferreira do Zêzere,8.6,95.0,0.8,0.01,N,46.5,13.5,221.25,87.57,3.15,0.96,0.03,0.96,,,,,,,,,,,,21.19
2026-03-09,1,Ferreira do Zêzere,8.2,97.0,0.5,0.1,E,360.1,14.1,229.17,87.02,2.87,0.88,0.02,0.88,,,,,,,,,,,,19.79
2026-03-09,2,Ferreira do Zêzere,7.7,98.0,0.4,0.01,---,584.8,14.87,231.69,86.32,2.59,0.79,0.02,0.79,,,,,,,,,,,,17.95
2026-03-09,3,Ferreira do Zêzere,7.6,99.0,0.5,0.01,E,491.7,15.42,234.25,85.83,2.42,0.74,0.02,0.74,,,,,,,,,,,,17.01
2026-03-09,4,Ferreira do Zêzere,7.4,99.0,0.7,0.27,E,395.5,15.95,231.76,85.36,2.29,0.7,0.01,0.7,,,,,,,,,,,,15.16
2026-03-09,5,Ferreira do Zêzere,7.6,99.0,0.7,0.1,SE,220.8,16.36,231.73,84.99,2.18,0.67,0.01,0.67,,,,,,,,,,,,15.16
2026-03-09,6,Ferreira do Zêzere,7.8,100.0,0.7,0.6,NE,222.4,16.63,233.59,84.76,2.11,0.65,0.01,0.65,,,,,,,,,,,,13.67
2026-03-09,7,Ferreira do Zêzere,8.1,99.0,0.5,0.33,NE,265.4,16.96,228.09,84.47,2.01,0.62,0.01,0.62,,,,,,,,,,,,12.75
2026-03-09,8,Ferreira do Zêzere,8.6,99.0,1.63,0.88,---,89.82,17.1,228.29,84.34,2.09,0.64,0.01,0.64,,,,,,,,,,,,13.53
2026-03-09,9,Ferreira do Zêzere,9.9,96.0,2.2,0.5,N,429.9,39.27,210.59,67.24,0.64,0.2,0.0,0.2,,,,,,,,,,,,12.5
2026-03-09,10,Ferreira do Zêzere,10.1,98.0,2.0,0.5,NW,397.2,50.5,219.08,60.04,0.45,0.14,0.0,0.14,,,,,,,,,,,,11.7
2026-03-09,11,Ferreira do Zêzere,11.0,87.0,4.5,0.56,NW,645.8,42.41,164.52,65.14,0.67,0.2,0.0,0.2,,,,,,,,,,,,11.13
2026-03-09,12,Ferreira do Zêzere,11.2,78.0,3.4,0.34,NW,779.6,36.84,145.02,68.91,0.72,0.22,0.0,0.22,22.09,1.0,-756.78,22.09,142.48,0.0,1.93,0.0,0.0,0.01,12.0,11.22
2026-03-09,13,Ferreira do Zêzere,11.8,68.0,7.2,0.33,NW,1303.0,36.12,114.7,69.42,0.88,0.27,0.0,0.27,,,,,,,,,,,,11.45
2026-03-09,14,Ferreira do Zêzere,11.1,78.0,3.8,0.5,NW,1976.1,31.1,144.52,73.05,0.84,0.26,0.0,0.26,,,,,,,,,,,,11.85
2026-03-09,15,Ferreira do Zêzere,11.7,69.0,3.6,0.1,NW,1629.1,28.13,127.87,75.29,0.93,0.29,0.0,0.29,,,,,,,,,,,,11.94
2026-03-09,16,Ferreira do Zêzere,11.5,70.0,5.5,0.59,NW,1570.4,29.22,124.03,74.46,0.98,0.3,0.0,0.3,,,,,,,,,,,,12.43
2026-03-09,17,Ferreira do Zêzere,10.7,72.0,2.9,0.69,W,684.5,27.84,139.33,75.52,0.91,0.28,0.0,0.28,,,,,,,,,,,,12.97
2026-03-09,18,Ferreira do Zêzere,9.3,86.0,2.0,0.5,W,570.3,29.54,172.2,74.22,0.81,0.25,0.0,0.25,,,,,,,,,,,,10.07
2026-03-09,19,Ferreira do Zêzere,8.6,91.0,2.9,1.2,NW,179.0,51.85,185.23,59.23,0.45,0.14,0.0,0.14,,,,,,,,,,,,10.17
2026-03-09,20,Ferreira do Zêzere,7.0,95.0,0.4,0.75,NE,54.7,53.55,206.56,58.23,0.37,0.11,0.0,0.11,,,,,,,,,,,,8.99
2026-03-09,21,Ferreira do Zêzere,7.3,98.0,1.3,0.6,SE,89.2,54.47,215.61,57.69,0.37,0.11,0.0,0.11,,,,,,,,,,,,9.49
2026-03-09,22,Ferreira do Zêzere,6.6,99.0,0.6,0.1,SE,371.3,54.4,220.78,57.73,0.36,0.11,0.0,0.11,,,,,,,,,,,,9.58
2026-03-09,23,Ferreira do Zêzere,6.1,100.0,0.4,0.91,S,312.2,52.29,226.95,58.97,0.39,0.12,0.0,0.12,,,,,,,,,,,,10.48
2026-03-10,0,Ferreira do Zêzere,5.9,100.0,1.5,0.41,N,253.2,50.76,215.24,59.88,0.44,0.13,0.0,0.13,,,,,,,,,,,,10.88
2026-03-10,1,Ferreira do Zêzere,6.0,100.0,0.7,4.7,NW,244.2,49.29,225.58,60.78,0.44,0.14,0.0,0.14,,,,,,,,,,,,15.48
2026-03-10,2,Ferreira do Zêzere,5.6,100.0,0.9,1.03,N,236.4,48.14,227.18,61.49,0.47,0.14,0.0,0.14,,,,,,,,,,,,16.5
2026-03-10,3,Ferreira do Zêzere,6.4,100.0,0.9,0.2,N,224.9,47.03,227.46,62.18,0.49,0.15,0.0,0.15,,,,,,,,,,,,16.69
2026-03-10,4,Ferreira do Zêzere,5.8,99.0,1.8,0.61,N,247.5,46.54,223.4,62.49,0.52,0.16,0.0,0.16,,,,,,,,,,,,17.03
2026-03-10,5,Ferreira do Zêzere,6.0,96.0,1.6,0.27,N,282.9,45.73,211.56,63.0,0.52,0.16,0.0,0.16,,,,,,,,,,,,17.2
2026-03-10,6,Ferreira do Zêzere,6.0,95.0,2.2,0.26,N,375.7,45.48,205.95,63.16,0.54,0.17,0.0,0.17,,,,,,,,,,,,16.86
2026-03-10,7,Ferreira do Zêzere,5.7,97.0,1.7,0.1,NW,451.8,44.7,214.62,63.65,0.54,0.17,0.0,0.17,,,,,,,,,,,,16.63
2026-03-10,8,Ferreira do Zêzere,5.8,98.0,1.99,0.7,---,238.09,41.85,218.04,65.51,0.59,0.18,0.0,0.18,,,,,,,,,,,,16.45
2026-03-10,9,Ferreira do Zêzere,9.3,87.0,2.8,0.1,N,1166.7,37.43,172.04,68.5,0.69,0.21,0.0,0.21,,,,,,,,,,,,16.05
2026-03-10,10,Ferreira do Zêzere,11.2,76.0,5.5,0.35,N,1440.0,32.32,132.41,72.15,0.89,0.27,0.0,0.27,,,,,,,,,,,,15.9
2026-03-10,11,Ferreira do Zêzere,13.2,65.0,5.2,0.15,N,1857.8,27.11,110.36,76.08,1.06,0.33,0.0,0.33,,,,,,,,,,,,15.49
2026-03-10,12,Ferreira do Zêzere,14.6,58.0,3.18,0.2,---,1634.13,22.36,104.51,79.88,1.32,0.41,0.01,0.41,32.73,1.12,-757.84,32.73,109.05,0.01,2.05,0.0,0.0,0.01,12.0,15.35
2026-03-10,13,Ferreira do Zêzere,15.7,57.0,4.8,0.1,NW,2788.9,19.6,94.62,82.19,1.86,0.59,0.01,0.59,,,,,,,,,,,,15.12
2026-03-10,14,Ferreira do Zêzere,16.4,56.0,4.6,0.1,NW,2619.8,17.42,91.84,84.06,2.34,0.75,0.02,0.75,,,,,,,,,,,,14.72
2026-03-10,15,Ferreira do Zêzere,16.9,53.0,6.0,0.1,NW,2155.4,16.01,83.65,85.3,2.97,0.97,0.03,0.97,,,,,,,,,,,,14.72
2026-03-10,16,Ferreira do Zêzere,17.1,52.0,5.6,0.1,NW,1920.8,14.98,82.81,86.22,3.31,1.37,0.05,1.37,,,,,,,,,,,,14.23
2026-03-10,17,Ferreira do Zêzere,16.0,57.0,5.9,0.1,NW,796.6,14.21,89.74,86.92,3.71,1.64,0.07,1.64,,,,,,,,,,,,13.64
2026-03-10,18,Ferreira do Zêzere,13.8,70.0,4.5,0.38,NW,258.01,14.53,116.26,86.63,3.32,1.12,0.03,1.12,,,,,,,,,,,,13.52
2026-03-10,19,Ferreira do Zêzere,12.1,78.0,3.4,0.1,N,25.6,15.19,137.36,86.03,2.89,0.88,0.02,0.88,,,,,,,,,,,,12.42
2026-03-10,20,Ferreira do Zêzere,11.2,78.0,4.0,0.15,N,0.4,15.68,136.35,85.6,2.8,0.86,0.02,0.86,,,,,,,,,,,,11.82
2026-03-10,21,Ferreira do Zêzere,10.1,81.0,1.9,0.01,NW,1.4,15.9,152.61,85.4,2.45,0.75,0.02,0.75,,,,,,,,,,,,11.23
2026-03-10,22,Ferreira do Zêzere,8.9,88.0,1.8,0.15,NW,13.49,16.25,172.09,85.09,2.34,0.72,0.02,0.72,,,,,,,,,,,,11.28
2026-03-10,23,Ferreira do Zêzere,8.5,92.0,1.38,0.15,---,0.1,16.67,184.21,84.72,2.17,0.67,0.01,0.67,,,,,,,,,,,,10.52
2026-03-11,0,Ferreira do Zêzere,8.8,92.0,1.5,0.5,NW,10.48,17.17,177.94,84.28,2.06,0.63,0.01,0.63,,,,,,,,,,,,10.61
2026-03-11,1,Ferreira do Zêzere,8.3,94.0,1.7,0.51,N,0.1,17.64,166.02,83.87,1.97,0.6,0.01,0.6,,,,,,,,,,,,6.42
2026-03-11,2,Ferreira do Zêzere,7.6,96.0,0.9,0.67,NE,27.4,18.04,171.84,83.52,1.81,0.55,0.01,0.55,,,,,,,,,,,,6.06
2026-03-11,3,Ferreira do Zêzere,6.3,99.0,0.8,0.39,NE,556.7,18.57,182.44,83.07,1.7,0.52,0.01,0.52,,,,,,,,,,,,6.25
2026-03-11,4,Ferreira do Zêzere,6.5,99.0,2.1,0.1,N,456.8,19.15,177.67,82.57,1.7,0.52,0.01,0.52,,,,,,,,,,,,5.74
2026-03-11,5,Ferreira do Zêzere,6.4,98.0,1.2,0.24,N,438.0,19.63,174.82,82.16,1.54,0.47,0.01,0.47,,,,,,,,,,,,5.71
2026-03-11,6,Ferreira do Zêzere,5.8,99.0,1.5,0.1,NE,417.0,20.02,176.44,81.83,1.51,0.46,0.01,0.46,,,,,,,,,,,,5.55
2026-03-11,7,Ferreira do Zêzere,5.4,99.0,1.3,0.1,NE,396.1,20.46,176.59,81.46,1.43,0.44,0.01,0.44,,,,,,,,,,,,5.55
2026-03-11,8,Ferreira do Zêzere,5.8,99.0,1.6,0.1,N,524.7,19.99,170.77,81.86,1.52,0.47,0.01,0.47,,,,,,,,,,,,4.95
2026-03-11,9,Ferreira do Zêzere,9.1,93.0,2.9,0.34,N,933.2,18.55,150.84,83.08,1.89,0.58,0.01,0.58,,,,,,,,,,,,5.19
2026-03-11,10,Ferreira do Zêzere,12.0,81.0,1.19,0.25,---,1697.3,16.78,125.55,84.62,2.13,0.65,0.01,0.65,,,,,,,,,,,,5.09
2026-03-11,11,Ferreira do Zêzere,15.4,66.0,1.0,0.39,NW,1777.1,14.89,100.25,86.3,2.66,0.81,0.02,0.81,,,,,,,,,,,,5.33
2026-03-11,12,Ferreira do Zêzere,17.4,59.0,0.6,0.35,S,2514.5,13.37,91.61,87.68,3.17,1.12,0.03,1.12,37.85,1.29,-755.97,37.85,95.57,0.02,2.22,0.01,0.0,0.01,12.0,5.48
2026-03-11,13,Ferreira do Zêzere,19.0,52.0,1.6,0.35,W,2708.9,12.45,75.99,88.53,3.76,1.86,0.08,1.86,,,,,,,,,,,,5.73
2026-03-11,14,Ferreira do Zêzere,19.7,51.0,2.2,0.36,W,2725.8,11.45,71.78,89.47,4.44,2.43,0.13,2.43,,,,,,,,,,,,5.99
2026-03-11,15,Ferreira do Zêzere,20.3,50.0,2.1,0.51,NW,2193.4,10.84,70.92,90.04,4.79,2.74,0.16,2.74,,,,,,,,,,,,6.4
2026-03-11,16,Ferreira do Zêzere,20.7,46.0,0.8,0.46,N,1881.1,10.67,73.8,90.2,4.59,2.66,0.15,2.66,,,,,,,,,,,,6.76
2026-03-11,17,Ferreira do Zêzere,20.6,46.0,2.9,0.72,N,1115.8,10.14,66.22,90.71,5.49,3.32,0.23,3.32,,,,,,,,,,,,7.38
2026-03-11,18,Ferreira do Zêzere,18.7,57.0,3.0,0.85,NW,311.7,9.87,81.28,90.96,5.72,3.22,0.22,3.22,,,,,,,,,,,,7.85
2026-03-11,19,Ferreira do Zêzere,16.7,71.0,1.8,0.85,NW,39.7,10.2,110.65,90.65,5.15,2.6,0.15,2.6,,,,,,,,,,,,8.6
2026-03-11,20,Ferreira do Zêzere,14.4,83.0,2.0,0.87,NW,40.67,11.06,139.31,89.83,4.63,2.23,0.11,2.23,,,,,,,,,,,,9.32
2026-03-11,21,Ferreira do Zêzere,13.2,89.0,2.1,0.75,NW,1.0,12.08,159.17,88.88,4.06,1.81,0.08,1.81,,,,,,,,,,,,10.06
2026-03-11,22,Ferreira do Zêzere,12.1,94.0,1.8,0.83,N,0.2,13.01,180.84,88.02,3.53,1.36,0.05,1.36,,,,,,,,,,,,10.74
2026-03-11,23,Ferreira do Zêzere,12.2,95.0,3.8,0.55,NW,0.2,13.83,181.24,87.26,3.51,1.34,0.05,1.34,,,,,,,,,,,,11.14
2026-03-12,0,Ferreira do Zêzere,12.6,94.0,3.4,0.76,N,0.4,14.88,186.48,86.31,3.0,0.92,0.02,0.92,,,,,,,,,,,,11.4
2026-03-12,1,Ferreira do Zêzere,12.3,95.0,3.7,0.99,NW,2.5,15.68,192.03,85.6,2.76,0.85,0.02,0.85,,,,,,,,,,,,11.88
2026-03-12,2,Ferreira do Zêzere,12.2,96.0,3.0,0.1,N,1.3,16.41,197.32,84.95,2.43,0.75,0.02,0.75,,,,,,,,,,,,11.31
2026-03-12,3,Ferreira do Zêzere,12.5,94.0,3.7,0.1,NW,0.6,17.06,185.02,84.38,2.33,0.71,0.02,0.71,,,,,,,,,,,,11.02
2026-03-12,4,Ferreira do Zêzere,12.5,93.0,1.56,0.1,---,13.5,17.62,187.25,83.89,1.96,0.6,0.01,0.6,,,,,,,,,,,,11.02
2026-03-12,5,Ferreira do Zêzere,12.5,92.0,1.5,0.1,N,10.3,18.07,183.45,83.5,1.86,0.57,0.01,0.57,,,,,,,,,,,,10.88
2026-03-12,6,Ferreira do Zêzere,12.3,93.0,2.4,0.1,N,0.3,18.55,184.1,83.08,1.84,0.56,0.01,0.56,,,,,,,,,,,,10.88
2026-03-12,7,Ferreira do Zêzere,12.1,93.0,1.88,0.1,---,4.18,19.0,186.12,82.7,1.71,0.52,0.01,0.52,,,,,,,,,,,,10.88
2026-03-12,8,Ferreira do Zêzere,12.2,94.0,1.48,0.1,---,139.58,19.54,191.44,82.24,1.58,0.48,0.01,0.48,,,,,,,,,,,,10.88
2026-03-12,9,Ferreira do Zêzere,12.5,92.0,1.46,0.17,---,633.51,19.56,183.23,82.22,1.58,0.48,0.01,0.48,,,,,,,,,,,,10.71
2026-03-12,10,Ferreira do Zêzere,13.3,87.0,2.8,0.18,N,996.9,18.35,159.17,83.26,1.92,0.59,0.01,0.59,,,,,,,,,,,,10.64
2026-03-12,11,Ferreira do Zêzere,15.2,80.0,1.8,0.2,NW,1825.7,15.5,141.36,85.76,2.56,0.79,0.02,0.79,,,,,,,,,,,,10.45
2026-03-12,12,Ferreira do Zêzere,17.3,72.0,1.2,0.01,N,2558.6,13.39,123.76,87.67,3.26,1.0,0.03,1.0,29.65,1.0,-755.27,29.65,117.89,0.0,1.93,0.0,0.0,0.01,12.0,10.11
2026-03-12,13,Ferreira do Zêzere,19.2,62.0,1.1,0.01,NW,2748.7,12.07,103.33,88.89,3.86,1.79,0.08,1.79,,,,,,,,,,,,9.77
2026-03-12,14,Ferreira do Zêzere,20.6,55.0,1.4,0.33,SW,2702.8,10.96,88.59,89.93,4.55,2.48,0.14,2.48,,,,,,,,,,,,9.74
2026-03-12,15,Ferreira do Zêzere,21.9,49.0,1.3,0.45,W,2472.3,10.81,79.07,90.07,4.62,2.68,0.16,2.68,,,,,,,,,,,,9.68
2026-03-12,16,Ferreira do Zêzere,22.4,45.0,2.94,0.15,---,1949.75,10.31,66.57,90.54,5.37,3.33,0.23,3.33,,,,,,,,,,,,9.37
2026-03-12,17,Ferreira do Zêzere,20.7,58.0,4.8,0.1,NW,1175.6,10.01,76.97,90.83,6.15,3.56,0.26,3.56,,,,,,,,,,,,8.75
2026-03-12,18,Ferreira do Zêzere,18.4,69.0,4.2,0.33,NW,433.1,9.87,97.87,90.96,6.08,3.23,0.22,3.23,,,,,,,,,,,,8.23
2026-03-12,19,Ferreira do Zêzere,15.9,77.0,3.6,0.43,NW,40.4,10.24,119.0,90.61,5.61,2.9,0.18,2.9,,,,,,,,,,,,7.81
2026-03-12,20,Ferreira do Zêzere,13.8,84.0,1.92,0.47,---,0.1,11.22,145.15,89.68,4.51,2.15,0.11,2.15,,,,,,,,,,,,7.41
2026-03-12,21,Ferreira do Zêzere,12.1,89.0,3.3,0.2,NW,167.0,12.25,154.22,88.72,4.21,1.93,0.09,1.93,,,,,,,,,,,,6.86
2026-03-12,22,Ferreira do Zêzere,11.4,92.0,3.3,0.43,NW,0.4,13.19,163.33,87.85,3.72,1.53,0.06,1.53,,,,,,,,,,,,6.46
2026-03-12,23,Ferreira do Zêzere,11.7,90.0,3.3,0.12,NW,20.04,14.16,153.95,86.96,3.28,1.05,0.03,1.05,,,,,,,,,,,,6.03
2026-03-13,0,Ferreira do Zêzere,11.5,90.0,4.2,0.01,NW,18.84,15.22,133.32,86.01,3.0,0.92,0.02,0.92,,,,,,,,,,,,5.28
2026-03-13,1,Ferreira do Zêzere,11.4,89.0,3.1,0.1,NW,0.3,16.28,126.16,85.06,2.49,0.76,0.02,0.76,,,,,,,,,,,,4.39
2026-03-13,2,Ferreira do Zêzere,11.5,88.0,3.7,0.1,NW,0.1,17.45,122.26,84.04,2.23,0.68,0.01,0.68,,,,,,,,,,,,4.39
2026-03-13,3,Ferreira do Zêzere,11.5,87.0,3.5,0.15,NW,1.1,18.32,120.91,83.28,2.0,0.61,0.01,0.61,,,,,,,,,,,,4.44
2026-03-13,4,Ferreira do Zêzere,11.4,86.0,1.65,0.1,---,0.6,19.22,124.57,82.51,1.65,0.51,0.01,0.51,,,,,,,,,,,,4.44
2026-03-13,5,Ferreira do Zêzere,11.4,85.0,3.9,0.1,NW,0.1,19.65,115.89,82.14,1.77,0.54,0.01,0.54,,,,,,,,,,,,4.44
2026-03-13,6,Ferreira do Zêzere,11.7,83.0,2.9,0.1,NW,9.88,19.63,114.33,82.16,1.68,0.52,0.01,0.52,,,,,,,,,,,,4.44
2026-03-13,7,Ferreira do Zêzere,10.9,83.0,2.1,0.1,NW,6.2,19.94,118.06,81.9,1.57,0.48,0.01,0.48,,,,,,,,,,,,4.44
2026-03-13,8,Ferreira do Zêzere,10.1,86.0,2.5,0.1,NW,313.8,19.47,123.34,82.3,1.68,0.51,0.01,0.51,,,,,,,,,,,,4.44
2026-03-13,9,Ferreira do Zêzere,12.1,78.0,5.0,0.19,NW,1025.1,17.63,100.27,83.88,2.33,0.71,0.01,0.71,,,,,,,,,,,,4.46
2026-03-13,10,Ferreira do Zêzere,13.7,74.0,4.3,0.1,NW,1715.0,15.7,92.96,85.58,2.84,0.87,0.02,0.87,,,,,,,,,,,,4.38
2026-03-13,11,Ferreira do Zêzere,15.7,71.0,3.4,0.2,NW,1887.1,14.08,87.84,87.04,3.33,1.13,0.03,1.13,,,,,,,,,,,,4.38
2026-03-13,12,Ferreira do Zêzere,17.3,67.0,4.0,0.1,NW,2667.8,12.91,78.98,88.11,4.0,1.77,0.08,1.77,41.14,1.04,-753.17,41.14,87.62,0.05,1.96,0.02,0.0,0.01,12.0,4.47
2026-03-13,13,Ferreira do Zêzere,18.4,65.0,4.2,0.77,NW,2599.3,11.85,77.4,89.09,4.65,2.33,0.12,2.33,,,,,,,,,,,,5.23
2026-03-13,14,Ferreira do Zêzere,17.3,69.0,3.26,0.4,---,1361.29,11.65,87.3,89.28,4.56,2.18,0.11,2.18,,,,,,,,,,,,5.3
2026-03-13,15,Ferreira do Zêzere,16.8,71.0,3.89,0.63,---,1563.26,11.53,89.74,89.39,4.78,2.34,0.12,2.34,,,,,,,,,,,,5.48
2026-03-13,16,Ferreira do Zêzere,16.3,73.0,3.6,1.2,NW,1274.5,11.21,98.58,89.69,4.92,2.44,0.13,2.44,,,,,,,,,,,,6.53
2026-03-13,17,Ferreira do Zêzere,15.9,74.0,3.3,0.63,NW,694.7,11.23,103.8,89.67,4.83,2.37,0.13,2.37,,,,,,,,,,,,7.06
2026-03-13,18,Ferreira do Zêzere,14.8,80.0,3.7,0.13,NW,209.5,11.77,114.4,89.17,4.58,2.2,0.11,2.2,,,,,,,,,,,,6.86
2026-03-13,19,Ferreira do Zêzere,14.3,83.0,2.7,0.1,NW,18.9,13.52,123.51,87.55,3.46,1.28,0.04,1.28,,,,,,,,,,,,6.53
2026-03-13,20,Ferreira do Zêzere,13.8,88.0,1.9,0.2,NW,22.2,16.34,137.81,85.01,2.32,0.71,0.01,0.71,,,,,,,,,,,,6.26
2026-03-13,21,Ferreira do Zêzere,13.4,94.0,0.6,0.28,W,37.4,19.07,161.32,82.64,1.59,0.49,0.01,0.49,,,,,,,,,,,,6.34
2026-03-13,22,Ferreira do Zêzere,13.3,97.0,1.1,0.27,W,446.7,23.16,168.25,79.23,1.11,0.34,0.0,0.34,,,,,,,,,,,,6.18
2026-03-13,23,Ferreira do Zêzere,13.3,97.0,1.4,0.2,W,436.8,25.33,168.23,77.48,0.97,0.3,0.0,0.3,,,,,,,,,,,,6.26
2026-03-14,0,Ferreira do Zêzere,13.2,98.0,3.4,0.1,NW,301.7,30.38,201.24,73.59,0.85,0.26,0.0,0.26,,,,,,,,,,,,6.35
2026-03-14,1,Ferreira do Zêzere,12.4,92.0,1.1,0.53,W,435.9,30.69,182.99,73.35,0.75,0.23,0.0,0.23,,,,,,,,,,,,6.78
2026-03-14,2,Ferreira do Zêzere,11.1,96.0,0.4,0.2,N,551.8,31.12,201.99,73.03,0.71,0.22,0.0,0.22,,,,,,,,,,,,6.88
2026-03-14,3,Ferreira do Zêzere,10.6,98.0,1.2,0.25,NW,540.3,31.27,207.95,72.92,0.74,0.23,0.0,0.23,,,,,,,,,,,,6.98
2026-03-14,4,Ferreira do Zêzere,11.3,96.0,1.1,0.3,W,200.1,42.25,200.35,65.25,0.56,0.17,0.0,0.17,,,,,,,,,,,,7.18
2026-03-14,5,Ferreira do Zêzere,11.8,95.0,2.2,0.1,NW,305.4,42.78,192.61,64.9,0.59,0.18,0.0,0.18,,,,,,,,,,,,7.18
2026-03-14,6,Ferreira do Zêzere,11.8,95.0,2.0,0.1,N,413.7,41.28,193.15,65.89,0.6,0.18,0.0,0.18,,,,,,,,,,,,7.18
2026-03-14,7,Ferreira do Zêzere,11.5,95.0,2.0,0.7,NW,441.5,40.64,195.58,66.32,0.61,0.19,0.0,0.19,,,,,,,,,,,,7.78
2026-03-14,8,Ferreira do Zêzere,11.2,95.0,1.1,0.1,W,403.5,39.67,198.72,66.97,0.6,0.18,0.0,0.18,,,,,,,,,,,,7.78
2026-03-14,9,Ferreira do Zêzere,12.5,90.0,3.1,0.1,NW,671.5,37.67,170.59,68.34,0.69,0.21,0.0,0.21,,,,,,,,,,,,7.69
2026-03-14,10,Ferreira do Zêzere,13.2,84.0,2.5,0.18,W,403.6,37.88,153.36,68.19,0.67,0.21,0.0,0.21,,,,,,,,,,,,7.77
2026-03-14,11,Ferreira do Zêzere,13.2,87.0,3.6,0.23,W,348.8,44.46,157.69,63.81,0.6,0.18,0.0,0.18,,,,,,,,,,,,7.8
2026-03-14,12,Ferreira do Zêzere,13.2,90.0,3.12,0.61,---,552.86,49.56,171.11,60.61,0.5,0.15,0.0,0.15,20.1,1.0,-752.78,20.1,149.68,0.0,1.93,0.0,0.0,0.01,12.0,8.31
2026-03-14,13,Ferreira do Zêzere,13.1,96.0,1.2,0.6,W,887.6,51.85,202.31,59.23,0.41,0.13,0.0,0.13,,,,,,,,,,,,8.14
2026-03-14,14,Ferreira do Zêzere,13.5,98.0,1.1,0.2,SW,737.5,53.31,210.9,58.37,0.39,0.12,0.0,0.12,,,,,,,,,,,,7.94
2026-03-14,15,Ferreira do Zêzere,13.7,98.0,2.5,0.54,W,358.76,53.38,208.34,58.33,0.41,0.13,0.0,0.13,,,,,,,,,,,,7.85
2026-03-14,16,Ferreira do Zêzere,14.3,97.0,2.8,0.36,W,393.4,53.86,198.61,58.04,0.41,0.13,0.0,0.13,,,,,,,,,,,,7.01
2026-03-14,17,Ferreira do Zêzere,14.4,97.0,3.64,0.25,---,164.01,54.29,195.59,57.79,0.42,0.13,0.0,0.13,,,,,,,,,,,,6.63
2026-03-14,18,Ferreira do Zêzere,14.3,96.0,4.0,0.15,NW,299.3,54.26,189.38,57.81,0.43,0.13,0.0,0.13,,,,,,,,,,,,6.65
2026-03-14,19,Ferreira do Zêzere,13.9,97.0,3.2,0.1,NW,186.6,54.68,196.69,57.57,0.41,0.12,0.0,0.12,,,,,,,,,,,,6.65
2026-03-14,20,Ferreira do Zêzere,13.6,96.0,3.8,0.22,NW,183.3,55.67,190.44,57.0,0.4,0.12,0.0,0.12,,,,,,,,,,,,6.67
2026-03-14,21,Ferreira do Zêzere,13.4,93.0,2.5,0.1,NW,47.9,55.58,178.77,57.05,0.38,0.12,0.0,0.12,,,,,,,,,,,,6.49
2026-03-14,22,Ferreira do Zêzere,13.2,96.0,3.6,0.13,NW,202.2,56.14,189.73,56.73,0.39,0.12,0.0,0.12,,,,,,,,,,,,6.35
2026-03-14,23,Ferreira do Zêzere,13.0,92.0,2.6,0.14,NW,8.6,56.02,174.11,56.79,0.37,0.11,0.0,0.11,,,,,,,,,,,,6.29
2026-03-15,0,Ferreira do Zêzere,12.7,93.0,3.6,0.1,NW,10.2,53.27,156.4,58.39,0.44,0.13,0.0,0.13,,,,,,,,,,,,6.29
2026-03-15,1,Ferreira do Zêzere,12.6,92.0,2.4,0.1,NW,10.0,54.68,153.43,57.57,0.39,0.12,0.0,0.12,,,,,,,,,,,,5.86
2026-03-15,2,Ferreira do Zêzere,12.5,94.0,2.8,0.1,NW,8.3,52.96,158.76,58.57,0.43,0.13,0.0,0.13,,,,,,,,,,,,5.76
2026-03-15,3,Ferreira do Zêzere,11.8,93.0,3.2,0.17,NW,7.7,50.2,154.41,60.22,0.49,0.15,0.0,0.15,,,,,,,,,,,,5.68
2026-03-15,20,Ferreira do Zêzere,14.3,77.0,2.6,0.51,NW,17.4,14.53,76.99,86.63,3.02,1.35,0.05,1.35,35.52,1.6,-750.5,35.52,101.52,0.02,2.53,0.01,0.0,0.01,20.0,1.35
2026-03-15,21,Ferreira do Zêzere,13.1,83.0,3.2,0.44,N,30.3,14.99,88.87,86.21,2.93,0.95,0.03,0.95,,,,,,,,,,,,1.69
2026-03-15,22,Ferreira do Zêzere,12.1,86.0,1.17,0.28,---,14.28,15.39,102.09,85.86,2.52,0.79,0.02,0.79,,,,,,,,,,,,1.84
2026-03-15,23,Ferreira do Zêzere,11.1,91.0,1.1,0.26,N,12.96,15.78,113.35,85.51,2.39,0.73,0.02,0.73,,,,,,,,,,,,1.96
2026-03-16,0,Ferreira do Zêzere,10.5,93.0,1.3,0.26,N,9.81,16.05,87.25,85.27,2.33,0.76,0.02,0.76,,,,,,,,,,,,2.12
2026-03-16,1,Ferreira do Zêzere,9.1,96.0,0.7,0.22,NE,2.8,16.4,95.09,84.96,2.17,0.7,0.01,0.7,,,,,,,,,,,,2.24
2026-03-16,2,Ferreira do Zêzere,9.0,98.0,3.1,0.37,N,3.6,16.65,102.38,84.74,2.38,0.75,0.02,0.75,,,,,,,,,,,,2.51
2026-03-16,3,Ferreira do Zêzere,8.7,97.0,1.8,0.1,---,5.3,16.98,99.79,84.45,2.14,0.68,0.01,0.68,,,,,,,,,,,,2.44
2026-03-16,4,Ferreira do Zêzere,7.9,98.0,0.9,0.1,E,11.0,17.21,104.24,84.25,1.99,0.62,0.01,0.62,,,,,,,,,,,,2.54
2026-03-16,5,Ferreira do Zêzere,6.6,99.0,1.3,0.5,N,452.7,16.91,115.72,84.51,2.1,0.64,0.01,0.64,,,,,,,,,,,,3.04
2026-03-16,6,Ferreira do Zêzere,6.6,100.0,0.8,0.27,N,431.0,16.89,122.6,84.53,2.06,0.63,0.01,0.63,,,,,,,,,,,,3.31
2026-03-16,7,Ferreira do Zêzere,6.0,100.0,0.3,0.1,N,395.8,17.01,124.36,84.42,1.98,0.61,0.01,0.61,,,,,,,,,,,,3.41
2026-03-16,8,Ferreira do Zêzere,6.5,100.0,0.4,0.2,NW,546.4,16.45,127.76,84.91,2.12,0.65,0.01,0.65,,,,,,,,,,,,3.61
2026-03-16,9,Ferreira do Zêzere,10.4,94.0,1.0,0.29,SE,1054.0,15.02,119.2,86.19,2.61,0.8,0.02,0.8,,,,,,,,,,,,3.9
2026-03-16,10,Ferreira do Zêzere,13.5,81.0,0.7,0.25,S,1927.59,13.92,99.66,87.18,2.97,0.95,0.02,0.95,,,,,,,,,,,,4.15
2026-03-16,11,Ferreira do Zêzere,18.4,60.0,3.5,0.22,SE,1918.8,12.79,62.2,88.22,3.96,2.19,0.11,2.19,,,,,,,,,,,,4.37
2026-03-16,12,Ferreira do Zêzere,20.9,43.0,3.2,0.34,SE,2712.5,11.83,48.63,89.11,4.43,2.88,0.18,2.88,55.97,2.4,-747.83,55.97,57.47,0.36,3.33,0.13,0.0,0.13,12.0,4.71
2026-03-16,13,Ferreira do Zêzere,21.9,40.0,2.59,0.25,---,2467.52,10.86,47.23,90.02,4.9,3.34,0.23,3.34,,,,,,,,,,,,4.96
2026-03-16,14,Ferreira do Zêzere,21.3,43.91,2.12,0.4,NE,2767.14,10.07,53.11,90.77,5.33,3.58,0.26,3.58,,,,,,,,,,,,5.36
2026-03-16,15,Ferreira do Zêzere,23.4,38.0,3.2,0.01,SE,2527.4,9.49,43.18,91.33,6.09,4.37,0.37,4.37,,,,,,,,,,,,5.37
2026-03-16,16,Ferreira do Zêzere,23.6,37.0,3.4,0.01,S,2042.5,8.92,41.92,91.88,6.65,4.82,0.44,4.82,,,,,,,,,,,,5.38
2026-03-16,17,Ferreira do Zêzere,23.7,36.0,2.5,0.86,SE,1380.1,8.58,44.97,92.21,6.66,4.83,0.44,4.83,,,,,,,,,,,,6.24
2026-03-16,18,Ferreira do Zêzere,23.0,37.0,2.0,1.32,SE,562.4,8.2,50.75,92.58,6.84,4.89,0.45,4.89,,,,,,,,,,,,7.56
2026-03-16,19,Ferreira do Zêzere,20.6,45.0,1.2,1.67,E,39.3,7.936,67.41,92.84,6.82,4.58,0.4,4.58,,,,,,,,,,,,9.23
2026-03-16,20,Ferreira do Zêzere,15.7,64.0,1.0,1.43,N,12.7,8.08,99.8,92.7,6.62,3.9,0.3,3.9,,,,,,,,,,,,10.15
2026-03-16,21,Ferreira do Zêzere,13.4,74.0,0.9,0.69,W,0.2,8.26,119.08,92.52,6.42,3.55,0.26,3.55,,,,,,,,,,,,10.4
2026-03-16,22,Ferreira do Zêzere,11.0,84.0,0.4,0.19,N,0.1,8.41,143.85,92.38,6.13,3.24,0.22,3.24,,,,,,,,,,,,10.31
2026-03-16,23,Ferreira do Zêzere,9.4,91.0,0.9,1.75,W,0.1,8.54,161.49,92.25,6.18,3.27,0.22,3.27,,,,,,,,,,,,11.8
2026-03-17,0,Ferreira do Zêzere,8.0,95.0,1.0,1.1,W,9.9,8.71,176.93,92.08,6.07,3.2,0.21,3.2,,,,,,,,,,,,12.64
2026-03-17,1,Ferreira do Zêzere,7.0,98.0,0.5,2.4,NW,538.2,8.87,192.55,91.93,5.79,3.02,0.19,3.02,,,,,,,,,,,,14.82
2026-03-17,2,Ferreira do Zêzere,6.4,98.0,0.3,0.67,NW,66.48,8.99,193.74,91.81,5.64,2.92,0.18,2.92,,,,,,,,,,,,15.12
2026-03-17,3,Ferreira do Zêzere,5.6,99.0,1.2,0.39,W,444.8,9.2,196.34,91.61,5.73,2.98,0.19,2.98,,,,,,,,,,,,15.41
2026-03-17,4,Ferreira do Zêzere,5.3,99.0,0.6,0.31,NE,437.9,9.26,197.24,91.55,5.51,2.84,0.17,2.84,,,,,,,,,,,,15.62
2026-03-17,5,Ferreira do Zêzere,4.7,99.0,0.6,0.1,N,420.5,9.36,196.52,91.45,5.44,2.79,0.17,2.79,,,,,,,,,,,,15.22
2026-03-17,6,Ferreira do Zêzere,4.3,100.0,2.47,0.32,---,13.49,9.43,199.57,91.39,5.92,3.11,0.2,3.11,,,,,,,,,,,,15.27
2026-03-17,7,Ferreira do Zêzere,3.6,100.0,0.7,0.52,E,410.4,9.47,200.41,91.35,5.38,2.75,0.16,2.75,,,,,,,,,,,,15.69
2026-03-17,8,Ferreira do Zêzere,5.5,100.0,1.2,0.32,W,618.0,9.66,200.64,91.17,5.38,2.75,0.16,2.75,,,,,,,,,,,,15.81
2026-03-17,9,Ferreira do Zêzere,11.6,84.0,1.7,0.23,W,1076.9,9.57,146.71,91.25,5.59,2.91,0.18,2.91,,,,,,,,,,,,15.75
2026-03-17,10,Ferreira do Zêzere,17.6,48.0,4.7,1.07,SE,1809.2,9.35,73.35,91.46,6.7,4.35,0.37,4.35,,,,,,,,,,,,16.57
2026-03-17,11,Ferreira do Zêzere,19.3,42.0,5.4,0.55,SE,1987.4,9.13,63.08,91.68,7.15,4.85,0.44,4.85,,,,,,,,,,,,16.9
2026-03-17,12,Ferreira do Zêzere,20.8,41.0,4.3,0.62,SE,2740.5,8.71,61.06,92.08,7.16,4.96,0.46,4.96,54.25,2.72,-748.3,54.25,60.57,0.32,3.66,0.12,0.0,0.12,12.0,17.18
2026-03-17,13,Ferreira do Zêzere,22.2,35.0,5.1,0.84,SE,2883.5,8.43,52.18,92.36,7.75,5.57,0.57,5.57,,,,,,,,,,,,17.77
2026-03-17,14,Ferreira do Zêzere,23.0,32.0,6.5,0.62,SE,2762.0,8.02,46.18,92.76,8.8,6.41,0.73,6.41,,,,,,,,,,,,17.99
2026-03-17,15,Ferreira do Zêzere,23.0,33.0,5.3,0.46,SE,2282.0,7.654,48.88,93.12,8.71,6.33,0.71,6.33,,,,,,,,,,,,18.44
2026-03-17,16,Ferreira do Zêzere,22.7,34.0,5.2,0.86,S,1292.9,7.508,50.62,93.26,8.84,6.37,0.72,6.37,,,,,,,,,,,,19.29
2026-03-17,17,Ferreira do Zêzere,22.4,37.0,3.9,0.73,S,925.7,7.558,55.95,93.21,8.23,5.87,0.62,5.87,,,,,,,,,,,,19.16
2026-03-17,18,Ferreira do Zêzere,21.5,39.0,3.5,0.45,S,313.4,7.349,60.32,93.42,8.3,5.82,0.61,5.82,,,,,,,,,,,,18.29
2026-03-17,19,Ferreira do Zêzere,19.7,49.0,3.6,0.44,SW,62.2,7.399,71.82,93.37,8.28,5.5,0.56,5.5,,,,,,,,,,,,17.06
2026-03-17,20,Ferreira do Zêzere,16.8,74.0,1.6,1.11,SW,0.7,7.903,117.97,92.87,6.99,4.07,0.33,4.07,,,,,,,,,,,,16.74
2026-03-17,21,Ferreira do Zêzere,16.3,80.0,1.4,0.2,S,2.0,8.57,131.44,92.22,6.31,3.52,0.25,3.52,,,,,,,,,,,,16.25
2026-03-17,22,Ferreira do Zêzere,15.8,83.0,1.3,0.48,S,33.3,9.09,140.2,91.72,5.85,3.16,0.21,3.16,,,,,,,,,,,,16.54
2026-03-17,23,Ferreira do Zêzere,15.7,80.0,3.82,2.37,---,5.4,9.51,122.34,91.31,6.27,3.47,0.25,3.47,,,,,,,,,,,,17.16
2026-03-18,0,Ferreira do Zêzere,15.4,79.0,1.9,0.67,SE,31.3,9.88,135.96,90.95,5.41,2.77,0.17,2.77,,,,,,,,,,,,16.73
2026-03-18,1,Ferreira do Zêzere,14.4,87.0,2.9,0.1,SE,499.8,10.35,150.97,90.51,5.33,2.72,0.16,2.72,,,,,,,,,,,,14.43
2026-03-18,2,Ferreira do Zêzere,14.1,89.0,1.7,0.3,SE,424.7,12.29,162.42,88.68,3.87,1.65,0.07,1.65,,,,,,,,,,,,14.06
2026-03-18,3,Ferreira do Zêzere,13.9,91.0,2.28,0.22,---,0.4,16.75,166.65,84.65,2.25,0.69,0.01,0.69,,,,,,,,,,,,13.89
2026-03-18,4,Ferreira do Zêzere,14.0,90.0,3.0,0.35,SE,113.7,17.59,160.39,83.92,2.12,0.65,0.01,0.65,,,,,,,,,,,,13.93
2026-03-18,5,Ferreira do Zêzere,13.9,89.0,1.6,0.1,SE,329.7,17.76,163.01,83.77,1.93,0.59,0.01,0.59,,,,,,,,,,,,13.93
2026-03-18,6,Ferreira do Zêzere,14.3,83.0,4.4,0.23,SE,7.6,17.9,133.84,83.65,2.19,0.67,0.01,0.67,,,,,,,,,,,,13.84
2026-03-18,7,Ferreira do Zêzere,14.5,82.0,6.2,0.2,SE,73.1,17.96,125.28,83.59,2.38,0.73,0.02,0.73,,,,,,,,,,,,13.52
2026-03-18,8,Ferreira do Zêzere,14.1,88.0,3.87,0.48,---,119.97,20.24,150.12,81.65,1.66,0.51,0.01,0.51,,,,,,,,,,,,13.68
2026-03-18,9,Ferreira do Zêzere,14.9,81.0,5.2,1.9,SE,775.1,19.92,126.9,81.92,1.83,0.56,0.01,0.56,,,,,,,,,,,,15.35
2026-03-18,10,Ferreira do Zêzere,15.2,79.0,4.0,0.3,SE,719.4,18.63,124.8,83.02,1.98,0.61,0.01,0.61,,,,,,,,,,,,14.58
2026-03-18,11,Ferreira do Zêzere,16.6,71.0,6.0,0.28,SE,1201.2,16.87,100.37,84.54,2.68,0.84,0.02,0.84,,,,,,,,,,,,14.31
2026-03-18,12,Ferreira do Zêzere,18.0,63.0,5.8,0.1,SE,1673.4,15.47,86.12,85.78,3.15,1.18,0.04,1.18,43.79,1.91,-748.43,43.79,81.61,0.09,2.84,0.03,0.0,0.03,12.0,13.79
2026-03-18,13,Ferreira do Zêzere,17.6,66.0,5.6,0.91,S,688.0,14.27,91.42,86.86,3.63,1.61,0.06,1.61,,,,,,,,,,,,13.86
2026-03-18,14,Ferreira do Zêzere,18.2,66.0,5.6,0.1,S,809.5,13.47,89.35,87.59,4.03,1.96,0.09,1.96,,,,,,,,,,,,13.34
2026-03-18,15,Ferreira do Zêzere,19.8,56.0,7.1,0.1,S,1600.5,12.95,70.56,88.07,4.65,2.63,0.15,2.63,,,,,,,,,,,,12.98
2026-03-18,16,Ferreira do Zêzere,19.8,54.0,5.2,1.0,S,754.3,12.23,73.0,88.74,4.65,2.66,0.15,2.66,,,,,,,,,,,,13.12
2026-03-18,17,Ferreira do Zêzere,18.9,58.0,5.7,0.2,SE,572.9,12.02,77.58,88.93,4.9,2.77,0.16,2.77,,,,,,,,,,,,12.59
2026-03-18,18,Ferreira do Zêzere,19.1,56.0,3.6,0.31,SE,194.5,11.98,80.68,88.97,4.43,2.45,0.13,2.45,,,,,,,,,,,,12.45
2026-03-18,19,Ferreira do Zêzere,18.5,59.0,4.4,0.4,SE,26.1,12.22,82.9,88.75,4.47,2.42,0.13,2.42,,,,,,,,,,,,12.41
2026-03-18,20,Ferreira do Zêzere,17.4,65.0,4.7,0.1,SE,4.6,12.37,90.62,88.61,4.45,2.29,0.12,2.29,,,,,,,,,,,,11.4
2026-03-18,21,Ferreira do Zêzere,16.8,67.0,5.0,0.13,SE,1.34,12.6,93.73,88.39,4.38,2.19,0.11,2.19,,,,,,,,,,,,11.33
2026-03-18,22,Ferreira do Zêzere,16.5,68.0,2.4,0.52,---,12.32,12.73,105.03,88.27,3.78,1.69,0.07,1.69,,,,,,,,,,,,11.37
2026-03-18,23,Ferreira do Zêzere,16.1,68.0,3.1,0.39,---,12.57,12.85,99.71,88.16,3.85,1.75,0.07,1.75,,,,,,,,,,,,9.39
2026-03-19,0,Ferreira do Zêzere,15.9,69.0,5.8,0.34,E,12.11,12.94,93.71,88.08,4.36,2.04,0.1,2.04,,,,,,,,,,,,9.06
2026-03-19,1,Ferreira do Zêzere,16.3,65.0,6.0,0.6,E,12.47,12.96,88.21,88.06,4.39,2.1,0.1,2.1,,,,,,,,,,,,9.56
2026-03-19,2,Ferreira do Zêzere,16.1,63.0,5.4,0.1,E,8.75,13.01,87.58,88.02,4.23,2.01,0.09,2.01,,,,,,,,,,,,9.36
2026-03-19,3,Ferreira do Zêzere,15.7,64.0,3.9,0.25,E,52.88,13.14,93.92,87.9,3.86,1.69,0.07,1.69,,,,,,,,,,,,9.39
2026-03-19,4,Ferreira do Zêzere,15.7,65.0,3.9,1.05,E,0.1,13.09,96.32,87.94,3.88,1.69,0.07,1.69,,,,,,,,,,,,10.09
2026-03-19,5,Ferreira do Zêzere,15.7,64.0,3.2,0.2,E,4.69,13.01,97.65,88.02,3.79,1.63,0.06,1.63,,,,,,,,,,,,10.19
2026-03-19,6,Ferreira do Zêzere,15.7,64.0,1.6,0.51,E,6.0,13.03,105.18,88.0,3.49,1.35,0.05,1.35,,,,,,,,,,,,10.47
2026-03-19,7,Ferreira do Zêzere,14.3,73.0,2.5,1.26,SE,5.5,12.96,118.69,88.06,3.68,1.5,0.06,1.5,,,,,,,,,,,,11.53
2026-03-19,8,Ferreira do Zêzere,13.2,83.0,2.53,0.82,---,81.65,13.85,141.09,87.25,3.28,1.06,0.03,1.06,,,,,,,,,,,,11.87
2026-03-19,9,Ferreira do Zêzere,13.03,81.13,3.3,0.59,E,363.25,13.7,131.5,87.38,3.48,1.31,0.04,1.31,,,,,,,,,,,,10.56
2026-03-19,10,Ferreira do Zêzere,13.5,78.61,2.7,0.6,E,509.05,13.65,128.35,87.43,3.4,1.22,0.04,1.22,,,,,,,,,,,,10.86
2026-03-19,11,Ferreira do Zêzere,16.0,73.0,4.6,0.25,E,830.4,13.15,105.68,87.89,3.99,1.75,0.07,1.75,,,,,,,,,,,,10.83
2026-03-19,12,Ferreira do Zêzere,17.7,64.0,6.1,0.7,E,624.2,12.18,85.75,88.78,4.9,2.52,0.14,2.52,42.27,1.45,-748.02,42.27,85.03,0.07,2.38,0.02,0.0,0.02,12.0,11.43
2026-03-19,13,Ferreira do Zêzere,17.9,63.0,4.2,0.1,E,451.4,12.28,88.18,88.69,4.39,2.17,0.11,2.17,,,,,,,,,,,,10.62
2026-03-19,14,Ferreira do Zêzere,19.0,58.0,3.9,0.88,SE,1039.7,11.83,81.66,89.11,4.59,2.43,0.13,2.43,,,,,,,,,,,,11.4
2026-03-19,15,Ferreira do Zêzere,20.1,53.0,4.1,0.85,SE,702.5,11.1,73.97,89.8,5.12,2.93,0.18,2.93,,,,,,,,,,,,12.15
2026-03-19,16,Ferreira do Zêzere,17.7,71.0,2.01,1.63,---,485.09,10.99,111.39,89.9,4.68,2.27,0.12,2.27,,,,,,,,,,,,12.78
2026-03-19,17,Ferreira do Zêzere,14.2,97.0,2.68,1.01,---,153.24,47.47,192.54,61.9,0.52,0.16,0.0,0.16,,,,,,,,,,,,13.59
2026-03-19,18,Ferreira do Zêzere,13.6,97.0,1.7,0.8,NE,217.3,54.37,195.71,57.75,0.38,0.12,0.0,0.12,,,,,,,,,,,,14.08
2026-03-19,19,Ferreira do Zêzere,13.3,97.0,0.9,2.0,SE,196.1,59.66,200.73,54.75,0.29,0.09,0.0,0.09,,,,,,,,,,,,15.68
2026-03-19,20,Ferreira do Zêzere,13.0,99.0,1.7,5.6,E,245.7,62.46,216.31,53.22,0.26,0.08,0.0,0.08,,,,,,,,,,,,21.18
2026-03-19,21,Ferreira do Zêzere,12.8,100.0,2.31,2.34,---,17.41,61.49,224.11,53.75,0.28,0.09,0.0,0.09,,,,,,,,,,,,23.39
2026-03-19,22,Ferreira do Zêzere,13.0,97.0,1.6,0.1,NE,433.7,61.44,207.68,53.77,0.27,0.08,0.0,0.08,,,,,,,,,,,,22.97
2026-03-19,23,Ferreira do Zêzere,13.3,95.0,0.9,0.7,W,491.6,63.04,201.05,52.91,0.24,0.07,0.0,0.07,,,,,,,,,,,,23.28
2026-03-20,0,Ferreira do Zêzere,13.1,98.0,0.9,1.5,S,472.3,62.47,238.08,53.22,0.25,0.08,0.0,0.08,,,,,,,,,,,,24.44
2026-03-20,1,Ferreira do Zêzere,13.0,100.0,1.7,2.9,NE,397.3,63.64,250.0,52.59,0.24,0.07,0.0,0.07,,,,,,,,,,,,26.74
2026-03-20,2,Ferreira do Zêzere,13.1,99.0,0.3,0.7,W,364.8,63.12,245.31,52.87,0.23,0.07,0.0,0.07,,,,,,,,,,,,27.34
2026-03-20,3,Ferreira do Zêzere,13.3,99.0,2.04,1.63,---,12.0,62.77,243.1,53.06,0.26,0.08,0.0,0.08,,,,,,,,,,,,28.72
2026-03-20,4,Ferreira do Zêzere,13.7,96.0,2.7,2.3,SE,6.19,64.83,222.59,51.96,0.24,0.07,0.0,0.07,,,,,,,,,,,,29.97
2026-03-20,5,Ferreira do Zêzere,13.6,98.0,3.9,1.6,SE,174.5,64.52,233.93,52.13,0.26,0.08,0.0,0.08,,,,,,,,,,,,31.37
2026-03-20,6,Ferreira do Zêzere,13.5,95.0,3.3,0.6,E,17.81,64.43,215.33,52.17,0.25,0.08,0.0,0.08,,,,,,,,,,,,31.46
2026-03-20,7,Ferreira do Zêzere,13.5,93.0,1.8,0.21,SE,331.5,63.11,210.07,52.87,0.25,0.08,0.0,0.08,,,,,,,,,,,,30.41
2026-03-20,8,Ferreira do Zêzere,13.7,90.0,3.2,1.05,SE,83.3,59.49,190.24,54.84,0.32,0.1,0.0,0.1,,,,,,,,,,,,30.64
2026-03-20,9,Ferreira do Zêzere,14.2,87.0,3.3,0.27,SE,330.2,56.6,176.78,56.46,0.37,0.11,0.0,0.11,,,,,,,,,,,,30.32
2026-03-20,10,Ferreira do Zêzere,14.5,92.0,3.9,0.2,E,994.3,54.99,195.61,57.39,0.42,0.13,0.0,0.13,,,,,,,,,,,,29.92
2026-03-20,11,Ferreira do Zêzere,13.9,92.0,4.9,0.1,E,784.3,63.93,193.63,52.44,0.28,0.08,0.0,0.08,,,,,,,,,,,,29.77
2026-03-20,12,Ferreira do Zêzere,13.9,92.0,4.0,0.68,E,1466.5,63.71,196.34,52.55,0.27,0.08,0.0,0.08,12.72,1.0,-752.86,12.72,180.04,0.0,1.93,0.0,0.0,0.01,12.0,29.75
2026-03-20,13,Ferreira do Zêzere,14.0,88.0,5.7,0.1,E,1251.7,56.18,172.4,56.7,0.43,0.13,0.0,0.13,,,,,,,,,,,,29.75
2026-03-20,14,Ferreira do Zêzere,13.22,88.77,4.13,0.2,NE,1668.2,50.18,182.5,60.24,0.51,0.16,0.0,0.16,,,,,,,,,,,,29.07
2026-03-20,15,Ferreira do Zêzere,13.4,87.82,3.78,0.88,NE,854.24,44.81,179.66,63.58,0.6,0.18,0.0,0.18,,,,,,,,,,,,29.1
2026-03-20,16,Ferreira do Zêzere,13.57,86.63,3.43,0.32,---,704.01,42.2,176.29,65.28,0.63,0.19,0.0,0.19,,,,,,,,,,,,27.79
2026-03-20,17,Ferreira do Zêzere,13.43,87.09,4.6,0.23,E,413.68,40.28,173.75,66.56,0.7,0.22,0.0,0.22,,,,,,,,,,,,27.01
2026-03-20,18,Ferreira do Zêzere,13.01,88.38,4.1,0.2,E,205.17,38.17,181.48,67.99,0.72,0.22,0.0,0.22,,,,,,,,,,,,26.41
2026-03-20,19,Ferreira do Zêzere,14.5,76.0,3.6,0.1,E,43.9,36.38,142.69,69.24,0.73,0.22,0.0,0.22,,,,,,,,,,,,24.51
2026-03-20,20,Ferreira do Zêzere,14.0,76.0,3.4,0.24,E,0.4,34.91,143.3,70.28,0.75,0.23,0.0,0.23,,,,,,,,,,,,19.15
2026-03-20,21,Ferreira do Zêzere,14.0,75.0,3.3,0.84,E,24.3,33.18,141.02,71.52,0.78,0.24,0.0,0.24,,,,,,,,,,,,17.65
2026-03-20,22,Ferreira do Zêzere,13.8,77.0,3.29,1.25,---,7.3,31.21,146.43,72.97,0.82,0.25,0.0,0.25,,,,,,,,,,,,18.8
2026-03-20,23,Ferreira do Zêzere,13.1,86.0,2.89,0.91,---,28.7,30.75,174.77,73.31,0.82,0.25,0.0,0.25,,,,,,,,,,,,19.01
2026-03-21,0,Ferreira do Zêzere,12.9,88.0,3.22,0.83,---,0.2,32.76,174.36,71.83,0.78,0.24,0.0,0.24,,,,,,,,,,,,18.34
2026-03-21,1,Ferreira do Zêzere,12.7,88.0,3.9,0.4,E,648.6,32.22,170.05,72.22,0.82,0.25,0.0,0.25,,,,,,,,,,,,15.84
2026-03-21,2,Ferreira do Zêzere,12.9,84.0,2.8,0.69,E,494.9,31.16,161.34,73.0,0.8,0.25,0.0,0.25,,,,,,,,,,,,15.83
2026-03-21,3,Ferreira do Zêzere,13.1,82.0,2.6,0.2,E,14.1,31.62,155.03,72.66,0.78,0.24,0.0,0.24,,,,,,,,,,,,14.4
2026-03-21,4,Ferreira do Zêzere,12.7,86.0,2.82,3.0,---,10.92,32.25,166.87,72.2,0.78,0.24,0.0,0.24,,,,,,,,,,,,15.1
2026-03-21,5,Ferreira do Zêzere,12.2,91.0,1.4,0.2,SW,627.9,31.56,189.64,72.71,0.74,0.23,0.0,0.23,,,,,,,,,,,,13.7
2026-03-21,6,Ferreira do Zêzere,12.0,94.0,1.1,0.1,N,667.2,35.8,201.9,69.64,0.65,0.2,0.0,0.2,,,,,,,,,,,,13.2
2026-03-21,7,Ferreira do Zêzere,12.1,92.0,3.37,0.1,---,8.36,52.5,185.06,58.84,0.45,0.14,0.0,0.14,,,,,,,,,,,,13.09
2026-03-21,8,Ferreira do Zêzere,12.1,92.0,2.6,0.34,E,582.7,54.2,186.4,57.85,0.4,0.12,0.0,0.12,,,,,,,,,,,,12.38
2026-03-21,9,Ferreira do Zêzere,12.8,88.0,4.0,0.2,E,324.54,50.62,165.21,59.97,0.5,0.15,0.0,0.15,,,,,,,,,,,,12.31
2026-03-21,10,Ferreira do Zêzere,13.8,85.0,3.55,0.1,---,749.66,45.9,154.93,62.89,0.57,0.18,0.0,0.18,,,,,,,,,,,,12.21
2026-03-21,11,Ferreira do Zêzere,15.0,79.0,3.4,1.3,---,1434.6,42.28,138.36,65.23,0.63,0.19,0.0,0.19,,,,,,,,,,,,13.41
2026-03-21,12,Ferreira do Zêzere,16.3,75.0,3.7,0.1,E,2355.9,37.36,124.43,68.55,0.72,0.22,0.0,0.22,25.74,1.0,-753.02,25.74,130.07,0.0,1.93,0.0,0.0,0.01,12.0,12.83
2026-03-21,13,Ferreira do Zêzere,16.6,75.0,3.5,0.1,E,2072.8,33.22,124.46,71.49,0.78,0.24,0.0,0.24,,,,,,,,,,,,12.83
2026-03-21,14,Ferreira do Zêzere,17.1,72.0,4.2,0.1,NE,1426.9,28.18,114.5,75.26,0.96,0.29,0.0,0.29,,,,,,,,,,,,12.73
2026-03-21,15,Ferreira do Zêzere,16.8,73.0,3.6,0.49,E,1201.1,24.4,119.14,78.22,1.15,0.35,0.0,0.35,,,,,,,,,,,,12.34
2026-03-21,16,Ferreira do Zêzere,16.5,72.0,3.2,0.79,E,1033.3,22.25,120.36,79.97,1.33,0.41,0.01,0.41,,,,,,,,,,,,12.81
2026-03-21,17,Ferreira do Zêzere,16.4,72.0,2.74,2.08,---,855.8,21.35,124.46,80.72,1.41,0.43,0.01,0.43,,,,,,,,,,,,14.66
2026-03-21,18,Ferreira do Zêzere,16.3,72.0,2.1,1.09,SE,309.7,20.85,128.91,81.13,1.43,0.44,0.01,0.44,,,,,,,,,,,,15.55
2026-03-21,19,Ferreira do Zêzere,15.4,76.0,2.11,0.25,---,83.8,20.93,139.32,81.07,1.42,0.44,0.01,0.44,,,,,,,,,,,,15.7
2026-03-21,20,Ferreira do Zêzere,12.9,87.0,1.1,1.49,NW,6.4,21.29,181.04,80.77,1.31,0.4,0.01,0.4,,,,,,,,,,,,16.95
2026-03-21,21,Ferreira do Zêzere,12.3,90.0,0.9,2.52,N,10.16,21.1,194.61,80.92,1.32,0.4,0.01,0.4,,,,,,,,,,,,18.63
2026-03-21,22,Ferreira do Zêzere,12.6,90.0,0.4,2.26,E,0.9,20.88,199.54,81.11,1.31,0.4,0.01,0.4,,,,,,,,,,,,19.64
2026-03-21,23,Ferreira do Zêzere,12.4,93.0,0.4,2.81,NE,0.1,20.82,211.3,81.16,1.32,0.4,0.01,0.4,,,,,,,,,,,,21.54
2026-03-22,0,Ferreira do Zêzere,12.5,92.0,0.4,3.67,N,21.0,20.87,204.46,81.12,1.31,0.4,0.01,0.4,,,,,,,,,,,,24.38
2026-03-22,1,Ferreira do Zêzere,12.5,93.0,0.5,3.77,W,0.3,20.82,208.9,81.16,1.32,0.41,0.01,0.41,,,,,,,,,,,,27.75
2026-03-22,2,Ferreira do Zêzere,12.5,93.0,0.6,2.52,NW,10.4,20.79,208.96,81.18,1.33,0.41,0.01,0.41,,,,,,,,,,,,29.58
2026-03-22,3,Ferreira do Zêzere,12.4,95.0,0.3,2.4,W,11.0,20.72,219.83,81.24,1.32,0.41,0.01,0.41,,,,,,,,,,,,31.78
2026-03-22,4,Ferreira do Zêzere,12.1,97.0,0.4,0.15,N,0.1,20.72,225.87,81.24,1.33,0.41,0.01,0.41,,,,,,,,,,,,28.93
2026-03-22,5,Ferreira do Zêzere,11.8,97.0,1.23,0.2,---,21.0,20.67,223.16,81.28,1.39,0.43,0.01,0.43,,,,,,,,,,,,28.93
2026-03-22,6,Ferreira do Zêzere,11.2,98.0,1.69,3.8,---,0.1,20.43,229.21,81.49,1.46,0.45,0.01,0.45,,,,,,,,,,,,32.63
2026-03-22,7,Ferreira do Zêzere,11.0,97.0,1.7,0.15,N,13.8,20.43,224.1,81.49,1.46,0.45,0.01,0.45,,,,,,,,,,,,32.68
2026-03-22,8,Ferreira do Zêzere,11.5,97.0,0.7,0.2,W,209.5,20.06,226.52,81.8,1.44,0.44,0.01,0.44,,,,,,,,,,,,32.54
2026-03-22,9,Ferreira do Zêzere,13.6,92.0,0.5,1.25,SE,465.6,19.23,206.42,82.5,1.55,0.48,0.01,0.48,,,,,,,,,,,,33.59
2026-03-22,10,Ferreira do Zêzere,15.4,80.0,1.38,3.1,---,1582.74,17.51,158.68,83.98,1.97,0.6,0.01,0.6,,,,,,,,,,,,36.59
2026-03-22,11,Ferreira do Zêzere,17.4,64.0,1.4,3.4,S,1569.4,15.34,121.35,85.9,2.56,0.8,0.02,0.8,,,,,,,,,,,,38.69
2026-03-22,12,Ferreira do Zêzere,19.5,59.0,1.3,4.45,S,2781.1,14.1,108.64,87.02,2.99,0.97,0.03,0.97,32.14,1.44,-760.0,32.14,110.68,0.01,2.37,0.0,0.0,0.01,12.0,43.04
2026-03-22,13,Ferreira do Zêzere,20.4,55.0,1.9,2.05,E,2503.4,12.84,96.67,88.17,3.63,1.73,0.07,1.73,,,,,,,,,,,,44.99
2026-03-22,14,Ferreira do Zêzere,21.3,52.0,2.9,1.1,S,2791.1,12.02,85.43,88.93,4.26,2.32,0.12,2.32,,,,,,,,,,,,45.99
2026-03-22,15,Ferreira do Zêzere,22.1,49.0,1.86,0.2,---,2442.75,11.61,84.55,89.32,4.27,2.41,0.13,2.41,,,,,,,,,,,,45.7
2026-03-22,16,Ferreira do Zêzere,22.4,49.0,1.4,0.89,SW,2207.6,10.95,86.32,89.94,4.56,2.65,0.15,2.65,,,,,,,,,,,,45.8
2026-03-22,17,Ferreira do Zêzere,21.4,58.0,3.5,0.7,NW,1414.2,10.9,89.58,89.98,5.1,2.86,0.17,2.86,,,,,,,,,,,,44.42
2026-03-22,18,Ferreira do Zêzere,19.4,66.0,3.0,2.63,NW,550.8,11.15,109.64,89.75,4.81,2.45,0.13,2.45,,,,,,,,,,,,45.96
2026-03-22,19,Ferreira do Zêzere,17.8,73.0,2.0,2.47,NW,112.38,11.36,133.23,89.55,4.45,2.1,0.1,2.1,,,,,,,,,,,,48.18
2026-03-22,20,Ferreira do Zêzere,14.8,86.0,1.6,0.1,NW,87.79,11.97,177.58,88.98,4.01,1.77,0.07,1.77,,,,,,,,,,,,46.79
2026-03-22,21,Ferreira do Zêzere,13.5,92.0,1.0,0.89,NW,0.1,12.47,205.53,88.51,3.64,1.46,0.05,1.46,,,,,,,,,,,,45.16
2026-03-22,22,Ferreira do Zêzere,13.1,94.0,1.51,1.03,---,22.46,12.91,211.6,88.11,3.53,1.35,0.05,1.35,,,,,,,,,,,,43.93
2026-03-22,23,Ferreira do Zêzere,12.6,94.0,1.01,1.76,---,20.67,13.35,214.32,87.7,3.24,0.99,0.03,0.99,,,,,,,,,,,,42.88
2026-03-23,0,Ferreira do Zêzere,11.6,97.0,1.6,0.7,N,0.8,13.69,221.74,87.39,3.2,0.98,0.03,0.98,,,,,,,,,,,,39.91
2026-03-23,1,Ferreira do Zêzere,10.8,98.0,1.16,2.04,---,1.1,14.06,227.47,87.05,2.98,0.91,0.02,0.91,,,,,,,,,,,,38.18
2026-03-23,2,Ferreira do Zêzere,9.9,99.0,0.6,0.1,N,565.1,14.38,232.36,86.76,2.78,0.85,0.02,0.85,,,,,,,,,,,,35.76
2026-03-23,3,Ferreira do Zêzere,9.5,100.0,1.8,0.1,N,532.7,14.75,235.82,86.43,2.82,0.86,0.02,0.86,,,,,,,,,,,,33.46
2026-03-23,4,Ferreira do Zêzere,9.2,100.0,1.9,0.1,N,439.4,15.02,235.8,86.19,2.74,0.84,0.02,0.84,,,,,,,,,,,,33.41
2026-03-23,5,Ferreira do Zêzere,9.3,99.0,0.9,0.1,NE,439.6,15.23,231.15,86.0,2.53,0.78,0.02,0.78,,,,,,,,,,,,33.31
2026-03-23,6,Ferreira do Zêzere,8.5,99.0,0.8,0.1,NE,448.7,15.53,229.65,85.73,2.43,0.74,0.02,0.74,,,,,,,,,,,,29.61
2026-03-23,7,Ferreira do Zêzere,8.1,100.0,1.54,0.1,---,20.28,15.73,233.95,85.55,2.46,0.75,0.02,0.75,,,,,,,,,,,,29.56
2026-03-23,8,Ferreira do Zêzere,9.0,100.0,0.8,0.14,NW,667.9,15.34,233.92,85.9,2.49,0.76,0.02,0.76,,,,,,,,,,,,29.5
2026-03-23,9,Ferreira do Zêzere,11.6,95.0,1.8,1.34,N,1140.2,14.31,207.86,86.83,2.98,0.91,0.02,0.91,,,,,,,,,,,,29.59
2026-03-23,10,Ferreira do Zêzere,15.3,81.0,1.0,1.18,NW,1817.8,13.4,158.83,87.66,3.22,0.99,0.03,0.99,,,,,,,,,,,,27.67
2026-03-23,11,Ferreira do Zêzere,18.4,68.0,1.0,1.66,W,2020.7,12.32,123.09,88.65,3.72,1.57,0.06,1.57,,,,,,,,,,,,25.93
2026-03-23,12,Ferreira do Zêzere,21.0,60.0,1.99,1.21,---,2739.11,11.24,95.2,89.66,4.52,2.4,0.13,2.4,37.18,1.51,-761.66,37.18,97.24,0.02,2.44,0.01,0.0,0.01,12.0,22.69
2026-03-23,13,Ferreira do Zêzere,23.1,48.0,1.1,0.72,NW,2972.3,10.41,79.87,90.45,4.83,2.92,0.18,2.92,,,,,,,,,,,,21.36
2026-03-23,14,Ferreira do Zêzere,24.4,44.0,1.5,0.55,S,2650.8,9.6,69.57,91.22,5.51,3.56,0.26,3.56,,,,,,,,,,,,20.81
2026-03-23,15,Ferreira do Zêzere,24.3,45.0,1.7,0.53,NW,2126.1,9.32,69.83,91.49,5.78,3.73,0.28,3.73,,,,,,,,,,,,21.14
2026-03-23,16,Ferreira do Zêzere,23.8,46.0,1.5,0.6,W,1405.8,9.0,73.2,91.8,5.98,3.84,0.29,3.84,,,,,,,,,,,,20.85
2026-03-23,17,Ferreira do Zêzere,23.8,44.0,1.2,2.5,W,833.6,8.69,73.54,92.1,6.14,4.0,0.32,4.0,,,,,,,,,,,,22.65
2026-03-23,18,Ferreira do Zêzere,23.1,48.0,1.9,2.4,W,408.0,8.61,75.57,92.18,6.44,4.09,0.33,4.09,,,,,,,,,,,,22.42
2026-03-23,19,Ferreira do Zêzere,20.1,65.0,1.7,2.56,---,94.4,8.21,106.7,92.57,6.73,3.8,0.29,3.8,,,,,,,,,,,,22.51
2026-03-23,20,Ferreira do Zêzere,18.3,72.0,2.0,2.29,N,0.2,8.38,122.73,92.41,6.68,3.58,0.26,3.58,,,,,,,,,,,,24.7
2026-03-23,21,Ferreira do Zêzere,16.2,79.0,1.3,0.96,N,11.12,8.46,148.07,92.33,6.37,3.4,0.24,3.4,,,,,,,,,,,,24.77
2026-03-23,22,Ferreira do Zêzere,14.3,84.0,1.6,3.4,NW,0.1,8.54,164.14,92.25,6.4,3.41,0.24,3.41,,,,,,,,,,,,27.14
2026-03-23,23,Ferreira do Zêzere,13.4,87.0,0.6,2.95,NE,1.3,8.64,183.12,92.15,6.0,3.16,0.21,3.16,,,,,,,,,,,,28.33
2026-03-24,0,Ferreira do Zêzere,11.4,94.0,1.62,2.9,---,0.1,8.58,196.46,92.21,6.37,3.39,0.24,3.39,,,,,,,,,,,,30.53
2026-03-24,1,Ferreira do Zêzere,10.1,98.0,2.16,1.88,---,0.2,8.53,214.02,92.26,6.59,3.53,0.25,3.53,,,,,,,,,,,,30.37
2026-03-24,2,Ferreira do Zêzere,9.0,98.0,0.4,1.66,NE,604.0,8.48,218.19,92.31,6.07,3.21,0.21,3.21,,,,,,,,,,,,31.93
2026-03-24,3,Ferreira do Zêzere,8.0,98.0,0.6,0.1,E,27.36,8.46,217.97,92.33,6.15,3.26,0.22,3.26,,,,,,,,,,,,31.93
2026-03-24,4,Ferreira do Zêzere,7.4,99.0,0.9,0.12,NE,590.7,8.49,221.47,92.3,6.22,3.3,0.22,3.3,,,,,,,,,,,,31.95
2026-03-24,5,Ferreira do Zêzere,6.7,99.0,2.58,0.34,---,30.73,8.46,220.56,92.33,6.8,3.66,0.27,3.66,,,,,,,,,,,,32.19
2026-03-24,6,Ferreira do Zêzere,6.0,99.0,0.3,0.1,SE,474.1,8.5,222.46,92.29,6.03,3.18,0.21,3.18,,,,,,,,,,,,32.19
2026-03-24,7,Ferreira do Zêzere,5.6,100.0,0.6,0.1,S,485.5,8.64,225.67,92.15,6.0,3.16,0.21,3.16,,,,,,,,,,,,32.19
2026-03-24,8,Ferreira do Zêzere,7.5,99.0,1.0,0.1,NW,671.8,8.92,221.46,91.88,5.89,3.09,0.2,3.09,,,,,,,,,,,,32.15
2026-03-24,9,Ferreira do Zêzere,11.8,85.0,1.1,1.07,SW,1172.8,8.95,170.21,91.85,5.9,3.09,0.2,3.09,,,,,,,,,,,,31.88
2026-03-24,10,Ferreira do Zêzere,16.2,62.0,1.2,0.23,W,1862.6,8.97,115.11,91.83,5.91,3.34,0.23,3.34,,,,,,,,,,,,30.93
2026-03-24,11,Ferreira do Zêzere,19.1,48.0,3.4,0.85,SE,2088.5,8.89,80.0,91.91,6.68,4.21,0.35,4.21,,,,,,,,,,,,30.12
2026-03-24,12,Ferreira do Zêzere,20.6,45.0,3.1,0.1,SE,2838.4,8.71,73.79,92.08,6.74,4.38,0.37,4.38,46.1,2.07,-764.88,46.1,76.61,0.11,3.0,0.04,0.0,0.04,12.0,29.01
2026-03-24,13,Ferreira do Zêzere,21.8,45.0,1.9,0.13,SE,3010.7,8.38,74.96,92.41,6.64,4.37,0.37,4.37,,,,,,,,,,,,28.42
2026-03-24,14,Ferreira do Zêzere,22.4,43.0,1.93,0.01,---,2812.6,7.999,71.22,92.78,7.01,4.7,0.42,4.7,,,,,,,,,,,,27.88
2026-03-24,15,Ferreira do Zêzere,23.3,41.0,2.0,0.55,SE,2554.36,7.849,66.67,92.93,7.18,4.91,0.45,4.91,,,,,,,,,,,,27.9
2026-03-24,16,Ferreira do Zêzere,23.6,40.0,2.3,0.3,SW,1982.6,7.585,63.76,93.19,7.56,5.21,0.51,5.21,,,,,,,,,,,,27.6
2026-03-24,17,Ferreira do Zêzere,23.3,46.0,1.9,0.25,SW,1327.9,7.288,70.94,93.48,7.72,5.17,0.5,5.17,,,,,,,,,,,,25.35
2026-03-24,18,Ferreira do Zêzere,22.1,48.0,2.9,0.01,NW,613.2,7.277,71.55,93.49,8.13,5.34,0.53,5.34,,,,,,,,,,,,22.96
2026-03-24,19,Ferreira do Zêzere,18.4,53.0,2.6,0.1,NW,89.0,7.072,87.19,93.69,8.24,5.11,0.49,5.11,,,,,,,,,,,,20.5
2026-03-24,20,Ferreira do Zêzere,15.7,59.0,1.9,0.01,N,0.1,7.177,103.32,93.59,7.84,4.62,0.41,4.62,,,,,,,,,,,,18.22
2026-03-24,21,Ferreira do Zêzere,14.7,62.0,1.1,0.01,N,0.2,7.301,113.82,93.47,7.4,4.26,0.35,4.26,,,,,,,,,,,,17.27
2026-03-24,22,Ferreira do Zêzere,13.7,66.0,1.32,0.01,---,0.1,7.369,116.82,93.4,7.41,4.17,0.34,4.17,,,,,,,,,,,,13.88
2026-03-24,23,Ferreira do Zêzere,13.1,66.0,1.2,0.1,---,0.1,7.408,114.77,93.36,7.33,4.11,0.33,4.11,,,,,,,,,,,,11.03
2026-03-25,0,Ferreira do Zêzere,11.2,76.0,1.6,0.15,N,0.2,7.471,111.52,93.3,7.42,4.3,0.36,4.3,,,,,,,,,,,,8.28
2026-03-25,1,Ferreira do Zêzere,10.1,80.0,0.9,0.1,NE,30.68,7.755,113.93,93.02,6.88,3.93,0.31,3.93,,,,,,,,,,,,6.5
2026-03-25,2,Ferreira do Zêzere,8.9,87.0,1.9,0.01,NE,24.87,8.04,109.73,92.74,6.96,3.95,0.31,3.95,,,,,,,,,,,,4.85
2026-03-25,3,Ferreira do Zêzere,8.8,84.0,0.4,0.01,S,0.1,8.38,110.56,92.41,6.16,3.47,0.25,3.47,,,,,,,,,,,,4.76
2026-03-25,4,Ferreira do Zêzere,7.3,92.0,0.81,0.01,---,15.06,8.57,120.12,92.22,6.13,3.36,0.23,3.36,,,,,,,,,,,,4.65
2026-03-25,5,Ferreira do Zêzere,6.9,96.0,2.11,0.01,---,15.99,8.81,121.46,91.99,6.33,3.48,0.25,3.48,,,,,,,,,,,,4.32
2026-03-25,6,Ferreira do Zêzere,7.6,89.0,1.36,0.15,---,15.97,9.06,110.49,91.74,5.89,3.25,0.22,3.25,,,,,,,,,,,,4.37
2026-03-25,7,Ferreira do Zêzere,7.0,92.0,1.0,0.1,N,39.7,9.26,116.53,91.55,5.63,3.05,0.2,3.05,,,,,,,,,,,,4.37
2026-03-25,8,Ferreira do Zêzere,9.0,89.0,0.7,0.1,N,379.1,9.53,111.65,91.29,5.34,2.89,0.18,2.89,,,,,,,,,,,,4.37
2026-03-25,9,Ferreira do Zêzere,12.1,76.0,2.0,0.01,NW,1028.9,9.59,76.87,91.23,5.65,3.37,0.23,3.37,,,,,,,,,,,,3.31
2026-03-25,10,Ferreira do Zêzere,15.5,66.0,0.7,0.1,SE,1648.3,9.5,67.49,91.32,5.36,3.37,0.23,3.37,,,,,,,,,,,,3.18
2026-03-25,11,Ferreira do Zêzere,18.4,60.0,1.6,0.01,NW,1932.0,8.94,48.73,91.86,6.06,4.21,0.35,4.21,,,,,,,,,,,,2.34
2026-03-25,12,Ferreira do Zêzere,21.4,49.0,1.4,0.01,NW,2831.9,8.49,39.29,92.3,6.38,4.76,0.43,4.76,61.77,2.95,-761.32,61.77,47.68,0.49,3.89,0.19,0.0,0.19,12.0,2.25
2026-03-25,13,Ferreira do Zêzere,23.2,47.0,2.7,2.6,NW,2668.23,8.11,45.83,92.67,7.18,5.18,0.5,5.18,,,,,,,,,,,,4.72
2026-03-25,14,Ferreira do Zêzere,23.6,47.0,3.5,0.1,NW,2773.2,7.779,43.84,92.99,7.82,5.65,0.58,5.65,,,,,,,,,,,,4.81
2026-03-25,15,Ferreira do Zêzere,24.0,44.0,2.36,0.1,---,2565.08,7.502,42.28,93.27,7.67,5.66,0.58,5.66,,,,,,,,,,,,4.36
2026-03-25,16,Ferreira do Zêzere,23.8,47.0,4.2,0.01,NW,2016.8,7.275,39.87,93.49,8.69,6.31,0.71,6.31,,,,,,,,,,,,4.07
2026-03-25,17,Ferreira do Zêzere,22.7,57.0,4.4,0.01,NW,1366.1,7.136,46.01,93.63,8.94,6.21,0.69,6.21,,,,,,,,,,,,3.83
2026-03-25,18,Ferreira do Zêzere,21.1,59.0,2.44,0.01,---,767.77,7.044,53.65,93.72,8.21,5.61,0.58,5.61,,,,,,,,,,,,3.83
2026-03-25,19,Ferreira do Zêzere,18.0,61.0,2.6,0.01,NW,78.0,6.981,58.92,93.78,8.34,5.54,0.56,5.54,,,,,,,,,,,,3.74
2026-03-25,20,Ferreira do Zêzere,15.4,69.0,2.1,0.1,NW,0.2,7.393,70.99,93.37,7.69,4.87,0.45,4.87,,,,,,,,,,,,3.83
2026-03-25,21,Ferreira do Zêzere,13.7,81.0,1.66,0.01,---,12.41,7.844,86.99,92.93,7.06,4.24,0.35,4.24,,,,,,,,,,,,3.83
2026-03-25,22,Ferreira do Zêzere,13.1,87.0,2.3,0.01,NW,25.74,8.03,94.34,92.75,7.11,4.17,0.34,4.17,,,,,,,,,,,,3.83
2026-03-25,23,Ferreira do Zêzere,12.5,90.0,2.1,0.01,N,20.47,8.34,99.29,92.44,6.75,3.9,0.3,3.9,,,,,,,,,,,,3.74
2026-03-26,0,Ferreira do Zêzere,11.9,92.0,1.7,0.1,NW,16.29,8.42,97.21,92.37,6.54,4.06,0.33,4.06,,,,,,,,,,,,3.69
2026-03-26,1,Ferreira do Zêzere,11.0,95.0,1.5,0.1,N,11.94,8.68,103.25,92.11,6.25,3.82,0.29,3.82,,,,,,,,,,,,3.69
2026-03-26,2,Ferreira do Zêzere,10.6,96.0,0.8,0.01,NW,18.17,8.72,106.19,92.07,6.0,3.64,0.27,3.64,,,,,,,,,,,,3.69
2026-03-26,3,Ferreira do Zêzere,9.5,98.0,0.6,0.25,S,496.5,8.71,113.78,92.08,5.95,3.56,0.26,3.56,,,,,,,,,,,,3.93
2026-03-26,4,Ferreira do Zêzere,8.5,99.0,0.9,0.1,NE,553.9,8.66,116.83,92.13,6.08,3.63,0.27,3.63,,,,,,,,,,,,4.02
2026-03-26,5,Ferreira do Zêzere,7.6,99.0,3.43,0.25,---,50.54,8.53,119.7,92.26,7.03,4.24,0.35,4.24,,,,,,,,,,,,4.26
2026-03-26,6,Ferreira do Zêzere,6.8,100.0,0.9,0.18,SE,356.0,8.5,122.77,92.29,6.21,3.69,0.27,3.69,,,,,,,,,,,,4.29
2026-03-26,7,Ferreira do Zêzere,6.8,100.0,1.0,0.17,NE,384.3,8.58,123.78,92.21,6.18,3.66,0.27,3.66,,,,,,,,,,,,4.36
2026-03-26,8,Ferreira do Zêzere,10.0,85.0,2.29,0.2,---,382.97,8.63,95.6,92.16,6.55,4.05,0.32,4.05,,,,,,,,,,,,4.46
2026-03-26,9,Ferreira do Zêzere,14.9,57.0,1.4,0.33,N,1251.1,8.51,67.52,92.28,6.36,4.35,0.37,4.35,,,,,,,,,,,,4.78
2026-03-26,10,Ferreira do Zêzere,17.4,47.0,3.4,0.2,E,1978.8,8.37,52.72,92.41,7.17,5.18,0.5,5.18,,,,,,,,,,,,4.88
2026-03-26,11,Ferreira do Zêzere,19.5,30.0,3.1,0.15,E,2182.2,7.945,41.9,92.83,7.49,5.79,0.61,5.79,,,,,,,,,,,,5.02
2026-03-26,12,Ferreira do Zêzere,20.9,27.0,4.32,0.1,---,2931.12,7.489,36.71,93.28,8.48,6.66,0.78,6.66,67.88,3.81,-758.73,67.88,38.34,0.73,4.75,0.31,0.0,0.31,12.0,5.11
2026-03-26,13,Ferreira do Zêzere,22.0,27.0,4.1,0.01,SE,3149.9,7.144,26.0,93.62,8.8,7.3,0.92,7.3,,,,,,,,,,,,2.52
2026-03-26,14,Ferreira do Zêzere,22.9,28.0,4.7,0.1,E,3057.3,6.874,24.83,93.89,9.41,7.8,1.03,7.8,,,,,,,,,,,,2.52
2026-03-26,15,Ferreira do Zêzere,23.2,27.0,4.4,0.1,E,2693.7,6.633,24.42,94.13,9.59,7.97,1.07,7.97,,,,,,,,,,,,2.52
2026-03-26,16,Ferreira do Zêzere,23.4,28.0,3.8,0.01,E,2212.9,6.411,25.05,94.35,9.59,7.96,1.07,7.96,,,,,,,,,,,,2.52
2026-03-26,17,Ferreira do Zêzere,23.7,28.0,1.8,0.25,E,1514.7,6.222,28.23,94.54,8.9,7.4,0.94,7.4,,,,,,,,,,,,2.76
2026-03-26,18,Ferreira do Zêzere,23.6,27.0,3.18,0.01,---,873.67,5.889,26.18,94.88,9.99,8.22,1.13,8.22,,,,,,,,,,,,2.76
2026-03-26,19,Ferreira do Zêzere,20.9,31.0,2.7,0.01,N,76.9,4.909,31.38,95.87,11.17,8.76,1.27,8.76,,,,,,,,,,,,2.76
2026-03-26,20,Ferreira do Zêzere,17.1,46.0,1.5,0.01,N,0.1,4.859,43.27,95.92,10.59,7.84,1.04,7.84,,,,,,,,,,,,2.67
2026-03-26,21,Ferreira do Zêzere,15.1,50.0,2.1,0.01,NE,16.82,4.881,46.24,95.9,10.88,7.84,1.04,7.84,,,,,,,,,,,,2.67
2026-03-26,22,Ferreira do Zêzere,12.8,59.0,1.8,0.01,E,0.6,4.944,53.66,95.84,10.62,7.41,0.94,7.41,,,,,,,,,,,,2.67
2026-03-26,23,Ferreira do Zêzere,10.5,69.0,0.7,0.01,---,0.1,4.897,64.37,95.88,10.12,6.85,0.82,6.85,,,,,,,,,,,,2.67
2026-03-27,0,Ferreira do Zêzere,9.0,75.0,1.4,0.1,N,0.1,5.668,67.59,95.1,9.42,6.52,0.75,6.52,,,,,,,,,,,,2.67
2026-03-27,1,Ferreira do Zêzere,8.4,73.0,1.6,0.01,---,80.2,4.928,65.08,95.85,10.54,7.27,0.91,7.27,,,,,,,,,,,,2.58
2026-03-27,2,Ferreira do Zêzere,7.6,77.0,1.6,0.1,E,75.04,5.753,69.64,95.01,9.4,6.45,0.74,6.45,,,,,,,,,,,,2.67
2026-03-27,3,Ferreira do Zêzere,7.0,78.0,2.2,0.1,---,234.39,5.848,67.47,94.92,9.56,6.59,0.77,6.59,,,,,,,,,,,,2.52
2026-03-27,4,Ferreira do Zêzere,6.1,84.0,2.89,0.01,---,90.9,5.865,70.15,94.9,9.88,6.76,0.8,6.76,,,,,,,,,,,,2.43
2026-03-27,5,Ferreira do Zêzere,5.0,89.0,1.4,0.01,NE,0.1,5.82,72.23,94.95,9.22,6.4,0.73,6.4,,,,,,,,,,,,2.19
2026-03-27,6,Ferreira do Zêzere,4.4,91.0,2.67,0.01,---,44.1,5.776,69.41,94.99,9.89,6.93,0.84,6.93,,,,,,,,,,,,2.02
2026-03-27,7,Ferreira do Zêzere,4.4,93.0,1.0,0.1,NE,42.0,6.013,70.94,94.75,8.8,6.25,0.7,6.25,,,,,,,,,,,,1.95
2026-03-27,8,Ferreira do Zêzere,7.0,85.0,0.9,0.47,NE,460.3,6.265,69.74,94.5,8.46,5.94,0.64,5.94,,,,,,,,,,,,2.22
2026-03-27,9,Ferreira do Zêzere,11.9,62.0,1.5,0.34,NW,1240.3,6.426,51.6,94.34,8.52,6.33,0.71,6.33,,,,,,,,,,,,2.23
2026-03-27,10,Ferreira do Zêzere,15.1,46.0,1.0,0.43,NW,1960.3,6.613,44.88,94.15,8.1,6.28,0.7,6.28,,,,,,,,,,,,2.46
2026-03-27,11,Ferreira do Zêzere,17.8,40.0,1.8,0.5,W,2153.0,6.652,40.39,94.11,8.39,6.61,0.77,6.61,,,,,,,,,,,,2.81
2026-03-27,12,Ferreira do Zêzere,19.5,39.0,1.5,0.1,SW,2901.6,6.6,38.45,94.16,8.32,6.67,0.78,6.67,67.82,4.25,-755.82,67.82,38.43,0.63,5.2,0.28,0.0,0.28,12.0,2.81
2026-03-27,13,Ferreira do Zêzere,21.2,37.0,1.1,0.2,W,3078.2,6.402,37.57,94.36,8.38,6.8,0.81,6.8,,,,,,,,,,,,3.0
2026-03-27,14,Ferreira do Zêzere,22.4,36.0,1.7,0.1,SW,3007.4,6.341,34.28,94.42,8.71,7.14,0.88,7.14,,,,,,,,,,,,3.0
2026-03-27,15,Ferreira do Zêzere,23.8,36.0,1.6,0.01,SW,2688.3,6.161,32.23,94.6,8.89,7.36,0.93,7.36,,,,,,,,,,,,2.91
2026-03-27,16,Ferreira do Zêzere,23.9,37.0,3.6,0.15,NW,2199.9,5.994,30.23,94.77,10.06,8.17,1.12,8.17,,,,,,,,,,,,3.05
2026-03-27,17,Ferreira do Zêzere,23.1,37.0,5.2,0.1,NW,1688.57,5.859,28.96,94.91,11.11,8.9,1.3,8.9,,,,,,,,,,,,2.9
2026-03-27,18,Ferreira do Zêzere,21.9,40.0,3.5,0.01,NW,780.3,5.668,33.29,95.1,10.47,8.31,1.15,8.31,,,,,,,,,,,,2.9
2026-03-27,19,Ferreira do Zêzere,19.7,46.0,2.6,0.01,NW,80.9,4.693,39.81,96.09,11.45,8.71,1.25,8.71,,,,,,,,,,,,2.9
2026-03-27,20,Ferreira do Zêzere,16.7,52.0,2.9,0.01,N,0.3,4.754,45.85,96.03,11.53,8.46,1.19,8.46,,,,,,,,,,,,2.9
2026-03-27,21,Ferreira do Zêzere,15.3,60.0,2.0,0.01,N,0.1,4.843,53.29,95.94,10.88,7.82,1.04,7.82,,,,,,,,,,,,2.9
2026-03-27,22,Ferreira do Zêzere,14.4,66.0,2.35,0.2,---,40.83,5.696,59.05,95.07,9.84,6.96,0.84,6.96,,,,,,,,,,,,3.09
2026-03-27,23,Ferreira do Zêzere,12.0,75.0,0.7,0.1,NE,12.26,5.744,73.84,95.02,9.0,6.18,0.68,6.18,,,,,,,,,,,,3.18
2026-03-28,0,Ferreira do Zêzere,9.7,84.0,1.98,0.1,---,20.49,5.807,73.38,94.96,9.51,6.93,0.84,6.93,,,,,,,,,,,,3.18
2026-03-28,1,Ferreira do Zêzere,7.8,90.0,2.15,0.01,---,72.93,5.933,80.42,94.83,9.43,6.79,0.81,6.79,,,,,,,,,,,,3.18
2026-03-28,2,Ferreira do Zêzere,10.4,74.0,2.1,0.4,NE,27.85,5.968,68.02,94.8,9.36,6.88,0.83,6.88,,,,,,,,,,,,3.48
2026-03-28,3,Ferreira do Zêzere,7.5,87.0,1.4,0.1,NE,0.4,5.887,83.07,94.88,9.14,6.54,0.76,6.54,,,,,,,,,,,,3.48
2026-03-28,4,Ferreira do Zêzere,6.4,90.0,0.8,0.01,NE,0.2,5.883,88.0,94.88,8.87,6.32,0.71,6.32,,,,,,,,,,,,3.48
2026-03-28,5,Ferreira do Zêzere,6.2,90.0,2.4,0.1,NW,53.56,6.072,86.79,94.69,9.37,6.63,0.77,6.63,,,,,,,,,,,,3.57
2026-03-28,6,Ferreira do Zêzere,6.1,84.0,0.5,0.1,S,14.33,6.098,86.02,94.67,8.48,6.06,0.66,6.06,,,,,,,,,,,,3.66
2026-03-28,7,Ferreira do Zêzere,5.2,91.0,0.5,0.1,NE,44.11,6.443,93.0,94.32,8.09,5.73,0.6,5.73,,,,,,,,,,,,3.66
2026-03-28,8,Ferreira do Zêzere,8.8,82.0,0.3,0.1,NE,633.4,6.589,78.37,94.17,7.84,5.76,0.6,5.76,,,,,,,,,,,,3.29
2026-03-28,9,Ferreira do Zêzere,14.2,62.0,0.9,0.01,SW,1305.7,6.643,54.02,94.12,8.03,6.32,0.71,6.32,,,,,,,,,,,,2.96
2026-03-28,10,Ferreira do Zêzere,17.4,50.0,3.66,0.1,---,2150.04,6.787,37.46,93.98,9.04,7.49,0.96,7.49,,,,,,,,,,,,2.63
2026-03-28,11,Ferreira do Zêzere,20.3,34.0,2.8,0.1,NE,2209.4,6.735,27.07,94.03,8.72,7.82,1.04,7.82,,,,,,,,,,,,2.23
2026-03-28,12,Ferreira do Zêzere,21.6,31.0,3.5,0.1,NE,2958.5,6.552,24.33,94.21,9.26,8.38,1.17,8.38,76.34,5.5,-752.23,76.34,26.78,0.99,6.46,0.48,0.01,0.48,12.0,2.23
2026-03-28,13,Ferreira do Zêzere,22.3,30.0,1.8,0.2,NE,3122.0,6.415,25.05,94.35,8.67,7.96,1.07,7.96,,,,,,,,,,,,2.23
2026-03-28,14,Ferreira do Zêzere,23.1,30.0,4.45,0.2,---,2978.49,6.269,22.48,94.49,10.11,9.1,1.36,9.1,,,,,,,,,,,,2.33
2026-03-28,15,Ferreira do Zêzere,23.6,30.0,2.7,0.01,NE,2703.6,6.033,23.42,94.73,9.56,8.7,1.25,8.7,,,,,,,,,,,,2.33
2026-03-28,16,Ferreira do Zêzere,23.8,25.0,4.54,0.1,---,2265.53,5.924,20.08,94.84,10.65,9.69,1.52,9.69,,,,,,,,,,,,2.28
2026-03-28,17,Ferreira do Zêzere,23.7,31.0,2.6,0.01,N,1540.6,5.813,22.98,94.95,9.81,8.95,1.32,8.95,,,,,,,,,,,,2.19
2026-03-28,18,Ferreira do Zêzere,23.0,34.0,4.0,0.01,E,776.5,4.9,23.37,95.88,11.94,10.45,1.73,10.45,,,,,,,,,,,,2.19
2026-03-28,19,Ferreira do Zêzere,21.1,32.0,2.7,0.15,NE,85.5,4.576,26.42,96.21,11.7,10.11,1.63,10.11,,,,,,,,,,,,2.33
2026-03-28,20,Ferreira do Zêzere,18.7,37.0,2.8,0.35,N,0.1,4.569,32.57,96.22,11.77,9.74,1.53,9.74,,,,,,,,,,,,2.67
2026-03-28,21,Ferreira do Zêzere,16.6,49.0,2.05,0.12,---,13.34,4.646,41.19,96.14,11.21,8.96,1.32,8.96,,,,,,,,,,,,2.78
2026-03-28,22,Ferreira do Zêzere,13.1,61.0,2.0,0.25,N,63.07,4.728,50.76,96.06,11.06,8.47,1.19,8.47,,,,,,,,,,,,2.83
2026-03-28,23,Ferreira do Zêzere,10.0,75.0,0.5,0.2,SE,9.46,4.773,66.41,96.01,10.19,7.57,0.98,7.57,,,,,,,,,,,,2.93
2026-03-29,0,Ferreira do Zêzere,9.1,79.0,3.07,0.12,---,18.21,4.948,69.12,95.83,11.32,8.17,1.12,8.17,,,,,,,,,,,,2.95
2026-03-29,1,Ferreira do Zêzere,7.4,87.0,1.7,0.1,E,17.87,5.703,81.18,95.06,9.52,6.86,0.82,6.86,,,,,,,,,,,,3.04
2026-03-29,2,Ferreira do Zêzere,8.2,79.0,2.38,0.15,---,22.45,5.731,68.72,95.04,9.81,7.22,0.9,7.22,,,,,,,,,,,,2.79
2026-03-29,3,Ferreira do Zêzere,7.4,82.0,2.52,0.1,---,20.55,5.889,71.45,94.88,9.66,7.08,0.87,7.08,,,,,,,,,,,,2.79
2026-03-29,4,Ferreira do Zêzere,5.5,92.0,2.24,0.12,---,20.66,5.933,84.47,94.83,9.47,6.81,0.81,6.81,,,,,,,,,,,,2.9
2026-03-29,5,Ferreira do Zêzere,5.1,93.0,0.8,0.1,E,14.46,5.928,87.5,94.84,8.81,6.36,0.72,6.36,,,,,,,,,,,,2.9
2026-03-29,6,Ferreira do Zêzere,4.7,93.0,0.7,0.21,N,1.6,5.889,89.8,94.88,8.82,6.33,0.71,6.33,,,,,,,,,,,,3.01
2026-03-29,7,Ferreira do Zêzere,3.8,94.0,1.0,0.1,E,75.3,6.028,90.63,94.74,8.78,6.29,0.71,6.29,,,,,,,,,,,,3.01
2026-03-29,8,Ferreira do Zêzere,6.7,87.0,0.8,0.17,SE,607.6,6.222,84.1,94.54,8.46,6.12,0.67,6.12,,,,,,,,,,,,3.08
2026-03-29,9,Ferreira do Zêzere,11.5,66.0,2.61,0.18,---,1379.64,6.389,61.8,94.37,9.06,6.8,0.81,6.8,,,,,,,,,,,,3.25
2026-03-29,10,Ferreira do Zêzere,15.3,39.0,1.4,0.24,NE,2072.2,6.452,46.99,94.31,8.45,6.85,0.82,6.85,,,,,,,,,,,,3.39
2026-03-29,11,Ferreira do Zêzere,17.3,32.0,3.86,0.17,---,2621.61,6.426,37.81,94.34,9.6,7.91,1.06,7.91,,,,,,,,,,,,3.46
2026-03-29,12,Ferreira do Zêzere,19.1,33.0,3.75,0.2,---,2922.09,6.306,36.34,94.46,9.71,8.07,1.09,8.07,70.51,5.38,-749.6,70.51,34.59,0.77,6.35,0.37,0.0,0.37,12.0,3.56
2026-03-29,13,Ferreira do Zêzere,19.9,31.0,4.84,0.22,---,3040.13,6.128,33.35,94.64,10.51,8.73,1.26,8.73,,,,,,,,,,,,3.58
2026-03-29,14,Ferreira do Zêzere,20.7,33.0,1.8,0.28,N,3040.6,6.0,37.61,94.77,9.18,7.75,1.02,7.75,,,,,,,,,,,,3.66
2026-03-29,15,Ferreira do Zêzere,21.3,33.0,1.8,0.15,NW,2741.0,5.881,37.4,94.88,9.33,7.88,1.05,7.88,,,,,,,,,,,,3.8
2026-03-29,16,Ferreira do Zêzere,21.5,30.0,4.9,0.17,N,2098.5,4.893,31.83,95.89,12.51,10.21,1.66,10.21,,,,,,,,,,,,3.87
2026-03-29,17,Ferreira do Zêzere,20.8,26.0,4.7,0.75,---,1432.3,4.833,33.95,95.95,12.48,10.12,1.64,10.12,,,,,,,,,,,,4.61
2026-03-29,18,Ferreira do Zêzere,20.4,26.0,3.14,0.1,---,904.9,4.547,36.94,96.24,12.01,9.75,1.53,9.75,,,,,,,,,,,,4.7
2026-03-29,19,Ferreira do Zêzere,17.8,42.0,3.9,0.01,NW,143.4,4.124,46.36,96.68,13.23,10.02,1.61,10.02,,,,,,,,,,,,4.56
2026-03-29,20,Ferreira do Zêzere,15.4,54.0,1.7,0.01,N,0.3,4.347,59.17,96.45,11.48,8.57,1.22,8.57,,,,,,,,,,,,4.22
2026-03-29,21,Ferreira do Zêzere,13.6,64.0,2.5,0.1,N,6.17,4.75,66.13,96.03,11.3,8.21,1.13,8.21,,,,,,,,,,,,4.2
2026-03-29,22,Ferreira do Zêzere,12.5,67.0,0.8,0.01,NE,69.18,5.646,72.93,95.12,9.17,6.75,0.8,6.75,,,,,,,,,,,,3.96
2026-03-29,23,Ferreira do Zêzere,10.0,79.0,1.1,0.17,N,85.33,5.746,84.38,95.02,9.18,6.55,0.76,6.55,,,,,,,,,,,,3.93
2026-03-30,0,Ferreira do Zêzere,9.1,83.0,3.2,0.3,---,25.2,5.742,86.98,95.03,10.21,7.17,0.89,7.17,,,,,,,,,,,,4.11
2026-03-30,1,Ferreira do Zêzere,7.3,90.0,1.1,0.01,NW,17.06,5.696,100.6,95.07,9.24,6.46,0.74,6.46,,,,,,,,,,,,4.02
2026-03-30,2,Ferreira do Zêzere,8.5,75.0,2.5,0.01,SE,0.4,5.77,78.65,95.0,9.82,7.03,0.86,7.03,,,,,,,,,,,,3.88
2026-03-30,3,Ferreira do Zêzere,6.2,86.0,0.8,0.1,E,46.96,5.709,95.57,95.06,9.09,6.4,0.73,6.4,,,,,,,,,,,,3.88
2026-03-30,4,Ferreira do Zêzere,5.5,88.0,0.8,0.01,SE,16.27,4.909,96.68,95.87,10.15,7.09,0.87,7.09,,,,,,,,,,,,3.77
2026-03-30,5,Ferreira do Zêzere,5.0,87.0,2.2,0.1,N,11.25,4.868,92.86,95.91,10.95,7.6,0.99,7.6,,,,,,,,,,,,3.77
2026-03-30,6,Ferreira do Zêzere,5.1,81.0,1.8,0.01,NW,69.11,4.922,84.97,95.86,10.66,7.5,0.96,7.5,,,,,,,,,,,,3.57
2026-03-30,7,Ferreira do Zêzere,5.4,76.0,1.3,0.1,NW,47.02,5.796,81.84,94.97,9.21,6.6,0.77,6.6,,,,,,,,,,,,3.57
2026-03-30,8,Ferreira do Zêzere,6.6,74.0,1.8,0.1,SE,497.95,6.024,77.2,94.74,9.15,6.62,0.77,6.62,,,,,,,,,,,,3.5
2026-03-30,9,Ferreira do Zêzere,10.0,59.0,0.6,0.1,NE,1320.5,6.228,66.77,94.54,8.37,6.34,0.72,6.34,,,,,,,,,,,,3.42
2026-03-30,10,Ferreira do Zêzere,14.3,42.0,1.3,0.01,N,2018.9,6.411,48.7,94.35,8.46,6.84,0.82,6.84,,,,,,,,,,,,3.19
2026-03-30,11,Ferreira do Zêzere,16.7,39.0,2.2,0.01,NW,2196.0,6.374,41.37,94.39,8.89,7.38,0.94,7.38,,,,,,,,,,,,3.03
2026-03-30,12,Ferreira do Zêzere,18.9,37.0,2.7,0.01,---,2912.84,6.293,35.84,94.47,9.22,7.84,1.04,7.84,69.8,5.48,-746.82,69.8,35.58,0.71,6.44,0.34,0.0,0.34,12.0,2.84
2026-03-30,13,Ferreira do Zêzere,20.7,34.0,2.4,0.01,NW,3083.2,6.093,31.72,94.67,9.34,8.15,1.12,8.15,,,,,,,,,,,,2.63
2026-03-30,14,Ferreira do Zêzere,22.1,32.0,2.1,0.01,NW,3007.6,5.972,28.26,94.79,9.35,8.39,1.17,8.39,,,,,,,,,,,,2.36
2026-03-30,15,Ferreira do Zêzere,23.2,30.0,1.7,0.01,NW,2711.4,5.807,26.17,94.96,9.38,8.58,1.22,8.58,,,,,,,,,,,,2.22
2026-03-30,16,Ferreira do Zêzere,23.7,32.0,3.1,0.01,NW,2216.3,5.657,23.86,95.11,10.28,9.36,1.43,9.36,,,,,,,,,,,,2.06
2026-03-30,17,Ferreira do Zêzere,23.3,33.0,3.6,0.4,NW,1561.3,4.785,22.2,96.0,11.89,10.84,1.85,10.84,,,,,,,,,,,,1.71
2026-03-30,18,Ferreira do Zêzere,21.3,41.0,2.8,0.01,NW,838.8,4.483,26.33,96.31,11.91,10.66,1.79,10.66,,,,,,,,,,,,1.62
2026-03-30,19,Ferreira do Zêzere,18.7,52.0,1.86,0.01,---,173.06,4.111,33.05,96.69,11.96,10.33,1.7,10.33,,,,,,,,,,,,1.62
2026-03-30,20,Ferreira do Zêzere,16.4,59.0,2.6,0.01,N,63.2,4.34,36.52,96.45,12.02,10.15,1.64,10.15,,,,,,,,,,,,1.62
2026-03-30,21,Ferreira do Zêzere,15.6,61.0,3.2,0.01,---,0.2,4.464,36.27,96.33,12.18,10.32,1.69,10.32,,,,,,,,,,,,1.53
2026-03-30,22,Ferreira do Zêzere,14.3,64.0,1.4,0.01,NE,0.5,4.471,40.31,96.32,11.12,9.47,1.45,9.47,,,,,,,,,,,,1.53
2026-03-30,23,Ferreira do Zêzere,14.0,65.0,1.61,0.1,---,0.3,4.712,39.66,96.07,10.86,9.5,1.46,9.5,,,,,,,,,,,,1.46
2026-03-31,0,Ferreira do Zêzere,13.5,63.0,1.4,0.01,S,0.6,4.83,28.89,95.95,10.58,10.42,1.72,10.42,,,,,,,,,,,,1.17
2026-03-31,1,Ferreira do Zêzere,10.5,78.0,1.66,0.01,---,98.93,4.935,33.46,95.84,10.56,10.17,1.65,10.17,,,,,,,,,,,,1.17
2026-03-31,2,Ferreira do Zêzere,9.3,83.0,1.3,0.01,NE,0.8,5.761,35.34,95.01,9.25,9.04,1.34,9.04,,,,,,,,,,,,1.17
2026-03-31,3,Ferreira do Zêzere,9.0,83.0,2.79,0.01,---,34.6,6.024,33.07,94.74,9.62,9.34,1.42,9.34,,,,,,,,,,,,1.08
2026-03-31,4,Ferreira do Zêzere,7.4,89.0,0.6,0.01,E,31.25,6.18,35.66,94.58,8.43,8.27,1.15,8.27,,,,,,,,,,,,1.08
2026-03-31,5,Ferreira do Zêzere,6.5,92.0,1.9,0.01,NW,12.08,6.189,34.04,94.57,8.99,8.72,1.26,8.72,,,,,,,,,,,,0.99
2026-03-31,6,Ferreira do Zêzere,7.6,86.0,1.7,0.01,N,90.62,6.422,32.6,94.34,8.61,8.46,1.19,8.46,,,,,,,,,,,,0.99
2026-03-31,7,Ferreira do Zêzere,7.5,86.0,0.9,0.1,N,54.75,6.654,32.86,94.11,8.01,7.93,1.06,7.93,,,,,,,,,,,,0.99
2026-03-31,8,Ferreira do Zêzere,11.0,75.0,2.2,0.01,NW,646.0,6.905,27.79,93.86,8.26,8.28,1.15,8.28,,,,,,,,,,,,0.9
2026-03-31,9,Ferreira do Zêzere,14.4,66.0,3.28,0.01,---,1362.8,6.968,23.62,93.8,8.65,8.79,1.27,8.79,,,,,,,,,,,,0.81
2026-03-31,10,Ferreira do Zêzere,18.6,57.0,3.26,0.01,---,2153.37,7.094,20.7,93.67,8.49,8.88,1.3,8.88,,,,,,,,,,,,0.81
2026-03-31,11,Ferreira do Zêzere,21.1,49.0,3.0,0.1,---,2605.51,6.92,19.12,93.84,8.59,9.16,1.37,9.16,,,,,,,,,,,,0.9
2026-03-31,12,Ferreira do Zêzere,23.3,47.0,2.3,0.01,W,2973.3,6.624,18.1,94.14,8.63,9.32,1.41,9.32,80.33,7.68,-742.92,80.33,21.81,1.32,8.66,0.74,0.02,0.74,12.0,0.9
2026-03-31,13,Ferreira do Zêzere,25.2,38.0,1.2,0.01,NW,3129.9,6.43,15.91,94.33,8.39,9.32,1.41,9.32,,,,,,,,,,,,0.9
2026-03-31,14,Ferreira do Zêzere,26.7,34.0,1.4,0.01,S,3032.5,6.111,14.3,94.65,8.86,9.9,1.57,9.9,,,,,,,,,,,,0.9
2026-03-31,15,Ferreira do Zêzere,27.5,34.0,1.2,0.01,NW,2720.2,5.803,14.07,94.96,9.15,10.21,1.66,10.21,,,,,,,,,,,,0.9
2026-03-31,16,Ferreira do Zêzere,27.9,27.0,3.34,0.01,---,2211.11,5.779,11.53,94.99,10.23,11.35,2.01,11.35,,,,,,,,,,,,0.9
2026-03-31,17,Ferreira do Zêzere,27.5,26.0,3.3,0.1,N,1605.5,4.941,10.19,95.84,11.46,12.44,2.36,12.44,,,,,,,,,,,,0.6
2026-03-31,18,Ferreira do Zêzere,26.8,30.0,2.1,13.9,NE,856.5,4.576,39.21,96.21,11.35,9.97,1.59,9.97,,,,,,,,,,,,14.49
2026-03-31,19,Ferreira do Zêzere,24.8,29.0,2.0,0.01,NE,121.6,4.121,43.08,96.68,12.03,10.35,1.7,10.35,,,,,,,,,,,,14.49
2026-03-31,20,Ferreira do Zêzere,22.7,28.0,2.7,0.01,---,0.1,4.204,45.21,96.59,12.31,10.43,1.72,10.43,,,,,,,,,,,,14.49
2026-03-31,21,Ferreira do Zêzere,20.3,35.0,2.92,0.01,---,36.0,4.359,53.63,96.44,12.19,10.01,1.6,10.01,,,,,,,,,,,,14.49
2026-03-31,22,Ferreira do Zêzere,18.1,43.0,2.74,0.01,---,26.1,4.455,63.92,96.34,11.92,9.51,1.47,9.51,,,,,,,,,,,,14.49
2026-03-31,23,Ferreira do Zêzere,16.2,53.0,2.1,0.01,N,1.6,4.693,77.54,96.09,11.17,8.71,1.25,8.71,,,,,,,,,,,,14.4
2026-04-01,0,Ferreira do Zêzere,15.7,54.0,1.4,0.01,N,24.5,4.878,93.37,95.9,10.51,8.14,1.11,8.14,,,,,,,,,,,,14.4
2026-04-01,1,Ferreira do Zêzere,16.8,47.0,5.1,0.01,NE,2.2,4.897,72.26,95.88,12.63,9.82,1.55,9.82,,,,,,,,,,,,14.4
2026-04-01,2,Ferreira do Zêzere,16.9,43.0,3.64,0.1,---,18.12,4.932,72.66,95.85,11.67,9.3,1.41,9.3,,,,,,,,,,,,14.49
2026-04-01,3,Ferreira do Zêzere,13.0,58.0,2.9,0.1,---,0.5,4.893,97.85,95.89,11.31,8.4,1.18,8.4,,,,,,,,,,,,14.58
2026-04-01,4,Ferreira do Zêzere,11.4,63.0,1.0,0.1,N,20.32,5.644,116.17,95.12,9.26,6.84,0.82,6.84,,,,,,,,,,,,14.67
2026-04-01,5,Ferreira do Zêzere,11.3,60.0,3.76,0.1,---,15.42,5.675,101.44,95.09,10.6,7.78,1.03,7.78,,,,,,,,,,,,14.76
2026-04-01,6,Ferreira do Zêzere,10.4,63.0,3.03,0.4,---,11.47,4.941,109.54,95.84,11.31,8.12,1.11,8.12,,,,,,,,,,,,15.15
2026-04-01,7,Ferreira do Zêzere,10.8,61.0,3.07,0.27,---,54.42,5.876,106.46,94.89,9.95,7.3,0.92,7.3,,,,,,,,,,,,15.32
2026-04-01,8,Ferreira do Zêzere,12.2,63.0,2.86,0.1,---,490.81,6.033,106.1,94.73,9.64,7.13,0.88,7.13,,,,,,,,,,,,15.41
2026-04-01,9,Ferreira do Zêzere,17.3,46.0,1.3,0.2,S,1388.0,6.235,83.4,94.53,8.66,7.1,0.87,7.1,,,,,,,,,,,,15.6
2026-04-01,10,Ferreira do Zêzere,19.3,43.0,3.98,0.1,---,2186.01,6.391,66.33,94.37,9.7,8.09,1.1,8.09,,,,,,,,,,,,15.69
2026-04-01,11,Ferreira do Zêzere,21.3,35.0,3.42,0.1,---,2621.63,6.272,57.25,94.49,9.59,8.38,1.17,8.38,,,,,,,,,,,,15.69
2026-04-01,12,Ferreira do Zêzere,19.81,38.9,2.1,0.01,N,2956.25,6.206,67.73,94.56,9.06,7.75,1.02,7.75,54.49,6.31,-742.0,54.49,60.14,0.3,7.28,0.15,0.0,0.15,12.0,15.69
2026-04-01,13,Ferreira do Zêzere,24.0,36.0,2.81,0.01,---,3030.07,6.113,52.79,94.65,9.51,8.5,1.2,8.5,,,,,,,,,,,,15.69
2026-04-01,14,Ferreira do Zêzere,25.0,34.0,2.89,0.1,---,3013.27,5.879,48.92,94.89,9.86,8.91,1.31,8.91,,,,,,,,,,,,15.78
2026-04-01,15,Ferreira do Zêzere,25.2,34.0,3.4,0.2,NW,2801.5,5.677,47.24,95.09,10.4,9.35,1.42,9.35,,,,,,,,,,,,15.97
2026-04-01,16,Ferreira do Zêzere,25.4,34.0,3.96,0.35,---,2277.76,4.862,45.63,95.92,11.98,10.53,1.76,10.53,,,,,,,,,,,,16.31
2026-04-01,17,Ferreira do Zêzere,24.6,35.0,4.18,0.75,---,1741.87,4.715,47.86,96.07,12.36,10.69,1.8,10.69,,,,,,,,,,,,16.96
2026-04-01,18,Ferreira do Zêzere,23.7,34.0,5.9,0.35,NW,943.19,4.49,31.9,96.3,13.91,12.48,2.37,12.48,,,,,,,,,,,,3.41
2026-04-01,19,Ferreira do Zêzere,20.4,48.0,4.5,0.25,NW,138.8,4.302,46.36,96.49,13.3,11.22,1.96,11.22,,,,,,,,,,,,3.65
2026-04-01,20,Ferreira do Zêzere,17.9,55.0,2.8,0.3,N,0.5,4.534,59.56,96.26,11.82,9.74,1.53,9.74,,,,,,,,,,,,3.94
2026-04-01,21,Ferreira do Zêzere,16.6,60.0,1.58,0.38,---,25.71,4.782,71.25,96.0,10.74,8.71,1.25,8.71,,,,,,,,,,,,4.31
2026-04-01,22,Ferreira do Zêzere,14.4,67.0,2.0,0.24,N,0.1,5.701,81.12,95.07,9.66,7.64,0.99,7.64,,,,,,,,,,,,4.54
2026-04-01,23,Ferreira do Zêzere,13.0,71.0,1.1,0.33,N,11.81,5.805,93.22,94.96,9.1,7.06,0.87,7.06,,,,,,,,,,,,4.86
2026-04-02,0,Ferreira do Zêzere,10.7,81.0,2.19,0.23,---,10.96,5.983,105.54,94.78,9.38,6.78,0.81,6.78,,,,,,,,,,,,5.08
2026-04-02,1,Ferreira do Zêzere,9.2,88.0,2.08,0.37,---,0.1,6.015,122.02,94.75,9.29,6.54,0.75,6.54,,,,,,,,,,,,5.44
2026-04-02,2,Ferreira do Zêzere,9.6,85.0,1.67,0.3,---,1.9,6.072,119.01,94.69,9.03,6.4,0.73,6.4,,,,,,,,,,,,5.64
2026-04-02,3,Ferreira do Zêzere,8.3,92.0,1.2,0.5,NW,0.5,6.237,138.17,94.53,8.62,5.97,0.64,5.97,,,,,,,,,,,,6.04
2026-04-02,4,Ferreira do Zêzere,7.9,94.0,1.9,0.5,---,0.85,6.313,144.29,94.45,8.83,6.06,0.66,6.06,,,,,,,,,,,,6.44
2026-04-02,5,Ferreira do Zêzere,9.5,97.0,1.86,0.2,---,0.4,6.322,152.71,94.44,8.81,6.0,0.65,6.0,,,,,,,,,,,,6.54
2026-04-02,6,Ferreira do Zêzere,9.7,100.0,2.28,0.1,---,10.3,6.578,160.23,94.19,8.68,5.89,0.63,5.89,,,,,,,,,,,,6.24
2026-04-02,7,Ferreira do Zêzere,10.4,100.0,1.57,0.1,---,63.12,7.02,158.74,93.74,7.88,5.37,0.53,5.37,,,,,,,,,,,,6.07
2026-04-02,8,Ferreira do Zêzere,11.0,100.0,1.67,0.27,---,418.43,7.373,160.23,93.39,7.54,5.13,0.49,5.13,,,,,,,,,,,,6.24
2026-04-02,9,Ferreira do Zêzere,12.3,94.0,3.6,0.1,N,924.1,7.58,135.97,93.19,8.08,5.61,0.58,5.61,,,,,,,,,,,,6.14
2026-04-02,10,Ferreira do Zêzere,14.6,82.0,1.45,0.18,---,2017.85,7.716,111.88,93.06,7.11,5.18,0.5,5.18,,,,,,,,,,,,6.22
2026-04-02,11,Ferreira do Zêzere,18.6,64.0,1.0,0.1,NW,2286.5,7.303,82.86,93.46,7.36,5.87,0.62,5.87,,,,,,,,,,,,6.22
2026-04-02,12,Ferreira do Zêzere,21.4,49.0,2.47,0.1,---,2898.14,6.855,58.24,93.91,8.44,7.2,0.9,7.2,55.35,5.8,-738.41,55.35,58.58,0.33,6.76,0.16,0.0,0.16,12.0,6.31
2026-04-02,13,Ferreira do Zêzere,23.1,44.0,2.3,0.1,---,3072.47,6.633,52.01,94.13,8.62,7.59,0.98,7.59,,,,,,,,,,,,6.4
2026-04-02,14,Ferreira do Zêzere,24.0,41.0,4.3,0.1,NW,3097.1,6.343,43.96,94.42,9.93,8.75,1.26,8.75,,,,,,,,,,,,6.4
2026-04-02,15,Ferreira do Zêzere,24.1,40.0,6.0,0.1,NW,2795.5,6.052,40.45,94.71,11.26,9.79,1.54,9.79,,,,,,,,,,,,6.3
2026-04-02,16,Ferreira do Zêzere,23.6,43.0,3.42,0.01,---,2230.97,6.052,46.7,94.71,9.89,8.66,1.24,8.66,,,,,,,,,,,,5.96
2026-04-02,17,Ferreira do Zêzere,22.1,48.0,3.66,0.01,---,1687.45,6.03,50.28,94.73,10.04,8.57,1.22,8.57,,,,,,,,,,,,5.22
2026-04-02,18,Ferreira do Zêzere,20.7,47.0,3.42,0.1,---,939.05,5.935,52.02,94.83,10.05,8.54,1.21,8.54,,,,,,,,,,,,4.97
2026-04-02,19,Ferreira do Zêzere,18.1,52.0,1.99,0.1,---,216.0,5.855,63.26,94.91,9.45,7.81,1.03,7.81,,,,,,,,,,,,4.82
2026-04-02,20,Ferreira do Zêzere,15.6,62.0,1.71,0.1,---,0.1,6.037,75.49,94.73,9.09,7.2,0.89,7.2,,,,,,,,,,,,4.62
2026-04-02,21,Ferreira do Zêzere,14.2,73.0,1.04,0.1,---,0.6,6.204,89.37,94.56,8.59,6.58,0.76,6.58,,,,,,,,,,,,4.34
2026-04-02,22,Ferreira do Zêzere,13.0,81.0,1.4,0.01,---,13.68,6.28,97.19,94.48,8.65,6.47,0.74,6.47,,,,,,,,,,,,4.11
2026-04-02,23,Ferreira do Zêzere,11.7,87.0,0.99,0.01,---,50.27,6.459,105.48,94.3,8.27,6.12,0.67,6.12,,,,,,,,,,,,3.79
2026-04-03,0,Ferreira do Zêzere,11.2,90.0,1.6,0.1,---,15.33,6.759,91.62,94.0,8.18,6.92,0.83,6.92,,,,,,,,,,,,3.66
2026-04-03,1,Ferreira do Zêzere,10.9,92.0,1.55,0.15,---,18.13,6.863,91.67,93.9,8.04,6.84,0.82,6.84,,,,,,,,,,,,3.44
2026-04-03,2,Ferreira do Zêzere,9.07,89.8,2.1,0.1,N,12.08,7.218,85.68,93.55,7.87,6.77,0.8,6.77,,,,,,,,,,,,3.24
2026-04-03,3,Ferreira do Zêzere,8.8,96.0,0.7,0.01,W,81.6,7.563,86.97,93.21,7.0,6.16,0.68,6.16,,,,,,,,,,,,2.75
2026-04-03,4,Ferreira do Zêzere,7.7,98.0,1.16,0.1,---,21.75,7.757,80.49,93.02,6.97,6.3,0.71,6.3,,,,,,,,,,,,2.35
2026-04-03,5,Ferreira do Zêzere,8.2,99.0,1.9,0.01,N,0.1,7.871,76.94,92.9,7.12,6.54,0.75,6.54,,,,,,,,,,,,2.16
2026-04-03,6,Ferreira do Zêzere,8.4,100.0,1.7,0.1,---,1.9,8.06,78.09,92.72,6.87,6.31,0.71,6.31,,,,,,,,,,,,2.16
2026-04-03,7,Ferreira do Zêzere,8.3,100.0,1.44,0.1,---,67.41,8.31,78.09,92.47,6.55,6.03,0.65,6.03,,,,,,,,,,,,2.16
2026-04-03,8,Ferreira do Zêzere,8.9,100.0,1.46,0.1,---,417.99,8.35,73.84,92.43,6.52,6.11,0.67,6.11,,,,,,,,,,,,1.99
2026-04-03,9,Ferreira do Zêzere,11.5,96.0,1.65,0.01,---,1231.42,8.34,67.28,92.44,6.6,6.29,0.7,6.29,,,,,,,,,,,,1.9
2026-04-03,10,Ferreira do Zêzere,16.8,73.0,0.6,0.1,W,2033.7,8.35,47.89,92.43,6.25,6.41,0.73,6.41,,,,,,,,,,,,1.82
2026-04-03,11,Ferreira do Zêzere,20.2,59.0,0.8,0.01,W,2212.5,7.89,36.98,92.89,6.72,7.27,0.91,7.27,,,,,,,,,,,,1.73
2026-04-03,12,Ferreira do Zêzere,22.9,47.0,1.8,0.01,NW,2813.97,7.225,27.81,93.54,7.75,8.71,1.25,8.71,70.67,8.17,-733.33,70.67,34.36,0.7,9.16,0.4,0.01,0.4,12.0,1.64
2026-04-03,13,Ferreira do Zêzere,24.9,38.0,3.0,0.01,---,2947.53,6.889,21.67,93.87,8.62,9.96,1.59,9.96,,,,,,,,,,,,1.55
2026-04-03,14,Ferreira do Zêzere,25.7,33.0,2.87,0.01,---,2940.51,6.437,19.24,94.33,9.12,10.82,1.84,10.82,,,,,,,,,,,,1.46
2026-04-03,15,Ferreira do Zêzere,26.5,32.0,2.43,0.01,---,2658.92,6.15,18.24,94.61,9.28,11.05,1.91,11.05,,,,,,,,,,,,1.37
2026-04-03,16,Ferreira do Zêzere,26.9,31.0,2.61,0.01,---,2358.74,6.002,17.56,94.76,9.56,11.38,2.01,11.38,,,,,,,,,,,,1.37
2026-04-03,17,Ferreira do Zêzere,25.5,43.0,2.57,0.01,---,1734.96,5.79,21.96,94.98,9.82,11.22,1.96,11.22,,,,,,,,,,,,1.37
2026-04-03,18,Ferreira do Zêzere,24.3,45.0,3.3,0.1,NW,953.16,5.727,22.87,95.04,10.28,11.52,2.06,11.52,,,,,,,,,,,,1.37
2026-04-03,19,Ferreira do Zêzere,21.5,49.0,3.2,0.01,NW,145.8,5.685,25.42,95.08,10.29,11.27,1.98,11.27,,,,,,,,,,,,1.28
2026-04-03,20,Ferreira do Zêzere,18.6,52.0,2.04,0.01,---,0.34,5.813,28.32,94.95,9.53,10.38,1.71,10.38,,,,,,,,,,,,1.19
2026-04-03,21,Ferreira do Zêzere,15.9,62.0,1.13,0.01,---,0.21,5.957,32.83,94.81,8.93,9.52,1.47,9.52,,,,,,,,,,,,1.1
2026-04-03,22,Ferreira do Zêzere,14.8,67.0,1.3,0.01,NW,0.2,6.191,34.77,94.57,8.72,9.21,1.38,9.21,,,,,,,,,,,,1.1
2026-04-03,23,Ferreira do Zêzere,13.2,73.0,1.2,0.01,---,13.09,6.335,37.64,94.43,8.5,8.88,1.3,8.88,,,,,,,,,,,,1.1
2026-04-04,0,Ferreira do Zêzere,11.4,83.0,2.15,0.01,---,22.1,6.561,33.81,94.2,8.64,9.73,1.53,9.73,,,,,,,,,,,,1.01
2026-04-04,1,Ferreira do Zêzere,10.4,87.0,1.92,0.01,---,0.3,6.678,32.52,94.09,8.41,9.45,1.45,9.45,,,,,,,,,,,,0.87
2026-04-04,2,Ferreira do Zêzere,8.9,93.0,1.66,0.01,---,0.1,6.674,32.17,94.09,8.3,9.27,1.4,9.27,,,,,,,,,,,,0.78
2026-04-04,3,Ferreira do Zêzere,8.1,96.0,0.7,0.01,SE,25.0,6.7,32.71,94.06,7.88,8.84,1.29,8.84,,,,,,,,,,,,0.78
2026-04-04,4,Ferreira do Zêzere,7.4,98.0,0.6,0.01,S,793.8,6.68,30.43,94.08,7.86,8.8,1.28,8.8,,,,,,,,,,,,0.69
2026-04-04,5,Ferreira do Zêzere,7.1,98.0,2.03,0.01,---,63.55,6.837,30.43,93.93,8.27,9.19,1.38,9.19,,,,,,,,,,,,0.69
2026-04-04,6,Ferreira do Zêzere,7.0,98.0,1.6,0.1,N,510.5,6.833,30.43,93.93,8.1,9.03,1.34,9.03,,,,,,,,,,,,0.69
2026-04-04,7,Ferreira do Zêzere,6.7,97.0,2.25,0.1,---,80.55,7.029,30.43,93.74,8.14,9.08,1.35,9.08,,,,,,,,,,,,0.69
2026-04-04,8,Ferreira do Zêzere,9.2,93.0,2.77,0.1,---,506.95,7.175,30.03,93.59,8.19,9.17,1.37,9.17,,,,,,,,,,,,0.69
2026-04-04,9,Ferreira do Zêzere,13.4,77.0,2.02,0.1,---,1525.99,7.203,27.85,93.56,7.86,9.08,1.35,9.08,,,,,,,,,,,,0.78
2026-04-04,10,Ferreira do Zêzere,18.4,59.0,2.86,0.9,---,2147.53,7.234,30.61,93.53,8.16,9.55,1.48,9.55,,,,,,,,,,,,1.58
2026-04-04,11,Ferreira do Zêzere,22.7,50.0,1.88,0.3,---,2592.39,6.996,28.18,93.77,8.03,9.49,1.46,9.49,,,,,,,,,,,,1.87
2026-04-04,12,Ferreira do Zêzere,25.2,37.0,2.18,0.3,---,2856.48,6.648,23.48,94.12,8.55,10.21,1.66,10.21,77.5,10.38,-727.84,77.5,25.31,1.01,11.39,0.65,0.01,0.65,12.0,2.16
2026-04-04,13,Ferreira do Zêzere,26.3,35.0,2.33,0.13,---,2998.75,6.537,22.35,94.23,8.75,10.44,1.73,10.44,,,,,,,,,,,,2.28
2026-04-04,14,Ferreira do Zêzere,27.3,31.0,1.88,0.01,---,2959.81,6.248,20.7,94.52,8.9,10.76,1.82,10.76,,,,,,,,,,,,2.28
2026-04-04,15,Ferreira do Zêzere,27.6,28.0,1.3,0.1,SW,2744.36,6.061,20.63,94.7,8.87,10.77,1.83,10.77,,,,,,,,,,,,2.37
2026-04-04,16,Ferreira do Zêzere,27.6,28.0,2.38,0.01,---,2253.23,6.009,19.4,94.76,9.44,11.33,2.0,11.33,,,,,,,,,,,,2.37
2026-04-04,17,Ferreira do Zêzere,27.3,31.0,1.2,0.01,W,1606.9,5.794,22.0,94.97,9.16,10.96,1.88,10.96,,,,,,,,,,,,2.37
2026-04-04,18,Ferreira do Zêzere,25.3,38.0,4.8,0.01,NW,882.0,4.909,22.23,95.87,12.42,13.66,2.78,13.66,,,,,,,,,,,,2.28
2026-04-04,19,Ferreira do Zêzere,21.6,46.0,1.84,0.3,---,143.6,4.731,33.04,96.05,10.96,11.74,2.13,11.74,,,,,,,,,,,,2.57
2026-04-04,20,Ferreira do Zêzere,19.4,51.0,2.0,0.22,N,0.23,4.932,38.65,95.85,10.75,11.19,1.95,11.19,,,,,,,,,,,,2.78
2026-04-04,21,Ferreira do Zêzere,17.1,60.0,1.8,0.23,NW,0.1,5.716,47.57,95.05,9.55,9.74,1.53,9.74,,,,,,,,,,,,3.0
2026-04-04,22,Ferreira do Zêzere,15.7,65.0,1.96,0.1,---,17.48,5.898,52.32,94.87,9.38,9.41,1.44,9.41,,,,,,,,,,,,3.09
2026-04-04,23,Ferreira do Zêzere,13.5,75.0,0.6,0.1,N,0.9,5.989,65.75,94.78,8.65,8.51,1.2,8.51,,,,,,,,,,,,3.18
2026-04-05,0,Ferreira do Zêzere,12.9,77.0,1.3,0.01,---,150.59,6.13,72.73,94.63,8.79,8.2,1.13,8.2,,,,,,,,,,,,3.18
2026-04-05,1,Ferreira do Zêzere,12.4,77.0,1.74,0.1,---,22.21,6.254,73.08,94.51,8.83,8.19,1.12,8.19,,,,,,,,,,,,3.27
2026-04-05,2,Ferreira do Zêzere,10.6,85.0,0.4,0.17,N,0.1,6.372,89.22,94.39,8.12,7.4,0.94,7.4,,,,,,,,,,,,3.43
2026-04-05,3,Ferreira do Zêzere,9.4,91.0,1.61,0.2,---,27.38,6.474,96.47,94.29,8.51,7.57,0.98,7.57,,,,,,,,,,,,3.62
2026-04-05,4,Ferreira do Zêzere,8.7,94.0,1.21,0.1,---,0.3,6.569,103.42,94.19,8.24,7.28,0.91,7.28,,,,,,,,,,,,3.71
2026-04-05,5,Ferreira do Zêzere,8.4,95.0,0.7,0.94,NE,0.4,6.641,118.57,94.12,7.95,6.82,0.81,6.82,,,,,,,,,,,,4.64
2026-04-05,6,Ferreira do Zêzere,8.1,95.0,1.67,0.67,---,0.21,6.72,123.23,94.04,8.25,6.96,0.84,6.96,,,,,,,,,,,,5.21
2026-04-05,7,Ferreira do Zêzere,8.3,95.0,0.5,0.1,N,133.9,6.97,125.49,93.79,7.52,6.38,0.72,6.38,,,,,,,,,,,,5.21
2026-04-05,8,Ferreira do Zêzere,11.3,86.0,0.5,0.77,SE,664.5,7.144,114.68,93.62,7.34,6.29,0.71,6.29,,,,,,,,,,,,5.88
2026-04-05,9,Ferreira do Zêzere,15.0,74.0,0.5,0.38,N,1360.6,7.288,95.69,93.48,7.19,6.4,0.73,6.4,,,,,,,,,,,,6.16
2026-04-05,10,Ferreira do Zêzere,18.9,63.0,0.8,0.65,W,2009.4,7.428,74.3,93.34,7.16,6.73,0.79,6.73,,,,,,,,,,,,5.91
2026-04-05,11,Ferreira do Zêzere,22.0,54.0,1.1,0.2,W,2209.8,7.159,59.17,93.61,7.55,7.39,0.94,7.39,,,,,,,,,,,,5.81
2026-04-05,12,Ferreira do Zêzere,25.4,44.0,2.7,0.1,S,2972.3,6.892,41.14,93.87,8.49,8.67,1.25,8.67,67.63,9.32,-723.4,67.63,38.7,0.66,10.33,0.41,0.01,0.41,12.0,5.61
2026-04-05,13,Ferreira do Zêzere,27.2,36.0,2.6,0.2,S,3144.4,6.6,34.33,94.16,8.8,9.27,1.4,9.27,,,,,,,,,,,,5.68
2026-04-05,14,Ferreira do Zêzere,28.0,34.0,2.2,0.01,SE,3049.1,6.367,32.87,94.4,8.9,9.48,1.46,9.48,,,,,,,,,,,,5.68
2026-04-05,15,Ferreira do Zêzere,28.8,30.0,2.8,0.3,SE,2769.7,6.202,29.04,94.56,9.39,10.07,1.62,10.07,,,,,,,,,,,,5.88
2026-04-05,16,Ferreira do Zêzere,29.0,28.0,2.3,1.55,S,2274.0,6.011,30.76,94.75,9.4,10.02,1.61,10.02,,,,,,,,,,,,7.42
2026-04-05,17,Ferreira do Zêzere,28.8,28.0,2.11,1.3,---,1765.18,5.844,32.8,94.92,9.53,10.04,1.61,10.04,,,,,,,,,,,,8.71
2026-04-05,18,Ferreira do Zêzere,27.9,29.0,2.11,0.13,---,974.89,5.742,35.04,95.03,9.66,10.05,1.62,10.05,,,,,,,,,,,,8.83
2026-04-05,19,Ferreira do Zêzere,24.8,38.0,0.9,0.1,SE,143.5,4.77,49.9,96.01,10.4,10.17,1.65,10.17,,,,,,,,,,,,8.63
2026-04-05,20,Ferreira do Zêzere,20.5,53.0,1.15,1.2,---,0.52,4.855,70.52,95.93,10.41,9.41,1.44,9.41,,,,,,,,,,,,9.61
2026-04-05,21,Ferreira do Zêzere,18.7,59.0,1.2,1.86,N,2.1,5.646,82.51,95.12,9.35,8.27,1.14,8.27,,,,,,,,,,,,11.24
2026-04-05,22,Ferreira do Zêzere,15.8,72.0,1.1,1.19,SW,0.2,5.781,106.7,94.99,9.13,7.65,1.0,7.65,,,,,,,,,,,,12.33
2026-04-05,23,Ferreira do Zêzere,14.1,79.0,1.32,0.85,---,0.2,5.885,120.9,94.88,9.1,7.41,0.94,7.41,,,,,,,,,,,,13.08
2026-04-06,0,Ferreira do Zêzere,12.9,83.0,1.68,0.48,---,37.4,6.083,132.53,94.68,9.02,6.82,0.81,6.82,,,,,,,,,,,,13.55
2026-04-06,1,Ferreira do Zêzere,11.2,91.0,1.69,0.21,---,58.41,6.174,154.38,94.59,8.91,6.56,0.76,6.56,,,,,,,,,,,,13.66
2026-04-06,2,Ferreira do Zêzere,10.0,95.0,0.5,1.17,N,1.3,6.274,173.54,94.49,8.28,6.03,0.65,6.03,,,,,,,,,,,,14.66
2026-04-06,3,Ferreira do Zêzere,9.3,97.0,1.84,0.81,---,0.3,6.337,178.08,94.43,8.78,6.33,0.71,6.33,,,,,,,,,,,,15.27
2026-04-06,4,Ferreira do Zêzere,8.2,97.0,0.5,0.86,W,919.1,6.432,182.61,94.33,8.1,5.85,0.62,5.85,,,,,,,,,,,,16.03
2026-04-06,5,Ferreira do Zêzere,7.6,98.0,2.38,0.28,---,0.1,6.626,182.05,94.14,8.67,6.24,0.69,6.24,,,,,,,,,,,,15.37
2026-04-06,6,Ferreira do Zêzere,7.6,98.0,1.3,0.5,N,534.5,6.77,182.81,93.99,8.05,5.81,0.61,5.81,,,,,,,,,,,,15.2
2026-04-06,7,Ferreira do Zêzere,7.7,99.0,2.2,0.58,---,101.15,7.033,186.74,93.73,8.12,5.84,0.62,5.84,,,,,,,,,,,,15.68
2026-04-06,8,Ferreira do Zêzere,10.9,94.0,1.0,0.57,W,797.1,7.194,169.57,93.57,7.47,5.47,0.55,5.47,,,,,,,,,,,,15.48
2026-04-06,9,Ferreira do Zêzere,15.6,77.0,0.7,0.48,W,892.2,7.053,125.66,93.71,7.51,5.87,0.62,5.87,,,,,,,,,,,,15.58
2026-04-06,10,Ferreira do Zêzere,18.9,62.0,3.51,0.34,---,1664.99,7.216,82.2,93.55,8.46,7.04,0.86,7.04,,,,,,,,,,,,15.27
2026-04-06,11,Ferreira do Zêzere,22.6,37.0,4.3,0.28,SE,1877.0,6.665,50.97,94.1,9.5,8.72,1.26,8.72,,,,,,,,,,,,15.35
2026-04-06,12,Ferreira do Zêzere,23.3,36.0,5.5,0.13,SE,2380.1,6.763,46.56,94.0,9.95,9.17,1.37,9.17,63.06,7.8,-721.94,63.06,45.63,0.64,8.79,0.36,0.0,0.36,12.0,15.38
2026-04-06,13,Ferreira do Zêzere,23.7,34.0,3.6,0.34,SE,1873.4,6.385,48.22,94.38,9.53,8.92,1.31,8.92,,,,,,,,,,,,15.52
2026-04-06,14,Ferreira do Zêzere,23.6,37.0,3.66,0.24,---,1827.26,6.437,50.2,94.33,9.49,8.79,1.27,8.79,,,,,,,,,,,,15.75
2026-04-06,15,Ferreira do Zêzere,23.8,42.0,2.2,0.31,S,1519.2,6.406,57.07,94.36,8.85,8.15,1.11,8.15,,,,,,,,,,,,15.76
2026-04-06,16,Ferreira do Zêzere,24.1,44.0,3.6,0.88,S,1005.1,6.396,53.42,94.37,9.51,8.65,1.24,8.65,,,,,,,,,,,,15.09
2026-04-06,17,Ferreira do Zêzere,20.9,61.0,4.7,0.3,SW,505.0,6.611,71.95,94.15,9.76,8.16,1.12,8.16,,,,,,,,,,,,14.09
2026-04-06,18,Ferreira do Zêzere,17.3,90.0,3.8,0.81,---,132.57,46.37,138.31,62.59,0.57,0.24,0.0,0.24,,,,,,,,,,,,14.77
2026-04-06,19,Ferreira do Zêzere,16.4,94.0,2.69,0.67,---,58.41,56.44,159.21,56.55,0.37,0.15,0.0,0.15,,,,,,,,,,,,15.34
2026-04-06,20,Ferreira do Zêzere,16.0,94.0,2.86,0.55,---,27.1,60.26,158.05,54.42,0.31,0.13,0.0,0.13,,,,,,,,,,,,14.69
2026-04-06,21,Ferreira do Zêzere,16.2,91.0,4.7,0.1,SE,464.3,62.47,138.06,53.22,0.3,0.12,0.0,0.12,,,,,,,,,,,,12.93
2026-04-06,22,Ferreira do Zêzere,16.0,93.0,2.24,0.1,---,4.81,63.53,149.6,52.65,0.25,0.1,0.0,0.1,,,,,,,,,,,,11.84
2026-04-06,23,Ferreira do Zêzere,15.5,94.0,1.98,0.29,---,35.33,63.46,152.95,52.69,0.25,0.1,0.0,0.1,,,,,,,,,,,,11.28
2026-04-07,0,Ferreira do Zêzere,14.8,95.0,2.01,0.1,---,0.59,59.85,191.38,54.64,0.3,0.1,0.0,0.1,,,,,,,,,,,,10.9
2026-04-07,1,Ferreira do Zêzere,15.7,90.0,1.1,0.1,NW,507.3,54.31,173.94,57.78,0.37,0.13,0.0,0.13,,,,,,,,,,,,10.79
2026-04-07,2,Ferreira do Zêzere,15.8,87.0,1.2,0.83,S,0.2,51.59,162.54,59.39,0.42,0.15,0.0,0.15,,,,,,,,,,,,10.45
2026-04-07,3,Ferreira do Zêzere,15.8,85.0,2.37,0.35,---,7.1,49.31,148.76,60.77,0.48,0.17,0.0,0.17,,,,,,,,,,,,9.99
2026-04-07,4,Ferreira do Zêzere,17.7,70.0,5.4,0.1,SE,11.2,45.68,99.14,63.03,0.64,0.25,0.0,0.25,,,,,,,,,,,,9.23
2026-04-07,5,Ferreira do Zêzere,17.2,74.0,3.4,0.1,SE,92.7,51.55,113.61,59.41,0.47,0.18,0.0,0.18,,,,,,,,,,,,9.05
2026-04-07,6,Ferreira do Zêzere,17.2,72.0,4.5,0.28,SE,4.5,45.54,105.73,63.12,0.61,0.23,0.0,0.23,,,,,,,,,,,,8.83
2026-04-07,7,Ferreira do Zêzere,17.5,68.0,4.15,0.22,---,31.62,40.72,99.36,66.26,0.68,0.27,0.0,0.27,,,,,,,,,,,,8.47
2026-04-07,8,Ferreira do Zêzere,17.1,72.0,5.5,0.13,S,307.7,38.21,101.38,67.97,0.77,0.3,0.0,0.3,,,,,,,,,,,,8.03
2026-04-07,9,Ferreira do Zêzere,17.4,77.0,5.3,0.6,S,461.2,36.0,110.3,69.5,0.8,0.3,0.0,0.3,,,,,,,,,,,,8.15
2026-04-07,10,Ferreira do Zêzere,17.0,83.0,2.7,0.1,SW,298.89,34.83,133.94,70.33,0.72,0.27,0.0,0.27,,,,,,,,,,,,7.91
2026-04-07,11,Ferreira do Zêzere,16.7,84.0,4.92,0.1,---,272.17,35.39,128.52,69.93,0.8,0.29,0.0,0.29,,,,,,,,,,,,7.73
2026-04-07,12,Ferreira do Zêzere,14.7,86.0,2.6,0.4,SW,895.8,36.0,147.48,69.5,0.7,0.25,0.0,0.25,29.78,4.23,-720.08,29.78,117.52,0.0,5.19,0.0,0.0,0.01,12.0,8.0
2026-04-07,13,Ferreira do Zêzere,15.8,73.0,3.6,0.15,S,956.6,32.83,111.97,71.77,0.8,0.3,0.0,0.3,,,,,,,,,,,,7.81
2026-04-07,14,Ferreira do Zêzere,14.9,73.0,3.2,0.1,SW,517.7,31.24,115.37,72.94,0.82,0.31,0.0,0.31,,,,,,,,,,,,7.67
2026-04-07,15,Ferreira do Zêzere,12.7,86.0,2.2,0.6,SW,821.8,38.33,152.71,67.88,0.65,0.23,0.0,0.23,,,,,,,,,,,,7.96
2026-04-07,16,Ferreira do Zêzere,12.2,95.0,2.6,1.7,SW,497.6,54.84,185.94,57.47,0.39,0.13,0.0,0.13,,,,,,,,,,,,8.78
2026-04-07,17,Ferreira do Zêzere,11.8,93.0,2.7,0.1,SE,815.0,54.88,177.03,57.45,0.39,0.13,0.0,0.13,,,,,,,,,,,,8.58
2026-04-07,18,Ferreira do Zêzere,11.7,93.0,2.2,0.1,SE,626.3,50.36,175.99,60.13,0.46,0.16,0.0,0.16,,,,,,,,,,,,7.87
2026-04-07,19,Ferreira do Zêzere,11.4,92.0,2.31,0.33,---,163.25,52.64,170.98,58.76,0.42,0.15,0.0,0.15,,,,,,,,,,,,7.53
2026-04-07,20,Ferreira do Zêzere,10.9,93.0,2.4,0.36,---,4.24,50.82,174.0,59.85,0.46,0.16,0.0,0.16,,,,,,,,,,,,7.34
2026-04-07,21,Ferreira do Zêzere,10.3,91.0,1.9,0.46,SE,3.4,50.76,171.12,59.88,0.45,0.15,0.0,0.15,,,,,,,,,,,,7.7
2026-04-07,22,Ferreira do Zêzere,10.2,91.0,2.09,0.2,---,3.42,50.11,170.94,60.28,0.46,0.16,0.0,0.16,,,,,,,,,,,,7.8
2026-04-07,23,Ferreira do Zêzere,9.4,92.0,0.7,0.15,SE,2.1,50.08,180.33,60.3,0.43,0.15,0.0,0.15,,,,,,,,,,,,7.66
2026-04-08,0,Ferreira do Zêzere,8.8,96.0,1.0,0.1,E,4.3,50.9,180.23,59.8,0.43,0.14,0.0,0.14,,,,,,,,,,,,7.66
2026-04-08,1,Ferreira do Zêzere,8.8,95.0,1.2,0.1,SE,5.93,51.78,176.53,59.27,0.41,0.13,0.0,0.13,,,,,,,,,,,,7.66
2026-04-08,2,Ferreira do Zêzere,9.1,93.0,1.66,0.2,---,12.0,52.59,165.53,58.79,0.41,0.13,0.0,0.13,,,,,,,,,,,,7.03
2026-04-08,3,Ferreira do Zêzere,9.0,91.0,1.67,0.64,---,11.6,53.94,161.41,58.0,0.39,0.13,0.0,0.13,,,,,,,,,,,,7.32
2026-04-08,4,Ferreira do Zêzere,8.5,91.0,1.37,0.1,---,9.4,55.17,163.03,57.28,0.36,0.12,0.0,0.12,,,,,,,,,,,,7.32
2026-04-08,5,Ferreira do Zêzere,8.7,90.0,1.84,0.1,---,6.68,56.08,158.46,56.76,0.36,0.12,0.0,0.12,,,,,,,,,,,,7.32
2026-04-08,6,Ferreira do Zêzere,8.5,89.0,1.82,0.1,---,7.7,57.46,155.35,55.98,0.33,0.11,0.0,0.11,,,,,,,,,,,,7.14
2026-04-08,7,Ferreira do Zêzere,8.2,90.0,2.09,0.1,---,77.82,57.92,156.69,55.72,0.33,0.11,0.0,0.11,,,,,,,,,,,,7.02
2026-04-08,8,Ferreira do Zêzere,10.2,82.0,1.6,0.2,E,537.0,50.26,138.48,60.19,0.45,0.15,0.0,0.15,,,,,,,,,,,,7.09
2026-04-08,9,Ferreira do Zêzere,12.4,75.0,4.0,0.5,SE,1486.0,44.62,112.62,63.71,0.61,0.22,0.0,0.22,,,,,,,,,,,,6.99
2026-04-08,10,Ferreira do Zêzere,13.7,70.0,3.9,0.4,E,1989.1,40.18,103.84,66.63,0.68,0.25,0.0,0.25,,,,,,,,,,,,7.29
2026-04-08,11,Ferreira do Zêzere,15.5,61.0,3.3,0.38,SE,2310.2,33.27,91.53,71.45,0.78,0.3,0.0,0.3,,,,,,,,,,,,7.57
2026-04-08,12,Ferreira do Zêzere,16.0,55.0,2.3,1.14,---,2510.64,26.56,89.45,76.51,0.94,0.37,0.0,0.37,38.3,3.51,-718.07,38.3,94.45,0.03,4.46,0.01,0.0,0.01,12.0,8.31
2026-04-08,13,Ferreira do Zêzere,16.8,51.0,2.4,0.58,---,2387.73,22.15,84.04,80.05,1.29,0.52,0.01,0.52,,,,,,,,,,,,8.74
2026-04-08,14,Ferreira do Zêzere,17.8,48.0,2.54,0.19,---,2503.28,19.22,78.44,82.51,1.73,0.71,0.01,0.71,,,,,,,,,,,,8.83
2026-04-08,15,Ferreira do Zêzere,17.6,47.0,3.5,0.34,SE,1223.1,17.15,74.65,84.3,2.28,0.95,0.02,0.95,,,,,,,,,,,,8.57
2026-04-08,16,Ferreira do Zêzere,17.8,48.0,2.57,0.2,---,1894.0,15.97,75.04,85.34,2.51,1.23,0.04,1.23,,,,,,,,,,,,7.07
2026-04-08,17,Ferreira do Zêzere,18.3,48.0,3.8,0.6,SE,1524.3,15.88,71.12,85.42,2.7,1.5,0.06,1.5,,,,,,,,,,,,7.57
2026-04-08,18,Ferreira do Zêzere,17.8,50.0,2.03,0.49,---,696.43,15.79,80.61,85.5,2.5,1.16,0.04,1.16,,,,,,,,,,,,7.96
2026-04-08,19,Ferreira do Zêzere,15.8,60.0,2.9,1.1,E,149.5,15.52,93.64,85.74,2.7,1.21,0.04,1.21,,,,,,,,,,,,8.73
2026-04-08,20,Ferreira do Zêzere,14.3,65.0,1.83,1.16,---,0.48,15.74,109.53,85.54,2.49,0.92,0.02,0.92,,,,,,,,,,,,9.53
2026-04-08,21,Ferreira do Zêzere,13.7,65.0,2.61,1.56,---,0.1,15.84,109.39,85.45,2.56,0.94,0.02,0.94,,,,,,,,,,,,10.63
2026-04-08,22,Ferreira do Zêzere,11.9,72.0,1.85,1.73,---,67.24,16.03,129.73,85.29,2.41,0.84,0.02,0.84,,,,,,,,,,,,12.16
2026-04-08,23,Ferreira do Zêzere,10.3,80.0,1.89,1.04,---,67.59,16.33,148.62,85.02,2.32,0.78,0.02,0.78,,,,,,,,,,,,13.05
2026-04-09,0,Ferreira do Zêzere,9.1,84.0,1.65,0.57,---,57.24,16.76,154.41,84.64,2.18,0.72,0.02,0.72,,,,,,,,,,,,13.52
2026-04-09,1,Ferreira do Zêzere,8.3,88.0,1.48,0.42,---,81.23,17.17,166.3,84.28,2.06,0.67,0.01,0.67,,,,,,,,,,,,13.84
2026-04-09,2,Ferreira do Zêzere,6.5,94.0,1.67,0.45,---,34.91,17.65,184.74,83.86,1.97,0.63,0.01,0.63,,,,,,,,,,,,14.09
2026-04-09,3,Ferreira do Zêzere,6.8,97.0,1.7,0.1,NW,5.1,18.03,193.52,83.53,1.88,0.6,0.01,0.6,,,,,,,,,,,,13.55
2026-04-09,4,Ferreira do Zêzere,7.8,97.0,1.5,0.1,---,16.45,18.31,193.43,83.29,1.81,0.57,0.01,0.57,,,,,,,,,,,,13.55
2026-04-09,5,Ferreira do Zêzere,7.6,97.0,0.87,0.83,---,18.88,18.47,196.34,83.15,1.72,0.54,0.01,0.54,,,,,,,,,,,,14.28
2026-04-09,6,Ferreira do Zêzere,8.1,96.0,2.1,0.1,---,5.1,19.37,189.94,82.38,1.66,0.53,0.01,0.53,,,,,,,,,,,,14.28
2026-04-09,7,Ferreira do Zêzere,8.5,96.0,0.3,0.1,W,139.7,19.42,194.84,82.34,1.51,0.48,0.01,0.48,,,,,,,,,,,,14.28
2026-04-09,8,Ferreira do Zêzere,9.7,93.0,1.4,0.1,N,487.1,18.91,179.89,82.78,1.68,0.54,0.01,0.54,,,,,,,,,,,,14.18
2026-04-09,9,Ferreira do Zêzere,13.2,82.0,2.2,0.94,NW,1458.7,17.55,141.55,83.95,2.04,0.69,0.01,0.69,,,,,,,,,,,,14.62
2026-04-09,10,Ferreira do Zêzere,16.7,68.0,3.45,1.16,---,2026.48,16.47,103.4,84.9,2.47,0.92,0.02,0.92,,,,,,,,,,,,15.38
2026-04-09,11,Ferreira do Zêzere,19.8,57.0,3.91,1.44,---,2432.91,14.52,80.77,86.64,3.23,1.94,0.09,1.94,,,,,,,,,,,,16.44
2026-04-09,12,Ferreira do Zêzere,21.1,54.0,4.08,1.1,---,2694.58,12.95,73.67,88.07,3.99,2.76,0.16,2.76,46.15,3.57,-717.33,46.15,76.5,0.12,4.52,0.05,0.0,0.05,12.0,16.4
2026-04-09,13,Ferreira do Zêzere,23.8,45.0,4.7,0.93,E,3055.1,11.71,57.34,89.22,4.86,3.82,0.29,3.82,,,,,,,,,,,,16.75
2026-04-09,14,Ferreira do Zêzere,24.8,41.0,3.6,1.3,NE,2863.0,10.68,54.91,90.19,5.28,4.33,0.36,4.33,,,,,,,,,,,,17.86
2026-04-09,15,Ferreira do Zêzere,25.9,39.0,4.26,0.98,---,2577.17,9.85,49.32,90.98,6.12,5.16,0.5,5.16,,,,,,,,,,,,18.5
2026-04-09,16,Ferreira do Zêzere,26.5,35.0,3.8,0.9,E,2260.9,9.36,46.5,91.45,6.39,5.53,0.56,5.53,,,,,,,,,,,,19.2
2026-04-09,17,Ferreira do Zêzere,26.9,34.0,4.09,0.6,---,1675.2,8.85,44.27,91.95,6.95,6.06,0.66,6.06,,,,,,,,,,,,19.2
2026-04-09,18,Ferreira do Zêzere,26.7,33.0,3.01,0.4,---,875.88,8.46,46.71,92.33,6.95,6.07,0.66,6.07,,,,,,,,,,,,19.11
2026-04-09,19,Ferreira do Zêzere,23.4,52.0,2.4,0.27,NW,177.4,8.19,72.05,92.59,6.99,5.37,0.53,5.37,,,,,,,,,,,,18.28
2026-04-09,20,Ferreira do Zêzere,20.3,70.0,1.77,0.15,---,0.54,8.31,106.44,92.47,6.66,4.5,0.39,4.5,,,,,,,,,,,,17.27
2026-04-09,21,Ferreira do Zêzere,19.1,75.0,1.45,0.17,---,22.79,8.34,119.49,92.44,6.53,4.24,0.35,4.24,,,,,,,,,,,,15.88
2026-04-09,22,Ferreira do Zêzere,17.0,81.0,1.82,0.73,---,23.87,8.37,133.72,92.41,6.62,4.11,0.33,4.11,,,,,,,,,,,,14.88
2026-04-09,23,Ferreira do Zêzere,14.5,91.0,0.4,2.24,SW,21.52,8.38,177.71,92.41,6.16,3.52,0.25,3.52,,,,,,,,,,,,16.08
2026-04-10,0,Ferreira do Zêzere,14.1,93.0,0.8,1.22,NE,0.4,8.42,164.26,92.37,6.25,4.16,0.34,4.16,,,,,,,,,,,,16.73
2026-04-10,1,Ferreira do Zêzere,15.2,85.0,2.13,1.68,---,0.6,8.46,135.08,92.33,6.65,4.61,0.41,4.61,,,,,,,,,,,,17.99
2026-04-10,2,Ferreira do Zêzere,15.1,84.0,1.6,0.86,SE,9.7,8.44,135.88,92.35,6.49,4.51,0.39,4.51,,,,,,,,,,,,18.4
2026-04-10,3,Ferreira do Zêzere,15.0,85.0,2.09,0.1,---,21.35,8.5,136.03,92.29,6.6,4.56,0.4,4.56,,,,,,,,,,,,18.4
2026-04-10,4,Ferreira do Zêzere,18.8,57.0,1.9,0.1,---,0.8,8.33,84.22,92.45,6.69,5.33,0.53,5.33,,,,,,,,,,,,18.4
2026-04-10,5,Ferreira do Zêzere,24.0,31.0,1.54,0.3,---,0.8,8.19,51.93,92.59,6.7,6.22,0.69,6.22,,,,,,,,,,,,17.87
2026-04-10,6,Ferreira do Zêzere,23.0,33.0,4.2,0.61,E,0.12,8.14,48.44,92.64,7.71,6.97,0.84,6.97,,,,,,,,,,,,18.38
2026-04-10,7,Ferreira do Zêzere,22.4,35.0,2.4,0.39,E,118.53,8.13,55.62,92.65,7.05,6.32,0.71,6.32,,,,,,,,,,,,18.67
2026-04-10,8,Ferreira do Zêzere,22.4,38.0,3.0,0.54,E,628.1,8.28,55.96,92.5,7.12,6.3,0.71,6.3,,,,,,,,,,,,19.11
2026-04-10,9,Ferreira do Zêzere,23.6,40.0,1.2,0.7,SE,1290.1,8.42,60.78,92.37,6.38,5.7,0.59,5.7,,,,,,,,,,,,18.87
2026-04-10,10,Ferreira do Zêzere,24.8,40.0,1.0,0.4,W,2019.5,8.36,58.55,92.42,6.37,5.76,0.6,5.76,,,,,,,,,,,,18.11
2026-04-10,11,Ferreira do Zêzere,26.6,35.0,1.7,0.41,SE,2326.5,8.26,47.37,92.52,6.68,6.28,0.7,6.28,,,,,,,,,,,,17.08
2026-04-10,12,Ferreira do Zêzere,27.9,31.0,3.4,0.5,SE,2860.6,7.803,37.54,92.97,7.76,7.42,0.95,7.42,66.05,5.98,-715.4,66.05,41.03,0.65,6.95,0.33,0.0,0.33,12.0,16.48
2026-04-10,13,Ferreira do Zêzere,28.8,29.0,2.8,0.29,SE,3062.4,7.482,35.73,93.29,7.87,7.65,1.0,7.65,,,,,,,,,,,,15.84
2026-04-10,14,Ferreira do Zêzere,29.5,29.0,2.99,0.3,---,2749.68,7.177,33.61,93.59,8.28,8.07,1.1,8.07,,,,,,,,,,,,14.84
2026-04-10,15,Ferreira do Zêzere,29.9,29.0,2.53,0.5,---,2537.75,6.916,33.65,93.85,8.39,8.19,1.13,8.19,,,,,,,,,,,,14.36
2026-04-10,16,Ferreira do Zêzere,30.1,29.0,3.9,0.74,SE,2163.3,6.659,30.61,94.1,9.31,8.99,1.33,8.99,,,,,,,,,,,,14.2
2026-04-10,17,Ferreira do Zêzere,29.6,29.0,2.1,2.91,S,1501.5,6.524,35.98,94.24,8.67,8.39,1.17,8.39,,,,,,,,,,,,16.51
2026-04-10,18,Ferreira do Zêzere,28.0,35.0,3.2,1.6,NW,771.5,6.352,40.28,94.41,9.38,8.64,1.24,8.64,,,,,,,,,,,,17.71
2026-04-10,19,Ferreira do Zêzere,24.1,42.0,2.63,0.1,---,192.66,6.285,55.04,94.48,9.2,7.99,1.08,7.99,,,,,,,,,,,,17.54
2026-04-10,20,Ferreira do Zêzere,20.1,61.0,2.8,0.4,NE,224.5,9.61,81.21,91.21,5.87,4.64,0.41,4.64,,,,,,,,,,,,17.79
2026-04-10,21,Ferreira do Zêzere,18.5,73.0,3.56,0.2,---,1.66,16.81,98.1,84.6,2.39,0.99,0.03,0.99,,,,,,,,,,,,17.82
2026-04-10,22,Ferreira do Zêzere,17.1,80.0,0.6,0.1,W,3.5,15.69,129.52,85.59,2.36,0.94,0.02,0.94,,,,,,,,,,,,17.19
2026-04-10,23,Ferreira do Zêzere,14.9,90.0,0.8,1.3,N,0.3,15.07,153.81,86.14,2.57,0.98,0.03,0.98,,,,,,,,,,,,16.25
2026-04-11,0,Ferreira do Zêzere,14.2,93.0,1.4,0.2,NW,6.9,14.89,185.73,86.3,2.71,0.88,0.02,0.88,,,,,,,,,,,,15.23
2026-04-11,1,Ferreira do Zêzere,14.6,90.0,3.0,0.1,NW,5.2,14.96,164.58,86.24,2.91,0.96,0.03,0.96,,,,,,,,,,,,13.65
2026-04-11,2,Ferreira do Zêzere,14.0,94.0,3.0,0.2,N,34.83,15.49,180.89,85.77,2.73,0.88,0.02,0.88,,,,,,,,,,,,12.99
2026-04-11,3,Ferreira do Zêzere,13.8,95.0,2.48,0.1,---,0.3,15.97,187.13,85.34,2.5,0.8,0.02,0.8,,,,,,,,,,,,12.99
2026-04-11,4,Ferreira do Zêzere,13.3,90.57,3.07,0.1,---,1.2,16.62,167.41,84.76,2.38,0.78,0.02,0.78,,,,,,,,,,,,12.99
2026-04-11,5,Ferreira do Zêzere,13.4,91.0,5.4,0.14,NW,0.3,17.18,162.19,84.27,2.51,0.82,0.02,0.82,,,,,,,,,,,,12.83
2026-04-11,6,Ferreira do Zêzere,12.4,88.0,5.1,1.06,N,0.14,17.3,154.29,84.17,2.43,0.8,0.02,0.8,,,,,,,,,,,,13.28
2026-04-11,7,Ferreira do Zêzere,12.9,86.0,3.5,0.47,---,106.16,17.31,152.15,84.16,2.24,0.75,0.02,0.75,,,,,,,,,,,,13.36
2026-04-11,8,Ferreira do Zêzere,14.1,82.0,6.1,0.1,NW,725.8,16.61,130.0,84.77,2.78,0.95,0.02,0.95,,,,,,,,,,,,12.92
2026-04-11,9,Ferreira do Zêzere,15.2,77.0,6.9,0.1,N,726.0,15.5,113.36,85.76,3.31,1.6,0.06,1.6,,,,,,,,,,,,12.32
2026-04-11,10,Ferreira do Zêzere,16.0,75.0,8.0,0.46,NW,1154.48,14.73,104.99,86.45,3.86,2.14,0.1,2.14,,,,,,,,,,,,12.38
2026-04-11,11,Ferreira do Zêzere,16.1,75.0,4.61,0.1,---,1190.58,13.77,113.52,87.32,3.68,1.99,0.09,1.99,,,,,,,,,,,,12.07
2026-04-11,12,Ferreira do Zêzere,16.0,75.0,4.83,0.1,---,1597.49,13.06,112.52,87.97,4.09,2.33,0.12,2.33,37.64,3.51,-714.33,37.64,96.09,0.03,4.45,0.01,0.0,0.01,12.0,11.67
2026-04-11,13,Ferreira do Zêzere,17.4,70.0,6.6,0.1,NW,2772.5,12.25,95.49,88.72,4.97,3.16,0.21,3.16,,,,,,,,,,,,11.48
2026-04-11,14,Ferreira do Zêzere,17.4,68.0,5.78,0.1,---,1705.67,11.7,94.54,89.23,5.14,3.33,0.23,3.33,,,,,,,,,,,,11.28
2026-04-11,15,Ferreira do Zêzere,16.5,69.0,7.24,0.1,---,1820.94,10.92,94.22,89.96,6.14,4.03,0.32,4.03,,,,,,,,,,,,10.88
2026-04-11,16,Ferreira do Zêzere,16.5,64.0,6.24,0.71,---,2114.68,10.67,90.19,90.2,6.04,4.06,0.32,4.06,,,,,,,,,,,,10.85
2026-04-11,17,Ferreira do Zêzere,16.7,60.0,5.22,0.97,---,1442.52,10.49,85.0,90.37,5.88,4.05,0.32,4.05,,,,,,,,,,,,8.91
2026-04-11,18,Ferreira do Zêzere,15.2,63.0,6.03,1.09,---,917.69,10.26,89.16,90.59,6.32,4.26,0.35,4.26,,,,,,,,,,,,8.4
2026-04-11,19,Ferreira do Zêzere,13.7,66.0,5.52,1.63,---,277.11,10.19,100.45,90.66,6.22,4.05,0.32,4.05,,,,,,,,,,,,9.93
2026-04-11,20,Ferreira do Zêzere,12.0,70.0,5.25,1.62,---,2.44,10.48,112.69,90.38,5.9,3.67,0.27,3.67,,,,,,,,,,,,11.15
2026-04-11,21,Ferreira do Zêzere,11.0,70.0,4.84,0.8,---,18.74,10.8,117.26,90.08,5.53,3.37,0.23,3.37,,,,,,,,,,,,11.75
2026-04-11,22,Ferreira do Zêzere,10.4,72.0,5.17,0.27,---,33.69,11.07,120.94,89.82,5.42,3.24,0.22,3.24,,,,,,,,,,,,11.92
2026-04-11,23,Ferreira do Zêzere,10.1,73.0,8.0,0.33,NW,47.03,11.29,114.92,89.62,6.07,3.69,0.27,3.69,,,,,,,,,,,,10.95
2026-04-12,0,Ferreira do Zêzere,9.9,71.0,3.35,0.33,---,62.89,11.38,119.11,89.53,4.75,2.65,0.15,2.65,,,,,,,,,,,,11.08
2026-04-12,1,Ferreira do Zêzere,9.8,68.0,4.24,0.25,---,90.85,11.24,112.94,89.66,5.06,2.91,0.18,2.91,,,,,,,,,,,,11.23
2026-04-12,2,Ferreira do Zêzere,9.0,67.0,4.41,0.25,---,106.58,11.17,113.2,89.73,5.15,2.96,0.19,2.96,,,,,,,,,,,,11.28
2026-04-12,3,Ferreira do Zêzere,8.6,68.0,5.9,0.27,N,122.19,11.16,111.83,89.74,5.56,3.23,0.22,3.23,,,,,,,,,,,,11.45
2026-04-12,4,Ferreira do Zêzere,8.3,67.0,5.0,0.24,N,110.72,11.16,113.77,89.74,5.31,3.05,0.2,3.05,,,,,,,,,,,,11.59
2026-04-12,5,Ferreira do Zêzere,8.2,64.0,4.33,0.38,---,115.35,10.99,112.81,89.9,5.26,3.04,0.19,3.04,,,,,,,,,,,,11.83
2026-04-12,6,Ferreira do Zêzere,8.2,63.0,4.36,0.32,---,0.35,10.71,110.46,90.16,5.47,3.2,0.21,3.2,,,,,,,,,,,,11.09
2026-04-12,7,Ferreira do Zêzere,8.1,64.0,4.78,0.4,---,137.89,10.81,110.52,90.07,5.51,3.22,0.22,3.22,,,,,,,,,,,,11.02
2026-04-12,8,Ferreira do Zêzere,9.7,59.0,4.99,0.2,---,691.18,10.87,101.3,90.01,5.52,3.36,0.23,3.36,,,,,,,,,,,,11.12
2026-04-12,9,Ferreira do Zêzere,12.1,55.0,6.4,0.2,N,1608.1,10.69,88.62,90.18,6.08,3.93,0.31,3.93,,,,,,,,,,,,11.22
2026-04-12,10,Ferreira do Zêzere,13.7,49.0,6.37,0.8,---,1999.74,10.49,80.07,90.37,6.23,4.23,0.35,4.23,,,,,,,,,,,,11.56
2026-04-12,11,Ferreira do Zêzere,15.0,49.0,8.5,1.4,N,2540.8,10.25,74.07,90.6,7.17,4.98,0.47,4.98,,,,,,,,,,,,12.86
2026-04-12,12,Ferreira do Zêzere,15.9,52.0,8.9,0.77,N,3138.8,9.69,73.88,91.14,7.9,5.47,0.55,5.47,45.89,3.1,-713.78,45.89,77.06,0.15,4.05,0.06,0.0,0.06,12.0,13.53
2026-04-12,13,Ferreira do Zêzere,15.8,51.0,6.26,0.57,---,2045.12,9.33,78.55,91.48,7.26,5.04,0.48,5.04,,,,,,,,,,,,14.0
2026-04-12,14,Ferreira do Zêzere,15.8,51.0,6.74,0.65,---,2346.87,8.92,77.96,91.88,7.87,5.46,0.55,5.46,,,,,,,,,,,,14.55
2026-04-12,15,Ferreira do Zêzere,16.1,51.0,6.9,0.9,NW,2636.6,8.79,77.36,92.01,8.08,5.62,0.58,5.62,,,,,,,,,,,,15.35
2026-04-12,16,Ferreira do Zêzere,16.1,49.0,7.6,0.52,NW,2161.8,8.48,74.3,92.31,8.73,6.11,0.67,6.11,,,,,,,,,,,,15.16
2026-04-12,17,Ferreira do Zêzere,15.2,46.0,8.5,2.2,NW,1685.9,8.31,73.62,92.47,9.35,6.52,0.75,6.52,,,,,,,,,,,,16.39
2026-04-12,18,Ferreira do Zêzere,14.2,49.0,5.91,0.74,---,772.25,7.847,83.41,92.93,8.75,5.98,0.64,5.98,,,,,,,,,,,,16.04
2026-04-12,19,Ferreira do Zêzere,12.6,58.0,4.68,0.88,---,256.02,7.969,98.4,92.81,8.09,5.25,0.51,5.25,,,,,,,,,,,,15.29
2026-04-12,20,Ferreira do Zêzere,11.4,63.0,4.24,0.66,---,2.42,8.31,107.26,92.47,7.55,4.75,0.43,4.75,,,,,,,,,,,,14.33
2026-04-12,21,Ferreira do Zêzere,10.8,70.0,3.28,1.0,---,0.2,8.76,120.94,92.04,6.76,4.08,0.33,4.08,,,,,,,,,,,,14.53
2026-04-12,22,Ferreira do Zêzere,10.1,76.0,3.4,0.73,---,117.42,9.15,131.91,91.66,6.44,3.75,0.28,3.75,,,,,,,,,,,,14.99
2026-04-12,23,Ferreira do Zêzere,9.1,80.0,0.5,0.1,SW,133.59,9.65,156.53,91.18,5.2,2.83,0.17,2.83,,,,,,,,,,,,14.76
2026-04-13,0,Ferreira do Zêzere,7.7,89.0,1.93,1.4,---,1.2,10.16,188.73,90.69,5.21,2.64,0.15,2.64,,,,,,,,,,,,15.83
2026-04-13,1,Ferreira do Zêzere,6.3,93.0,1.76,0.3,---,9.1,10.88,204.05,90.0,4.69,2.27,0.12,2.27,,,,,,,,,,,,15.88
2026-04-13,2,Ferreira do Zêzere,5.5,96.0,1.7,0.4,---,11.4,11.57,215.95,89.35,4.26,1.96,0.09,1.96,,,,,,,,,,,,16.03
2026-04-13,3,Ferreira do Zêzere,6.8,97.0,1.0,0.3,NE,266.3,12.45,220.76,88.53,3.65,1.47,0.05,1.47,,,,,,,,,,,,16.06
2026-04-13,4,Ferreira do Zêzere,6.2,98.0,1.7,0.15,---,36.2,12.99,223.69,88.03,3.52,1.35,0.05,1.35,,,,,,,,,,,,15.97
2026-04-13,5,Ferreira do Zêzere,6.9,98.0,1.28,0.15,---,23.1,13.74,223.73,87.35,3.13,0.96,0.03,0.96,,,,,,,,,,,,15.74
2026-04-13,6,Ferreira do Zêzere,6.9,97.0,1.17,0.29,---,2.24,14.3,219.85,86.84,2.89,0.89,0.02,0.89,,,,,,,,,,,,15.71
2026-04-13,7,Ferreira do Zêzere,7.8,97.0,0.4,0.1,SE,438.9,14.69,221.27,86.48,2.65,0.81,0.02,0.81,,,,,,,,,,,,15.41
2026-04-13,8,Ferreira do Zêzere,8.8,93.0,0.2,0.2,NE,482.1,14.5,209.66,86.66,2.68,0.82,0.02,0.82,,,,,,,,,,,,15.41
2026-04-13,9,Ferreira do Zêzere,10.5,89.0,0.9,0.1,N,498.9,13.7,189.76,87.38,3.08,0.94,0.02,0.94,,,,,,,,,,,,15.31
2026-04-13,10,Ferreira do Zêzere,12.4,83.0,2.2,0.1,N,1204.4,13.18,160.69,87.86,3.52,1.35,0.05,1.35,,,,,,,,,,,,14.61
2026-04-13,11,Ferreira do Zêzere,13.9,75.0,1.2,0.5,W,893.2,12.55,144.72,88.44,3.64,1.51,0.06,1.51,,,,,,,,,,,,13.71
2026-04-13,12,Ferreira do Zêzere,13.9,77.0,2.7,0.87,N,981.1,12.31,139.72,88.66,4.05,1.82,0.08,1.82,26.84,1.75,-713.68,26.84,126.53,0.0,2.68,0.0,0.0,0.01,12.0,13.81
2026-04-13,13,Ferreira do Zêzere,15.0,71.0,2.2,0.1,NW,1150.3,11.58,127.59,89.34,4.36,2.18,0.11,2.18,,,,,,,,,,,,13.34
2026-04-13,14,Ferreira do Zêzere,16.0,62.0,3.9,0.21,NW,1325.2,11.18,103.5,89.72,5.01,2.87,0.18,2.87,,,,,,,,,,,,12.9
2026-04-13,15,Ferreira do Zêzere,16.3,59.0,5.3,0.7,NW,1210.1,10.97,94.42,89.92,5.53,3.32,0.23,3.32,,,,,,,,,,,,12.7
2026-04-13,16,Ferreira do Zêzere,15.9,63.0,4.03,0.1,---,1311.3,10.81,104.05,90.07,5.3,3.06,0.2,3.06,,,,,,,,,,,,12.28
2026-04-13,17,Ferreira do Zêzere,16.1,62.0,4.8,0.3,NW,1062.0,10.5,97.72,90.36,5.75,3.41,0.24,3.41,,,,,,,,,,,,10.38
2026-04-13,18,Ferreira do Zêzere,14.9,69.0,2.8,0.83,NW,378.1,10.68,118.13,90.19,5.07,2.75,0.16,2.75,,,,,,,,,,,,10.47
2026-04-13,19,Ferreira do Zêzere,14.9,68.0,2.05,0.32,---,169.7,10.94,119.44,89.95,4.72,2.51,0.14,2.51,,,,,,,,,,,,9.91
2026-04-13,20,Ferreira do Zêzere,13.8,73.0,1.74,0.86,---,2.33,11.27,132.51,89.63,4.44,2.19,0.11,2.19,,,,,,,,,,,,10.11
2026-04-13,21,Ferreira do Zêzere,13.3,79.0,1.13,0.15,---,35.3,12.47,147.61,88.51,3.67,1.48,0.05,1.48,,,,,,,,,,,,9.26
2026-04-13,22,Ferreira do Zêzere,13.1,84.0,1.0,0.36,N,38.0,15.69,159.48,85.59,2.4,0.74,0.02,0.74,,,,,,,,,,,,8.89
2026-04-13,23,Ferreira do Zêzere,12.9,87.0,1.1,0.82,---,29.2,21.05,168.89,80.97,1.33,0.41,0.01,0.41,,,,,,,,,,,,9.61
2026-04-14,0,Ferreira do Zêzere,12.6,95.0,0.8,0.3,SE,177.3,25.94,189.0,77.0,0.91,0.28,0.0,0.28,,,,,,,,,,,,8.51
2026-04-14,1,Ferreira do Zêzere,12.5,97.0,0.98,0.4,---,11.2,35.42,196.52,69.91,0.66,0.2,0.0,0.2,,,,,,,,,,,,8.61
2026-04-14,2,Ferreira do Zêzere,12.7,98.0,0.96,0.14,---,3.06,37.68,199.6,68.33,0.62,0.19,0.0,0.19,,,,,,,,,,,,8.35
2026-04-14,3,Ferreira do Zêzere,12.8,98.0,0.67,0.83,---,55.2,43.79,202.34,64.24,0.53,0.16,0.0,0.16,,,,,,,,,,,,8.88
2026-04-14,4,Ferreira do Zêzere,12.9,98.0,0.84,0.7,---,1.9,43.47,203.98,64.45,0.54,0.16,0.0,0.16,,,,,,,,,,,,9.43
2026-04-14,5,Ferreira do Zêzere,12.8,98.0,0.9,0.6,---,68.2,43.69,205.43,64.31,0.54,0.16,0.0,0.16,,,,,,,,,,,,9.88
2026-04-14,6,Ferreira do Zêzere,12.5,99.0,0.5,0.15,SW,346.9,43.84,209.97,64.21,0.52,0.16,0.0,0.16,,,,,,,,,,,,9.74
2026-04-14,7,Ferreira do Zêzere,12.6,99.0,0.33,0.2,---,106.35,43.36,210.57,64.52,0.53,0.16,0.0,0.16,,,,,,,,,,,,9.84
2026-04-14,8,Ferreira do Zêzere,13.1,97.0,0.6,0.1,NW,384.8,41.16,201.5,65.97,0.56,0.17,0.0,0.17,,,,,,,,,,,,9.74
2026-04-14,9,Ferreira do Zêzere,14.7,89.0,1.13,0.1,---,890.06,39.12,168.33,67.34,0.61,0.19,0.0,0.19,,,,,,,,,,,,9.74
2026-04-14,10,Ferreira do Zêzere,16.0,82.0,1.1,0.43,N,1288.9,38.1,147.52,68.04,0.62,0.19,0.0,0.19,,,,,,,,,,,,10.07
2026-04-14,11,Ferreira do Zêzere,17.4,75.0,1.0,0.1,NW,1604.2,33.85,129.12,71.04,0.68,0.21,0.0,0.21,,,,,,,,,,,,9.67
2026-04-14,12,Ferreira do Zêzere,18.1,74.0,3.0,0.1,W,1461.0,28.11,112.04,75.31,0.91,0.29,0.0,0.29,30.76,1.44,-711.49,30.76,114.65,0.0,2.37,0.0,0.0,0.01,12.0,8.9
2026-04-14,13,Ferreira do Zêzere,17.7,75.0,2.9,0.2,NW,1106.5,24.36,115.55,78.26,1.11,0.35,0.0,0.35,,,,,,,,,,,,9.0
2026-04-14,14,Ferreira do Zêzere,19.5,67.0,3.6,0.1,NW,2221.8,20.06,94.69,81.8,1.67,0.56,0.01,0.56,,,,,,,,,,,,8.89
2026-04-14,15,Ferreira do Zêzere,20.1,64.0,3.9,0.1,NW,1823.59,17.86,87.01,83.68,2.15,0.74,0.02,0.74,,,,,,,,,,,,8.29
2026-04-14,16,Ferreira do Zêzere,19.9,66.0,3.4,0.1,NW,1646.0,16.24,91.94,85.1,2.54,0.86,0.02,0.86,,,,,,,,,,,,8.29
2026-04-14,17,Ferreira do Zêzere,18.9,66.0,3.9,0.1,NW,928.34,15.56,92.45,85.7,2.83,0.95,0.03,0.95,,,,,,,,,,,,8.09
2026-04-14,18,Ferreira do Zêzere,18.7,66.0,4.5,0.01,NW,863.72,15.31,89.4,85.93,3.01,1.11,0.03,1.11,,,,,,,,,,,,7.27
2026-04-14,19,Ferreira do Zêzere,17.4,68.0,3.3,0.01,NW,202.3,15.53,98.68,85.73,2.75,0.91,0.02,0.91,,,,,,,,,,,,6.96
2026-04-14,20,Ferreira do Zêzere,14.7,79.0,1.6,0.01,NW,5.6,16.08,127.95,85.24,2.36,0.72,0.02,0.72,,,,,,,,,,,,6.11
2026-04-14,21,Ferreira do Zêzere,13.0,89.0,1.1,0.01,N,0.4,17.0,156.08,84.43,2.06,0.63,0.01,0.63,,,,,,,,,,,,5.97
2026-04-14,22,Ferreira do Zêzere,12.3,95.0,1.3,0.01,N,599.1,18.02,172.22,83.54,1.85,0.57,0.01,0.57,,,,,,,,,,,,5.62
2026-04-14,23,Ferreira do Zêzere,11.4,97.0,0.8,0.1,NE,466.6,18.99,175.26,82.71,1.62,0.5,0.01,0.5,,,,,,,,,,,,4.9
2026-04-15,0,Ferreira do Zêzere,10.6,98.0,1.7,0.1,N,152.8,19.85,145.4,81.98,1.55,0.47,0.01,0.47,,,,,,,,,,,,4.7
2026-04-15,1,Ferreira do Zêzere,10.2,99.0,1.31,0.1,---,28.37,20.92,145.09,81.07,1.37,0.42,0.01,0.42,,,,,,,,,,,,4.4
2026-04-15,2,Ferreira do Zêzere,8.7,99.0,1.06,0.1,---,2.3,21.41,144.86,80.67,1.29,0.39,0.01,0.39,,,,,,,,,,,,4.36
2026-04-15,3,Ferreira do Zêzere,9.6,100.0,2.5,0.1,N,64.0,22.14,136.9,80.06,1.3,0.4,0.01,0.4,,,,,,,,,,,,3.63
2026-04-15,4,Ferreira do Zêzere,10.9,99.0,1.44,0.17,---,34.4,22.74,125.3,79.57,1.17,0.36,0.0,0.36,,,,,,,,,,,,3.1
2026-04-15,5,Ferreira do Zêzere,11.3,99.0,1.42,0.1,---,35.1,23.17,115.78,79.22,1.13,0.35,0.0,0.35,,,,,,,,,,,,2.6
2026-04-15,6,Ferreira do Zêzere,11.6,98.0,1.11,0.1,---,9.4,23.93,112.77,78.6,1.05,0.32,0.0,0.32,,,,,,,,,,,,2.55
2026-04-15,7,Ferreira do Zêzere,11.4,96.0,0.68,0.2,---,163.47,24.45,109.55,78.18,0.99,0.31,0.0,0.31,,,,,,,,,,,,2.55
2026-04-15,8,Ferreira do Zêzere,12.1,94.0,2.6,0.1,NW,442.6,22.97,102.49,79.38,1.22,0.38,0.0,0.38,,,,,,,,,,,,2.55
2026-04-15,9,Ferreira do Zêzere,13.6,90.0,1.01,0.1,---,1093.94,20.33,97.48,81.57,1.42,0.46,0.01,0.46,,,,,,,,,,,,2.55
2026-04-15,10,Ferreira do Zêzere,16.5,77.0,3.0,0.1,NW,2422.9,18.5,67.89,83.13,1.91,0.68,0.01,0.68,,,,,,,,,,,,2.22
2026-04-15,11,Ferreira do Zêzere,17.5,71.0,2.9,0.1,NW,1630.5,15.87,61.37,85.43,2.59,0.95,0.02,0.95,,,,,,,,,,,,2.22
2026-04-15,12,Ferreira do Zêzere,18.9,66.0,4.0,0.01,NW,2540.0,14.16,52.84,86.96,3.39,1.95,0.09,1.95,50.1,2.2,-707.13,50.1,68.44,0.2,3.13,0.07,0.0,0.07,12.0,2.13
2026-04-15,13,Ferreira do Zêzere,19.6,63.0,2.3,0.01,NW,3088.0,12.93,51.29,88.09,3.66,2.3,0.12,2.3,,,,,,,,,,,,1.94
2026-04-15,14,Ferreira do Zêzere,20.7,60.0,3.4,0.01,NW,3335.2,11.98,45.24,88.97,4.39,3.07,0.2,3.07,,,,,,,,,,,,1.85
2026-04-15,15,Ferreira do Zêzere,21.2,57.0,3.3,0.1,NW,2768.6,11.16,43.08,89.74,4.88,3.56,0.26,3.56,,,,,,,,,,,,1.85
2026-04-15,16,Ferreira do Zêzere,21.5,53.0,3.8,0.01,NW,2411.8,10.62,39.27,90.25,5.38,4.12,0.33,4.12,,,,,,,,,,,,1.76
2026-04-15,17,Ferreira do Zêzere,21.4,54.0,4.2,0.01,NW,1738.3,10.27,38.74,90.58,5.76,4.45,0.38,4.45,,,,,,,,,,,,1.67
2026-04-15,18,Ferreira do Zêzere,20.1,60.0,3.72,0.1,---,1094.23,10.05,44.77,90.79,5.79,4.24,0.35,4.24,,,,,,,,,,,,1.76
2026-04-15,19,Ferreira do Zêzere,17.7,66.0,4.8,0.01,NW,221.9,9.99,49.79,90.85,6.17,4.3,0.36,4.3,,,,,,,,,,,,1.76
2026-04-15,20,Ferreira do Zêzere,15.2,74.0,3.3,0.1,NW,6.1,10.6,61.62,90.27,5.26,3.34,0.23,3.34,,,,,,,,,,,,1.85
2026-04-15,21,Ferreira do Zêzere,13.6,82.0,2.1,0.01,NW,23.99,11.3,72.95,89.61,4.5,2.6,0.15,2.6,,,,,,,,,,,,1.85
2026-04-15,22,Ferreira do Zêzere,12.5,89.0,2.69,0.01,---,27.49,12.11,81.21,88.85,4.16,2.21,0.11,2.21,,,,,,,,,,,,1.85
2026-04-15,23,Ferreira do Zêzere,12.0,94.0,2.21,0.1,---,0.72,12.98,89.85,88.04,3.62,1.69,0.07,1.69,,,,,,,,,,,,1.85
2026-04-16,0,Ferreira do Zêzere,11.4,95.0,2.06,0.01,---,0.4,13.38,67.91,87.68,3.41,2.17,0.11,2.17,,,,,,,,,,,,1.76
2026-04-16,1,Ferreira do Zêzere,11.5,95.0,4.0,0.1,NW,1.2,13.87,66.86,87.23,3.52,2.28,0.12,2.28,,,,,,,,,,,,1.76
2026-04-16,2,Ferreira do Zêzere,11.5,95.0,3.1,0.1,NW,2.3,14.69,67.3,86.48,3.03,1.79,0.08,1.79,,,,,,,,,,,,1.76
2026-04-16,3,Ferreira do Zêzere,10.18,93.55,2.17,0.4,---,37.03,15.73,73.01,85.55,2.54,1.0,0.03,1.0,,,,,,,,,,,,2.06
2026-04-16,4,Ferreira do Zêzere,9.61,94.69,1.16,0.1,S,59.68,16.51,73.8,84.86,2.19,0.87,0.02,0.87,,,,,,,,,,,,1.99
2026-04-16,5,Ferreira do Zêzere,11.3,95.0,1.6,0.1,N,264.6,17.39,73.37,84.09,2.02,0.8,0.02,0.8,,,,,,,,,,,,1.99
2026-04-16,6,Ferreira do Zêzere,10.0,97.0,0.7,0.1,NE,439.6,18.0,76.5,83.56,1.8,0.71,0.01,0.71,,,,,,,,,,,,1.99
2026-04-16,7,Ferreira do Zêzere,9.4,98.0,1.04,0.13,---,202.95,18.67,75.72,82.98,1.7,0.67,0.01,0.67,,,,,,,,,,,,1.92
2026-04-16,8,Ferreira do Zêzere,12.3,96.0,3.4,0.1,NW,702.7,17.99,71.78,83.57,2.06,0.82,0.02,0.82,,,,,,,,,,,,1.92
2026-04-16,9,Ferreira do Zêzere,15.2,83.0,2.7,0.01,NW,1657.2,16.62,55.31,84.76,2.34,0.99,0.03,0.99,,,,,,,,,,,,1.83
2026-04-16,10,Ferreira do Zêzere,17.9,72.0,1.77,0.01,---,2277.83,15.26,46.0,85.97,2.64,1.67,0.07,1.67,,,,,,,,,,,,1.74
2026-04-16,11,Ferreira do Zêzere,20.3,62.0,2.8,0.01,NW,2538.7,13.14,36.53,87.9,3.65,3.0,0.19,3.0,,,,,,,,,,,,1.65
2026-04-16,12,Ferreira do Zêzere,21.9,52.0,2.19,0.1,---,2941.6,11.51,32.55,89.41,4.4,3.91,0.3,3.91,66.32,4.18,-702.24,66.32,40.63,0.62,5.13,0.27,0.0,0.27,12.0,1.74
2026-04-16,13,Ferreira do Zêzere,23.4,51.0,2.64,0.1,---,3105.3,10.36,30.91,90.5,5.26,4.77,0.43,4.77,,,,,,,,,,,,1.83
2026-04-16,14,Ferreira do Zêzere,24.2,45.0,2.8,0.48,NW,3147.3,9.42,30.62,91.4,6.03,5.46,0.55,5.46,,,,,,,,,,,,2.3
2026-04-16,15,Ferreira do Zêzere,24.5,44.0,2.48,0.56,---,2694.94,9.0,32.87,91.8,6.28,5.61,0.58,5.61,,,,,,,,,,,,2.76
2026-04-16,16,Ferreira do Zêzere,24.5,50.0,2.79,1.13,---,2162.88,8.46,40.56,92.33,6.87,5.8,0.61,5.8,,,,,,,,,,,,3.88
2026-04-16,17,Ferreira do Zêzere,23.5,53.0,3.51,1.18,---,1647.75,8.35,46.91,92.43,7.23,5.87,0.62,5.87,,,,,,,,,,,,5.05
2026-04-16,18,Ferreira do Zêzere,21.8,55.0,3.01,0.48,---,1082.23,8.2,53.52,92.58,7.2,5.68,0.59,5.68,,,,,,,,,,,,5.43
2026-04-16,19,Ferreira do Zêzere,19.4,61.0,2.81,0.88,---,352.97,8.23,66.03,92.55,7.1,5.3,0.52,5.3,,,,,,,,,,,,6.3
2026-04-16,20,Ferreira do Zêzere,16.7,70.0,2.03,2.27,---,5.07,8.69,89.79,92.1,6.41,4.42,0.38,4.42,,,,,,,,,,,,8.47
2026-04-16,21,Ferreira do Zêzere,14.5,77.0,1.75,0.39,---,18.73,9.35,105.61,91.46,5.77,3.75,0.28,3.75,,,,,,,,,,,,8.85
2026-04-16,22,Ferreira do Zêzere,13.1,82.0,1.94,0.6,---,32.74,9.92,117.17,90.92,5.39,3.34,0.23,3.34,,,,,,,,,,,,9.44
2026-04-16,23,Ferreira do Zêzere,12.3,89.0,2.1,0.85,N,0.1,10.55,134.83,90.32,4.99,2.91,0.18,2.91,,,,,,,,,,,,10.19
2026-04-17,0,Ferreira do Zêzere,11.6,94.0,3.2,2.4,N,3.3,11.16,168.39,89.74,4.85,2.77,0.16,2.77,,,,,,,,,,,,12.58
2026-04-17,1,Ferreira do Zêzere,11.7,96.0,2.3,1.14,NW,4.6,11.67,180.71,89.26,4.33,2.34,0.12,2.34,,,,,,,,,,,,13.62
2026-04-17,2,Ferreira do Zêzere,11.8,96.0,4.4,0.54,NW,5.3,12.49,178.1,88.5,4.31,2.32,0.12,2.32,,,,,,,,,,,,14.06
2026-04-17,3,Ferreira do Zêzere,11.6,95.0,1.53,0.6,---,0.1,13.42,179.98,87.64,3.3,1.47,0.05,1.47,,,,,,,,,,,,14.26
2026-04-17,4,Ferreira do Zêzere,11.5,94.0,3.9,0.1,N,2.8,14.49,170.53,86.66,3.24,1.42,0.05,1.42,,,,,,,,,,,,14.26
2026-04-17,5,Ferreira do Zêzere,11.4,95.0,2.8,0.34,NW,3.9,15.99,177.5,85.32,2.54,0.86,0.02,0.86,,,,,,,,,,,,14.5
2026-04-17,6,Ferreira do Zêzere,11.3,96.0,2.8,0.1,N,6.2,17.12,181.85,84.33,2.21,0.75,0.02,0.75,,,,,,,,,,,,14.5
2026-04-17,7,Ferreira do Zêzere,11.2,95.0,2.8,0.2,N,114.6,17.09,177.8,84.35,2.22,0.75,0.02,0.75,,,,,,,,,,,,14.57
2026-04-17,8,Ferreira do Zêzere,11.8,91.0,2.6,0.48,N,651.3,16.16,163.47,85.17,2.46,0.85,0.02,0.85,,,,,,,,,,,,14.95
2026-04-17,9,Ferreira do Zêzere,14.1,84.0,2.5,1.03,NW,1635.59,14.49,141.23,86.66,3.02,1.33,0.05,1.33,,,,,,,,,,,,15.97
2026-04-17,10,Ferreira do Zêzere,16.4,78.0,2.0,0.78,NW,2330.9,13.25,126.16,87.79,3.46,1.89,0.08,1.89,,,,,,,,,,,,16.74
2026-04-17,11,Ferreira do Zêzere,19.5,66.0,1.4,0.5,NW,2501.9,11.36,102.11,89.55,4.31,2.92,0.18,2.92,,,,,,,,,,,,17.23
2026-04-17,12,Ferreira do Zêzere,22.6,48.0,1.7,0.62,NW,3218.3,9.94,71.63,90.9,5.31,4.25,0.35,4.25,50.98,4.42,-701.77,50.98,66.72,0.2,5.37,0.09,0.0,0.09,12.0,17.75
2026-04-17,13,Ferreira do Zêzere,25.0,43.0,1.4,1.16,W,3123.5,8.91,62.74,91.89,6.02,5.09,0.48,5.09,,,,,,,,,,,,18.81
2026-04-17,14,Ferreira do Zêzere,26.3,40.0,1.1,1.0,W,3232.4,8.27,58.63,92.51,6.48,5.63,0.58,5.63,,,,,,,,,,,,19.33
2026-04-17,15,Ferreira do Zêzere,27.4,39.0,3.59,2.05,---,2757.63,7.764,46.72,93.01,7.87,6.88,0.83,6.88,,,,,,,,,,,,20.82
2026-04-17,16,Ferreira do Zêzere,27.1,41.0,2.82,1.36,---,2249.67,7.469,50.96,93.3,7.89,6.81,0.81,6.81,,,,,,,,,,,,21.05
2026-04-17,17,Ferreira do Zêzere,25.8,52.0,2.99,0.88,---,1716.55,7.358,62.72,93.41,8.08,6.52,0.75,6.52,,,,,,,,,,,,20.75
2026-04-17,18,Ferreira do Zêzere,24.6,55.0,3.11,0.9,---,1081.53,7.338,68.57,93.43,8.15,6.41,0.73,6.41,,,,,,,,,,,,21.17
2026-04-17,19,Ferreira do Zêzere,22.0,58.0,3.6,0.67,NW,253.8,7.297,77.06,93.47,8.4,6.36,0.72,6.36,,,,,,,,,,,,20.96
2026-04-17,20,Ferreira do Zêzere,19.1,67.0,2.9,0.84,NW,8.3,7.596,98.24,93.17,7.78,5.53,0.56,5.53,,,,,,,,,,,,19.53
2026-04-17,21,Ferreira do Zêzere,16.9,74.0,3.3,0.68,NW,0.1,7.799,113.62,92.97,7.72,5.23,0.51,5.23,,,,,,,,,,,,19.82
2026-04-17,22,Ferreira do Zêzere,15.4,78.0,2.9,1.12,NW,49.56,7.969,126.97,92.81,7.39,4.86,0.45,4.86,,,,,,,,,,,,20.34
2026-04-17,23,Ferreira do Zêzere,14.0,83.0,1.63,1.04,---,46.18,8.19,147.78,92.59,6.73,4.27,0.35,4.27,,,,,,,,,,,,20.53
2026-04-18,0,Ferreira do Zêzere,13.0,86.0,1.7,1.59,N,35.38,8.24,154.48,92.54,6.7,4.36,0.37,4.36,,,,,,,,,,,,19.72
2026-04-18,1,Ferreira do Zêzere,12.3,89.0,2.24,1.87,---,28.19,8.27,162.37,92.51,6.86,4.4,0.37,4.4,,,,,,,,,,,,20.45
2026-04-18,2,Ferreira do Zêzere,11.7,92.0,1.92,1.57,---,32.47,8.31,175.23,92.47,6.71,4.23,0.35,4.23,,,,,,,,,,,,21.48
2026-04-18,3,Ferreira do Zêzere,11.6,92.0,1.63,0.92,---,31.82,8.33,176.75,92.45,6.6,4.15,0.34,4.15,,,,,,,,,,,,21.8
2026-04-18,4,Ferreira do Zêzere,11.6,91.0,1.65,0.94,---,30.52,8.37,174.03,92.41,6.57,4.14,0.34,4.14,,,,,,,,,,,,22.64
2026-04-18,5,Ferreira do Zêzere,10.8,93.0,1.55,0.77,---,1.2,8.52,182.44,92.27,6.4,3.99,0.31,3.99,,,,,,,,,,,,23.07
2026-04-18,6,Ferreira do Zêzere,11.3,92.0,1.4,0.59,N,4.2,8.58,179.49,92.21,6.3,3.94,0.31,3.94,,,,,,,,,,,,23.56
2026-04-18,7,Ferreira do Zêzere,10.8,94.0,1.81,0.91,---,142.01,8.83,186.11,91.97,6.22,3.84,0.29,3.84,,,,,,,,,,,,24.27
2026-04-18,8,Ferreira do Zêzere,12.7,88.0,1.31,0.35,---,692.74,8.97,166.11,91.83,5.95,3.77,0.28,3.77,,,,,,,,,,,,24.14
2026-04-18,9,Ferreira do Zêzere,16.3,75.0,1.8,0.38,---,1610.48,8.94,125.06,91.86,6.12,4.2,0.35,4.2,,,,,,,,,,,,23.49
2026-04-18,10,Ferreira do Zêzere,19.6,68.0,2.33,1.15,---,2365.22,8.8,101.98,92.0,6.41,4.68,0.42,4.68,,,,,,,,,,,,23.86
2026-04-18,11,Ferreira do Zêzere,23.7,59.0,1.74,0.23,---,2648.64,8.43,81.48,92.36,6.54,5.17,0.5,5.17,,,,,,,,,,,,23.59
2026-04-18,12,Ferreira do Zêzere,26.3,46.0,1.6,2.15,W,3085.5,8.01,61.95,92.77,6.88,5.93,0.63,5.93,53.18,5.09,-702.69,53.18,62.54,0.25,6.05,0.12,0.0,0.12,12.0,25.12
2026-04-18,13,Ferreira do Zêzere,27.0,44.0,1.7,1.14,SW,3251.8,7.67,57.91,93.1,7.25,6.33,0.71,6.33,,,,,,,,,,,,25.1
2026-04-18,14,Ferreira do Zêzere,28.4,42.0,1.9,0.56,SW,3144.7,7.349,51.78,93.42,7.66,6.81,0.81,6.81,,,,,,,,,,,,24.66
2026-04-18,15,Ferreira do Zêzere,28.5,38.0,2.3,0.44,NW,2874.8,7.037,46.95,93.73,8.16,7.36,0.93,7.36,,,,,,,,,,,,23.05
2026-04-18,16,Ferreira do Zêzere,29.0,35.0,2.4,0.34,---,2291.11,6.704,43.31,94.06,8.58,7.85,1.04,7.85,,,,,,,,,,,,22.03
2026-04-18,17,Ferreira do Zêzere,29.2,35.0,2.65,0.62,---,1730.21,6.496,42.08,94.27,8.94,8.15,1.12,8.15,,,,,,,,,,,,21.77
2026-04-18,18,Ferreira do Zêzere,27.9,40.0,2.61,0.44,---,1054.4,6.454,48.48,94.31,8.98,7.91,1.06,7.91,,,,,,,,,,,,21.31
2026-04-18,19,Ferreira do Zêzere,24.3,54.0,2.3,0.93,---,320.05,6.502,70.91,94.26,8.78,7.06,0.87,7.06,,,,,,,,,,,,21.57
2026-04-18,20,Ferreira do Zêzere,20.8,64.0,2.0,0.23,---,4.74,6.715,93.46,94.05,8.4,6.3,0.71,6.3,,,,,,,,,,,,20.96
2026-04-18,21,Ferreira do Zêzere,18.0,72.0,1.82,0.5,---,27.59,6.896,113.91,93.87,8.12,5.77,0.6,5.77,,,,,,,,,,,,20.78
2026-04-18,22,Ferreira do Zêzere,17.7,71.0,1.36,0.1,---,36.61,7.096,115.26,93.67,7.72,5.51,0.56,5.51,,,,,,,,,,,,19.76
2026-04-18,23,Ferreira do Zêzere,15.8,78.0,1.54,0.3,---,67.03,7.192,130.78,93.57,7.68,5.26,0.51,5.26,,,,,,,,,,,,19.02
2026-04-19,0,Ferreira do Zêzere,14.5,82.0,0.87,0.4,---,0.1,7.384,142.12,93.38,7.23,4.99,0.47,4.99,,,,,,,,,,,,17.83
2026-04-19,1,Ferreira do Zêzere,13.3,86.0,1.66,0.1,---,28.19,7.663,146.38,93.11,7.24,4.91,0.46,4.91,,,,,,,,,,,,16.06
2026-04-19,2,Ferreira do Zêzere,12.1,92.0,2.19,0.33,---,0.3,7.956,161.25,92.82,7.14,4.73,0.43,4.73,,,,,,,,,,,,14.82
2026-04-19,3,Ferreira do Zêzere,10.9,96.0,0.2,0.1,E,2.3,8.54,180.97,92.25,5.96,3.84,0.29,3.84,,,,,,,,,,,,14.0
2026-04-19,4,Ferreira do Zêzere,10.1,97.0,1.1,1.65,---,1.2,9.05,182.88,91.75,5.82,3.71,0.28,3.71,,,,,,,,,,,,14.71
2026-04-19,5,Ferreira do Zêzere,9.7,98.0,0.3,0.1,NE,276.8,9.61,186.64,91.21,5.18,3.23,0.22,3.23,,,,,,,,,,,,14.04
2026-04-19,6,Ferreira do Zêzere,9.0,98.0,1.67,0.01,---,7.37,10.14,183.22,90.71,5.16,3.22,0.22,3.22,,,,,,,,,,,,13.46
2026-04-19,7,Ferreira do Zêzere,9.4,99.0,1.66,0.1,---,154.6,10.65,184.9,90.22,4.81,2.95,0.18,2.95,,,,,,,,,,,,12.65
2026-04-19,8,Ferreira do Zêzere,12.8,92.0,0.4,0.2,N,880.7,10.54,163.9,90.33,4.58,2.87,0.18,2.87,,,,,,,,,,,,12.5
2026-04-19,9,Ferreira do Zêzere,17.3,79.0,1.62,0.2,---,1620.02,10.02,117.99,90.82,5.23,3.66,0.27,3.66,,,,,,,,,,,,12.32
2026-04-19,10,Ferreira do Zêzere,20.2,71.0,2.15,0.8,---,2349.07,9.7,94.6,91.13,5.61,4.21,0.35,4.21,,,,,,,,,,,,11.97
2026-04-19,11,Ferreira do Zêzere,23.7,53.0,2.45,0.76,---,2712.25,8.91,64.61,91.89,6.35,5.35,0.53,5.35,,,,,,,,,,,,12.5
2026-04-19,12,Ferreira do Zêzere,25.8,44.0,2.0,0.46,S,3070.0,8.16,52.51,92.62,6.88,6.17,0.68,6.17,58.04,5.67,-699.7,58.04,53.87,0.4,6.64,0.19,0.0,0.19,12.0,10.81
2026-04-19,13,Ferreira do Zêzere,26.6,36.0,2.8,0.5,S,2811.7,7.687,42.75,93.08,7.65,7.1,0.87,7.1,,,,,,,,,,,,10.17
2026-04-19,14,Ferreira do Zêzere,27.3,40.0,2.4,0.7,SW,2946.7,7.319,44.81,93.45,7.88,7.22,0.9,7.22,,,,,,,,,,,,10.31
2026-04-19,15,Ferreira do Zêzere,27.6,39.0,2.1,0.35,SW,2928.0,6.902,44.33,93.86,8.23,7.56,0.98,7.56,,,,,,,,,,,,10.22
2026-04-19,16,Ferreira do Zêzere,27.5,39.0,2.37,1.1,---,2275.64,6.768,44.35,94.0,8.49,7.76,1.02,7.76,,,,,,,,,,,,10.98
2026-04-19,17,Ferreira do Zêzere,27.5,38.0,2.42,4.07,---,1791.59,6.498,45.52,94.27,8.84,8.03,1.09,8.03,,,,,,,,,,,,14.43
2026-04-19,18,Ferreira do Zêzere,27.2,39.0,2.19,4.43,---,1009.81,6.413,49.05,94.35,8.84,7.94,1.07,7.94,,,,,,,,,,,,18.42
2026-04-19,19,Ferreira do Zêzere,23.3,54.0,3.5,2.99,NW,253.7,6.393,67.4,94.37,9.47,7.66,1.0,7.66,,,,,,,,,,,,20.48
2026-04-19,20,Ferreira do Zêzere,19.4,61.0,2.0,3.2,N,7.7,6.672,92.31,94.09,8.45,6.49,0.75,6.49,,,,,,,,,,,,23.45
2026-04-19,21,Ferreira do Zêzere,17.8,68.0,1.8,1.41,NW,25.81,7.142,107.4,93.62,7.84,5.8,0.61,5.8,,,,,,,,,,,,24.36
2026-04-19,22,Ferreira do Zêzere,16.3,75.0,1.4,1.1,N,0.1,7.136,125.67,93.63,7.69,5.47,0.55,5.47,,,,,,,,,,,,25.36
2026-04-19,23,Ferreira do Zêzere,15.7,76.0,1.93,0.78,---,32.54,7.356,125.9,93.41,7.66,5.41,0.54,5.41,,,,,,,,,,,,25.84
2026-04-20,0,Ferreira do Zêzere,13.8,84.0,2.36,1.07,---,39.94,7.613,154.12,93.16,7.56,4.93,0.46,4.93,,,,,,,,,,,,26.51
2026-04-20,1,Ferreira do Zêzere,13.1,88.0,1.39,2.14,---,27.94,7.919,173.33,92.86,6.9,4.39,0.37,4.39,,,,,,,,,,,,28.55
2026-04-20,2,Ferreira do Zêzere,12.1,92.0,1.41,1.94,---,28.17,8.21,188.85,92.57,6.63,4.12,0.33,4.12,,,,,,,,,,,,30.16
2026-04-20,3,Ferreira do Zêzere,11.3,95.0,1.6,0.1,---,33.88,8.59,200.67,92.2,6.36,3.88,0.3,3.88,,,,,,,,,,,,30.16
2026-04-20,4,Ferreira do Zêzere,10.5,98.0,1.35,1.54,---,28.54,8.84,214.95,91.96,6.06,3.63,0.27,3.63,,,,,,,,,,,,30.05
2026-04-20,5,Ferreira do Zêzere,9.8,98.0,2.14,1.12,---,32.9,9.49,214.64,91.33,5.77,3.42,0.24,3.42,,,,,,,,,,,,31.07
2026-04-20,6,Ferreira do Zêzere,8.2,99.0,0.5,0.1,NW,125.0,10.26,221.51,90.59,4.78,2.7,0.16,2.7,,,,,,,,,,,,31.16
2026-04-20,7,Ferreira do Zêzere,9.1,99.0,0.4,0.35,W,384.6,10.71,221.65,90.16,4.48,2.47,0.13,2.47,,,,,,,,,,,,31.41
2026-04-20,8,Ferreira do Zêzere,11.2,98.0,1.75,0.35,---,710.65,10.73,214.86,90.14,4.78,2.71,0.16,2.71,,,,,,,,,,,,31.56
2026-04-20,9,Ferreira do Zêzere,15.1,84.0,0.8,0.1,W,1415.8,10.25,163.92,90.6,4.86,3.02,0.19,3.02,,,,,,,,,,,,31.46
2026-04-20,10,Ferreira do Zêzere,18.5,73.0,1.28,0.8,---,1964.37,9.75,126.39,91.08,5.34,3.66,0.27,3.66,,,,,,,,,,,,31.46
2026-04-20,11,Ferreira do Zêzere,22.0,62.0,1.57,0.25,---,2386.82,9.18,95.97,91.63,5.85,4.43,0.38,4.43,,,,,,,,,,,,30.95
2026-04-20,12,Ferreira do Zêzere,24.7,54.0,1.1,0.4,S,2678.5,8.42,80.89,92.37,6.34,5.14,0.49,5.14,45.98,4.95,-702.56,45.98,76.85,0.1,5.91,0.05,0.0,0.05,12.0,30.89
2026-04-20,13,Ferreira do Zêzere,26.7,42.0,2.3,3.13,SE,2478.2,7.932,57.52,92.84,7.21,6.29,0.71,6.29,,,,,,,,,,,,33.52
2026-04-20,14,Ferreira do Zêzere,28.0,39.0,2.9,0.1,---,2661.38,7.452,49.7,93.32,7.94,7.06,0.87,7.06,,,,,,,,,,,,32.92
2026-04-20,15,Ferreira do Zêzere,28.6,37.0,0.9,0.15,W,2398.8,7.199,54.92,93.57,7.43,6.75,0.8,6.75,,,,,,,,,,,,32.72
2026-04-20,16,Ferreira do Zêzere,28.3,42.0,2.0,0.1,W,1938.08,6.796,54.16,93.97,8.31,7.28,0.91,7.28,,,,,,,,,,,,31.72
2026-04-20,17,Ferreira do Zêzere,27.6,43.0,2.57,0.1,---,1469.45,6.739,54.25,94.02,8.61,7.45,0.95,7.45,,,,,,,,,,,,27.75
2026-04-20,18,Ferreira do Zêzere,27.4,44.0,2.03,0.34,---,694.79,6.678,56.95,94.09,8.45,7.29,0.92,7.29,,,,,,,,,,,,23.66
2026-04-20,19,Ferreira do Zêzere,24.2,51.0,1.72,0.45,---,217.73,6.722,73.0,94.04,8.27,6.74,0.8,6.74,,,,,,,,,,,,21.12
2026-04-20,20,Ferreira do Zêzere,20.8,60.0,1.57,1.82,---,5.74,6.966,93.21,93.8,7.94,6.05,0.66,6.05,,,,,,,,,,,,19.74
2026-04-20,21,Ferreira do Zêzere,18.3,70.0,0.4,0.32,E,21.77,7.251,124.73,93.52,7.2,5.15,0.5,5.15,,,,,,,,,,,,18.65
2026-04-20,22,Ferreira do Zêzere,17.2,75.0,1.1,0.2,NE,0.1,7.569,128.49,93.2,7.13,4.96,0.46,4.96,,,,,,,,,,,,17.75
2026-04-20,23,Ferreira do Zêzere,17.2,75.0,0.8,0.18,SE,37.34,7.764,130.63,93.01,6.84,4.75,0.43,4.75,,,,,,,,,,,,17.15
2026-04-21,0,Ferreira do Zêzere,15.8,83.0,3.24,0.57,---,0.26,7.746,126.31,93.03,7.75,5.36,0.53,5.36,,,,,,,,,,,,16.65
2026-04-21,1,Ferreira do Zêzere,15.4,86.0,3.06,0.42,---,0.3,7.676,133.2,93.1,7.76,5.3,0.52,5.3,,,,,,,,,,,,14.93
2026-04-21,2,Ferreira do Zêzere,16.4,80.0,3.56,0.25,---,0.7,7.72,113.02,93.05,7.91,5.58,0.57,5.58,,,,,,,,,,,,13.24
2026-04-21,3,Ferreira do Zêzere,17.5,70.0,4.19,0.12,---,0.1,7.779,92.07,92.99,8.1,5.99,0.65,5.99,,,,,,,,,,,,13.26
2026-04-21,4,Ferreira do Zêzere,22.5,37.0,5.0,0.32,E,0.8,7.713,48.45,93.06,8.51,7.45,0.95,7.45,,,,,,,,,,,,12.04
2026-04-21,5,Ferreira do Zêzere,23.1,35.0,7.8,0.66,E,0.2,7.558,41.67,93.21,10.01,8.72,1.26,8.72,,,,,,,,,,,,11.58
2026-04-21,6,Ferreira do Zêzere,23.8,32.0,7.6,0.39,SE,2.0,7.436,39.14,93.33,10.08,8.92,1.31,8.92,,,,,,,,,,,,11.87
2026-04-21,7,Ferreira do Zêzere,23.7,33.0,7.1,0.3,SE,192.9,7.421,40.42,93.35,9.85,8.7,1.25,8.7,,,,,,,,,,,,11.82
2026-04-21,8,Ferreira do Zêzere,22.9,39.0,4.0,0.55,S,326.2,7.467,50.65,93.3,8.37,7.31,0.92,7.31,,,,,,,,,,,,12.02
2026-04-21,9,Ferreira do Zêzere,20.8,50.0,1.8,0.33,S,360.8,7.487,70.22,93.28,7.47,6.18,0.68,6.18,,,,,,,,,,,,12.25
2026-04-21,10,Ferreira do Zêzere,19.7,52.0,2.3,0.1,E,261.5,7.519,71.86,93.25,7.63,6.2,0.69,6.2,,,,,,,,,,,,11.55
2026-04-21,11,Ferreira do Zêzere,22.7,44.0,5.5,0.35,S,1788.16,7.91,51.06,92.87,8.5,7.26,0.91,7.26,,,,,,,,,,,,11.65
2026-04-21,12,Ferreira do Zêzere,24.7,41.0,5.1,0.1,S,2686.9,7.751,45.3,93.02,8.51,7.5,0.96,7.5,61.03,5.62,-699.92,61.03,48.88,0.56,6.59,0.27,0.0,0.27,12.0,11.35
2026-04-21,13,Ferreira do Zêzere,26.3,38.0,4.39,0.1,---,2296.8,7.325,38.95,93.44,8.71,7.93,1.06,7.93,,,,,,,,,,,,8.32
2026-04-21,14,Ferreira do Zêzere,26.6,42.0,4.6,0.1,S,2719.2,7.146,40.22,93.62,9.02,8.07,1.1,8.07,,,,,,,,,,,,8.32
2026-04-21,15,Ferreira do Zêzere,26.0,47.0,3.9,1.09,SW,1823.6,6.924,46.82,93.84,8.98,7.81,1.03,7.81,,,,,,,,,,,,9.26
2026-04-21,16,Ferreira do Zêzere,25.0,51.0,3.3,0.35,---,1769.71,7.277,53.47,93.49,8.3,7.09,0.87,7.09,,,,,,,,,,,,9.51
2026-04-21,17,Ferreira do Zêzere,23.9,55.0,2.5,0.79,SW,1234.8,7.319,62.4,93.45,7.92,6.6,0.77,6.6,,,,,,,,,,,,10.2
2026-04-21,18,Ferreira do Zêzere,22.3,57.0,3.91,0.99,---,392.87,7.262,64.46,93.5,8.57,6.94,0.84,6.94,,,,,,,,,,,,10.85
2026-04-21,19,Ferreira do Zêzere,20.9,55.0,3.74,1.37,---,81.39,7.308,67.4,93.46,8.45,6.81,0.81,6.81,,,,,,,,,,,,11.77
2026-04-21,20,Ferreira do Zêzere,17.9,78.0,2.85,1.11,---,2.9,7.986,104.99,92.79,7.36,5.32,0.52,5.32,,,,,,,,,,,,11.06
2026-04-21,21,Ferreira do Zêzere,15.9,83.0,2.3,1.47,NW,1.1,8.61,123.43,92.18,6.57,4.57,0.4,4.57,,,,,,,,,,,,12.21
2026-04-21,22,Ferreira do Zêzere,15.4,82.0,1.4,0.16,NW,32.99,9.08,126.54,91.72,5.88,4.07,0.33,4.07,,,,,,,,,,,,12.17
2026-04-21,23,Ferreira do Zêzere,15.3,80.0,2.7,0.1,NW,0.4,9.56,116.47,91.26,5.88,4.1,0.33,4.1,,,,,,,,,,,,12.09
2026-04-22,0,Ferreira do Zêzere,14.6,87.0,1.0,0.21,N,202.4,10.64,154.26,90.23,4.66,2.82,0.17,2.82,,,,,,,,,,,,11.73
2026-04-22,1,Ferreira do Zêzere,13.7,91.0,0.6,0.1,W,233.9,11.04,168.85,89.85,4.33,2.49,0.14,2.49,,,,,,,,,,,,11.41
2026-04-22,2,Ferreira do Zêzere,13.4,94.0,0.3,0.2,S,84.7,11.65,180.33,89.28,3.92,2.12,0.1,2.12,,,,,,,,,,,,11.36
2026-04-22,3,Ferreira do Zêzere,12.9,94.0,0.3,0.2,N,4.0,12.29,180.91,88.68,3.6,1.84,0.08,1.84,,,,,,,,,,,,11.44
2026-04-22,4,Ferreira do Zêzere,11.8,97.0,0.5,1.69,SE,345.0,13.01,193.67,88.02,3.31,1.52,0.06,1.52,,,,,,,,,,,,12.81
2026-04-22,5,Ferreira do Zêzere,10.2,98.0,0.2,0.51,S,184.8,14.0,198.14,87.11,2.86,0.98,0.03,0.98,,,,,,,,,,,,12.66
2026-04-22,6,Ferreira do Zêzere,9.1,98.0,0.1,0.1,E,113.7,15.13,198.05,86.09,2.46,0.84,0.02,0.84,,,,,,,,,,,,12.37
2026-04-22,7,Ferreira do Zêzere,9.6,99.0,0.3,0.1,N,368.2,15.98,199.78,85.33,2.24,0.76,0.02,0.76,,,,,,,,,,,,12.17
2026-04-22,8,Ferreira do Zêzere,13.4,89.0,0.6,1.04,S,986.0,15.56,166.44,85.7,2.39,0.85,0.02,0.85,,,,,,,,,,,,12.66
2026-04-22,9,Ferreira do Zêzere,15.7,72.0,1.0,0.64,S,1494.1,13.86,122.82,87.24,3.03,1.61,0.06,1.61,,,,,,,,,,,,12.97
2026-04-22,10,Ferreira do Zêzere,16.6,68.0,1.5,0.45,S,1658.0,12.84,111.38,88.17,3.56,2.2,0.11,2.2,,,,,,,,,,,,13.32
2026-04-22,11,Ferreira do Zêzere,18.7,58.0,2.0,1.17,SE,2474.9,11.45,91.06,89.47,4.39,3.16,0.21,3.16,,,,,,,,,,,,14.14
2026-04-22,12,Ferreira do Zêzere,20.0,51.0,1.3,2.18,SW,3206.4,10.05,85.25,90.79,5.13,3.96,0.31,3.96,45.08,4.68,-699.52,45.08,78.78,0.09,5.64,0.04,0.0,0.04,12.0,16.22
2026-04-22,13,Ferreira do Zêzere,21.2,47.0,2.09,0.94,---,3244.96,9.19,74.55,91.62,6.0,4.84,0.44,4.84,,,,,,,,,,,,17.06
2026-04-22,14,Ferreira do Zêzere,22.4,43.0,2.0,0.6,SE,3253.0,8.48,68.38,92.31,6.58,5.48,0.55,5.48,,,,,,,,,,,,17.56
2026-04-22,15,Ferreira do Zêzere,22.9,42.0,2.6,0.35,S,2752.4,8.06,63.63,92.72,7.19,6.03,0.65,6.03,,,,,,,,,,,,16.82
2026-04-22,16,Ferreira do Zêzere,23.8,41.0,2.02,0.38,---,2337.17,7.617,62.58,93.15,7.42,6.3,0.71,6.3,,,,,,,,,,,,16.85
2026-04-22,17,Ferreira do Zêzere,23.4,41.0,0.8,0.22,W,1695.6,7.454,69.75,93.31,7.14,6.05,0.66,6.05,,,,,,,,,,,,16.28
2026-04-22,18,Ferreira do Zêzere,23.4,41.0,0.5,0.31,SW,962.5,7.362,71.81,93.41,7.12,6.03,0.66,6.03,,,,,,,,,,,,15.6
2026-04-22,19,Ferreira do Zêzere,20.9,51.0,3.4,0.33,NW,309.2,7.203,72.81,93.56,8.43,6.62,0.77,6.62,,,,,,,,,,,,14.56
2026-04-22,20,Ferreira do Zêzere,16.7,67.0,3.1,0.15,NW,10.2,7.482,102.24,93.29,7.99,5.68,0.59,5.68,,,,,,,,,,,,13.6
2026-04-22,21,Ferreira do Zêzere,14.8,72.0,2.8,0.2,NW,33.95,7.849,113.95,92.93,7.48,5.16,0.5,5.16,,,,,,,,,,,,12.33
2026-04-22,22,Ferreira do Zêzere,13.6,77.0,2.1,0.73,N,26.98,8.09,129.28,92.69,6.98,4.67,0.42,4.67,,,,,,,,,,,,12.9
2026-04-22,23,Ferreira do Zêzere,12.4,81.0,1.9,0.9,N,27.25,8.29,141.95,92.49,6.72,4.38,0.37,4.38,,,,,,,,,,,,13.7
2026-04-23,0,Ferreira do Zêzere,11.6,82.0,1.9,0.35,N,35.77,8.52,144.45,92.27,6.52,4.11,0.33,4.11,,,,,,,,,,,,13.84
2026-04-23,1,Ferreira do Zêzere,11.3,83.0,1.4,0.2,N,71.37,8.68,150.02,92.11,6.22,3.88,0.3,3.88,,,,,,,,,,,,13.94
2026-04-23,2,Ferreira do Zêzere,11.2,81.0,1.5,0.36,NE,0.2,9.0,145.63,91.8,5.98,3.74,0.28,3.74,,,,,,,,,,,,14.1
2026-04-23,3,Ferreira do Zêzere,10.8,83.0,1.0,0.3,N,0.1,9.35,153.82,91.46,5.56,3.4,0.24,3.4,,,,,,,,,,,,14.2
2026-04-23,4,Ferreira do Zêzere,9.5,90.0,1.1,0.43,N,0.2,9.64,169.47,91.18,5.37,3.16,0.21,3.16,,,,,,,,,,,,12.94
2026-04-23,5,Ferreira do Zêzere,8.8,91.0,1.73,0.77,---,42.33,10.06,170.85,90.78,5.23,3.04,0.19,3.04,,,,,,,,,,,,13.2
2026-04-23,6,Ferreira do Zêzere,7.7,95.0,0.9,1.68,W,30.4,10.37,190.02,90.49,4.81,2.67,0.15,2.67,,,,,,,,,,,,14.78
2026-04-23,7,Ferreira do Zêzere,8.5,95.0,0.7,0.1,N,229.4,10.83,190.29,90.05,4.47,2.42,0.13,2.42,,,,,,,,,,,,14.78
2026-04-23,8,Ferreira do Zêzere,11.3,86.0,0.6,0.25,W,724.0,10.76,162.55,90.12,4.49,2.57,0.14,2.57,,,,,,,,,,,,13.99
2026-04-23,9,Ferreira do Zêzere,14.2,73.0,2.4,0.1,N,1278.2,10.55,119.13,90.32,5.06,3.26,0.22,3.26,,,,,,,,,,,,13.45
2026-04-23,10,Ferreira do Zêzere,16.9,63.0,2.8,0.32,N,2022.5,10.27,96.53,90.58,5.37,3.76,0.28,3.76,,,,,,,,,,,,13.32
2026-04-23,11,Ferreira do Zêzere,19.5,58.0,1.2,0.23,SW,2375.4,9.73,90.79,91.1,5.33,3.93,0.31,3.93,,,,,,,,,,,,12.38
2026-04-23,12,Ferreira do Zêzere,21.2,53.0,2.1,0.36,NW,2905.9,9.22,74.38,91.59,5.98,4.66,0.41,4.66,46.8,4.35,-697.3,46.8,75.12,0.12,5.31,0.05,0.0,0.05,12.0,10.56
2026-04-23,13,Ferreira do Zêzere,22.3,51.0,1.1,0.4,SW,3083.7,8.67,73.93,92.12,6.13,4.89,0.45,4.89,,,,,,,,,,,,10.02
2026-04-23,14,Ferreira do Zêzere,24.0,47.0,1.2,0.22,SE,3252.6,8.07,64.98,92.71,6.69,5.54,0.56,5.54,,,,,,,,,,,,9.64
2026-04-23,15,Ferreira do Zêzere,24.9,43.0,1.3,0.18,SW,2672.0,7.58,58.8,93.19,7.2,6.11,0.67,6.11,,,,,,,,,,,,9.47
2026-04-23,16,Ferreira do Zêzere,23.1,53.0,4.5,0.4,NW,1301.5,7.266,60.92,93.5,8.83,6.96,0.84,6.96,,,,,,,,,,,,9.49
2026-04-23,17,Ferreira do Zêzere,20.7,64.0,4.7,0.45,NW,1014.2,7.565,77.34,93.21,8.56,6.3,0.71,6.3,,,,,,,,,,,,9.72
2026-04-23,18,Ferreira do Zêzere,19.4,66.0,4.9,0.4,NW,758.8,7.589,82.5,93.18,8.62,6.21,0.69,6.21,,,,,,,,,,,,9.81
2026-04-23,19,Ferreira do Zêzere,17.4,66.0,4.9,0.6,NW,189.7,7.764,87.87,93.01,8.41,5.98,0.64,5.98,,,,,,,,,,,,10.08
2026-04-23,20,Ferreira do Zêzere,15.7,70.0,3.0,0.1,NW,8.4,8.03,103.14,92.75,7.37,5.09,0.48,5.09,,,,,,,,,,,,10.03
2026-04-23,21,Ferreira do Zêzere,14.6,76.0,2.2,0.7,NW,0.2,8.36,119.37,92.42,6.76,4.5,0.39,4.5,,,,,,,,,,,,10.53
2026-04-23,22,Ferreira do Zêzere,13.7,82.0,1.2,0.1,N,28.36,8.64,136.51,92.15,6.19,3.97,0.31,3.97,,,,,,,,,,,,9.9
2026-04-23,23,Ferreira do Zêzere,12.7,89.0,1.3,4.59,NW,41.94,8.9,162.91,91.9,6.0,3.66,0.27,3.66,,,,,,,,,,,,13.59
2026-04-24,0,Ferreira do Zêzere,11.9,93.0,1.7,0.1,N,0.1,8.9,178.43,91.9,6.12,3.6,0.26,3.6,,,,,,,,,,,,13.34
2026-04-24,1,Ferreira do Zêzere,11.8,95.0,1.7,1.01,N,1.6,9.08,187.72,91.72,5.97,3.46,0.25,3.46,,,,,,,,,,,,14.15
2026-04-24,2,Ferreira do Zêzere,11.1,96.0,0.8,1.3,N,258.3,9.75,196.66,91.08,5.21,2.91,0.18,2.91,,,,,,,,,,,,15.09
2026-04-24,3,Ferreira do Zêzere,10.1,98.0,0.7,0.7,NE,189.9,10.26,205.54,90.59,4.83,2.6,0.15,2.6,,,,,,,,,,,,15.49
2026-04-24,4,Ferreira do Zêzere,9.1,98.0,0.6,0.1,NE,151.8,10.89,205.44,89.99,4.41,2.29,0.12,2.29,,,,,,,,,,,,15.16
2026-04-24,5,Ferreira do Zêzere,8.6,99.0,1.1,0.1,NW,159.7,11.82,207.34,89.12,3.99,1.96,0.09,1.96,,,,,,,,,,,,14.49
2026-04-24,6,Ferreira do Zêzere,8.5,99.0,0.6,0.33,E,153.7,12.69,204.83,88.31,3.47,1.52,0.06,1.52,,,,,,,,,,,,13.14
2026-04-24,7,Ferreira do Zêzere,9.0,99.0,1.7,0.77,NW,416.8,12.95,205.4,88.07,3.54,1.58,0.06,1.58,,,,,,,,,,,,13.81
2026-04-24,8,Ferreira do Zêzere,12.4,97.0,2.0,0.1,NW,841.0,12.05,194.31,88.9,4.05,2.04,0.1,2.04,,,,,,,,,,,,13.66
2026-04-24,9,Ferreira do Zêzere,15.0,86.0,2.14,1.45,---,1594.42,11.08,151.84,89.81,4.65,2.69,0.16,2.69,,,,,,,,,,,,15.01
2026-04-24,10,Ferreira do Zêzere,17.9,62.0,4.0,2.82,NW,1981.6,10.45,93.43,90.41,5.56,3.9,0.3,3.9,,,,,,,,,,,,17.51
2026-04-24,11,Ferreira do Zêzere,20.3,53.0,2.2,3.79,NW,2596.4,9.79,85.03,91.04,5.56,4.17,0.34,4.17,,,,,,,,,,,,21.07
2026-04-24,12,Ferreira do Zêzere,21.2,51.0,1.5,4.97,N,1929.7,8.79,85.28,92.01,6.15,4.73,0.43,4.73,42.82,4.12,-699.38,42.82,83.78,0.06,5.07,0.03,0.0,0.03,12.0,25.68
2026-04-24,13,Ferreira do Zêzere,23.1,49.0,2.9,7.17,NW,3470.0,8.28,72.38,92.5,7.08,5.6,0.57,5.6,,,,,,,,,,,,32.45
2026-04-24,14,Ferreira do Zêzere,23.8,47.0,2.7,3.51,NW,3328.0,7.892,69.59,92.88,7.4,5.94,0.64,5.94,,,,,,,,,,,,35.74
2026-04-24,15,Ferreira do Zêzere,24.6,43.0,2.74,0.86,---,2749.27,7.548,63.67,93.22,7.77,6.39,0.73,6.39,,,,,,,,,,,,36.42
2026-04-24,16,Ferreira do Zêzere,24.9,44.0,4.3,0.42,NW,2432.5,7.203,58.88,93.56,8.82,7.17,0.89,7.17,,,,,,,,,,,,36.44
2026-04-24,17,Ferreira do Zêzere,23.1,55.0,5.3,0.9,NW,1801.6,7.179,71.3,93.59,9.3,7.04,0.86,7.04,,,,,,,,,,,,36.89
2026-04-24,18,Ferreira do Zêzere,21.5,55.0,5.6,0.41,NW,1073.0,7.151,75.21,93.61,9.48,7.06,0.86,7.06,,,,,,,,,,,,36.9
2026-04-24,19,Ferreira do Zêzere,19.7,54.0,5.1,0.88,NW,394.17,7.103,80.92,93.66,9.31,6.86,0.82,6.86,,,,,,,,,,,,37.18
2026-04-24,20,Ferreira do Zêzere,17.2,68.0,4.6,0.23,NW,14.0,7.432,107.47,93.34,8.67,5.9,0.63,5.9,,,,,,,,,,,,37.31
2026-04-24,21,Ferreira do Zêzere,15.6,81.0,3.4,0.18,NW,34.06,8.09,142.58,92.69,7.46,4.72,0.42,4.72,,,,,,,,,,,,36.79
2026-04-24,22,Ferreira do Zêzere,14.7,86.0,3.2,0.93,NW,27.95,8.75,160.29,92.04,6.74,4.12,0.33,4.12,,,,,,,,,,,,37.62
2026-04-24,23,Ferreira do Zêzere,14.0,90.0,3.5,0.73,NW,32.98,9.37,173.91,91.44,6.28,3.73,0.28,3.73,,,,,,,,,,,,33.76
2026-04-25,0,Ferreira do Zêzere,13.7,91.0,3.2,0.17,NW,38.12,10.02,174.63,90.82,5.66,3.3,0.23,3.3,,,,,,,,,,,,33.83
2026-04-25,1,Ferreira do Zêzere,13.3,93.0,2.3,0.17,NW,30.48,10.78,186.28,90.1,4.88,2.71,0.16,2.71,,,,,,,,,,,,32.99
2026-04-25,2,Ferreira do Zêzere,13.2,94.0,2.8,0.27,NW,28.16,11.47,188.85,89.45,4.56,2.45,0.13,2.45,,,,,,,,,,,,31.96
2026-04-25,3,Ferreira do Zêzere,13.4,93.0,3.0,0.17,NW,27.69,12.09,183.26,88.87,4.24,2.22,0.11,2.22,,,,,,,,,,,,31.43
2026-04-25,4,Ferreira do Zêzere,13.1,94.0,2.8,0.1,N,26.61,12.62,188.73,88.38,3.91,1.94,0.09,1.94,,,,,,,,,,,,31.43
2026-04-25,5,Ferreira do Zêzere,12.8,94.0,2.0,0.43,N,28.25,13.26,191.65,87.79,3.45,1.54,0.06,1.54,,,,,,,,,,,,31.76
2026-04-25,6,Ferreira do Zêzere,12.7,95.0,2.3,2.13,N,8.1,13.73,196.08,87.36,3.29,1.38,0.05,1.38,,,,,,,,,,,,33.56
2026-04-25,7,Ferreira do Zêzere,13.2,95.0,3.1,0.1,N,261.3,13.88,193.29,87.22,3.36,1.45,0.05,1.45,,,,,,,,,,,,32.89
2026-04-25,8,Ferreira do Zêzere,14.8,88.0,2.8,0.53,N,948.8,13.04,162.85,87.99,3.7,1.87,0.08,1.87,,,,,,,,,,,,33.32
2026-04-25,9,Ferreira do Zêzere,16.9,79.0,2.4,2.14,N,1659.9,12.02,134.88,88.93,4.15,2.42,0.13,2.42,,,,,,,,,,,,34.01
2026-04-25,10,Ferreira do Zêzere,19.8,70.0,2.4,1.5,NW,2306.6,11.25,108.88,89.65,4.6,3.03,0.19,3.03,,,,,,,,,,,,32.69
2026-04-25,11,Ferreira do Zêzere,22.9,61.0,2.6,2.08,N,2764.5,10.29,85.28,90.56,5.3,3.89,0.3,3.89,,,,,,,,,,,,30.98
2026-04-25,12,Ferreira do Zêzere,25.1,55.0,3.2,1.0,NW,3168.5,9.09,68.89,91.72,6.43,5.06,0.48,5.06,48.96,4.2,-701.09,48.96,70.7,0.17,5.16,0.07,0.0,0.07,12.0,27.01
2026-04-25,13,Ferreira do Zêzere,26.3,52.0,1.9,0.37,N,3023.7,8.84,66.11,91.96,6.24,5.05,0.48,5.05,,,,,,,,,,,,20.21
2026-04-25,14,Ferreira do Zêzere,26.5,51.0,4.2,0.25,NW,2220.0,9.03,55.77,91.77,6.82,5.58,0.57,5.58,,,,,,,,,,,,16.95
2026-04-25,15,Ferreira do Zêzere,24.9,64.0,4.4,0.1,NW,2086.8,10.43,72.25,90.43,5.69,4.24,0.35,4.24,,,,,,,,,,,,16.19
2026-04-25,16,Ferreira do Zêzere,26.1,54.0,4.5,3.61,N,2036.4,9.46,59.46,91.36,6.53,5.23,0.51,5.23,,,,,,,,,,,,19.38
2026-04-25,17,Ferreira do Zêzere,25.5,52.0,6.0,0.16,N,2009.5,15.43,55.6,85.82,3.19,2.26,0.12,2.26,,,,,,,,,,,,18.64
2026-04-25,18,Ferreira do Zêzere,23.5,55.0,2.9,0.8,N,601.7,16.09,72.21,85.23,2.52,1.38,0.05,1.38,,,,,,,,,,,,19.03
2026-04-25,19,Ferreira do Zêzere,21.6,64.0,3.7,0.4,NW,217.9,15.42,84.65,85.83,2.85,1.58,0.06,1.58,,,,,,,,,,,,18.55
2026-04-25,20,Ferreira do Zêzere,19.6,67.0,3.2,2.1,NW,8.7,15.02,97.03,86.19,2.92,1.55,0.06,1.55,,,,,,,,,,,,20.42
2026-04-25,21,Ferreira do Zêzere,17.9,72.0,2.9,0.1,N,5.4,14.9,110.68,86.3,2.92,1.43,0.05,1.43,,,,,,,,,,,,20.34
2026-04-25,22,Ferreira do Zêzere,17.2,76.0,2.6,0.1,N,0.7,14.86,120.67,86.33,2.89,1.32,0.04,1.32,,,,,,,,,,,,19.51
2026-04-25,23,Ferreira do Zêzere,15.6,84.0,1.43,0.55,---,0.2,15.08,148.97,86.13,2.65,0.94,0.02,0.94,,,,,,,,,,,,19.33
2026-04-26,0,Ferreira do Zêzere,15.1,86.0,2.5,0.01,N,0.1,15.11,143.46,86.11,2.79,1.2,0.04,1.2,,,,,,,,,,,,19.17
2026-04-26,1,Ferreira do Zêzere,14.6,89.0,1.9,0.1,N,44.17,15.4,155.79,85.85,2.61,0.95,0.03,0.95,,,,,,,,,,,,19.1
2026-04-26,2,Ferreira do Zêzere,13.9,93.0,2.4,0.2,N,0.2,15.74,168.75,85.54,2.56,0.92,0.02,0.92,,,,,,,,,,,,19.03
2026-04-26,3,Ferreira do Zêzere,13.8,95.0,2.3,0.1,N,38.97,16.06,177.3,85.26,2.45,0.87,0.02,0.87,,,,,,,,,,,,18.96
2026-04-26,4,Ferreira do Zêzere,13.9,96.0,3.2,0.15,N,0.1,16.24,179.98,85.1,2.51,0.89,0.02,0.89,,,,,,,,,,,,19.01
2026-04-26,5,Ferreira do Zêzere,13.8,97.0,1.9,0.1,N,61.96,16.53,186.85,84.84,2.27,0.8,0.02,0.8,,,,,,,,,,,,18.68
2026-04-26,6,Ferreira do Zêzere,13.8,97.0,1.4,0.1,N,13.6,16.55,184.89,84.83,2.21,0.78,0.02,0.78,,,,,,,,,,,,16.65
2026-04-26,7,Ferreira do Zêzere,13.9,96.0,2.8,0.1,N,293.7,16.24,177.48,85.1,2.46,0.88,0.02,0.88,,,,,,,,,,,,16.65
2026-04-26,8,Ferreira do Zêzere,15.7,89.0,1.6,0.1,N,881.1,15.33,152.18,85.91,2.59,0.96,0.03,0.96,,,,,,,,,,,,16.22
2026-04-26,9,Ferreira do Zêzere,18.6,80.0,0.8,0.01,NW,1528.5,13.96,126.59,87.15,2.97,1.58,0.06,1.58,,,,,,,,,,,,14.09
2026-04-26,10,Ferreira do Zêzere,22.0,68.0,1.87,0.1,---,2032.91,13.0,88.69,88.02,3.55,2.43,0.13,2.43,,,,,,,,,,,,12.69
2026-04-26,11,Ferreira do Zêzere,25.9,50.0,2.2,0.1,S,2802.4,11.61,56.32,89.32,4.34,3.67,0.27,3.67,,,,,,,,,,,,10.71
2026-04-26,12,Ferreira do Zêzere,27.4,46.0,1.2,0.01,W,3208.9,9.82,52.73,91.01,5.26,4.7,0.42,4.7,57.25,5.31,-697.51,57.25,55.22,0.36,6.27,0.17,0.0,0.17,12.0,9.72
2026-04-26,13,Ferreira do Zêzere,27.7,44.0,1.6,1.55,NE,2877.7,9.16,49.95,91.65,5.88,5.31,0.52,5.31,,,,,,,,,,,,10.9
2026-04-26,14,Ferreira do Zêzere,28.1,41.0,1.4,0.1,SE,2352.4,8.23,47.6,92.55,6.61,6.07,0.66,6.07,,,,,,,,,,,,10.75
2026-04-26,15,Ferreira do Zêzere,29.8,35.0,1.5,0.1,SW,2912.1,7.46,39.72,93.31,7.39,7.03,0.86,7.03,,,,,,,,,,,,10.75
2026-04-26,16,Ferreira do Zêzere,28.5,47.0,5.6,2.77,NW,1789.9,7.565,40.01,93.21,8.95,7.85,1.04,7.85,,,,,,,,,,,,9.91
2026-04-26,17,Ferreira do Zêzere,27.0,54.0,5.2,0.93,N,1538.2,7.53,49.32,93.24,8.82,7.39,0.94,7.39,,,,,,,,,,,,10.68
2026-04-26,18,Ferreira do Zêzere,26.0,55.0,5.0,0.37,N,996.1,7.399,52.34,93.37,8.89,7.36,0.93,7.36,,,,,,,,,,,,10.25
2026-04-26,19,Ferreira do Zêzere,24.6,59.0,4.1,0.1,NW,372.5,7.351,60.72,93.42,8.55,6.91,0.83,6.91,,,,,,,,,,,,9.95
2026-04-26,20,Ferreira do Zêzere,22.7,66.0,1.9,0.1,N,23.1,7.727,76.38,93.05,7.27,5.7,0.59,5.7,,,,,,,,,,,,7.95
2026-04-26,21,Ferreira do Zêzere,20.7,73.0,1.6,0.01,N,29.96,8.13,91.16,92.65,6.77,5.07,0.48,5.07,,,,,,,,,,,,7.86
2026-04-26,22,Ferreira do Zêzere,19.5,75.0,1.81,0.53,---,58.32,8.33,96.86,92.45,6.66,4.89,0.45,4.89,,,,,,,,,,,,8.29
2026-04-26,23,Ferreira do Zêzere,18.3,82.0,1.5,0.1,N,37.88,8.54,111.74,92.25,6.37,4.5,0.39,4.5,,,,,,,,,,,,7.84
2026-04-27,0,Ferreira do Zêzere,16.7,89.0,1.7,0.8,NW,38.21,8.86,124.73,91.94,6.16,4.58,0.4,4.58,,,,,,,,,,,,8.63
2026-04-27,1,Ferreira do Zêzere,16.3,90.0,2.2,1.55,N,0.1,9.14,131.3,91.67,6.07,4.45,0.38,4.45,,,,,,,,,,,,10.08
2026-04-27,2,Ferreira do Zêzere,15.6,92.0,1.62,0.57,---,33.63,9.56,141.29,91.26,5.57,4.0,0.32,4.0,,,,,,,,,,,,10.45
2026-04-27,3,Ferreira do Zêzere,14.9,93.0,1.34,0.83,---,42.43,9.85,148.36,90.98,5.28,3.73,0.28,3.73,,,,,,,,,,,,11.18
2026-04-27,4,Ferreira do Zêzere,14.1,95.0,2.8,0.6,N,0.5,10.0,153.44,90.84,5.57,3.91,0.3,3.91,,,,,,,,,,,,11.63
2026-04-27,5,Ferreira do Zêzere,13.8,96.0,1.6,0.1,N,2.7,10.23,159.89,90.62,5.08,3.51,0.25,3.51,,,,,,,,,,,,11.63
2026-04-27,6,Ferreira do Zêzere,13.4,97.0,1.0,0.1,N,22.5,10.41,164.96,90.45,4.81,3.27,0.22,3.27,,,,,,,,,,,,11.63
2026-04-27,7,Ferreira do Zêzere,14.4,94.0,0.4,0.47,S,373.3,10.55,158.49,90.32,4.58,3.12,0.2,3.12,,,,,,,,,,,,12.0
2026-04-27,8,Ferreira do Zêzere,17.0,84.0,1.0,0.7,NW,895.1,10.35,127.32,90.51,4.85,3.52,0.25,3.52,,,,,,,,,,,,12.6
2026-04-27,9,Ferreira do Zêzere,20.4,71.0,0.9,0.57,N,1628.2,9.87,98.67,90.96,5.15,4.07,0.33,4.07,,,,,,,,,,,,13.16
2026-04-27,10,Ferreira do Zêzere,25.0,45.0,3.1,0.47,E,2292.32,9.33,51.48,91.48,6.19,5.73,0.6,5.73,,,,,,,,,,,,13.53
2026-04-27,11,Ferreira do Zêzere,27.6,34.0,3.2,0.62,E,2860.4,8.62,39.12,92.17,6.86,6.75,0.8,6.75,,,,,,,,,,,,14.05
2026-04-27,12,Ferreira do Zêzere,28.9,32.0,2.3,0.77,E,3088.7,7.694,37.76,93.08,7.45,7.41,0.94,7.41,67.11,6.99,-695.13,67.11,39.47,0.64,7.97,0.34,0.0,0.34,12.0,14.81
2026-04-27,13,Ferreira do Zêzere,29.7,29.0,2.4,0.32,E,2785.0,7.0,33.89,93.76,8.24,8.28,1.15,8.28,,,,,,,,,,,,13.58
2026-04-27,14,Ferreira do Zêzere,28.6,30.0,2.66,3.44,---,2508.07,6.43,37.13,94.33,9.03,8.81,1.28,8.81,,,,,,,,,,,,16.92
2026-04-27,15,Ferreira do Zêzere,29.3,29.0,2.2,1.23,N,2199.3,6.576,36.59,94.19,8.65,8.56,1.22,8.56,,,,,,,,,,,,18.05
2026-04-27,16,Ferreira do Zêzere,29.5,23.0,2.0,0.2,NE,1554.2,6.319,33.06,94.44,8.87,8.98,1.32,8.98,,,,,,,,,,,,15.48
2026-04-27,17,Ferreira do Zêzere,28.9,30.0,3.01,1.1,---,1531.72,5.976,35.36,94.79,9.79,9.47,1.46,9.47,,,,,,,,,,,,15.65
2026-04-27,18,Ferreira do Zêzere,27.3,50.0,2.37,2.07,---,977.92,5.915,54.06,94.85,9.56,8.46,1.19,8.46,,,,,,,,,,,,17.35
2026-04-27,19,Ferreira do Zêzere,24.6,56.0,3.4,0.15,NW,327.91,6.213,62.51,94.55,9.66,8.18,1.12,8.18,,,,,,,,,,,,17.4
2026-04-27,20,Ferreira do Zêzere,21.4,67.0,1.96,1.8,---,22.2,6.565,89.41,94.2,8.56,6.85,0.82,6.85,,,,,,,,,,,,19.1
2026-04-27,21,Ferreira do Zêzere,19.9,69.0,2.1,2.4,NW,0.4,6.953,96.55,93.81,8.17,6.43,0.73,6.43,,,,,,,,,,,,21.49
2026-04-27,22,Ferreira do Zêzere,18.1,77.0,2.12,0.3,---,31.34,7.262,113.93,93.5,7.83,5.93,0.64,5.93,,,,,,,,,,,,21.26
2026-04-27,23,Ferreira do Zêzere,16.6,85.0,1.38,0.37,---,35.19,7.602,139.1,93.17,7.2,5.25,0.51,5.25,,,,,,,,,,,,21.53
2026-04-28,0,Ferreira do Zêzere,16.0,87.0,2.06,0.22,---,33.62,7.842,151.8,92.93,7.21,4.84,0.44,4.84,,,,,,,,,,,,20.95
2026-04-28,1,Ferreira do Zêzere,15.1,91.0,1.7,0.32,N,0.1,8.01,167.21,92.77,6.92,4.55,0.4,4.55,,,,,,,,,,,,19.72
2026-04-28,2,Ferreira do Zêzere,15.0,91.0,1.6,3.1,N,0.2,8.09,170.07,92.69,6.81,4.46,0.38,4.46,,,,,,,,,,,,22.25
2026-04-28,3,Ferreira do Zêzere,14.9,91.0,1.5,0.1,NW,0.2,8.23,170.09,92.55,6.65,4.34,0.37,4.34,,,,,,,,,,,,21.52
2026-04-28,4,Ferreira do Zêzere,14.5,94.0,2.21,0.1,---,26.02,8.28,179.05,92.5,6.84,4.42,0.38,4.42,,,,,,,,,,,,21.02
2026-04-28,5,Ferreira do Zêzere,14.2,94.0,1.74,0.58,---,1.7,8.36,181.37,92.42,6.61,4.25,0.35,4.25,,,,,,,,,,,,21.5
2026-04-28,6,Ferreira do Zêzere,13.9,94.0,1.6,2.57,N,11.1,8.38,184.23,92.41,6.54,4.19,0.34,4.19,,,,,,,,,,,,23.97
2026-04-28,7,Ferreira do Zêzere,14.1,93.0,1.2,0.1,N,213.7,8.52,181.52,92.27,6.29,4.04,0.32,4.04,,,,,,,,,,,,23.6
2026-04-28,8,Ferreira do Zêzere,15.7,88.0,0.5,0.1,W,592.2,8.75,167.61,92.04,5.88,3.86,0.3,3.86,,,,,,,,,,,,23.0
2026-04-28,9,Ferreira do Zêzere,18.1,80.0,0.5,0.2,NW,1240.5,8.52,142.29,92.27,6.07,4.21,0.35,4.21,,,,,,,,,,,,22.63
2026-04-28,10,Ferreira do Zêzere,21.9,63.0,2.6,2.1,E,1977.6,8.72,87.74,92.07,6.57,5.09,0.49,5.09,,,,,,,,,,,,24.26
2026-04-28,11,Ferreira do Zêzere,23.1,56.0,2.3,0.15,SE,1416.0,8.34,77.2,92.44,6.81,5.52,0.56,5.52,,,,,,,,,,,,23.79
2026-04-28,12,Ferreira do Zêzere,23.7,54.0,3.9,1.16,E,2248.0,8.46,67.81,92.33,7.27,5.96,0.64,5.96,52.51,5.5,-696.37,52.51,63.8,0.27,6.47,0.13,0.0,0.13,12.0,24.18
2026-04-28,13,Ferreira do Zêzere,25.4,48.0,4.1,0.42,E,3147.8,7.857,57.43,92.92,7.97,6.79,0.81,6.79,,,,,,,,,,,,24.28
2026-04-28,14,Ferreira do Zêzere,26.2,45.0,2.2,2.27,E,3204.1,7.382,58.55,93.39,7.74,6.74,0.8,6.74,,,,,,,,,,,,23.11
2026-04-28,15,Ferreira do Zêzere,27.0,43.0,2.44,0.1,---,2214.05,6.702,53.77,94.06,8.6,7.55,0.97,7.55,,,,,,,,,,,,21.98
2026-04-28,16,Ferreira do Zêzere,23.3,54.0,1.6,0.1,S,227.7,6.979,77.3,93.79,7.94,6.47,0.74,6.47,,,,,,,,,,,,21.88
2026-04-28,17,Ferreira do Zêzere,21.7,72.0,0.4,0.1,E,651.4,7.386,117.55,93.38,7.06,5.25,0.51,5.25,,,,,,,,,,,,20.88
2026-04-28,18,Ferreira do Zêzere,24.0,63.0,2.54,1.82,---,1230.1,7.543,80.95,93.23,7.7,6.07,0.66,6.07,,,,,,,,,,,,20.63
2026-04-28,19,Ferreira do Zêzere,23.8,61.0,3.0,0.19,NW,654.0,7.218,77.1,93.55,8.24,6.52,0.75,6.52,,,,,,,,,,,,20.67
2026-04-28,20,Ferreira do Zêzere,19.2,80.0,1.69,0.7,---,13.66,7.524,127.44,93.25,7.39,5.21,0.51,5.21,,,,,,,,,,,,19.57
2026-04-28,21,Ferreira do Zêzere,16.5,90.0,1.52,0.2,---,7.5,8.34,160.04,92.44,6.55,4.34,0.37,4.34,,,,,,,,,,,,17.37
2026-04-28,22,Ferreira do Zêzere,16.2,91.0,0.9,0.1,SE,0.1,9.1,167.26,91.71,5.72,3.72,0.28,3.72,,,,,,,,,,,,17.17
2026-04-28,23,Ferreira do Zêzere,15.8,93.0,0.7,9.4,N,1.7,9.94,184.37,90.9,5.05,3.14,0.21,3.14,,,,,,,,,,,,26.2
2026-04-29,0,Ferreira do Zêzere,16.0,92.0,0.7,13.3,S,2.6,10.51,209.02,90.35,4.67,2.26,0.12,2.26,,,,,,,,,,,,39.28
2026-04-29,1,Ferreira do Zêzere,16.1,94.0,1.2,1.5,SE,1.58,11.44,214.58,89.48,4.22,1.93,0.09,1.93,,,,,,,,,,,,40.46
2026-04-29,2,Ferreira do Zêzere,15.8,98.0,1.3,1.1,SE,119.8,18.6,236.8,83.04,1.73,0.53,0.01,0.53,,,,,,,,,,,,38.46
2026-04-29,3,Ferreira do Zêzere,15.6,98.0,1.42,0.48,---,0.3,19.27,236.64,82.47,1.62,0.5,0.01,0.5,,,,,,,,,,,,38.84
2026-04-29,4,Ferreira do Zêzere,15.3,99.0,1.71,0.66,---,0.7,19.77,242.89,82.04,1.56,0.48,0.01,0.48,,,,,,,,,,,,39.4
2026-04-29,5,Ferreira do Zêzere,15.4,99.0,1.23,0.5,---,11.77,20.21,243.39,81.67,1.46,0.45,0.01,0.45,,,,,,,,,,,,39.32
2026-04-29,6,Ferreira do Zêzere,15.3,98.0,0.5,0.2,E,310.6,21.02,239.21,80.99,1.3,0.4,0.01,0.4,,,,,,,,,,,,36.95
2026-04-29,7,Ferreira do Zêzere,15.4,99.0,2.3,3.6,S,196.8,22.89,242.32,79.45,1.21,0.37,0.0,0.37,,,,,,,,,,,,40.45
2026-04-29,8,Ferreira do Zêzere,15.2,99.0,1.4,2.7,SE,151.3,38.99,243.25,67.43,0.62,0.19,0.0,0.19,,,,,,,,,,,,43.05
2026-04-29,9,Ferreira do Zêzere,15.0,99.0,0.7,3.3,W,196.6,53.88,244.21,58.03,0.37,0.11,0.0,0.11,,,,,,,,,,,,46.15
2026-04-29,10,Ferreira do Zêzere,14.7,99.0,1.7,2.3,W,448.3,55.65,243.06,57.01,0.36,0.11,0.0,0.11,,,,,,,,,,,,46.35
2026-04-29,11,Ferreira do Zêzere,14.8,99.0,0.7,1.4,S,456.4,58.47,244.25,55.41,0.3,0.09,0.0,0.09,,,,,,,,,,,,47.6
2026-04-29,12,Ferreira do Zêzere,15.3,98.0,1.0,0.7,SE,1107.2,54.38,237.74,57.74,0.37,0.11,0.0,0.11,6.05,2.03,-705.52,6.05,213.36,0.0,2.96,0.0,0.0,0.01,12.0,47.14
2026-04-29,13,Ferreira do Zêzere,16.6,90.0,2.0,1.1,SE,964.6,44.53,190.39,63.76,0.55,0.17,0.0,0.17,,,,,,,,,,,,47.82
2026-04-29,14,Ferreira do Zêzere,18.6,80.0,2.8,0.9,S,2691.5,37.93,145.4,68.16,0.68,0.22,0.0,0.22,,,,,,,,,,,,46.45
2026-04-29,15,Ferreira do Zêzere,20.2,67.0,3.7,0.96,S,2416.6,31.69,107.65,72.61,0.83,0.29,0.0,0.29,,,,,,,,,,,,47.31
2026-04-29,16,Ferreira do Zêzere,19.7,63.0,2.4,0.7,SW,1149.3,27.35,109.26,75.9,0.91,0.32,0.0,0.32,,,,,,,,,,,,47.91
2026-04-29,17,Ferreira do Zêzere,18.0,71.0,4.5,0.7,NW,406.4,24.79,118.43,77.91,1.17,0.39,0.01,0.39,,,,,,,,,,,,48.51
2026-04-29,18,Ferreira do Zêzere,15.5,87.0,1.8,1.48,W,366.0,47.85,181.87,61.67,0.49,0.15,0.0,0.15,,,,,,,,,,,,48.17
2026-04-29,19,Ferreira do Zêzere,15.4,84.0,1.0,0.2,NW,605.3,44.71,178.37,63.65,0.52,0.16,0.0,0.16,,,,,,,,,,,,48.18
2026-04-29,20,Ferreira do Zêzere,15.0,89.0,1.83,0.2,---,14.96,43.87,190.27,64.19,0.56,0.17,0.0,0.17,,,,,,,,,,,,47.68
2026-04-29,21,Ferreira do Zêzere,13.8,95.0,0.6,2.0,SE,431.1,44.63,225.29,63.7,0.51,0.16,0.0,0.16,,,,,,,,,,,,49.48
2026-04-29,22,Ferreira do Zêzere,12.9,98.0,0.5,1.08,NE,567.8,45.58,240.11,63.09,0.5,0.15,0.0,0.15,,,,,,,,,,,,50.46
2026-04-29,23,Ferreira do Zêzere,12.0,98.0,0.5,0.1,---,495.5,46.76,240.43,62.35,0.48,0.15,0.0,0.15,,,,,,,,,,,,41.16
2026-04-30,0,Ferreira do Zêzere,11.2,99.0,0.3,0.1,NE,440.9,48.46,242.69,61.29,0.45,0.14,0.0,0.14,,,,,,,,,,,,27.96
2026-04-30,1,Ferreira do Zêzere,10.3,99.0,0.4,0.33,NE,412.0,50.19,242.15,60.23,0.42,0.13,0.0,0.13,,,,,,,,,,,,26.79
2026-04-30,2,Ferreira do Zêzere,9.7,100.0,0.4,0.2,S,368.9,52.07,246.09,59.1,0.39,0.12,0.0,0.12,,,,,,,,,,,,25.89
2026-04-30,3,Ferreira do Zêzere,8.9,100.0,0.8,0.1,NW,373.1,53.03,245.91,58.53,0.39,0.12,0.0,0.12,,,,,,,,,,,,25.51
2026-04-30,4,Ferreira do Zêzere,9.6,100.0,0.5,0.2,N,338.0,53.29,245.68,58.38,0.38,0.12,0.0,0.12,,,,,,,,,,,,25.05
2026-04-30,5,Ferreira do Zêzere,10.8,100.0,0.9,0.1,NW,321.2,53.08,245.48,58.5,0.39,0.12,0.0,0.12,,,,,,,,,,,,24.65
2026-04-30,6,Ferreira do Zêzere,11.3,100.0,0.4,0.4,SW,305.7,52.83,245.58,58.65,0.38,0.12,0.0,0.12,,,,,,,,,,,,24.85
2026-04-30,7,Ferreira do Zêzere,11.7,100.0,0.4,0.1,NW,324.1,51.8,243.53,59.26,0.4,0.12,0.0,0.12,,,,,,,,,,,,21.35
2026-04-30,8,Ferreira do Zêzere,12.6,100.0,1.58,0.9,---,377.53,49.85,242.22,60.44,0.46,0.14,0.0,0.14,,,,,,,,,,,,19.55
2026-04-30,9,Ferreira do Zêzere,14.1,98.0,0.6,0.14,S,879.6,44.92,229.16,63.51,0.51,0.16,0.0,0.16,,,,,,,,,,,,16.39
2026-04-30,10,Ferreira do Zêzere,16.0,88.0,2.1,0.55,S,1019.8,39.89,173.74,66.82,0.63,0.19,0.0,0.19,,,,,,,,,,,,14.64
2026-04-30,11,Ferreira do Zêzere,17.6,73.0,2.4,0.35,S,1261.8,36.49,126.68,69.16,0.69,0.22,0.0,0.22,,,,,,,,,,,,13.59
2026-04-30,12,Ferreira do Zêzere,17.5,78.0,1.2,1.49,SW,1448.59,30.57,146.83,73.44,0.75,0.23,0.0,0.23,18.83,1.33,-705.0,18.83,154.52,0.0,2.26,0.0,0.0,0.01,12.0,14.38
2026-04-30,13,Ferreira do Zêzere,18.2,72.0,1.3,0.48,S,1166.1,26.31,130.57,76.71,0.91,0.29,0.0,0.29,,,,,,,,,,,,13.76
2026-04-30,14,Ferreira do Zêzere,18.4,68.0,1.4,1.27,W,902.8,23.55,122.07,78.91,1.1,0.36,0.0,0.36,,,,,,,,,,,,14.13
2026-04-30,15,Ferreira do Zêzere,18.5,65.0,0.9,0.45,NW,937.8,20.9,120.66,81.09,1.34,0.45,0.01,0.45,,,,,,,,,,,,13.62
2026-04-30,16,Ferreira do Zêzere,18.9,63.0,1.3,0.75,N,1047.0,19.47,112.93,82.3,1.58,0.54,0.01,0.54,,,,,,,,,,,,13.67
2026-04-30,17,Ferreira do Zêzere,19.3,64.0,2.2,3.0,N,1167.2,18.56,108.64,83.08,1.82,0.62,0.01,0.62,,,,,,,,,,,,15.97
2026-04-30,18,Ferreira do Zêzere,19.2,66.0,3.7,1.66,NW,992.6,18.14,104.89,83.44,2.06,0.69,0.01,0.69,,,,,,,,,,,,16.15
2026-04-30,19,Ferreira do Zêzere,17.4,72.0,2.2,1.7,NW,330.6,18.31,128.88,83.29,1.87,0.6,0.01,0.6,,,,,,,,,,,,17.65
2026-04-30,20,Ferreira do Zêzere,15.2,79.0,2.1,0.35,N,17.6,18.82,150.86,82.85,1.76,0.54,0.01,0.54,,,,,,,,,,,,17.8
2026-04-30,21,Ferreira do Zêzere,14.2,82.0,1.3,0.1,N,0.6,19.43,165.19,82.33,1.59,0.49,0.01,0.49,,,,,,,,,,,,15.9
2026-04-30,22,Ferreira do Zêzere,12.7,90.0,1.1,0.38,W,13.8,19.92,193.27,81.92,1.49,0.46,0.01,0.46,,,,,,,,,,,,15.2
2026-04-30,23,Ferreira do Zêzere,11.7,97.0,1.2,0.33,N,510.8,20.37,222.72,81.54,1.43,0.44,0.01,0.44,,,,,,,,,,,,15.43
2026-05-01,0,Ferreira do Zêzere,12.0,96.0,1.5,0.25,N,511.9,20.64,196.62,81.31,1.42,0.43,0.01,0.43,,,,,,,,,,,,15.58
2026-05-01,1,Ferreira do Zêzere,11.3,97.0,0.9,0.21,W,567.4,20.51,202.61,81.42,1.39,0.43,0.01,0.43,,,,,,,,,,,,15.46
2026-05-01,2,Ferreira do Zêzere,10.7,98.0,1.1,0.37,SE,464.9,20.53,206.81,81.4,1.4,0.43,0.01,0.43,,,,,,,,,,,,15.63
2026-05-01,3,Ferreira do Zêzere,10.0,99.0,1.4,0.1,N,385.7,21.06,211.03,80.96,1.35,0.41,0.01,0.41,,,,,,,,,,,,15.63
2026-05-01,4,Ferreira do Zêzere,9.7,99.0,0.8,0.1,N,371.9,21.73,211.44,80.4,1.24,0.38,0.0,0.38,,,,,,,,,,,,15.53
2026-05-01,5,Ferreira do Zêzere,8.9,99.0,1.0,0.13,NE,361.6,22.15,211.42,80.05,1.2,0.37,0.0,0.37,,,,,,,,,,,,15.56
2026-05-01,6,Ferreira do Zêzere,7.9,99.0,0.9,0.14,NW,357.5,22.58,211.2,79.7,1.15,0.35,0.0,0.35,,,,,,,,,,,,15.3
2026-05-01,7,Ferreira do Zêzere,9.5,99.0,0.9,0.1,NW,679.4,22.56,210.96,79.72,1.16,0.35,0.0,0.35,,,,,,,,,,,,15.3
2026-05-01,8,Ferreira do Zêzere,11.8,96.0,1.9,0.15,N,797.5,21.73,193.98,80.4,1.31,0.4,0.01,0.4,,,,,,,,,,,,14.55
2026-05-01,9,Ferreira do Zêzere,13.6,95.0,2.1,0.12,NW,1312.0,19.82,187.53,82.0,1.58,0.49,0.01,0.49,,,,,,,,,,,,14.53
2026-05-01,10,Ferreira do Zêzere,17.0,77.0,1.1,0.01,N,2386.1,18.1,132.42,83.47,1.81,0.62,0.01,0.62,,,,,,,,,,,,13.99
2026-05-01,11,Ferreira do Zêzere,19.4,65.0,1.3,0.01,NW,2901.3,15.6,103.8,85.67,2.47,0.92,0.02,0.92,,,,,,,,,,,,13.65
2026-05-01,12,Ferreira do Zêzere,21.5,54.0,2.0,0.01,SW,3139.3,14.18,79.17,86.95,3.06,1.82,0.08,1.82,41.12,2.74,-701.7,41.12,87.67,0.05,3.68,0.02,0.0,0.01,12.0,12.17
2026-05-01,13,Ferreira do Zêzere,22.8,50.0,1.9,0.01,SW,3273.5,13.17,71.73,87.87,3.47,2.36,0.12,2.36,,,,,,,,,,,,11.7
2026-05-01,14,Ferreira do Zêzere,23.6,47.0,2.6,0.01,SW,3203.1,12.04,63.06,88.91,4.18,3.13,0.2,3.13,,,,,,,,,,,,10.44
2026-05-01,15,Ferreira do Zêzere,24.1,43.0,2.3,0.01,SW,3001.8,11.72,59.23,89.21,4.3,3.35,0.23,3.35,,,,,,,,,,,,10.0
2026-05-01,16,Ferreira do Zêzere,24.3,43.0,1.9,0.1,SW,2457.3,11.0,59.54,89.89,4.64,3.67,0.27,3.67,,,,,,,,,,,,9.35
2026-05-01,17,Ferreira do Zêzere,23.9,44.0,1.7,0.01,SW,1592.4,10.7,57.54,90.17,4.79,3.79,0.29,3.79,,,,,,,,,,,,6.36
2026-05-01,18,Ferreira do Zêzere,22.3,52.0,3.9,0.1,NW,803.3,10.53,56.67,90.33,5.47,4.14,0.34,4.14,,,,,,,,,,,,4.8
2026-05-01,19,Ferreira do Zêzere,19.5,62.0,4.2,0.2,NW,199.9,10.66,63.06,90.21,5.46,3.85,0.3,3.85,,,,,,,,,,,,3.3
2026-05-01,20,Ferreira do Zêzere,17.2,65.0,3.4,0.1,NW,12.4,10.86,70.02,90.02,5.1,3.43,0.24,3.43,,,,,,,,,,,,3.05
2026-05-01,21,Ferreira do Zêzere,15.9,73.0,2.0,0.1,NW,60.79,11.2,84.41,89.7,4.54,2.79,0.17,2.79,,,,,,,,,,,,3.05
2026-05-01,22,Ferreira do Zêzere,15.2,79.0,1.4,0.01,NW,50.53,11.51,91.29,89.41,4.23,2.46,0.13,2.46,,,,,,,,,,,,2.68
2026-05-01,23,Ferreira do Zêzere,14.7,83.0,0.7,0.2,N,105.5,11.61,99.14,89.32,4.03,2.24,0.11,2.24,,,,,,,,,,,,2.55
2026-05-02,0,Ferreira do Zêzere,14.1,88.0,0.7,0.01,N,0.1,11.7,101.41,89.23,3.98,2.2,0.11,2.2,,,,,,,,,,,,2.31
2026-05-02,1,Ferreira do Zêzere,13.8,91.0,0.9,0.1,W,35.31,11.92,104.01,89.03,3.9,2.11,0.1,2.11,,,,,,,,,,,,2.2
2026-05-02,2,Ferreira do Zêzere,13.2,94.0,0.5,0.3,W,0.3,12.22,109.72,88.75,3.67,1.89,0.08,1.89,,,,,,,,,,,,2.13
2026-05-02,3,Ferreira do Zêzere,12.9,96.0,0.7,0.2,E,0.6,12.68,114.95,88.32,3.49,1.67,0.07,1.67,,,,,,,,,,,,2.23
2026-05-02,4,Ferreira do Zêzere,12.4,96.0,0.6,0.13,S,1.1,13.15,115.9,87.89,3.26,1.44,0.05,1.44,,,,,,,,,,,,2.26
2026-05-02,5,Ferreira do Zêzere,11.6,97.0,0.6,0.3,N,458.0,13.66,121.35,87.42,3.05,1.13,0.03,1.13,,,,,,,,,,,,2.43
2026-05-02,6,Ferreira do Zêzere,10.8,98.0,1.1,0.2,N,568.3,14.37,124.16,86.77,2.85,0.95,0.02,0.95,,,,,,,,,,,,2.49
2026-05-02,7,Ferreira do Zêzere,11.5,99.0,0.3,0.1,E,556.7,14.83,126.93,86.36,2.59,0.85,0.02,0.85,,,,,,,,,,,,2.49
2026-05-02,8,Ferreira do Zêzere,14.6,86.0,0.8,0.5,SE,1017.5,14.53,105.07,86.63,2.76,0.96,0.03,0.96,,,,,,,,,,,,2.84
2026-05-02,9,Ferreira do Zêzere,17.6,69.0,1.2,0.61,SW,1815.6,13.99,81.36,87.12,3.01,1.55,0.06,1.55,,,,,,,,,,,,3.33
2026-05-02,10,Ferreira do Zêzere,18.1,68.0,1.1,1.13,W,890.1,13.03,87.78,88.0,3.4,1.91,0.09,1.91,,,,,,,,,,,,4.45
2026-05-02,11,Ferreira do Zêzere,18.0,67.0,1.6,0.13,W,999.4,12.61,84.95,88.38,3.69,2.18,0.11,2.18,,,,,,,,,,,,4.57
2026-05-02,12,Ferreira do Zêzere,19.1,64.0,1.5,0.59,W,1429.8,11.89,82.73,89.05,4.04,2.56,0.14,2.56,42.77,2.85,-696.88,42.77,83.88,0.06,3.79,0.02,0.0,0.02,12.0,5.15
2026-05-02,13,Ferreira do Zêzere,18.0,78.0,1.9,0.25,W,1354.3,13.39,103.32,87.67,3.38,1.67,0.07,1.67,,,,,,,,,,,,5.39
2026-05-02,14,Ferreira do Zêzere,19.4,72.0,1.9,0.66,S,2070.4,12.8,94.04,88.21,3.65,2.05,0.1,2.05,,,,,,,,,,,,6.04
2026-05-02,15,Ferreira do Zêzere,19.8,69.0,2.7,0.3,S,1036.0,12.14,86.65,88.82,4.15,2.55,0.14,2.55,,,,,,,,,,,,6.33
2026-05-02,16,Ferreira do Zêzere,18.9,77.0,0.9,0.1,NE,1509.78,13.27,110.39,87.78,3.26,1.58,0.06,1.58,,,,,,,,,,,,6.33
2026-05-02,17,Ferreira do Zêzere,20.3,70.0,0.9,3.83,S,1563.8,12.31,106.47,88.66,3.7,2.12,0.1,2.12,,,,,,,,,,,,10.15
2026-05-02,18,Ferreira do Zêzere,20.0,68.0,1.6,0.1,SW,688.5,11.78,99.15,89.16,4.12,2.51,0.14,2.51,,,,,,,,,,,,10.15
2026-05-02,19,Ferreira do Zêzere,18.4,75.0,0.6,0.4,NW,164.4,12.14,122.87,88.82,3.73,2.0,0.09,2.0,,,,,,,,,,,,10.35
2026-05-02,20,Ferreira do Zêzere,17.3,79.0,2.6,0.27,NW,11.3,12.86,120.22,88.15,3.75,1.91,0.09,1.91,,,,,,,,,,,,10.52
2026-05-02,21,Ferreira do Zêzere,17.0,80.0,0.8,1.6,NE,2.7,13.23,137.17,87.81,3.26,1.43,0.05,1.43,,,,,,,,,,,,12.02
2026-05-02,22,Ferreira do Zêzere,16.3,85.0,1.7,2.2,NW,0.4,13.73,147.83,87.36,3.2,1.23,0.04,1.23,,,,,,,,,,,,14.21
2026-05-02,23,Ferreira do Zêzere,15.7,87.0,1.6,0.45,N,0.2,14.23,155.69,86.9,2.98,0.96,0.03,0.96,,,,,,,,,,,,14.46
2026-05-03,0,Ferreira do Zêzere,14.3,92.0,1.0,0.61,N,0.2,14.94,197.47,86.26,2.64,0.81,0.02,0.81,,,,,,,,,,,,15.06
2026-05-03,1,Ferreira do Zêzere,12.3,96.0,0.6,0.1,SE,397.3,15.95,217.95,85.36,2.28,0.7,0.01,0.7,,,,,,,,,,,,15.06
2026-05-03,2,Ferreira do Zêzere,11.0,98.0,0.6,0.1,SW,481.4,16.72,226.69,84.68,2.08,0.64,0.01,0.64,,,,,,,,,,,,14.86
2026-05-03,3,Ferreira do Zêzere,10.7,99.0,1.1,0.6,E,378.9,17.79,231.06,83.74,1.88,0.58,0.01,0.58,,,,,,,,,,,,15.26
2026-05-03,4,Ferreira do Zêzere,11.0,99.0,1.0,0.1,W,351.8,18.73,231.07,82.93,1.68,0.52,0.01,0.52,,,,,,,,,,,,15.23
2026-05-03,5,Ferreira do Zêzere,11.4,99.0,0.8,0.7,E,367.5,19.65,231.74,82.14,1.51,0.46,0.01,0.46,,,,,,,,,,,,15.63
2026-05-03,6,Ferreira do Zêzere,12.2,100.0,0.9,0.31,SE,357.3,20.36,236.77,81.54,1.41,0.43,0.01,0.43,,,,,,,,,,,,15.74
2026-05-03,7,Ferreira do Zêzere,12.7,100.0,0.8,0.1,SE,351.5,20.57,236.77,81.37,1.38,0.42,0.01,0.42,,,,,,,,,,,,15.74
2026-05-03,8,Ferreira do Zêzere,13.4,100.0,1.7,0.3,S,652.3,20.0,236.51,81.85,1.52,0.47,0.01,0.47,,,,,,,,,,,,15.54
2026-05-03,9,Ferreira do Zêzere,14.7,95.0,1.8,2.7,SE,1263.7,18.4,209.19,83.21,1.82,0.56,0.01,0.56,,,,,,,,,,,,17.63
2026-05-03,10,Ferreira do Zêzere,17.6,75.0,1.9,1.69,SE,1845.6,16.78,135.86,84.62,2.2,0.7,0.01,0.7,,,,,,,,,,,,18.19
2026-05-03,11,Ferreira do Zêzere,18.2,70.0,1.6,1.32,W,1116.5,15.37,126.77,85.87,2.58,0.86,0.02,0.86,,,,,,,,,,,,19.38
2026-05-03,12,Ferreira do Zêzere,16.9,83.0,2.47,2.0,---,1314.58,21.98,155.92,80.19,1.31,0.4,0.01,0.4,21.88,1.54,-696.91,21.88,143.2,0.0,2.47,0.0,0.0,0.01,12.0,20.79
2026-05-03,13,Ferreira do Zêzere,17.2,83.0,1.9,0.2,NW,1726.9,19.31,158.66,82.43,1.65,0.51,0.01,0.51,,,,,,,,,,,,20.74
2026-05-03,14,Ferreira do Zêzere,17.5,80.0,1.2,0.2,SE,1649.3,18.18,154.62,83.4,1.81,0.56,0.01,0.56,,,,,,,,,,,,20.28
2026-05-03,15,Ferreira do Zêzere,16.7,91.0,1.4,2.4,N,970.6,53.49,192.93,58.26,0.39,0.12,0.0,0.12,,,,,,,,,,,,22.38
2026-05-03,16,Ferreira do Zêzere,17.7,83.0,4.2,0.72,NW,1829.1,45.72,146.39,63.0,0.6,0.18,0.0,0.18,,,,,,,,,,,,23.0
2026-05-03,17,Ferreira do Zêzere,18.6,73.0,4.1,0.22,NW,1684.5,36.91,117.94,68.87,0.74,0.24,0.0,0.24,,,,,,,,,,,,19.39
2026-05-03,18,Ferreira do Zêzere,17.6,73.0,5.6,0.91,NW,921.3,32.94,115.73,71.69,0.88,0.28,0.0,0.28,,,,,,,,,,,,20.2
2026-05-03,19,Ferreira do Zêzere,15.6,81.0,3.4,0.83,NW,379.9,31.04,148.68,73.09,0.83,0.25,0.0,0.25,,,,,,,,,,,,20.63
2026-05-03,20,Ferreira do Zêzere,14.3,87.0,2.1,0.3,NW,34.5,30.69,176.79,73.35,0.79,0.24,0.0,0.24,,,,,,,,,,,,20.66
2026-05-03,21,Ferreira do Zêzere,12.8,93.0,1.6,0.1,NW,0.9,30.86,204.04,73.23,0.76,0.23,0.0,0.23,,,,,,,,,,,,19.16
2026-05-03,22,Ferreira do Zêzere,11.8,96.0,1.1,0.1,NE,293.5,31.3,218.48,72.9,0.73,0.22,0.0,0.22,,,,,,,,,,,,17.06
2026-05-03,23,Ferreira do Zêzere,10.6,98.0,0.4,0.1,SE,602.1,31.63,229.67,72.66,0.7,0.21,0.0,0.21,,,,,,,,,,,,16.71
2026-05-04,0,Ferreira do Zêzere,9.7,99.0,0.8,0.5,E,532.3,31.87,216.78,72.48,0.71,0.22,0.0,0.22,,,,,,,,,,,,16.6
2026-05-04,1,Ferreira do Zêzere,8.8,99.0,0.5,0.1,NE,492.0,32.43,217.26,72.07,0.69,0.21,0.0,0.21,,,,,,,,,,,,16.6
2026-05-04,2,Ferreira do Zêzere,8.2,99.0,0.9,0.97,NE,442.4,33.11,218.19,71.57,0.69,0.21,0.0,0.21,,,,,,,,,,,,17.47
2026-05-04,3,Ferreira do Zêzere,8.7,100.0,1.0,1.4,NE,388.5,33.86,223.42,71.03,0.68,0.21,0.0,0.21,,,,,,,,,,,,18.27
2026-05-04,4,Ferreira do Zêzere,10.0,100.0,0.6,0.18,N,339.4,34.65,223.53,70.46,0.65,0.2,0.0,0.2,,,,,,,,,,,,18.35
2026-05-04,5,Ferreira do Zêzere,10.6,100.0,0.4,0.1,SE,320.8,34.85,222.72,70.32,0.64,0.2,0.0,0.2,,,,,,,,,,,,17.75
2026-05-04,6,Ferreira do Zêzere,10.1,100.0,0.8,0.13,E,325.1,34.99,222.46,70.22,0.66,0.2,0.0,0.2,,,,,,,,,,,,17.57
2026-05-04,7,Ferreira do Zêzere,10.9,100.0,0.4,1.32,NW,462.5,34.35,224.09,70.68,0.65,0.2,0.0,0.2,,,,,,,,,,,,18.79
2026-05-04,8,Ferreira do Zêzere,12.2,98.0,0.3,3.1,NE,762.6,32.67,219.2,71.89,0.68,0.21,0.0,0.21,,,,,,,,,,,,21.59
2026-05-04,9,Ferreira do Zêzere,14.3,88.0,2.5,0.75,NW,1044.8,30.61,166.48,73.41,0.8,0.25,0.0,0.25,,,,,,,,,,,,19.64
2026-05-04,10,Ferreira do Zêzere,16.3,74.0,2.72,0.22,---,1508.05,26.67,124.19,76.43,0.96,0.32,0.0,0.32,,,,,,,,,,,,18.17
2026-05-04,11,Ferreira do Zêzere,18.2,58.0,3.1,0.1,N,2918.0,22.4,92.92,79.85,1.31,0.48,0.01,0.48,,,,,,,,,,,,16.95
2026-05-04,12,Ferreira do Zêzere,18.0,61.0,5.4,0.98,N,2309.9,21.71,88.88,80.42,1.56,0.56,0.01,0.56,38.09,2.03,-695.36,38.09,94.98,0.03,2.97,0.01,0.0,0.01,12.0,15.93
2026-05-04,13,Ferreira do Zêzere,17.6,59.0,4.3,0.4,N,1425.6,18.76,91.09,82.9,1.98,0.72,0.02,0.72,,,,,,,,,,,,16.13
2026-05-04,14,Ferreira do Zêzere,18.7,57.0,4.8,0.1,NW,2238.7,17.2,84.2,84.26,2.43,0.9,0.02,0.9,,,,,,,,,,,,16.03
2026-05-04,15,Ferreira do Zêzere,18.8,55.0,5.3,1.4,NW,1980.6,16.02,79.94,85.29,2.87,1.36,0.05,1.36,,,,,,,,,,,,15.03
2026-05-04,16,Ferreira do Zêzere,19.4,51.0,5.4,1.48,NW,2399.0,15.04,74.66,86.17,3.26,1.86,0.08,1.86,,,,,,,,,,,,15.79
2026-05-04,17,Ferreira do Zêzere,19.0,49.0,5.6,0.42,N,1944.9,14.01,73.67,87.1,3.75,2.35,0.12,2.35,,,,,,,,,,,,15.99
2026-05-04,18,Ferreira do Zêzere,18.1,52.0,4.2,0.2,NW,1280.0,13.42,82.22,87.64,3.78,2.27,0.12,2.27,,,,,,,,,,,,15.28
2026-05-04,19,Ferreira do Zêzere,16.5,58.0,4.6,0.95,NW,479.9,13.21,91.74,87.83,3.96,2.26,0.12,2.26,,,,,,,,,,,,15.4
2026-05-04,20,Ferreira do Zêzere,14.2,68.0,2.5,0.51,N,29.3,13.5,118.79,87.57,3.43,1.54,0.06,1.54,,,,,,,,,,,,15.61
2026-05-04,21,Ferreira do Zêzere,12.3,78.0,1.3,0.2,N,3.0,14.11,147.68,87.01,2.98,0.93,0.02,0.93,,,,,,,,,,,,15.71
2026-05-04,22,Ferreira do Zêzere,11.2,85.0,2.0,0.57,N,385.0,14.8,162.23,86.39,2.83,0.87,0.02,0.87,,,,,,,,,,,,16.18
2026-05-04,23,Ferreira do Zêzere,10.3,90.0,1.1,0.3,SE,549.9,15.49,182.81,85.77,2.48,0.76,0.02,0.76,,,,,,,,,,,,16.38
2026-05-05,0,Ferreira do Zêzere,15.1,95.0,0.5,0.2,N,261.3,16.2,195.08,85.14,2.2,0.67,0.01,0.67,,,,,,,,,,,,16.08
2026-05-05,1,Ferreira do Zêzere,13.7,97.0,0.9,0.5,SE,146.7,16.76,202.98,84.64,2.1,0.64,0.01,0.64,,,,,,,,,,,,16.48
2026-05-05,2,Ferreira do Zêzere,12.8,98.0,0.4,0.1,E,65.5,17.4,207.59,84.08,1.9,0.58,0.01,0.58,,,,,,,,,,,,15.61
2026-05-05,3,Ferreira do Zêzere,12.7,99.0,0.8,0.1,SE,57.5,17.96,208.54,83.59,1.82,0.56,0.01,0.56,,,,,,,,,,,,14.31
2026-05-05,4,Ferreira do Zêzere,11.9,99.0,0.5,0.13,N,168.2,18.43,208.94,83.19,1.7,0.52,0.01,0.52,,,,,,,,,,,,14.26
2026-05-05,5,Ferreira do Zêzere,12.9,99.0,1.0,0.1,SE,196.1,18.99,208.19,82.71,1.64,0.5,0.01,0.5,,,,,,,,,,,,14.26
2026-05-05,6,Ferreira do Zêzere,11.9,99.0,1.0,0.2,NE,219.1,19.8,208.51,82.02,1.5,0.46,0.01,0.46,,,,,,,,,,,,14.33
2026-05-05,7,Ferreira do Zêzere,11.6,100.0,0.7,0.1,NW,478.2,19.77,210.37,82.04,1.48,0.45,0.01,0.45,,,,,,,,,,,,13.11
2026-05-05,8,Ferreira do Zêzere,11.7,89.0,0.4,0.9,E,1180.8,18.55,170.1,83.08,1.67,0.51,0.01,0.51,,,,,,,,,,,,10.91
2026-05-05,9,Ferreira do Zêzere,14.8,76.0,2.9,0.12,NW,1699.3,16.72,119.4,84.68,2.33,0.78,0.02,0.78,,,,,,,,,,,,10.28
2026-05-05,10,Ferreira do Zêzere,15.7,68.0,3.0,0.29,N,1461.9,15.51,104.45,85.75,2.72,0.95,0.02,0.95,,,,,,,,,,,,10.35
2026-05-05,11,Ferreira do Zêzere,17.6,58.0,2.7,0.3,NW,1949.8,14.17,88.96,86.95,3.18,1.68,0.07,1.68,,,,,,,,,,,,10.55
2026-05-05,12,Ferreira do Zêzere,17.6,58.0,3.2,0.1,NW,1430.8,13.15,85.86,87.89,3.72,2.19,0.11,2.19,41.2,2.45,-692.12,41.2,87.48,0.05,3.38,0.02,0.0,0.01,12.0,9.67
2026-05-05,13,Ferreira do Zêzere,17.4,58.0,2.6,0.34,NW,1209.9,12.56,88.47,88.43,3.9,2.35,0.12,2.35,,,,,,,,,,,,9.61
2026-05-05,14,Ferreira do Zêzere,19.4,54.0,3.6,0.25,NW,2831.4,12.09,76.1,88.87,4.37,2.9,0.18,2.9,,,,,,,,,,,,9.76
2026-05-05,15,Ferreira do Zêzere,18.8,56.0,3.0,0.6,NW,1389.4,11.03,80.31,89.86,4.89,3.27,0.22,3.27,,,,,,,,,,,,8.96
2026-05-05,16,Ferreira do Zêzere,19.7,53.0,4.1,0.35,NW,2059.6,11.05,70.07,89.84,5.15,3.6,0.26,3.6,,,,,,,,,,,,7.83
2026-05-05,17,Ferreira do Zêzere,19.5,53.0,5.0,0.13,NW,1583.1,10.69,67.86,90.18,5.66,3.99,0.32,3.99,,,,,,,,,,,,7.54
2026-05-05,18,Ferreira do Zêzere,18.6,54.0,4.9,1.6,NW,1065.5,10.37,73.5,90.49,5.88,4.08,0.33,4.08,,,,,,,,,,,,8.94
2026-05-05,19,Ferreira do Zêzere,17.1,59.0,5.6,0.5,NW,482.3,10.34,79.52,90.52,6.12,4.06,0.33,4.06,,,,,,,,,,,,8.49
2026-05-05,20,Ferreira do Zêzere,14.8,69.0,3.0,0.1,NW,31.1,10.71,103.17,90.16,5.11,3.01,0.19,3.01,,,,,,,,,,,,8.08
2026-05-05,21,Ferreira do Zêzere,13.3,79.0,1.6,1.49,N,0.3,11.38,132.27,89.53,4.35,2.21,0.11,2.21,,,,,,,,,,,,9.37
2026-05-05,22,Ferreira do Zêzere,12.0,86.0,2.1,2.34,N,3.2,12.23,152.03,88.74,3.98,1.77,0.08,1.77,,,,,,,,,,,,11.14
2026-05-05,23,Ferreira do Zêzere,11.2,91.0,1.6,1.47,NE,790.8,12.99,172.37,88.03,3.5,1.33,0.05,1.33,,,,,,,,,,,,12.31
2026-05-06,0,Ferreira do Zêzere,11.2,90.0,2.3,0.58,N,1061.5,13.63,164.0,87.45,3.34,1.33,0.05,1.33,,,,,,,,,,,,12.69
2026-05-06,1,Ferreira do Zêzere,10.8,91.0,3.4,0.38,NW,1139.6,14.11,164.11,87.01,3.32,1.29,0.04,1.29,,,,,,,,,,,,12.57
2026-05-06,2,Ferreira do Zêzere,10.3,95.0,1.4,0.36,NE,716.3,14.61,185.15,86.56,2.81,0.88,0.02,0.88,,,,,,,,,,,,12.83
2026-05-06,3,Ferreira do Zêzere,10.6,96.0,2.3,0.65,N,447.2,14.94,187.89,86.26,2.82,0.88,0.02,0.88,,,,,,,,,,,,13.38
2026-05-06,4,Ferreira do Zêzere,11.0,95.0,1.9,0.53,NE,446.2,15.78,185.26,85.51,2.49,0.78,0.02,0.78,,,,,,,,,,,,13.78
2026-05-06,5,Ferreira do Zêzere,7.58,95.08,1.4,1.34,SE,3238.7,16.45,191.73,84.91,2.23,0.7,0.01,0.7,,,,,,,,,,,,15.02
2026-05-06,6,Ferreira do Zêzere,7.17,95.05,1.48,0.2,SW,22.15,17.18,191.68,84.27,2.06,0.64,0.01,0.64,,,,,,,,,,,,15.02
2026-05-06,7,Ferreira do Zêzere,8.44,98.0,1.2,0.1,SE,608.3,17.09,202.35,84.35,2.05,0.63,0.01,0.63,,,,,,,,,,,,15.02
2026-05-06,8,Ferreira do Zêzere,11.63,86.0,2.4,0.72,N,1192.2,16.06,155.06,85.26,2.46,0.81,0.02,0.81,,,,,,,,,,,,14.84
2026-05-06,9,Ferreira do Zêzere,14.36,72.0,2.1,0.1,N,1899.1,15.06,121.74,86.15,2.75,0.98,0.03,0.98,,,,,,,,,,,,14.82
2026-05-06,10,Ferreira do Zêzere,16.35,61.0,2.7,0.26,NW,2497.9,13.96,98.56,87.15,3.26,1.81,0.08,1.81,,,,,,,,,,,,14.79
2026-05-06,11,Ferreira do Zêzere,17.37,56.66,2.7,0.1,W,2492.79,12.46,90.76,88.52,3.97,2.57,0.14,2.57,,,,,,,,,,,,14.59
2026-05-06,12,Ferreira do Zêzere,18.14,46.0,2.7,0.3,N,2240.8,11.33,78.67,89.58,4.62,3.36,0.23,3.36,44.51,3.29,-690.27,44.51,80.01,0.09,4.24,0.04,0.0,0.04,12.0,14.79
2026-05-06,13,Ferreira do Zêzere,18.76,43.0,3.7,0.4,NW,3514.1,10.0,71.43,90.84,5.82,4.45,0.38,4.45,,,,,,,,,,,,14.85
2026-05-06,14,Ferreira do Zêzere,19.21,42.0,3.4,1.15,NW,2632.4,9.75,70.81,91.08,5.94,4.59,0.4,4.59,,,,,,,,,,,,15.75
2026-05-06,15,Ferreira do Zêzere,19.65,43.0,5.0,0.43,NW,2247.0,8.58,66.13,92.21,7.55,5.86,0.62,5.86,,,,,,,,,,,,15.58
2026-05-06,16,Ferreira do Zêzere,19.05,45.0,5.2,0.42,NW,2520.2,8.36,68.83,92.42,7.87,5.99,0.65,5.99,,,,,,,,,,,,15.65
2026-05-06,17,Ferreira do Zêzere,18.69,46.0,5.6,1.97,NW,1957.5,8.4,70.56,92.39,7.98,6.01,0.65,6.01,,,,,,,,,,,,17.49
2026-05-06,18,Ferreira do Zêzere,17.76,49.0,5.3,2.4,NW,1215.5,8.2,76.63,92.58,8.08,5.93,0.64,5.93,,,,,,,,,,,,18.29
2026-05-06,19,Ferreira do Zêzere,16.43,56.0,5.8,0.2,NW,479.0,8.22,85.38,92.56,8.26,5.78,0.61,5.78,,,,,,,,,,,,17.99
2026-05-06,20,Ferreira do Zêzere,14.5,66.0,4.1,0.44,NW,34.8,8.5,107.21,92.29,7.3,4.78,0.43,4.78,,,,,,,,,,,,18.33
2026-05-06,21,Ferreira do Zêzere,13.21,75.0,3.1,1.25,NW,3595.4,9.08,128.04,91.72,6.41,3.93,0.31,3.93,,,,,,,,,,,,18.09
2026-05-06,22,Ferreira do Zêzere,12.24,84.0,2.7,1.76,NW,3506.8,9.83,150.64,91.0,5.67,3.23,0.22,3.23,,,,,,,,,,,,17.51
2026-05-06,23,Ferreira do Zêzere,11.52,88.0,2.4,1.84,NW,0.3,10.56,164.66,90.31,5.06,2.72,0.16,2.72,,,,,,,,,,,,17.88
2026-05-07,0,Ferreira do Zêzere,11.03,92.0,1.7,1.26,NW,310.4,11.31,186.1,89.6,4.41,2.23,0.11,2.23,,,,,,,,,,,,18.56
2026-05-07,1,Ferreira do Zêzere,10.59,94.0,1.0,1.19,NE,967.2,12.07,197.62,88.89,3.84,1.76,0.07,1.76,,,,,,,,,,,,19.37
2026-05-07,2,Ferreira do Zêzere,10.29,97.0,1.7,1.17,N,344.4,12.72,208.59,88.28,3.65,1.55,0.06,1.55,,,,,,,,,,,,20.18
2026-05-07,3,Ferreira do Zêzere,10.07,96.0,0.8,0.73,N,349.4,13.54,207.09,87.53,3.13,0.99,0.03,0.99,,,,,,,,,,,,20.26
2026-05-07,4,Ferreira do Zêzere,9.87,97.0,0.6,1.09,NE,276.4,14.52,212.2,86.64,2.73,0.86,0.02,0.86,,,,,,,,,,,,20.82
2026-05-07,5,Ferreira do Zêzere,9.5,99.0,1.3,0.44,NE,218.4,15.57,218.32,85.7,2.48,0.77,0.02,0.77,,,,,,,,,,,,19.92
2026-05-07,6,Ferreira do Zêzere,8.69,99.0,1.0,0.38,NW,226.1,16.67,218.92,84.72,2.13,0.66,0.01,0.66,,,,,,,,,,,,20.1
2026-05-07,7,Ferreira do Zêzere,9.55,100.0,1.1,0.1,N,371.6,16.87,223.24,84.54,2.09,0.65,0.01,0.65,,,,,,,,,,,,20.1
2026-05-07,8,Ferreira do Zêzere,12.44,97.0,0.5,0.26,SW,952.4,16.44,210.19,84.92,2.14,0.67,0.01,0.67,,,,,,,,,,,,19.64
2026-05-07,9,Ferreira do Zêzere,14.6,80.0,3.6,0.2,NW,1633.1,15.31,136.93,85.93,2.87,0.99,0.03,0.99,,,,,,,,,,,,19.74
2026-05-07,10,Ferreira do Zêzere,16.2,65.0,1.4,0.35,NW,2149.6,13.73,116.96,87.36,3.15,1.66,0.07,1.66,,,,,,,,,,,,19.83
2026-05-07,11,Ferreira do Zêzere,17.15,51.0,2.0,0.46,NW,2815.2,12.27,93.8,88.7,3.93,2.65,0.15,2.65,,,,,,,,,,,,20.19
2026-05-07,12,Ferreira do Zêzere,18.03,49.0,1.5,0.3,NE,3290.4,11.09,91.81,89.8,4.5,3.22,0.22,3.22,40.16,3.53,-690.01,40.16,89.94,0.04,4.48,0.02,0.0,0.01,12.0,20.19
2026-05-07,13,Ferreira do Zêzere,18.56,45.0,2.3,0.82,NW,2897.5,10.18,82.73,90.67,5.3,4.0,0.32,4.0,,,,,,,,,,,,20.61
2026-05-07,14,Ferreira do Zêzere,19.15,46.0,2.5,0.54,NW,2373.5,9.35,80.86,91.46,5.99,4.58,0.4,4.58,,,,,,,,,,,,20.0
2026-05-07,15,Ferreira do Zêzere,19.07,48.0,3.5,0.1,NW,2224.3,8.87,79.18,91.93,6.73,5.11,0.49,5.11,,,,,,,,,,,,19.67
2026-05-07,16,Ferreira do Zêzere,19.07,48.0,3.4,0.2,NW,2745.3,8.87,79.43,91.93,6.7,5.09,0.48,5.09,,,,,,,,,,,,19.45
2026-05-07,17,Ferreira do Zêzere,18.45,51.0,5.1,0.1,NW,1828.1,8.67,78.21,92.12,7.5,5.58,0.57,5.58,,,,,,,,,,,,17.58
2026-05-07,18,Ferreira do Zêzere,17.13,58.0,5.0,0.28,NW,811.3,8.6,87.93,92.19,7.53,5.35,0.53,5.35,,,,,,,,,,,,15.46
2026-05-07,19,Ferreira do Zêzere,15.38,62.0,4.0,0.22,NW,278.5,8.72,100.39,92.07,7.05,4.81,0.44,4.81,,,,,,,,,,,,15.48
2026-05-07,20,Ferreira do Zêzere,13.97,68.0,2.3,0.83,NW,28.1,9.1,119.32,91.71,6.14,3.98,0.31,3.98,,,,,,,,,,,,15.87
2026-05-07,21,Ferreira do Zêzere,13.01,78.0,1.4,0.73,NW,4213.3,9.59,143.47,91.23,5.49,3.29,0.22,3.29,,,,,,,,,,,,15.35
2026-05-07,22,Ferreira do Zêzere,12.32,81.0,1.4,0.95,NW,0.2,10.21,150.17,90.64,5.04,2.91,0.18,2.91,,,,,,,,,,,,14.54
2026-05-07,23,Ferreira do Zêzere,12.04,84.0,0.4,0.76,SE,0.1,10.79,164.17,90.09,4.43,2.4,0.13,2.4,,,,,,,,,,,,13.46
2026-05-08,0,Ferreira do Zêzere,11.63,85.0,0.5,0.92,E,0.2,11.37,162.04,89.54,4.12,2.16,0.11,2.16,,,,,,,,,,,,13.12
2026-05-08,1,Ferreira do Zêzere,11.34,90.0,0.7,1.07,NW,3.3,11.85,173.0,89.09,3.9,1.91,0.09,1.91,,,,,,,,,,,,13.0
2026-05-08,2,Ferreira do Zêzere,11.15,93.0,0.2,0.54,NE,10.8,12.34,184.23,88.63,3.56,1.59,0.06,1.59,,,,,,,,,,,,12.37
2026-05-08,3,Ferreira do Zêzere,11.23,94.0,1.3,0.29,E,71.6,12.84,179.96,88.17,3.52,1.54,0.06,1.54,,,,,,,,,,,,11.93
2026-05-08,4,Ferreira do Zêzere,10.86,95.0,0.6,0.4,SE,699.7,13.38,184.52,87.68,3.17,1.16,0.04,1.16,,,,,,,,,,,,11.24
2026-05-08,5,Ferreira do Zêzere,10.57,97.0,0.4,1.05,E,712.5,13.89,193.64,87.21,2.93,0.94,0.02,0.94,,,,,,,,,,,,11.85
2026-05-08,6,Ferreira do Zêzere,10.34,98.0,1.7,0.1,E,473.9,14.65,193.96,86.52,2.84,0.91,0.02,0.91,,,,,,,,,,,,11.57
2026-05-08,7,Ferreira do Zêzere,10.82,95.0,0.8,0.1,SE,547.0,15.04,184.61,86.17,2.58,0.84,0.02,0.84,,,,,,,,,,,,11.57
2026-05-08,8,Ferreira do Zêzere,11.98,80.0,2.1,0.4,S,794.1,14.42,137.45,86.73,2.98,1.19,0.04,1.19,,,,,,,,,,,,11.71
2026-05-08,9,Ferreira do Zêzere,13.59,72.0,2.2,0.4,SW,1234.6,13.55,119.78,87.52,3.36,1.73,0.07,1.73,,,,,,,,,,,,11.91
2026-05-08,10,Ferreira do Zêzere,14.84,60.0,3.4,0.6,S,2440.8,12.91,96.54,88.11,3.88,2.41,0.13,2.41,,,,,,,,,,,,12.16
2026-05-08,11,Ferreira do Zêzere,16.15,54.0,2.0,0.1,W,2228.6,12.06,91.87,88.9,4.05,2.71,0.16,2.71,,,,,,,,,,,,11.8
2026-05-08,12,Ferreira do Zêzere,17.07,48.0,3.0,0.46,S,2129.2,11.07,80.24,89.82,4.86,3.55,0.26,3.55,43.69,3.65,-687.56,43.69,81.82,0.08,4.6,0.03,0.0,0.03,12.0,11.96
2026-05-08,13,Ferreira do Zêzere,17.57,44.0,3.0,0.1,S,2762.6,10.41,74.92,90.45,5.32,4.04,0.32,4.04,,,,,,,,,,,,11.24
2026-05-08,14,Ferreira do Zêzere,18.52,44.0,2.5,0.82,S,1630.0,9.89,74.36,90.94,5.57,4.3,0.36,4.3,,,,,,,,,,,,11.52
2026-05-08,15,Ferreira do Zêzere,18.9,43.0,1.8,0.44,SW,1414.7,9.15,75.63,91.66,5.95,4.65,0.41,4.65,,,,,,,,,,,,11.86
2026-05-08,16,Ferreira do Zêzere,18.85,46.0,1.2,0.19,S,650.7,9.19,81.27,91.62,5.74,4.42,0.38,4.42,,,,,,,,,,,,11.85
2026-05-08,17,Ferreira do Zêzere,18.82,47.0,1.2,0.25,W,456.9,9.08,82.41,91.72,5.82,4.46,0.38,4.46,,,,,,,,,,,,12.0
2026-05-08,18,Ferreira do Zêzere,18.33,63.0,1.5,0.95,N,331.1,9.12,100.08,91.69,5.88,4.12,0.33,4.12,,,,,,,,,,,,12.67
2026-05-08,19,Ferreira do Zêzere,17.1,68.0,0.6,0.3,S,168.3,11.49,117.43,89.43,4.07,2.52,0.14,2.52,,,,,,,,,,,,12.75
2026-05-08,20,Ferreira do Zêzere,15.34,81.0,2.3,1.3,S,176.4,29.36,134.27,74.35,0.83,0.29,0.0,0.29,,,,,,,,,,,,13.22
2026-05-08,21,Ferreira do Zêzere,13.87,94.0,0.8,2.1,S,289.4,50.84,185.51,59.84,0.42,0.14,0.0,0.14,,,,,,,,,,,,14.59
2026-05-08,22,Ferreira do Zêzere,13.34,96.0,3.0,0.3,SE,354.4,56.55,186.56,56.49,0.37,0.12,0.0,0.12,,,,,,,,,,,,13.94
2026-05-08,23,Ferreira do Zêzere,13.24,90.0,2.8,0.7,SE,412.9,58.27,162.26,55.52,0.34,0.11,0.0,0.11,,,,,,,,,,,,13.88
2026-05-09,0,Ferreira do Zêzere,13.26,88.0,4.0,0.38,SE,342.5,59.43,159.33,54.88,0.34,0.1,0.0,0.1,,,,,,,,,,,,13.34
2026-05-09,1,Ferreira do Zêzere,12.93,86.0,2.9,0.15,SE,8.5,60.96,156.18,54.03,0.3,0.09,0.0,0.09,,,,,,,,,,,,12.42
2026-05-09,2,Ferreira do Zêzere,12.43,88.0,2.1,0.42,SE,9.1,57.82,166.31,55.77,0.33,0.1,0.0,0.1,,,,,,,,,,,,12.3
2026-05-09,3,Ferreira do Zêzere,12.35,89.0,3.1,1.38,SE,5.9,55.42,167.52,57.14,0.39,0.12,0.0,0.12,,,,,,,,,,,,13.39
2026-05-09,4,Ferreira do Zêzere,12.34,89.0,3.4,1.38,SE,5.4,54.04,167.94,57.94,0.42,0.13,0.0,0.13,,,,,,,,,,,,14.37
2026-05-09,5,Ferreira do Zêzere,12.39,94.0,2.6,2.2,SE,369.6,62.46,191.96,53.22,0.27,0.08,0.0,0.08,,,,,,,,,,,,15.52
2026-05-09,6,Ferreira do Zêzere,12.48,92.0,3.5,1.72,SE,453.1,58.61,182.41,55.33,0.34,0.11,0.0,0.11,,,,,,,,,,,,17.14
2026-05-09,7,Ferreira do Zêzere,12.55,92.0,3.3,1.7,SE,373.6,64.89,184.54,51.93,0.24,0.07,0.0,0.07,,,,,,,,,,,,18.74
2026-05-09,8,Ferreira do Zêzere,11.95,95.0,3.2,2.2,SE,621.3,65.35,201.18,51.69,0.23,0.07,0.0,0.07,,,,,,,,,,,,20.54
2026-05-09,9,Ferreira do Zêzere,12.75,92.0,3.8,0.1,SE,1158.6,57.68,184.04,55.85,0.36,0.11,0.0,0.11,,,,,,,,,,,,20.24
2026-05-09,10,Ferreira do Zêzere,14.04,82.0,4.5,0.19,SE,1762.6,48.23,144.18,61.43,0.56,0.18,0.0,0.18,,,,,,,,,,,,19.83
2026-05-09,11,Ferreira do Zêzere,14.98,74.0,4.4,0.3,SE,1887.7,41.56,124.35,65.7,0.68,0.23,0.0,0.23,,,,,,,,,,,,20.03
2026-05-09,12,Ferreira do Zêzere,16.68,69.0,4.4,1.11,SW,1987.6,39.95,111.17,66.78,0.7,0.25,0.0,0.25,33.76,2.59,-687.73,33.76,106.22,0.01,3.53,0.0,0.0,0.01,12.0,20.68
2026-05-09,13,Ferreira do Zêzere,17.19,58.0,4.2,1.28,SW,2984.5,31.26,95.91,72.93,0.86,0.32,0.0,0.32,,,,,,,,,,,,21.86
2026-05-09,14,Ferreira do Zêzere,17.81,54.0,5.7,0.37,S,2593.9,26.47,85.15,76.58,1.13,0.43,0.01,0.43,,,,,,,,,,,,21.41
2026-05-09,15,Ferreira do Zêzere,16.71,74.0,2.0,0.2,SW,922.5,24.9,131.38,77.82,1.03,0.35,0.0,0.35,,,,,,,,,,,,21.17
2026-05-09,16,Ferreira do Zêzere,15.22,78.0,2.7,0.9,W,423.4,24.85,140.22,77.86,1.07,0.35,0.0,0.35,,,,,,,,,,,,21.88
2026-05-09,17,Ferreira do Zêzere,13.88,90.0,1.2,2.5,S,556.5,35.71,187.86,69.71,0.66,0.2,0.0,0.2,,,,,,,,,,,,24.13
2026-05-09,18,Ferreira do Zêzere,13.62,94.0,1.9,0.2,S,879.2,46.55,200.5,62.48,0.52,0.16,0.0,0.16,,,,,,,,,,,,23.38
2026-05-09,19,Ferreira do Zêzere,14.04,90.0,1.5,0.7,SE,457.5,44.79,185.57,63.6,0.54,0.16,0.0,0.16,,,,,,,,,,,,23.78
2026-05-09,20,Ferreira do Zêzere,13.07,91.0,2.3,0.49,SE,36.3,44.48,186.5,63.8,0.56,0.17,0.0,0.17,,,,,,,,,,,,22.97
2026-05-09,21,Ferreira do Zêzere,12.33,92.0,2.4,0.56,SE,6.4,44.85,190.16,63.56,0.56,0.17,0.0,0.17,,,,,,,,,,,,21.43
2026-05-09,22,Ferreira do Zêzere,11.95,91.0,2.6,2.79,SE,5.3,45.16,187.6,63.36,0.56,0.17,0.0,0.17,,,,,,,,,,,,23.92
2026-05-09,23,Ferreira do Zêzere,12.1,91.0,4.6,1.1,S,242.0,55.91,181.17,56.86,0.41,0.13,0.0,0.13,,,,,,,,,,,,24.32
2026-05-10,0,Ferreira do Zêzere,12.16,93.0,2.8,0.5,SE,356.0,59.35,195.53,54.92,0.32,0.1,0.0,0.1,,,,,,,,,,,,24.44
2026-05-10,1,Ferreira do Zêzere,11.89,96.0,2.0,0.1,SE,356.7,57.75,212.34,55.81,0.33,0.1,0.0,0.1,,,,,,,,,,,,24.39
2026-05-10,2,Ferreira do Zêzere,11.78,93.0,2.6,0.27,SE,441.6,57.54,196.56,55.93,0.35,0.11,0.0,0.11,,,,,,,,,,,,24.24
2026-05-10,3,Ferreira do Zêzere,11.35,91.0,2.3,0.62,SE,138.4,58.58,189.62,55.35,0.32,0.1,0.0,0.1,,,,,,,,,,,,23.48
2026-05-10,4,Ferreira do Zêzere,11.32,91.0,2.5,1.62,SE,9.0,58.99,189.03,55.12,0.32,0.1,0.0,0.1,,,,,,,,,,,,23.72
2026-05-10,5,Ferreira do Zêzere,11.3,92.0,2.4,1.2,S,157.2,61.0,192.72,54.01,0.29,0.09,0.0,0.09,,,,,,,,,,,,22.72
2026-05-10,6,Ferreira do Zêzere,10.92,97.0,1.9,2.14,SE,331.2,59.74,217.34,54.7,0.3,0.09,0.0,0.09,,,,,,,,,,,,23.14
2026-05-10,7,Ferreira do Zêzere,11.24,96.0,3.0,0.8,S,445.3,57.48,209.07,55.97,0.35,0.11,0.0,0.11,,,,,,,,,,,,22.24
2026-05-10,8,Ferreira do Zêzere,12.1,93.0,2.9,0.2,S,940.6,57.89,192.32,55.73,0.34,0.11,0.0,0.11,,,,,,,,,,,,20.24
2026-05-10,9,Ferreira do Zêzere,13.87,84.0,2.7,0.26,S,1551.9,48.47,158.02,61.28,0.51,0.16,0.0,0.16,,,,,,,,,,,,20.4
2026-05-10,10,Ferreira do Zêzere,14.83,82.0,1.7,1.6,SW,1322.7,55.71,156.85,56.97,0.36,0.11,0.0,0.11,,,,,,,,,,,,21.81
2026-05-10,11,Ferreira do Zêzere,15.81,84.0,2.9,0.3,S,2435.8,45.08,153.54,63.41,0.57,0.18,0.0,0.18,,,,,,,,,,,,21.81
2026-05-10,12,Ferreira do Zêzere,16.05,65.0,4.5,0.5,SW,3198.0,37.86,107.06,68.21,0.74,0.26,0.0,0.26,33.49,2.18,-688.15,33.49,106.94,0.01,3.12,0.0,0.0,0.01,12.0,21.2
2026-05-10,13,Ferreira do Zêzere,17.4,53.0,5.7,0.5,S,3199.2,30.25,85.17,73.68,0.96,0.36,0.0,0.36,,,,,,,,,,,,20.42
2026-05-10,14,Ferreira do Zêzere,17.61,51.0,4.5,0.35,SW,3081.4,24.0,85.9,78.55,1.24,0.47,0.01,0.47,,,,,,,,,,,,20.4
2026-05-10,15,Ferreira do Zêzere,17.51,58.0,4.3,0.1,SW,1728.7,21.54,94.16,80.56,1.5,0.55,0.01,0.55,,,,,,,,,,,,20.3
2026-05-10,16,Ferreira do Zêzere,16.17,73.0,4.9,0.76,S,1549.4,34.85,117.59,70.32,0.81,0.27,0.0,0.27,,,,,,,,,,,,20.16
2026-05-10,17,Ferreira do Zêzere,15.21,74.0,4.6,1.47,S,779.2,45.14,122.64,63.37,0.62,0.2,0.0,0.2,,,,,,,,,,,,19.13
2026-05-10,18,Ferreira do Zêzere,14.87,84.0,2.6,1.1,S,501.4,52.98,156.04,58.56,0.42,0.13,0.0,0.13,,,,,,,,,,,,20.03
2026-05-10,19,Ferreira do Zêzere,14.47,94.0,2.1,1.5,S,351.6,54.16,197.14,57.87,0.39,0.12,0.0,0.12,,,,,,,,,,,,20.83
2026-05-10,20,Ferreira do Zêzere,13.85,95.0,3.1,0.7,S,345.1,54.82,200.07,57.49,0.4,0.12,0.0,0.12,,,,,,,,,,,,21.04
2026-05-10,21,Ferreira do Zêzere,13.47,94.0,3.1,0.1,S,403.4,56.38,194.97,56.59,0.37,0.11,0.0,0.11,,,,,,,,,,,,20.58
2026-05-10,22,Ferreira do Zêzere,13.36,93.0,4.0,1.5,S,334.7,56.93,186.64,56.28,0.38,0.12,0.0,0.12,,,,,,,,,,,,19.29
2026-05-10,23,Ferreira do Zêzere,13.25,95.0,4.7,0.7,S,293.0,58.29,195.3,55.51,0.37,0.11,0.0,0.11,,,,,,,,,,,,18.89
2026-05-11,0,Ferreira do Zêzere,13.06,96.0,3.3,0.3,SE,404.2,57.95,216.04,55.7,0.35,0.11,0.0,0.11,,,,,,,,,,,,18.69
2026-05-11,1,Ferreira do Zêzere,12.78,96.0,2.7,0.2,S,401.3,58.47,217.72,55.41,0.33,0.1,0.0,0.1,,,,,,,,,,,,18.79
2026-05-11,2,Ferreira do Zêzere,12.65,97.0,2.7,0.85,S,367.2,58.4,224.05,55.45,0.33,0.1,0.0,0.1,,,,,,,,,,,,19.37
2026-05-11,3,Ferreira do Zêzere,12.46,97.0,2.6,0.27,S,330.8,58.02,224.13,55.66,0.34,0.1,0.0,0.1,,,,,,,,,,,,19.02
2026-05-11,4,Ferreira do Zêzere,12.25,97.0,0.5,4.8,S,344.9,57.11,231.83,56.17,0.32,0.1,0.0,0.1,,,,,,,,,,,,22.2
2026-05-11,5,Ferreira do Zêzere,12.09,98.0,1.9,0.15,SE,352.6,56.12,232.8,56.74,0.36,0.11,0.0,0.11,,,,,,,,,,,,21.15
2026-05-11,6,Ferreira do Zêzere,12.31,97.0,2.8,0.54,SE,405.8,55.1,224.22,57.32,0.39,0.12,0.0,0.12,,,,,,,,,,,,19.55
2026-05-11,7,Ferreira do Zêzere,12.8,94.0,3.0,0.48,S,376.6,54.67,206.39,57.57,0.4,0.12,0.0,0.12,,,,,,,,,,,,19.23
2026-05-11,8,Ferreira do Zêzere,13.74,92.0,3.7,0.33,S,590.7,56.05,192.92,56.78,0.39,0.12,0.0,0.12,,,,,,,,,,,,19.36
2026-05-11,9,Ferreira do Zêzere,14.8,87.0,4.0,0.97,S,869.5,53.26,168.8,58.4,0.45,0.14,0.0,0.14,,,,,,,,,,,,20.07
2026-05-11,10,Ferreira do Zêzere,15.6,77.0,4.1,0.1,S,1520.6,43.59,136.52,64.37,0.63,0.19,0.0,0.19,,,,,,,,,,,,18.57
2026-05-11,11,Ferreira do Zêzere,16.54,89.0,1.4,1.3,S,980.3,46.42,185.76,62.56,0.51,0.16,0.0,0.16,,,,,,,,,,,,19.57
2026-05-11,12,Ferreira do Zêzere,17.51,87.0,1.3,0.59,SW,1824.4,41.64,177.12,65.65,0.58,0.18,0.0,0.18,15.59,1.03,-687.86,15.59,167.53,0.0,1.96,0.0,0.0,0.01,12.0,19.66
2026-05-11,13,Ferreira do Zêzere,18.38,73.0,3.4,0.47,SW,2485.8,46.05,123.25,62.79,0.57,0.18,0.0,0.18,,,,,,,,,,,,19.63
2026-05-11,14,Ferreira do Zêzere,18.01,65.0,3.2,1.45,SW,2449.1,39.45,111.59,67.12,0.67,0.23,0.0,0.23,,,,,,,,,,,,20.73
2026-05-11,15,Ferreira do Zêzere,18.2,61.0,4.0,2.34,SW,2449.0,34.13,102.42,70.83,0.79,0.27,0.0,0.27,,,,,,,,,,,,22.97
2026-05-11,16,Ferreira do Zêzere,17.89,56.0,3.8,3.9,W,2794.6,29.24,98.42,74.45,0.9,0.32,0.0,0.32,,,,,,,,,,,,26.11
2026-05-11,17,Ferreira do Zêzere,17.56,61.0,2.6,2.4,SW,1260.9,30.1,111.37,73.8,0.82,0.28,0.0,0.28,,,,,,,,,,,,27.04
2026-05-11,18,Ferreira do Zêzere,17.03,64.0,2.1,1.0,W,800.0,28.87,120.25,74.73,0.84,0.28,0.0,0.28,,,,,,,,,,,,26.94
2026-05-11,19,Ferreira do Zêzere,16.48,67.0,1.3,1.14,W,403.6,26.48,132.38,76.57,0.9,0.3,0.0,0.3,,,,,,,,,,,,26.58
2026-05-11,20,Ferreira do Zêzere,15.66,77.0,1.4,0.66,W,40.6,43.61,154.05,64.36,0.55,0.17,0.0,0.17,,,,,,,,,,,,26.54
2026-05-11,21,Ferreira do Zêzere,14.42,83.0,0.6,0.19,W,3.6,55.25,180.47,57.24,0.35,0.11,0.0,0.11,,,,,,,,,,,,26.63
2026-05-11,22,Ferreira do Zêzere,13.7,91.0,0.9,1.62,SE,4.2,55.66,204.95,57.0,0.35,0.11,0.0,0.11,,,,,,,,,,,,26.75
2026-05-11,23,Ferreira do Zêzere,13.04,94.0,0.3,1.13,S,2.9,56.8,222.68,56.35,0.32,0.1,0.0,0.1,,,,,,,,,,,,27.18
2026-05-12,0,Ferreira do Zêzere,12.62,97.0,0.5,0.42,E,371.9,56.64,229.3,56.44,0.32,0.1,0.0,0.1,,,,,,,,,,,,27.3
2026-05-12,1,Ferreira do Zêzere,12.38,98.0,0.3,0.13,W,648.3,55.9,234.51,56.86,0.33,0.1,0.0,0.1,,,,,,,,,,,,27.23
2026-05-12,2,Ferreira do Zêzere,12.29,98.0,1.1,0.8,SE,604.1,55.83,232.32,56.9,0.35,0.11,0.0,0.11,,,,,,,,,,,,27.18
2026-05-12,3,Ferreira do Zêzere,12.11,98.0,0.4,0.3,SW,486.4,55.6,234.21,57.04,0.34,0.1,0.0,0.1,,,,,,,,,,,,27.21
2026-05-12,4,Ferreira do Zêzere,12.14,99.0,0.3,0.13,N,393.3,55.27,235.91,57.23,0.34,0.1,0.0,0.1,,,,,,,,,,,,22.54
2026-05-12,5,Ferreira do Zêzere,11.99,99.0,0.4,0.1,S,323.2,54.81,235.71,57.49,0.35,0.11,0.0,0.11,,,,,,,,,,,,22.49
2026-05-12,6,Ferreira do Zêzere,11.65,99.0,0.2,0.28,S,314.6,55.63,235.98,57.02,0.33,0.1,0.0,0.1,,,,,,,,,,,,22.23
2026-05-12,7,Ferreira do Zêzere,12.21,97.0,1.2,3.4,SE,568.1,53.39,225.96,58.32,0.39,0.12,0.0,0.12,,,,,,,,,,,,25.15
2026-05-12,8,Ferreira do Zêzere,13.22,87.0,2.4,0.54,S,945.2,48.84,177.67,61.05,0.49,0.15,0.0,0.15,,,,,,,,,,,,25.36
2026-05-12,9,Ferreira do Zêzere,14.89,92.0,0.5,2.2,NW,666.8,43.84,206.45,64.21,0.52,0.16,0.0,0.16,,,,,,,,,,,,26.59
2026-05-12,10,Ferreira do Zêzere,16.25,96.0,1.4,3.2,SE,724.7,43.59,219.27,64.37,0.55,0.17,0.0,0.17,,,,,,,,,,,,29.69
2026-05-12,11,Ferreira do Zêzere,16.28,77.0,1.2,1.15,SW,2956.8,36.91,152.02,68.87,0.64,0.2,0.0,0.2,,,,,,,,,,,,29.54
2026-05-12,12,Ferreira do Zêzere,17.0,70.0,2.5,0.7,SW,2302.2,29.11,126.42,74.54,0.85,0.28,0.0,0.28,26.17,1.43,-690.54,26.17,128.68,0.0,2.36,0.0,0.0,0.01,12.0,29.65
2026-05-12,13,Ferreira do Zêzere,18.01,70.0,2.5,2.0,SW,2137.5,24.32,123.68,78.29,1.1,0.36,0.0,0.36,,,,,,,,,,,,31.18
2026-05-12,14,Ferreira do Zêzere,17.54,56.0,2.3,2.53,SW,3171.4,21.0,105.29,81.01,1.42,0.51,0.01,0.51,,,,,,,,,,,,32.26
2026-05-12,15,Ferreira do Zêzere,16.85,54.0,2.4,2.34,SW,1995.9,18.86,104.57,82.82,1.78,0.64,0.01,0.64,,,,,,,,,,,,32.26
2026-05-12,16,Ferreira do Zêzere,16.41,62.0,4.4,0.56,N,1775.7,18.46,107.15,83.16,2.06,0.7,0.01,0.7,,,,,,,,,,,,28.92
2026-05-12,17,Ferreira do Zêzere,16.13,68.0,1.9,3.22,NW,1353.2,17.46,129.1,84.03,2.03,0.66,0.01,0.66,,,,,,,,,,,,29.74
2026-05-12,18,Ferreira do Zêzere,16.21,76.0,1.0,0.37,W,335.6,17.47,151.65,84.02,1.94,0.6,0.01,0.6,,,,,,,,,,,,29.11
2026-05-12,19,Ferreira do Zêzere,15.72,78.0,1.6,0.51,N,260.7,17.5,152.32,83.99,1.99,0.61,0.01,0.61,,,,,,,,,,,,28.48
2026-05-12,20,Ferreira do Zêzere,14.44,83.0,0.8,1.08,SW,41.1,18.23,175.44,83.36,1.76,0.54,0.01,0.54,,,,,,,,,,,,28.9
2026-05-12,21,Ferreira do Zêzere,13.64,94.0,0.8,0.1,E,2.7,19.05,214.56,82.66,1.61,0.49,0.01,0.49,,,,,,,,,,,,28.81
2026-05-12,22,Ferreira do Zêzere,13.31,95.0,0.5,0.12,N,3.1,19.77,220.36,82.04,1.47,0.45,0.01,0.45,,,,,,,,,,,,27.31
2026-05-12,23,Ferreira do Zêzere,12.53,97.0,0.3,0.1,NE,206.9,20.54,229.83,81.39,1.35,0.41,0.01,0.41,,,,,,,,,,,,26.28
2026-05-13,0,Ferreira do Zêzere,12.07,98.0,0.5,0.4,NE,493.7,21.22,224.85,80.82,1.27,0.39,0.01,0.39,,,,,,,,,,,,26.26
2026-05-13,1,Ferreira do Zêzere,11.68,98.0,0.2,0.1,NW,499.6,21.79,226.02,80.35,1.19,0.37,0.0,0.37,,,,,,,,,,,,26.23
2026-05-13,2,Ferreira do Zêzere,11.09,99.0,0.9,0.1,---,355.2,22.78,228.37,79.54,1.14,0.35,0.0,0.35,,,,,,,,,,,,25.53
2026-05-13,3,Ferreira do Zêzere,10.8,99.0,1.7,0.13,NE,305.2,23.8,227.57,78.71,1.09,0.33,0.0,0.33,,,,,,,,,,,,25.36
2026-05-13,4,Ferreira do Zêzere,10.35,99.0,1.4,0.1,N,315.6,24.62,227.88,78.05,1.01,0.31,0.0,0.31,,,,,,,,,,,,25.33
2026-05-13,5,Ferreira do Zêzere,10.18,99.0,0.6,0.14,SW,322.2,25.51,228.77,77.34,0.92,0.28,0.0,0.28,,,,,,,,,,,,25.37
2026-05-13,6,Ferreira do Zêzere,10.21,100.0,1.3,0.1,NE,313.6,26.38,232.99,76.65,0.91,0.28,0.0,0.28,,,,,,,,,,,,25.19
2026-05-13,7,Ferreira do Zêzere,11.15,100.0,0.7,0.1,W,488.9,26.04,230.31,76.92,0.9,0.27,0.0,0.27,,,,,,,,,,,,21.89
2026-05-13,8,Ferreira do Zêzere,12.72,100.0,0.4,0.1,SE,767.9,24.35,229.9,78.26,0.98,0.3,0.0,0.3,,,,,,,,,,,,21.45
2026-05-13,9,Ferreira do Zêzere,14.34,93.0,0.8,0.15,NE,1706.7,22.07,195.9,80.12,1.2,0.37,0.0,0.37,,,,,,,,,,,,19.4
2026-05-13,10,Ferreira do Zêzere,15.85,70.0,1.1,0.1,W,2693.4,19.47,128.35,82.3,1.56,0.53,0.01,0.53,,,,,,,,,,,,16.3
2026-05-13,11,Ferreira do Zêzere,17.41,58.0,1.1,0.1,SE,3143.8,17.24,105.73,84.22,2.0,0.74,0.02,0.74,,,,,,,,,,,,15.25
2026-05-13,12,Ferreira do Zêzere,17.94,55.0,1.6,0.46,NW,3658.2,16.48,97.19,84.89,2.25,0.85,0.02,0.85,35.55,2.27,-688.81,35.55,101.43,0.01,3.21,0.01,0.0,0.01,12.0,15.01
2026-05-13,13,Ferreira do Zêzere,18.68,55.0,3.2,0.42,W,3045.9,14.44,86.65,86.71,3.15,1.7,0.07,1.7,,,,,,,,,,,,13.43
2026-05-13,14,Ferreira do Zêzere,19.21,68.0,3.4,0.9,NW,972.8,13.05,99.04,87.98,3.81,2.1,0.1,2.1,,,,,,,,,,,,11.8
2026-05-13,15,Ferreira do Zêzere,19.11,56.0,2.6,0.1,N,2897.2,13.9,84.73,87.2,3.27,1.84,0.08,1.84,,,,,,,,,,,,9.56
2026-05-13,16,Ferreira do Zêzere,19.13,60.0,5.0,0.1,NW,2417.8,12.65,80.53,88.35,4.35,2.72,0.16,2.72,,,,,,,,,,,,9.1
2026-05-13,17,Ferreira do Zêzere,18.6,63.0,4.8,0.1,NW,1688.4,12.41,79.21,88.57,4.45,2.75,0.16,2.75,,,,,,,,,,,,5.98
2026-05-13,18,Ferreira do Zêzere,17.92,64.0,3.5,0.3,NW,1206.5,12.29,85.42,88.68,4.23,2.53,0.14,2.53,,,,,,,,,,,,5.91
2026-05-13,19,Ferreira do Zêzere,16.81,72.0,3.9,0.23,NW,512.0,12.5,95.85,88.49,4.2,2.32,0.12,2.32,,,,,,,,,,,,5.63
2026-05-13,20,Ferreira do Zêzere,15.4,77.0,3.7,0.7,NW,50.5,13.3,105.55,87.75,3.74,1.82,0.08,1.82,,,,,,,,,,,,5.25
2026-05-13,21,Ferreira do Zêzere,14.06,85.0,1.6,1.16,NW,0.42,14.2,137.84,86.93,2.99,0.94,0.02,0.94,,,,,,,,,,,,6.31
2026-05-13,22,Ferreira do Zêzere,13.23,92.0,1.5,0.32,N,0.1,15.13,159.67,86.09,2.64,0.81,0.02,0.81,,,,,,,,,,,,6.51
2026-05-13,23,Ferreira do Zêzere,12.8,95.0,2.1,0.62,NW,2.6,16.0,171.65,85.31,2.45,0.75,0.02,0.75,,,,,,,,,,,,7.03
2026-05-14,0,Ferreira do Zêzere,12.1,96.0,1.0,0.22,NW,3.8,16.62,165.33,84.76,2.15,0.66,0.01,0.66,,,,,,,,,,,,6.85
2026-05-14,1,Ferreira do Zêzere,11.36,97.0,1.4,0.1,N,582.0,17.23,168.16,84.23,2.04,0.62,0.01,0.62,,,,,,,,,,,,6.85
2026-05-14,2,Ferreira do Zêzere,10.74,98.0,2.0,0.26,N,389.7,17.93,172.32,83.62,1.94,0.59,0.01,0.59,,,,,,,,,,,,7.01
2026-05-14,3,Ferreira do Zêzere,10.2,98.0,1.7,0.1,N,413.8,18.68,172.6,82.97,1.75,0.54,0.01,0.54,,,,,,,,,,,,6.98
2026-05-14,4,Ferreira do Zêzere,10.01,99.0,1.7,0.1,W,314.7,19.55,176.43,82.23,1.6,0.49,0.01,0.49,,,,,,,,,,,,6.98
2026-05-14,5,Ferreira do Zêzere,9.56,99.0,0.6,0.1,N,260.9,20.51,177.0,81.42,1.37,0.42,0.01,0.42,,,,,,,,,,,,6.94
2026-05-14,6,Ferreira do Zêzere,9.48,100.0,1.7,0.1,NW,235.4,21.17,180.12,80.87,1.36,0.42,0.01,0.42,,,,,,,,,,,,6.94
2026-05-14,7,Ferreira do Zêzere,11.01,99.0,2.8,0.1,N,591.0,20.4,175.44,81.51,1.55,0.47,0.01,0.47,,,,,,,,,,,,6.94
2026-05-14,8,Ferreira do Zêzere,13.45,91.0,3.9,0.1,NW,1087.0,18.9,140.63,82.78,1.91,0.6,0.01,0.6,,,,,,,,,,,,6.94
2026-05-14,9,Ferreira do Zêzere,14.85,79.0,4.7,0.3,NW,1432.9,17.59,107.42,83.92,2.31,0.77,0.02,0.77,,,,,,,,,,,,7.09
2026-05-14,10,Ferreira do Zêzere,16.16,68.0,4.6,0.12,NW,2461.6,16.21,88.78,85.13,2.7,0.97,0.03,0.97,,,,,,,,,,,,7.11
2026-05-14,11,Ferreira do Zêzere,17.31,64.0,4.0,0.57,NW,2901.6,14.61,84.46,86.56,3.2,1.66,0.07,1.66,,,,,,,,,,,,7.58
2026-05-14,12,Ferreira do Zêzere,18.29,59.0,4.9,0.5,NW,3379.8,12.73,74.8,88.27,4.28,2.75,0.16,2.75,44.76,2.64,-684.89,44.76,79.47,0.1,3.58,0.04,0.0,0.04,12.0,7.62
2026-05-14,13,Ferreira do Zêzere,19.17,54.0,5.4,0.1,NW,3611.7,11.43,66.58,89.48,5.23,3.66,0.27,3.66,,,,,,,,,,,,7.3
2026-05-14,14,Ferreira do Zêzere,19.63,48.0,5.6,1.29,NW,3539.2,10.57,61.25,90.3,5.93,4.38,0.37,4.38,,,,,,,,,,,,7.69
2026-05-14,15,Ferreira do Zêzere,19.64,49.0,6.1,0.48,NW,3219.6,10.09,61.61,90.75,6.49,4.78,0.43,4.78,,,,,,,,,,,,8.07
2026-05-14,16,Ferreira do Zêzere,19.15,49.0,6.2,0.87,NW,2670.1,9.64,63.72,91.18,6.94,5.08,0.48,5.08,,,,,,,,,,,,8.84
2026-05-14,17,Ferreira do Zêzere,18.48,53.0,6.4,0.77,NW,2002.3,9.39,68.98,91.43,7.25,5.15,0.5,5.15,,,,,,,,,,,,9.51
2026-05-14,18,Ferreira do Zêzere,17.3,58.0,6.6,0.3,NW,1274.3,9.27,75.87,91.54,7.45,5.09,0.48,5.09,,,,,,,,,,,,9.51
2026-05-14,19,Ferreira do Zêzere,15.69,65.0,8.2,0.12,NW,526.9,9.34,83.61,91.47,8.0,5.18,0.5,5.18,,,,,,,,,,,,9.4
2026-05-14,20,Ferreira do Zêzere,14.22,72.0,4.3,0.23,NW,35.6,9.82,104.03,91.01,6.15,3.72,0.28,3.72,,,,,,,,,,,,8.93
2026-05-14,21,Ferreira do Zêzere,13.29,77.0,3.6,0.34,NW,75.94,10.36,113.79,90.5,5.52,3.16,0.21,3.16,,,,,,,,,,,,8.11
2026-05-14,22,Ferreira do Zêzere,13.01,81.0,5.0,0.48,NW,38.92,11.01,118.11,89.88,5.42,3.01,0.19,3.01,,,,,,,,,,,,8.27
2026-05-14,23,Ferreira do Zêzere,12.68,82.0,5.7,0.5,NW,170.66,11.59,118.7,89.33,5.19,2.83,0.17,2.83,,,,,,,,,,,,8.15
2026-05-15,0,Ferreira do Zêzere,12.22,83.0,4.0,0.35,N,172.64,12.11,122.11,88.85,4.45,2.37,0.13,2.37,,,,,,,,,,,,8.28
2026-05-15,1,Ferreira do Zêzere,11.79,85.0,3.1,0.42,N,120.31,12.61,130.95,88.38,3.98,1.96,0.09,1.96,,,,,,,,,,,,8.6
2026-05-15,2,Ferreira do Zêzere,11.37,85.0,5.6,0.76,NW,116.64,13.11,126.71,87.92,4.22,2.14,0.1,2.14,,,,,,,,,,,,9.1
2026-05-15,3,Ferreira do Zêzere,11.06,85.0,2.3,0.53,N,96.23,13.39,137.94,87.67,3.44,1.48,0.05,1.48,,,,,,,,,,,,9.53
2026-05-15,4,Ferreira do Zêzere,10.79,90.0,1.9,0.26,NW,0.3,13.62,152.63,87.46,3.28,1.23,0.04,1.23,,,,,,,,,,,,9.69
2026-05-15,5,Ferreira do Zêzere,10.73,88.0,3.9,0.2,NW,0.2,13.75,141.54,87.34,3.56,1.54,0.06,1.54,,,,,,,,,,,,9.79
2026-05-15,6,Ferreira do Zêzere,10.6,78.0,5.3,0.1,N,29.0,13.65,116.79,87.43,3.87,1.94,0.09,1.94,,,,,,,,,,,,9.79
2026-05-15,7,Ferreira do Zêzere,11.5,71.0,5.4,0.01,N,518.6,13.36,104.12,87.69,4.04,2.19,0.11,2.19,,,,,,,,,,,,9.7
2026-05-15,8,Ferreira do Zêzere,12.71,67.0,6.1,0.01,N,1137.6,12.82,94.73,88.19,4.5,2.65,0.15,2.65,,,,,,,,,,,,9.61
2026-05-15,9,Ferreira do Zêzere,13.63,67.0,7.4,0.01,N,1833.5,12.45,89.36,88.53,5.04,3.11,0.2,3.11,,,,,,,,,,,,9.32
2026-05-15,10,Ferreira do Zêzere,14.96,62.0,6.2,0.1,N,2668.4,12.07,83.35,88.89,4.99,3.21,0.21,3.21,,,,,,,,,,,,9.3
2026-05-15,11,Ferreira do Zêzere,16.41,54.0,6.1,0.1,NW,3074.4,11.52,72.18,89.4,5.35,3.71,0.28,3.71,,,,,,,,,,,,8.83
2026-05-15,12,Ferreira do Zêzere,17.21,51.0,6.8,0.2,N,2653.5,10.5,66.21,90.36,6.36,4.6,0.41,4.6,50.11,3.1,-681.45,50.11,68.4,0.23,4.04,0.09,0.0,0.09,12.0,8.53
2026-05-15,13,Ferreira do Zêzere,17.51,53.0,5.8,0.27,NW,2046.1,9.95,69.15,90.89,6.52,4.69,0.42,4.69,,,,,,,,,,,,8.7
2026-05-15,14,Ferreira do Zêzere,17.37,57.0,6.8,0.13,NW,1755.6,9.73,68.66,91.1,7.07,5.01,0.47,5.01,,,,,,,,,,,,7.54
2026-05-15,15,Ferreira do Zêzere,17.59,58.0,5.8,0.01,NW,1789.1,9.51,69.8,91.31,6.92,4.9,0.45,4.9,,,,,,,,,,,,7.07
2026-05-15,16,Ferreira do Zêzere,17.57,56.0,6.4,0.01,NW,1625.5,9.68,64.92,91.15,6.97,5.0,0.47,5.0,,,,,,,,,,,,6.21
2026-05-15,17,Ferreira do Zêzere,17.21,55.0,6.0,0.01,NW,2087.7,9.48,63.31,91.34,7.02,5.07,0.48,5.07,,,,,,,,,,,,5.45
2026-05-15,18,Ferreira do Zêzere,16.57,59.0,5.2,0.01,NW,1294.8,9.33,68.03,91.48,6.88,4.85,0.44,4.85,,,,,,,,,,,,5.16
2026-05-15,19,Ferreira do Zêzere,15.55,65.0,4.8,0.01,NW,555.0,9.35,75.54,91.46,6.73,4.56,0.4,4.56,,,,,,,,,,,,5.05
2026-05-15,20,Ferreira do Zêzere,14.2,72.0,5.3,0.01,N,46.1,9.76,83.09,91.07,6.52,4.21,0.35,4.21,,,,,,,,,,,,4.83
2026-05-15,21,Ferreira do Zêzere,13.23,77.0,5.6,0.01,NW,72.03,10.33,88.28,90.52,6.13,3.82,0.29,3.82,,,,,,,,,,,,4.5
2026-05-15,22,Ferreira do Zêzere,12.57,81.0,3.3,0.1,N,37.81,10.9,96.97,89.98,5.05,2.98,0.19,2.98,,,,,,,,,,,,4.12
2026-05-15,23,Ferreira do Zêzere,12.14,85.0,2.9,0.01,N,104.37,11.38,100.01,89.53,4.64,2.64,0.15,2.64,,,,,,,,,,,,3.63
2026-05-16,0,Ferreira do Zêzere,11.82,87.0,2.2,0.38,N,110.99,11.99,95.2,88.96,4.13,2.49,0.14,2.49,,,,,,,,,,,,3.66
2026-05-16,1,Ferreira do Zêzere,11.32,89.0,2.9,0.17,N,0.2,12.6,94.27,88.39,3.94,2.33,0.12,2.33,,,,,,,,,,,,3.41
2026-05-16,2,Ferreira do Zêzere,10.79,91.0,3.5,0.2,N,1.0,13.18,88.97,87.86,3.76,2.22,0.11,2.22,,,,,,,,,,,,2.85
2026-05-16,3,Ferreira do Zêzere,10.42,92.0,4.2,0.16,NW,2.3,13.69,83.92,87.39,3.64,2.17,0.11,2.17,,,,,,,,,,,,2.48
2026-05-16,4,Ferreira do Zêzere,9.96,93.0,3.6,0.15,N,4.1,14.26,84.29,86.87,3.28,1.85,0.08,1.85,,,,,,,,,,,,2.37
2026-05-16,5,Ferreira do Zêzere,9.3,93.0,1.3,0.1,N,65.9,15.03,85.13,86.18,2.65,1.15,0.03,1.15,,,,,,,,,,,,2.27
2026-05-16,6,Ferreira do Zêzere,8.9,96.0,1.7,0.1,N,779.8,15.69,88.81,85.59,2.49,0.95,0.02,0.95,,,,,,,,,,,,2.27
2026-05-16,7,Ferreira do Zêzere,10.35,90.0,3.9,0.3,N,584.3,15.17,82.57,86.05,2.97,1.52,0.06,1.52,,,,,,,,,,,,2.56
2026-05-16,8,Ferreira do Zêzere,12.69,83.0,5.1,0.62,NW,1291.9,14.02,77.77,87.09,3.65,2.19,0.11,2.19,,,,,,,,,,,,3.17
2026-05-16,9,Ferreira do Zêzere,15.0,71.0,4.4,0.42,N,2006.0,13.39,67.27,87.67,3.83,2.52,0.14,2.52,,,,,,,,,,,,3.58
2026-05-16,10,Ferreira do Zêzere,16.58,57.0,4.7,0.17,NW,2669.1,12.52,54.77,88.47,4.36,3.25,0.22,3.25,,,,,,,,,,,,3.65
2026-05-16,11,Ferreira do Zêzere,18.4,54.0,4.8,0.1,NW,3160.5,11.51,50.02,89.41,5.02,3.96,0.31,3.96,,,,,,,,,,,,3.65
2026-05-16,12,Ferreira do Zêzere,19.48,49.0,4.1,0.01,NW,3480.3,10.31,45.62,90.54,5.7,4.72,0.42,4.72,60.26,4.15,-676.11,60.26,50.14,0.51,5.1,0.22,0.0,0.22,12.0,3.46
2026-05-16,13,Ferreira do Zêzere,20.22,45.0,4.1,0.1,NW,3590.5,9.49,41.64,91.33,6.37,5.44,0.55,5.44,,,,,,,,,,,,3.29
2026-05-16,14,Ferreira do Zêzere,20.09,42.0,5.1,0.01,NW,3340.3,8.84,38.6,91.96,7.33,6.31,0.71,6.31,,,,,,,,,,,,3.17
2026-05-16,15,Ferreira do Zêzere,20.1,41.0,6.1,0.1,NW,3144.0,8.31,37.52,92.47,8.29,7.09,0.87,7.09,,,,,,,,,,,,3.26
2026-05-16,16,Ferreira do Zêzere,19.72,47.0,7.2,0.01,NW,2634.1,8.1,39.65,92.68,9.02,7.45,0.95,7.45,,,,,,,,,,,,3.26
2026-05-16,17,Ferreira do Zêzere,18.77,52.0,6.6,0.01,NW,2016.9,8.0,44.02,92.78,8.87,7.14,0.88,7.14,,,,,,,,,,,,3.26
2026-05-16,18,Ferreira do Zêzere,17.43,55.0,7.3,0.01,NW,1327.1,8.02,46.8,92.76,9.16,7.18,0.89,7.18,,,,,,,,,,,,3.26
2026-05-16,19,Ferreira do Zêzere,15.91,63.0,5.9,0.01,NW,567.6,7.995,55.28,92.78,8.57,6.46,0.74,6.46,,,,,,,,,,,,3.26
2026-05-16,20,Ferreira do Zêzere,13.97,69.0,4.5,0.01,NW,45.9,8.29,64.22,92.49,7.67,5.59,0.57,5.59,,,,,,,,,,,,3.26
2026-05-16,21,Ferreira do Zêzere,12.65,73.0,3.3,0.01,NW,65.3,8.78,71.3,92.02,6.75,4.8,0.44,4.8,,,,,,,,,,,,3.26
2026-05-16,22,Ferreira do Zêzere,11.86,79.0,3.3,0.01,NW,50.83,9.28,76.96,91.53,6.3,4.36,0.37,4.36,,,,,,,,,,,,3.17
2026-05-16,23,Ferreira do Zêzere,11.95,80.0,4.5,0.1,NW,0.1,9.78,76.9,91.05,6.25,4.3,0.36,4.3,,,,,,,,,,,,3.26
2026-05-17,0,Ferreira do Zêzere,11.75,83.0,1.6,0.2,NW,74.71,10.27,84.97,90.58,5.05,3.44,0.24,3.44,,,,,,,,,,,,3.08
2026-05-17,1,Ferreira do Zêzere,11.54,85.0,3.3,0.34,N,0.1,10.81,86.19,90.07,5.11,3.43,0.24,3.43,,,,,,,,,,,,3.25
2026-05-17,2,Ferreira do Zêzere,11.03,89.0,3.2,0.35,NW,0.3,11.27,94.78,89.63,4.78,3.08,0.2,3.08,,,,,,,,,,,,3.4
2026-05-17,3,Ferreira do Zêzere,10.53,91.0,1.4,0.34,NW,0.5,11.7,104.4,89.23,4.12,2.49,0.14,2.49,,,,,,,,,,,,3.58
2026-05-17,4,Ferreira do Zêzere,10.38,94.0,1.6,0.4,NW,8.5,11.98,112.96,88.97,4.01,2.34,0.12,2.34,,,,,,,,,,,,3.83
2026-05-17,5,Ferreira do Zêzere,10.25,95.0,1.8,0.5,N,205.6,12.29,120.03,88.68,3.88,2.19,0.11,2.19,,,,,,,,,,,,4.23
2026-05-17,6,Ferreira do Zêzere,10.2,96.0,1.4,0.22,N,711.5,12.59,124.42,88.4,3.66,1.98,0.09,1.98,,,,,,,,,,,,4.35
2026-05-17,7,Ferreira do Zêzere,10.97,94.0,2.1,0.62,NW,314.7,12.55,121.99,88.44,3.81,2.11,0.1,2.11,,,,,,,,,,,,4.67
2026-05-17,8,Ferreira do Zêzere,12.33,89.0,2.9,0.16,NW,635.2,12.41,103.71,88.57,4.04,2.41,0.13,2.41,,,,,,,,,,,,4.21
2026-05-17,9,Ferreira do Zêzere,13.95,78.0,3.7,0.14,NW,1163.9,12.07,80.74,88.89,4.4,2.92,0.18,2.92,,,,,,,,,,,,3.93
2026-05-17,10,Ferreira do Zêzere,15.15,69.0,5.2,0.01,N,1738.6,11.67,66.0,89.26,5.01,3.61,0.26,3.61,,,,,,,,,,,,3.77
2026-05-17,11,Ferreira do Zêzere,16.71,56.0,5.4,0.1,NW,2972.9,10.99,54.08,89.9,5.55,4.35,0.37,4.35,,,,,,,,,,,,3.77
2026-05-17,12,Ferreira do Zêzere,18.01,53.0,4.5,0.1,NW,2953.3,10.0,52.03,90.84,6.06,4.89,0.45,4.89,59.36,4.39,-671.16,59.36,51.63,0.49,5.35,0.22,0.0,0.22,12.0,3.86
2026-05-17,13,Ferreira do Zêzere,19.1,51.0,3.4,0.01,NW,3146.8,9.32,50.5,91.49,6.3,5.19,0.5,5.19,,,,,,,,,,,,3.77
2026-05-17,14,Ferreira do Zêzere,19.33,51.0,3.9,0.01,NW,2316.5,8.91,49.25,91.89,6.83,5.64,0.58,5.64,,,,,,,,,,,,3.77
2026-05-17,15,Ferreira do Zêzere,19.47,54.0,5.4,0.2,NW,2757.0,8.29,48.98,92.49,8.02,6.5,0.75,6.5,,,,,,,,,,,,3.87
2026-05-17,16,Ferreira do Zêzere,19.21,54.0,5.3,0.3,NW,2703.3,8.29,50.89,92.49,7.98,6.42,0.73,6.42,,,,,,,,,,,,4.16
2026-05-17,17,Ferreira do Zêzere,18.48,52.0,6.5,0.01,NW,1963.3,8.32,49.33,92.46,8.44,6.77,0.8,6.77,,,,,,,,,,,,4.16
2026-05-17,18,Ferreira do Zêzere,17.17,54.0,5.9,0.1,NW,1353.2,8.08,53.89,92.7,8.47,6.65,0.78,6.65,,,,,,,,,,,,4.25
2026-05-17,19,Ferreira do Zêzere,15.91,59.0,6.0,0.15,NW,554.4,8.07,59.76,92.71,8.52,6.47,0.74,6.47,,,,,,,,,,,,4.39
2026-05-17,20,Ferreira do Zêzere,14.17,66.0,4.5,0.25,NW,52.2,8.22,71.8,92.56,7.74,5.64,0.58,5.64,,,,,,,,,,,,4.63
2026-05-17,21,Ferreira do Zêzere,12.82,73.0,3.4,0.2,N,35.91,8.63,84.15,92.16,6.92,4.85,0.44,4.85,,,,,,,,,,,,4.82
2026-05-17,22,Ferreira do Zêzere,12.09,78.0,3.6,1.3,NW,22.5,9.09,98.48,91.72,6.56,4.41,0.38,4.41,,,,,,,,,,,,6.11
2026-05-17,23,Ferreira do Zêzere,11.46,83.0,3.0,0.67,NW,40.96,9.59,111.83,91.23,5.95,3.84,0.29,3.84,,,,,,,,,,,,6.68
2026-05-18,0,Ferreira do Zêzere,10.78,87.0,2.3,0.15,NW,37.03,10.15,131.29,90.7,5.32,3.22,0.22,3.22,,,,,,,,,,,,6.63
2026-05-18,1,Ferreira do Zêzere,10.42,91.0,2.0,0.1,N,0.1,10.77,140.6,90.11,4.81,2.79,0.17,2.79,,,,,,,,,,,,6.39
2026-05-18,2,Ferreira do Zêzere,9.91,93.0,2.0,0.23,NW,2.1,11.31,145.51,89.6,4.48,2.51,0.14,2.51,,,,,,,,,,,,6.27
2026-05-18,3,Ferreira do Zêzere,9.43,94.0,2.2,0.45,NW,3.0,11.81,148.98,89.13,4.23,2.29,0.12,2.29,,,,,,,,,,,,6.38
2026-05-18,4,Ferreira do Zêzere,9.26,95.0,2.1,0.79,NW,5.5,12.34,154.88,88.63,3.92,2.02,0.09,2.02,,,,,,,,,,,,6.77
2026-05-18,5,Ferreira do Zêzere,9.05,95.0,2.2,0.49,NW,214.8,12.8,154.76,88.21,3.7,1.84,0.08,1.84,,,,,,,,,,,,6.76
2026-05-18,6,Ferreira do Zêzere,8.87,96.0,2.1,0.66,NW,756.2,13.09,160.96,87.94,3.55,1.68,0.07,1.68,,,,,,,,,,,,7.2
2026-05-18,7,Ferreira do Zêzere,10.17,92.0,3.0,0.1,NW,560.1,12.91,142.84,88.11,3.8,1.97,0.09,1.97,,,,,,,,,,,,6.68
2026-05-18,8,Ferreira do Zêzere,13.09,81.0,4.7,0.38,NW,1270.7,12.28,110.02,88.69,4.5,2.72,0.16,2.72,,,,,,,,,,,,6.9
2026-05-18,9,Ferreira do Zêzere,14.92,67.0,4.5,0.33,N,1960.1,11.93,87.68,89.02,4.67,3.12,0.2,3.12,,,,,,,,,,,,7.09
2026-05-18,10,Ferreira do Zêzere,16.4,61.0,3.7,0.95,NW,2588.3,11.44,82.78,89.48,4.79,3.36,0.23,3.36,,,,,,,,,,,,8.03
2026-05-18,11,Ferreira do Zêzere,17.47,58.0,3.2,0.15,NW,2903.8,10.77,78.99,90.11,5.12,3.72,0.28,3.72,,,,,,,,,,,,8.08
2026-05-18,12,Ferreira do Zêzere,18.5,55.0,3.3,0.3,NW,3134.6,9.98,73.96,90.86,5.72,4.33,0.36,4.33,49.5,4.06,-667.49,49.5,69.62,0.18,5.01,0.08,0.0,0.08,12.0,8.28
2026-05-18,13,Ferreira do Zêzere,18.9,51.0,4.2,0.1,NW,3414.5,9.27,67.46,91.54,6.6,5.13,0.49,5.13,,,,,,,,,,,,8.37
2026-05-18,14,Ferreira do Zêzere,19.28,50.0,4.9,0.1,NW,3262.0,8.78,64.36,92.02,7.31,5.73,0.6,5.73,,,,,,,,,,,,8.46
2026-05-18,15,Ferreira do Zêzere,19.65,51.0,3.1,0.13,NW,2991.0,8.52,68.64,92.27,6.92,5.43,0.54,5.43,,,,,,,,,,,,8.39
2026-05-18,16,Ferreira do Zêzere,19.56,50.0,4.2,0.29,NW,2534.0,8.16,65.15,92.62,7.69,6.03,0.65,6.03,,,,,,,,,,,,8.38
2026-05-18,17,Ferreira do Zêzere,19.35,53.0,5.9,0.2,NW,1806.4,8.02,64.65,92.76,8.54,6.56,0.76,6.56,,,,,,,,,,,,8.57
2026-05-18,18,Ferreira do Zêzere,18.35,55.0,4.4,0.35,NW,1183.2,8.01,72.34,92.77,7.93,5.99,0.65,5.99,,,,,,,,,,,,8.82
2026-05-18,19,Ferreira do Zêzere,16.71,58.0,4.0,0.57,NW,404.0,7.947,80.75,92.83,7.84,5.75,0.6,5.75,,,,,,,,,,,,9.24
2026-05-18,20,Ferreira do Zêzere,15.06,65.0,4.2,0.37,NW,73.5,8.22,91.55,92.56,7.62,5.34,0.53,5.34,,,,,,,,,,,,9.36
2026-05-18,21,Ferreira do Zêzere,13.52,74.0,2.1,0.52,NW,57.73,8.71,115.01,92.08,6.41,4.23,0.35,4.23,,,,,,,,,,,,9.68
2026-05-18,22,Ferreira do Zêzere,12.22,81.0,0.7,0.38,NE,0.8,9.35,134.65,91.46,5.47,3.4,0.24,3.4,,,,,,,,,,,,8.76
2026-05-18,23,Ferreira do Zêzere,11.15,91.0,0.6,0.94,N,5.4,10.05,159.05,90.79,4.95,2.84,0.17,2.84,,,,,,,,,,,,9.03
2026-05-19,0,Ferreira do Zêzere,10.51,94.0,0.6,0.8,N,805.6,10.77,175.13,90.11,4.49,2.33,0.12,2.33,,,,,,,,,,,,9.68
2026-05-19,1,Ferreira do Zêzere,10.16,96.0,1.1,0.59,SE,487.1,11.36,181.52,89.55,4.25,2.11,0.1,2.11,,,,,,,,,,,,10.17
2026-05-19,2,Ferreira do Zêzere,9.92,98.0,1.0,1.04,N,288.9,11.97,191.68,88.98,3.89,1.8,0.08,1.8,,,,,,,,,,,,10.98
2026-05-19,3,Ferreira do Zêzere,9.95,98.0,0.4,1.28,SE,91.2,12.66,195.38,88.34,3.45,1.4,0.05,1.4,,,,,,,,,,,,11.81
2026-05-19,4,Ferreira do Zêzere,10.2,98.0,0.7,0.2,N,77.5,13.26,192.88,87.79,3.23,1.17,0.04,1.17,,,,,,,,,,,,11.22
2026-05-19,5,Ferreira do Zêzere,10.39,99.0,0.3,0.1,SE,88.5,13.89,195.66,87.21,2.92,0.93,0.02,0.93,,,,,,,,,,,,10.83
2026-05-19,6,Ferreira do Zêzere,10.58,98.0,0.4,0.2,SE,304.4,14.3,190.61,86.84,2.78,0.89,0.02,0.89,,,,,,,,,,,,10.37
2026-05-19,7,Ferreira do Zêzere,12.17,96.0,0.6,0.3,S,343.2,14.35,183.43,86.79,2.79,0.9,0.02,0.9,,,,,,,,,,,,10.57
2026-05-19,8,Ferreira do Zêzere,14.43,88.0,0.7,0.14,W,666.7,13.71,155.95,87.37,3.05,1.17,0.04,1.17,,,,,,,,,,,,10.33
2026-05-19,9,Ferreira do Zêzere,16.58,81.0,1.6,0.1,NW,1596.0,13.3,128.59,87.75,3.36,1.67,0.07,1.67,,,,,,,,,,,,10.1
2026-05-19,10,Ferreira do Zêzere,17.79,74.0,2.5,1.34,NW,1302.7,12.46,108.52,88.52,3.93,2.33,0.12,2.33,,,,,,,,,,,,10.49
2026-05-19,11,Ferreira do Zêzere,19.16,69.0,3.4,0.17,NW,1721.9,11.65,93.74,89.28,4.59,3.01,0.19,3.01,,,,,,,,,,,,10.51
2026-05-19,12,Ferreira do Zêzere,20.34,62.0,3.9,0.93,NW,2676.5,10.45,80.97,90.41,5.53,3.96,0.31,3.96,44.99,3.6,-664.37,44.99,78.97,0.1,4.55,0.04,0.0,0.04,12.0,11.14
2026-05-19,13,Ferreira do Zêzere,20.57,59.0,2.4,0.43,NW,2248.4,9.49,82.8,91.33,5.85,4.29,0.36,4.29,,,,,,,,,,,,11.47
2026-05-19,14,Ferreira do Zêzere,20.94,58.0,4.2,0.25,NW,2038.2,9.27,74.73,91.54,6.6,4.92,0.46,4.92,,,,,,,,,,,,11.62
2026-05-19,15,Ferreira do Zêzere,21.43,59.0,4.3,2.12,NW,2162.0,9.21,75.89,91.6,6.69,4.97,0.46,4.97,,,,,,,,,,,,13.61
2026-05-19,16,Ferreira do Zêzere,21.16,64.0,3.7,1.93,N,1128.4,9.01,85.57,91.79,6.67,4.79,0.44,4.79,,,,,,,,,,,,15.25
2026-05-19,17,Ferreira do Zêzere,20.71,64.0,4.3,0.88,NW,677.6,8.86,85.24,91.94,7.02,5.02,0.47,5.02,,,,,,,,,,,,15.93
2026-05-19,18,Ferreira do Zêzere,20.08,69.0,3.2,0.1,NW,477.0,8.95,97.74,91.85,6.56,4.52,0.39,4.52,,,,,,,,,,,,15.68
2026-05-19,19,Ferreira do Zêzere,19.24,71.0,4.0,2.87,NW,348.0,9.03,101.64,91.77,6.75,4.57,0.4,4.57,,,,,,,,,,,,17.98
2026-05-19,20,Ferreira do Zêzere,17.85,78.0,3.3,2.56,NW,55.7,9.63,122.78,91.19,6.0,3.8,0.29,3.8,,,,,,,,,,,,20.17
2026-05-19,21,Ferreira do Zêzere,16.72,87.0,2.3,2.62,NW,0.5,10.6,155.91,90.27,5.0,2.84,0.17,2.84,,,,,,,,,,,,22.27
2026-05-19,22,Ferreira do Zêzere,15.88,91.0,2.6,0.88,NW,0.3,11.53,171.16,89.39,4.48,2.36,0.12,2.36,,,,,,,,,,,,22.77
2026-05-19,23,Ferreira do Zêzere,15.14,90.0,3.1,0.43,NW,0.6,12.39,166.13,88.59,4.09,2.07,0.1,2.07,,,,,,,,,,,,22.26
2026-05-20,0,Ferreira do Zêzere,14.66,92.0,1.2,0.64,NW,2.7,13.16,177.5,87.88,3.36,1.63,0.06,1.63,,,,,,,,,,,,22.1
2026-05-20,1,Ferreira do Zêzere,14.02,96.0,2.0,1.05,NW,847.7,13.84,192.2,87.25,3.2,1.4,0.05,1.4,,,,,,,,,,,,22.56
2026-05-20,2,Ferreira do Zêzere,13.52,97.0,1.7,0.43,N,647.0,14.38,197.46,86.76,2.94,1.03,0.03,1.03,,,,,,,,,,,,21.95
2026-05-20,3,Ferreira do Zêzere,13.38,97.0,1.8,0.1,N,538.6,14.82,196.15,86.37,2.79,0.95,0.02,0.95,,,,,,,,,,,,20.77
2026-05-20,4,Ferreira do Zêzere,13.26,97.0,1.7,0.1,N,422.8,15.39,196.32,85.86,2.59,0.88,0.02,0.88,,,,,,,,,,,,20.67
2026-05-20,5,Ferreira do Zêzere,13.19,97.0,1.3,0.1,N,408.5,16.07,197.24,85.25,2.33,0.79,0.02,0.79,,,,,,,,,,,,20.67
2026-05-20,6,Ferreira do Zêzere,13.19,98.0,1.0,0.1,N,292.6,16.63,202.25,84.76,2.14,0.73,0.02,0.73,,,,,,,,,,,,20.57
2026-05-20,7,Ferreira do Zêzere,14.03,96.0,1.9,0.15,NW,696.5,15.76,190.39,85.53,2.49,0.86,0.02,0.86,,,,,,,,,,,,20.42
2026-05-20,8,Ferreira do Zêzere,15.86,92.0,2.4,1.37,NW,1296.1,14.69,170.28,86.48,2.93,1.17,0.04,1.17,,,,,,,,,,,,21.65
2026-05-20,9,Ferreira do Zêzere,18.71,82.0,1.2,0.1,NW,1961.4,13.97,139.5,87.14,3.02,1.51,0.06,1.51,,,,,,,,,,,,21.65
2026-05-20,10,Ferreira do Zêzere,21.84,69.0,1.3,0.62,NW,2596.4,13.07,103.64,87.96,3.42,2.2,0.11,2.2,,,,,,,,,,,,20.93
2026-05-20,11,Ferreira do Zêzere,24.31,56.0,1.3,0.7,SW,3075.3,11.62,78.96,89.31,4.14,3.23,0.22,3.23,,,,,,,,,,,,21.46
2026-05-20,12,Ferreira do Zêzere,26.44,50.0,1.5,0.01,NW,3386.9,10.01,65.28,90.83,5.21,4.44,0.38,4.44,50.82,4.74,-663.06,50.82,67.03,0.2,5.7,0.09,0.0,0.09,12.0,20.54
2026-05-20,13,Ferreira do Zêzere,28.24,39.0,2.4,0.2,S,3498.6,8.92,47.88,91.88,6.32,5.85,0.62,5.85,,,,,,,,,,,,20.31
2026-05-20,14,Ferreira do Zêzere,29.2,35.0,1.0,0.47,E,3420.0,8.22,48.39,92.56,6.49,6.17,0.68,6.17,,,,,,,,,,,,20.53
2026-05-20,15,Ferreira do Zêzere,29.68,30.0,1.2,0.34,S,2797.31,7.733,42.63,93.04,7.01,6.84,0.82,6.84,,,,,,,,,,,,18.75
2026-05-20,16,Ferreira do Zêzere,29.93,29.0,1.1,0.27,SW,2429.24,7.286,41.47,93.48,7.42,7.26,0.91,7.26,,,,,,,,,,,,17.09
2026-05-20,17,Ferreira do Zêzere,29.81,30.0,1.4,0.15,SW,1994.2,7.011,40.88,93.75,7.82,7.58,0.98,7.58,,,,,,,,,,,,16.36
2026-05-20,18,Ferreira do Zêzere,28.98,31.0,1.3,0.17,W,1262.4,6.835,43.83,93.93,7.97,7.61,0.99,7.61,,,,,,,,,,,,16.43
2026-05-20,19,Ferreira do Zêzere,27.77,44.0,3.5,0.01,NW,582.8,6.776,47.23,93.99,8.98,7.9,1.05,7.9,,,,,,,,,,,,13.57
2026-05-20,20,Ferreira do Zêzere,24.71,57.0,0.9,0.01,NW,94.6,7.007,74.95,93.76,7.63,6.23,0.69,6.23,,,,,,,,,,,,11.02
2026-05-20,21,Ferreira do Zêzere,21.87,66.0,1.7,0.1,NW,360.0,7.308,83.65,93.46,7.62,5.85,0.62,5.85,,,,,,,,,,,,8.5
2026-05-20,22,Ferreira do Zêzere,20.16,70.0,1.2,0.1,NW,0.1,7.567,93.73,93.2,7.17,5.35,0.53,5.35,,,,,,,,,,,,7.72
2026-05-20,23,Ferreira do Zêzere,18.76,74.0,1.2,0.17,NW,0.4,7.685,101.76,93.09,7.06,5.11,0.49,5.11,,,,,,,,,,,,7.46
2026-05-21,0,Ferreira do Zêzere,17.67,71.0,1.6,0.1,N,306.96,7.672,84.67,93.1,7.21,5.95,0.64,5.95,,,,,,,,,,,,6.92
2026-05-21,1,Ferreira do Zêzere,16.87,78.0,0.9,0.1,NE,120.51,7.613,93.86,93.16,7.02,5.68,0.59,5.68,,,,,,,,,,,,5.97
2026-05-21,2,Ferreira do Zêzere,16.11,85.0,0.8,0.1,NE,0.7,7.761,103.97,93.01,6.84,5.41,0.54,5.41,,,,,,,,,,,,5.64
2026-05-21,3,Ferreira do Zêzere,15.45,90.0,0.6,0.1,NW,0.2,8.0,114.85,92.78,6.56,5.07,0.48,5.07,,,,,,,,,,,,5.64
2026-05-21,4,Ferreira do Zêzere,14.85,93.0,0.6,0.15,N,2.9,8.59,121.89,92.2,6.04,4.6,0.41,4.6,,,,,,,,,,,,5.69
2026-05-21,5,Ferreira do Zêzere,14.52,95.0,0.8,0.67,S,251.5,8.98,130.75,91.82,5.79,4.32,0.36,4.32,,,,,,,,,,,,6.26
2026-05-21,6,Ferreira do Zêzere,14.47,97.0,0.4,0.63,NE,743.3,9.48,141.15,91.34,5.3,3.86,0.3,3.86,,,,,,,,,,,,6.79
2026-05-21,7,Ferreira do Zêzere,16.18,89.0,0.5,0.38,N,498.0,9.85,122.42,90.98,5.06,3.8,0.29,3.8,,,,,,,,,,,,7.02
2026-05-21,8,Ferreira do Zêzere,19.87,77.0,0.8,0.5,SW,1137.4,9.71,89.61,91.12,5.24,4.28,0.36,4.28,,,,,,,,,,,,6.15
2026-05-21,9,Ferreira do Zêzere,23.28,67.0,1.0,0.76,W,1835.4,9.54,72.45,91.28,5.41,4.71,0.42,4.71,,,,,,,,,,,,6.81
2026-05-21,10,Ferreira do Zêzere,25.69,60.0,0.9,0.38,W,2496.1,9.23,60.49,91.58,5.62,5.17,0.5,5.17,,,,,,,,,,,,6.57
2026-05-21,11,Ferreira do Zêzere,27.6,44.0,2.4,0.85,S,2949.4,8.7,40.01,92.09,6.52,6.5,0.75,6.5,,,,,,,,,,,,6.72
2026-05-21,12,Ferreira do Zêzere,28.91,35.0,2.4,0.76,S,3161.7,7.844,33.91,92.93,7.33,7.57,0.98,7.57,68.45,7.11,-657.3,68.45,37.5,0.67,8.1,0.36,0.0,0.36,12.0,7.47
2026-05-21,13,Ferreira do Zêzere,29.82,34.0,1.4,0.38,NW,1657.4,7.382,34.52,93.39,7.43,7.74,1.02,7.74,,,,,,,,,,,,7.65
2026-05-21,14,Ferreira do Zêzere,30.05,34.0,1.2,1.43,NE,2959.5,6.998,35.78,93.77,7.76,8.03,1.09,8.03,,,,,,,,,,,,8.61
2026-05-21,15,Ferreira do Zêzere,29.94,33.0,1.6,0.93,W,2722.0,6.7,34.75,94.06,8.25,8.48,1.2,8.48,,,,,,,,,,,,9.2
2026-05-21,16,Ferreira do Zêzere,29.97,41.0,4.9,0.79,NW,2204.2,6.411,32.84,94.35,10.14,9.78,1.54,9.78,,,,,,,,,,,,9.72
2026-05-21,17,Ferreira do Zêzere,29.69,43.0,3.6,0.95,NW,1490.3,6.424,37.12,94.34,9.48,9.12,1.36,9.12,,,,,,,,,,,,10.52
2026-05-21,18,Ferreira do Zêzere,28.73,46.0,3.5,0.84,N,885.8,6.591,41.48,94.17,9.21,8.71,1.25,8.71,,,,,,,,,,,,11.19
2026-05-21,19,Ferreira do Zêzere,27.61,51.0,2.0,1.2,N,354.8,6.626,52.42,94.14,8.5,7.85,1.04,7.85,,,,,,,,,,,,12.38
2026-05-21,20,Ferreira do Zêzere,25.45,54.0,1.0,0.85,N,79.6,6.75,65.26,94.01,7.95,7.16,0.89,7.16,,,,,,,,,,,,13.22
2026-05-21,21,Ferreira do Zêzere,23.0,64.0,1.1,0.37,---,1.6,6.968,81.56,93.8,7.75,6.57,0.76,6.57,,,,,,,,,,,,13.49
2026-05-21,22,Ferreira do Zêzere,21.31,79.0,0.6,0.59,SE,0.5,7.238,113.98,93.53,7.28,5.7,0.59,5.7,,,,,,,,,,,,13.98
2026-05-21,23,Ferreira do Zêzere,20.32,89.0,0.2,0.65,E,0.8,7.493,145.51,93.28,6.89,5.11,0.49,5.11,,,,,,,,,,,,14.46
2026-05-22,0,Ferreira do Zêzere,19.73,94.0,0.2,0.74,SE,1.4,7.681,168.82,93.09,6.71,4.9,0.45,4.9,,,,,,,,,,,,15.1
2026-05-22,1,Ferreira do Zêzere,18.9,96.0,0.2,0.98,N,594.5,7.812,178.02,92.96,6.59,4.74,0.43,4.74,,,,,,,,,,,,15.98
2026-05-22,2,Ferreira do Zêzere,18.45,97.0,0.2,0.67,W,765.1,7.897,182.88,92.88,6.52,4.65,0.41,4.65,,,,,,,,,,,,16.55
2026-05-22,3,Ferreira do Zêzere,18.2,98.0,0.7,0.25,E,392.5,7.982,185.36,92.79,6.6,4.69,0.42,4.69,,,,,,,,,,,,16.7
2026-05-22,4,Ferreira do Zêzere,17.85,99.0,0.5,0.35,N,181.6,8.04,190.7,92.74,6.49,4.58,0.4,4.58,,,,,,,,,,,,16.9
2026-05-22,5,Ferreira do Zêzere,17.45,99.0,0.8,0.46,SE,60.0,8.09,190.0,92.69,6.54,4.62,0.41,4.62,,,,,,,,,,,,16.69
2026-05-22,6,Ferreira do Zêzere,17.69,99.0,0.6,0.51,N,109.7,8.18,190.0,92.6,6.39,4.51,0.39,4.51,,,,,,,,,,,,16.57
2026-05-22,7,Ferreira do Zêzere,19.46,96.0,1.1,0.48,NE,493.0,8.25,174.18,92.53,6.49,4.66,0.42,4.66,,,,,,,,,,,,16.67
2026-05-22,8,Ferreira do Zêzere,22.31,78.0,1.0,0.54,NW,1090.3,8.33,113.49,92.45,6.39,5.1,0.49,5.1,,,,,,,,,,,,16.71
2026-05-22,9,Ferreira do Zêzere,25.09,58.0,1.2,0.79,SW,1663.3,8.23,74.02,92.55,6.55,5.86,0.62,5.86,,,,,,,,,,,,16.74
2026-05-22,10,Ferreira do Zêzere,27.1,54.0,2.0,0.7,W,2222.3,7.925,60.88,92.85,7.11,6.56,0.76,6.56,,,,,,,,,,,,17.06
2026-05-22,11,Ferreira do Zêzere,28.53,42.0,1.3,1.0,SE,2732.8,7.718,50.36,93.05,7.06,6.96,0.84,6.96,61.09,7.42,-654.68,61.09,48.78,0.47,8.41,0.26,0.0,0.26,11.0,17.21
